S0190000736F635F656D7074795F4C4C5F42575F44442E73333732
S214000000000001204D34000049340000493400004F
S214000010691B0000493400004934000049340000E0
S21400002049340000493400004934000049340000D7
S21400003049340000493400004934000049340000C7
S21400004049340000217000004934000049340000A3
S214000050616800006D7000003570000039700000A7
S2140000602D70000049340000493400004934000077
S2140000704934000049340000493400004934000087
S2140000804934000049340000493400004934000077
S2140000904934000049340000493400004934000067
S2140000A04934000049340000493400004934000057
S2140000B0717000003170000049340000AD7000001F
S2140000C049340000F553000049340000493400006C
S2140000D04934000049340000493400004934000027
S2140000E04934000049340000493400004934000017
S2140000F04934000049340000493400004934000007
S2140001004934000049340000493400000348044BD9
S214000110834202D0034B03B118477047C400002047
S214000120C4000020000000000548064B1B1AD90F2B
S21400013001EBA301491002D0034B03B118477047E7
S214000140C4000020C40000200000000010B5064CCB
S214000150237843B9FFF7DAFF044B13B10448AFF333
S21400016000800123237010BDC8000020000000009E
S21400017088B6000008B5054B1BB105490548AFF326
S2140001800080BDE80840FFF7CFBF00BF00000000BA
S214000190CC00002088B60000A3F5803A704700BF68
S2140001A0174B002B08BF134B9D46FFF7F5FF0021AA
S2140001B08B460F461348144A121A08F0F9FF0E4BE6
S2140001C0002B00D098470D4B002B00D098470020FE
S2140001D0002104000D000D48002802D00C48AFF3A3
S2140001E0008008F0B3FF2000290002F011FA08F0A2
S2140001F09BFF00BF00000800000000000000000099
S21400020000000120C800002048190020000000005F
S21400021000000000BFF34F8F0549064BCA6802F482
S214000220E0621343CB60BFF34F8F00BFFDE700BF14
S21400023000ED00E00400FA0510B50246F8B1114BD7
S2140002401968888890421AD39888904281BF0968B6
S21400025099600120988099889868002420B904B194
S21400026098604FF6FF7203E08A4203D10CB19860A3
S2140002709A8010BD0131006889B20124EEE70020A3
S214000280F7E700BF8C100020114A916A01F1704315
S21400029003F5F813B3F5006F0CD2D2F82838A3F1A3
S2140002A07E62A2F58432B2F5104F03D20968094A7D
S2140002B0914203D000230370836070471968064A92
S2140002C09142F7D1012202709A6842609B69F3E777
S2140002D00000E10FAD1007B007B0CD5E1FB50C46AD
S2140002E040B901A8FFF7D0FF044B029A1A602360BA
S2140002F00423A380002004B010BD00BF78020020B5
S214000300064BD3F82828A2F17E63A3F58433B3F511
S214000310104F01D2536A1847002070470000E10FC3
S2140003200D4B10B4D3F82848A4F17E63A3F58433AC
S214000330B3F5104F0BD2246BA4F17E63A3F5843380
S214000340B3F5104F03D2A36B5DF8044B184740F289
S21400035001105DF8044B70470000E10F0B4BD3F81B
S2140003602828A2F17E63A3F58433B3F5104F09D293
S214000370126BA2F17E63A3F58433B3F5104F01D25E
S214000380D36B184740F20110704700BF0000E10F22
S2140003907FB50E4A03466D4602F110061068516896
S2140003A02C4603C40832B2422546F7D15A1E04A989
S2140003B00F3311F8014D12F8010F844204D19A420E
S2140003C0F7D1012004B070BD0020FBE7CC930000FD
S2140003D0F8B5184E306848BB174B184C184FE41A3F
S2140003E0184B1C4424F4FF6424F00704D7F8F830B4
S2140003F09BB2B4EB832F18D2656BC5B1D7F8F83033
S2140004009BB2B5EB832F12D2D7F8F82005F1500334
S21400041092B2B3EB822F0AD82846FFF7B9FF30B165
S214000420EB6933F0080302D034603068F8BD04F599
S2140004300064DBE77002002010000020C4000020EB
S2140004400081E00FDFBE000010B50C4648B9FFF78C
S214000450BFFF054B10B1426B126A1A60236004237B
S214000460A380002010BD00BF74020020084B40F29D
S21400047001121A604FF0FF329A6001225A6001445E
S21400048010F8012B9A618842FAD1D869C0437047A8
S21400049000C00140034B044A9979117500221A6086
S2140004A0704700BF400B0020D80A002030B500225D
S2140004B08BB01346D91003F00704415C2141CC07EA
S2140004C041BF02F128016944013201F8283C01339A
S2140004D0252BEFD10D4C0023D91003F00705415C06
S2140004E02941C9075FBFB3FBF2F102FB1131283186
S2140004F0694448BFD9B203F1010358BF11F8281C5C
S21400050004F8011F252BE7D10BB030BD010B0020EE
S21400051008B50348FFF7CAFF002340F8063C08BDAD
S214000520460B0020084A10B5136840F2E2446043C8
S21400053000F5807004FB013303EB5003136053682F
S2140005400344536010BD00BFD80A0020D0B50C4C41
S214000550E38C0A20584308F04BFB0646A08C0F4657
S21400056008F046FB074B002208F0ACFB02460B46A1
S2140005703046394608F0D0FC08F0B6FD2083D0BDE2
S214000580D80A00200000F43F70B5094CB4F80710F4
S214000590A079B4F80960B4F80D50FFF7C3FF054B17
S2140005A09E84DD84FFF7D2FF0023236070BD00BF6A
S2140005B0400B0020D80A0020837DDB0701D5808A07
S2140005C07047D0E901239B1A44BF828A9B1898B2D1
S2140005D070470000084BD3F8F020D3F8F4300270D0
S2140005E0110A120C82701A0AC2701A0C1B0E417085
S2140005F002714371704700BF0081E00F034BD86B58
S21400060080F04000C0F38010704700BF00300E40FE
S21400061008B5FFF7F3FF20B1024AD2F8C830002B26
S214000620FBD108BD0000C64308B5FFF7F1FF024B3B
S2140006305868C0F3014008BD00300E400C4B98428D
S21400064005D90C4B984210D80122012301E0002264
S214000650134609490B640949D1F8003123F0807329
S21400066043EA0263C1F8003170470222EDE700BF9B
S2140006700048E8010090D0030000C84300400E4048
S2140006800F4B5B680F4B30B500221C46C9B21D7974
S2140006908D4202D11D6885420DD20132052A03F132
S2140006A00803F4D10321064A536823F0407343EA53
S2140006B00163536030BD04EBC2046179F3E700BF09
S2140006C000000E40A094000038B5074C0748256C83
S2140006D041F6713323640021ADB2FFF7D1FF0DB1AF
S2140006E00023236438BD00BF00000E4000F049021E
S2140006F038B5064C256C41F671332364ADB2FFF76E
S214000700BFFF0DB10023236438BD00BF00000E40BC
S21400071042EA0322B2F5007F10B5194C29D00AD858
S214000720B2F5807F22D040F201139A4215D062B90A
S214000730D4F81C320BE0B2F5407F1DD040F20133F6
S2140007409A4210D0D4F8283201E0D4F82432C3F309
S2140007500722DBB203600A6010BDD4F824321A0EFA
S214000760C3F30743F6E7D4F82832F8E7D4F81C3288
S214000770F5E7D4F82032EAE7D4F82032EFE700BFF6
S2140007800081E00F2F4B1A6FD96C11F0010F02F0A9
S214000790060242D0002A40D013284FD91438132816
S2140007A08CBF102308232749013BCA6C180322F488
S2140007B07F4240EA03231343CB64234BCA6C1B8857
S2140007C0C2F303222833013202EB820003EB530309
S2140007D0B3FBF0F3C86C013B072B28BF072320F0C0
S2140007E0EE6040EA036343F48013CB64174BB3F91F
S2140007F00030002B10DB2833500800EB420203EBDE
S2140008005303B3FBF2F30A6D072B28BF072322F02E
S214000810700242EA03130B657047D96C01F00101C0
S214000820114304D1092809D90A380928B8E7DB6C2E
S21400083013F00103B7D01AB92728B1E70423B2E7AB
S2140008400023B0E700300E405A0B0020580B002063
S21400085070B51D4DD5F82828A2F17E63A3F5843324
S214000860B3F5104FE0B001D2136B23B94FF4017407
S214000870204660B070BD5B6A4FF4C07269460020C7
S214000880984704460028F3D140F20126D5F82828D8
S214000890A2F17E63A3F58433B3F5104FE6D2126B54
S2140008A0A2F17E63A3F58433B3F5104FDED2936ACC
S2140008B0002168469847B042E8D040F203239842A9
S2140008C018BF0446D4E700BF0000E10F104A0B46ED
S2140008D0D2F82818A1F17E62A2F58432B2F5104F44
S2140008E010B40FD2096BA1F17E62A2F58432B2F584
S2140008F0104F07D20C69074A0146A44600205DF84F
S214000900044B60474FF481705DF8044B704700BF9E
S2140009100000E10FD006002037B50446684680E8A0
S214000920060003C8251D85E805002373069B0B4AB1
S2140009302361BDF81C30A38200232360136853B1E3
S21400094019461B68002BFBD10C609088013080B2E2
S214000950908003B030BD1460F7E700BF4C13002052
S21400096037B50D461446FFF767FC70B1036973B1DF
S214000970818A4FF6FE72914209D10095ADF8044087
S21400098069460120984703B030BD0120FBE70E20E2
S214000990F9E7036937B514460D46828A63B14FF608
S2140009A0FE718A4208D100200090ADF80400694626
S2140009B0984728B103B030BD2B6000202280F9E7AD
S2140009C0009B2B60BDF804302380F3E738B50D4656
S2140009D01446FFF731FC40B122462946FFF7D9FFFF
S2140009E010B92B6803B9208038BD0120FCE7000051
S2140009F007B503790193054A0368009306CA0223E4
S214000A000830FFF789FF03B05DF804FB6C94000024
S214000A10034B5A6D12B95865A3F85810704700BFBB
S214000A20D80A00200C4BD3F82838A3F17E62A2F532
S214000A308432B2F5104F10B50CD21968074A9142AD
S214000A4008D1074C2278012A04D11B6A984708B9B6
S214000A500223237010BD00BF0000E10F07B0CD5E7B
S214000A60E40000200C4BD3F82838A3F17E62A2F5F0
S214000A708432B2F5104F10B50DD21968074A91426C
S214000A8009D1074C227812F0FD0F04D1DB69984794
S214000A9008B90123237010BD0000E10F07B0CD5E3A
S214000AA0E400002008B50F4B0F4C1B784FF00055A4
S214000AB06BB1FFF7D7FF0D4B2B600123A3602368B4
S214000AC023F4E06343F480632360FFF7A3FB2B600B
S214000AD00123A360236823F4E06343F48063236068
S214000AE0FFF798FBBD06002000500E4002020FF0F4
S214000AF0054A08B5937E43F040039376034B0022E5
S214000B001A70FFF7CFFF00BFD80A0020541300204A
S214000B102DE9F04105460E461146FFF74DFD884289
S214000B2028BF084687B2B846B8F1000F09D12FB1E2
S214000B30AB7DDA0744BF23F00103AB753846BDE84A
S214000B40F081AA8A2B6869689C18641AA4B2444586
S214000B5028BF44462246304608F01CFB6B682968CE
S214000B60AA8A23440A442644934228BF0B46A8EB8D
S214000B7004041FFA84F86B60D6E7F8B51F46038AAC
S214000B8004461646EBB9C57DDDB10123013D0B7069
S214000B900222C57500F11001FFF7BAFFE37D9BB195
S214000BA0228ABA4228BF3A4631462046FFF7B0FFAF
S214000BB0238A1B1A2382E37D13B9638A1B1A638276
S214000BC0F8BD00230B70EBE7638A2382E8E72DE984
S214000BD0F041868A04460F461146FFF7EDFC361AAA
S214000BE0B6B28E4228BF0E46B046B8F1000F0BD103
S214000BF03EB1D4E901329A4202BFA37D43F001031D
S214000C00A3753046BDE8F081A28A2368A0689D18C7
S214000C102D1AADB2454528BF45462A46394608F046
S214000C20B9FAA3682168A28A2B440A442F44934247
S214000C3028BF0B46A8EB05051FFA85F8A360D4E786
S214000C40F8B5044616461F4611B3858AFFF7B4FC6E
S214000C502D1AADB2012D29D9E37D63B1658AE0680E
S214000C6005702D0A07D02268A38A013013449842E3
S214000C7028BF1046057000236382A368E360022243
S214000C8004F112012046FFF7A2FFE37D0133E3756E
S214000C903A4631462046FFF79AFF638A034463824A
S214000CA0E37D13B9238A03442382F8BD0020FCE7C2
S214000CB013B50379124A03330446019300F1440343
S214000CC0009306CA02231430FFF726FE238A0193F8
S214000CD0E368009394E80600237A04F12C00FFF7FB
S214000CE01BFE237A22792168A4F8450004F1470008
S214000CF084F8443002B0BDE8104008F04BBA00BF9C
S214000D007894000070B50C4C0C4B06460D4694E8E3
S214000D10030083E803001846FFF76AFE084BD4E991
S214000D20020102221A7283E80300DE601D82184662
S214000D30BDE87040FFF7BCBF54950000400100209E
S214000D40E80000202DE9F347DDF82880BDF82C9058
S214000D5004460E4617461D46FFF76EFA8246BAF15F
S214000D60000F01D0B44205D94FF6FF74204602B0FA
S214000D70BDE8F0879AF80830DAF804009D421AD1E8
S214000D802A46394608F0DCFAA8B9B8F1000FEDD0CB
S214000D900DF1020201A95046FFF7FBFD58B9019973
S214000DA049B1BDF802304B4505D14A46404608F0E9
S214000DB0C7FA0028DAD00134DAF800A0A4B2CEE7E9
S214000DC038B50C4611462568AD1A2A46014408F087
S214000DD0C7FA256038BD000001282DE9F34704D086
S214000DE00024204602B0BDE8F0878B88012B40F037
S214000DF03C810B681B78FBB99E4A9F4C13609F4A48
S214000E0013709F4A13609F4A13609F4A13609F4A5D
S214000E1013609F4A13709F4A13609F4A13609F4A4D
S214000E2013702378022B01D1FFF7FCFD01232370FA
S214000E309B4B00221A70D3E7032B40F003818F4BA5
S214000E408D4E1C78002C4FD13378002B00F0F280AA
S214000E508F4B1B78082B02D0402B40F08A80DFF89F
S214000E601482D8F800305BB98E4DD5F82838A3F137
S214000E707E63A3F58433B3F5104F55D3802433E057
S214000E8013F003071CBFC7F10407FFB203EB070A02
S214000E90BAF5806F00F2D2808348DFF8F8913A46C0
S214000EA01844FF2108F084F9804BD9F800501B68DD
S214000EB0C8F800A00AEB05029A4200F29480704B34
S214000EC01B681D445544DFF8C4A125F4FF65DAF815
S214000ED0000025F00705854210D9291A00F50060A4
S214000EE0FFF73CFA40B185243378022B01D1FFF797
S214000EF099FD0023337074E7CAF80050D8F8001044
S214000F00D9F80000FFF7E2FCD9F80030D8F8002046
S214000F10584913440546DB1B6348C9F80030FFF701
S214000F204FFF002DA0D0DEE7FFF792FCD8B9D5F82A
S214000F3028280190A2F17E63A3F58433B3F5104F01
S214000F40D1D2126BA2F17E63A3F58433B3F5104FB2
S214000F50C9D29369012101A898470028C3D14F4BF5
S214000F6001221A70C0E741F20803984286D186240F
S214000F70BAE7002B60D04A4B1B78002B3FF47EAFBD
S214000F80454F3B6843B9404B494918681022FFF764
S214000F90C7F90028A8D0A6E713F003021CBFC2F1C9
S214000FA00402D2B29D18B5F5806F47D84148DFF8E5
S214000FB0D480FF21184408F0FBF83F4A3F4BD8F88E
S214000FC000103D609B1A3E4A13443E4A13408B4233
S214000FD036D83D4BD3F8F8309BB29B020D44A3F5B0
S214000FE08053AB4201D283247EE7DFF8A090D9F885
S214000FF000001540854209D9291A00F50060FFF760
S214001000ADF900287FF46FAFC9F800503A68294957
S214001010D8F80000FFF784F9D8F800303A681E497F
S214001020054613442348C8F80030FFF7C9FE002DD4
S214001030A9D058E7812457E7842455E7822453E74C
S214001040872451E7042B12D1204813230221437032
S2140010500170FFF7DDFC1E4A1E4B128905329A808E
S2140010601D4A1A6042789A71BAE60D24B9E606243B
S214001070B7E600BFD00A0020D50A0020D60A002016
S214001080C4060020B4020020B0020020C0060020E3
S214001090D40A0020CC060020B8060020BD0600209A
S2140010A0BC0600200000E10FD0060020C806002085
S2140010B0A0020020B802002010000020C40000207B
S2140010C0DFBE000000F8FFFF0081E00F340B0020B9
S2140010D0D80A0020400B0020F10A00002DE9F84F46
S2140010E0DFF85091494BD9F80050DFF84C81471B88
S2140010F082464748C8F800701B1A4648034423F443
S214001100FF6323F007039F42144678D3424BD3F87D
S214001110F8309BB29B020AEB0206A3F580539E4270
S21400112070D82C44B4F5806F03D93C4B82221A70D9
S21400113063E0DFF8FCB00BEB050008F02BF8384B4B
S214001140C9F800401A6822B9332C56D9DBF8342087
S2140011501A601B689F421FD89E421DD903F11002D9
S21400116096424AD31D44A5EB0A055D442D4A2B46FC
S21400117005F1100153F8040B42F8040B8B42F9D129
S2140011802848FFF705F910B9244B8422CFE7102230
S214001190FF21284608F00CF8234D244B286804F05D
S2140011A00304361B1E4058B907EA0300C0F5006169
S2140011B03144FFF7D3F82E6040B1184B8522B6E7CE
S2140011C0864203D9311A00F50060F2E7D9F800200C
S2140011D01749D8F80000121BFFF7A2F8D9F800202C
S2140011E0D8F800301349121B054613441048C8F8B7
S2140011F00030FFF7E5FD002DDFD1BDE8F88F074B87
S214001200872294E7054B832291E700BFC4000020A5
S21400121010000020DFBE00000081E00FD60A00208C
S214001220B0020020A0020020C006002000F8FFFF49
S214001230B8020020B8060020B402002037B5124CD1
S214001240002360600093437AD0E90021206802F012
S214001250BAFC238CDB050CD563680C4D1B7A2A7808
S2140012609A4206D0012B06D0022B08D063681B7A60
S2140012702B7003B030BD206802F080FCF6E72068D3
S21400128002F082FCF2E700BF981000206002002007
S21400129013B50D4B0D4C1B8AADF804300128ADF884
S2140012A0003004BF02238DF8043001A908BF0423D0
S2140012B0206808BF8DF8003002F089FB2068694678
S2140012C002F09BFB02B010BD549500009810002061
S2140012D0034B00221A6118680122032102F00CB9A0
S2140012E09810002010B5164CA37E5B0626D4FFF798
S2140012F0EFFFA28C236840F2E24101FB0233236039
S21400130094F84F10A37A0B442521B3FBF1F001FBB0
S2140013101033A37223890133238163680A2101FBFA
S21400132002336360238B5A1E22833BB9A27E42F0AF
S2140013304002A276034A1370FFF7B4FB10BD00BF4D
S214001340D80A0020541300207FB502238DF80630FB
S214001350064B5A8B596918680332ADF804206A4662
S21400136002F0CAFB009807B05DF804FB9810002056
S21400137010B51E4C1946236986B023B3A2F10800A7
S214001380084322D101AA0321206802F0B1FB63685A
S21400139060615B7A23769DF80430DA1F534253412E
S2140013A0627E63F30002039BE361BDF8063062765B
S2140013B0638304F1180102202369984720680122FC
S2140013C0002102F09BFB06B010BD02F17F400843EF
S2140013D005D10021012006B0BDE81040184712F4E0
S2140013E0A0411ABF00210320FF20F4E79810002038
S2140013F02DE9FF41194C1A4D637A0133DBB2282BD5
S21400140028BF252320466372FFF718FF627D154923
S2140014102868D4F80C80667C4FF40073023202F021
S21400142049FB6B68104A5B7A06F001063046D75CCB
S214001430FFF72EFF00220123009203932868CDF8C1
S214001440088002AB394602F05BF810B1FFF740FFA8
S214001450D2E7064B2B6104B0BDE8F081BC1000203B
S21400146098100020D0100020CF9400002515000012
S2140014702DE9FF41254CA37E5A0640D4244A2189F3
S21400148023F0070343F00103A37613681BB1928889
S2140014908A4200D19847A37A1E48234493F82A30FC
S2140014A06375FFF7CBFED4E900561B4C1B4A6368F6
S2140014B05B7A4FEA5608D75CA5EB56060120FFF785
S2140014C0E7FE643500964FF4807300264544ADF879
S2140014D00C306A4639462068029533468DF804601B
S2140014E08DF80E6002F018F8012205463146206895
S2140014F002F004FB35B1FFF7F5FEFFF7B9FF04B0C5
S214001500BDE8F081064B2361F9E700BFD80A00204A
S214001510400B0020E40A002098100020CF94000022
S2140015208D16000002282DE9F0411DD002D80128B2
S21400153007D0FEE7032800F09E80FF2800F09B807F
S214001540F7E74E4C637C990707D5FFF7C1FEFFF718
S2140015504FFF637C6FF341036374637CDA0768D4E0
S214001560BDE8F041FFF744BF4B78DB0740F18380CE
S2140015704C68227802F00F08B8F1030F5BD0B8F180
S214001580050F78D13E498B7B03F00103B3EBD21FE6
S2140015904FD10622083104F1080007F0D1FE0646B6
S2140015A0002846D1FFF794FEFFF7CEFE354D3146B4
S2140015B007465C22284607F0FBFDAB7EA5F81880A0
S2140015C043F02003AB76627E237E43EA0223AB849D
S2140015D0627F237F43EA0223EB8494F82330C3F32D
S2140015E0040385F84F3094F82330C3F3421385F88C
S2140015F0503004F11E001B232B85FEF757FFD4F84E
S2140016000E30E27CEB60A37C2F6043EA0223227D4F
S214001610607D43EA02432B61012695F84F30AB729A
S2140016202E75E18A3144FEF77DFFFFF721FF164B4A
S2140016301E70BDE8F081124DAB7B03F00103B3EBE7
S214001640D21FF6D1062205F1080104F1080007F0C2
S21400165077FE0028EDD1094C286894F83D204FF419
S2140016600073023204F13C0102F024FA637C43F07A
S21400167002036374DDE7FFF72BFE71E7BC10002062
S21400168098100020D80A00205413002002282DE9C4
S214001690F74F0F460BD003D8012800F0D781FEE79E
S2140016A0032800F0DB81FF2800F0D881F7E74E78AA
S2140016B04A68B34D16F0010661D10026AB7EB14CE8
S2140016C013F0200F12D0696D6FF34513AB76002927
S2140016D000F0C580237895F85820627043F0030325
S2140016E0A01C237007F056FD00236B65A648A5498D
S2140016F0FEF762FFAB7E003818BF012060F341039F
S214001700C3F3C002AB76C3F300139B0043EAC203E5
S214001710227843EA001322F01C02134362782370F7
S2140017209A4C02324FF400732068D2B202F0C2F92B
S214001730AB7E7F68D90709D56FF30003AB7600232D
S2140017406B60FFF701FE2860FEF700FF002E00F03A
S214001750F9803B7803F00303022B00F05F81032B34
S21400176000F09480012B40F0ED8089487D78818AD6
S214001770FEF722FF081ABC1C80B200265BE1137835
S214001780AC7EC3F3001363F382041378AC76C4F321
S2140017900011C3F3C00C8C45E0B2C3F3800AC4F357
S2140017A0C0040CD0544588D0AB7E84F00104E4001D
S2140017B044F0200423F028031C43AC767DE703F0B6
S2140017C00303022B18D0032B04D0012BEAD14FF0D1
S2140017D0000B12E0544508D084F00104E40044F005
S2140017E0200420F028031C43AC76AB7E81F0010178
S2140017F061F30413AB7661E7B34692F80180B8F163
S214001800000F0ED1544501D10026EEE7AB7E84F0E2
S2140018100104E40044F0200423F028031C43AC76C3
S214001820F2E75B48B0F81490FEF7C6FEA9EB00009E
S21400183080B2BBF1000F03D00228B3D9023880B2C1
S214001840544509D0AB7E84F00104E40044F0200443
S21400185023F028031C43AC768045C6D92DE795F8BF
S21400186028304948A21C0DF10701FFF786F910F051
S214001870FF0018BF9DF80730227860701ABF01334A
S214001880DBB2012363F3010222702FE7BB780C2B37
S2140018900AD80C2B0AD8DFE803F03F2B58090909B1
S2140018A00909600909091800142B7FD0394A1278F3
S2140018B02AB1162B00F09680182B00F0A28036482E
S2140018C007220270437002210DE033480C234FF0CC
S2140018D0FF320370012343708270037102220023DB
S2140018E0C2704371062103B0BDE8F04FFFF790B811
S2140018F0797A3B7A294A43EA01239380134628499A
S21400190043F8061BD7F80310C2F80610B7F80720EE
S2140019109A807A7A9A7115E07A7B3B7B1F4943EA74
S21400192002238B800B461F4A43F8062BD7F803206A
S214001930C1F80620D7F807205A60B7F80B201A819E
S2140019407A7B9A7203B0BDE8F08F2A89134B053272
S2140019509A80154A1A60FA78DCE7D7F80330228CAA
S2140019600D48134003F0FF0322F0FF021343024624
S214001970092102F8011BC0F8013000235360B2E7CA
S214001980D80A002060010020A00D0020981000203A
S214001990341300205E0B0020340B0020400B002088
S2140019A01105000089050000F10A0000B7F80530AF
S2140019B0B7F803202D48DB08934228BF13462B8533
S2140019C0152300216FF004046FF02702037007232D
S2140019D0817081714470C27003714471C271037268
S2140019E0092180E73A79FB782048134003F0030387
S2140019F0022B18BF01231722027043708370032145
S214001A0071E77A79B9791A4B42EA01229A80194A23
S214001A101A60D7F80320C3F8062093E716487D78A7
S214001A20818AFEF7C9FD081A80B2022838BF022054
S214001A300238BC1C80B2854284D80F482B4622460A
S214001A40314603B0BDE8F04FFFF7FAB80B4B9B7E6C
S214001A509A073FF577AF5B073FF574AFFFF742FC99
S214001A6003B0BDE8F04FFFF703BD00BF340B002006
S214001A70400B00209504000034130020D80A0020F4
S214001A80EFF3108072B670470048704700F04902C6
S214001A900E49D1F8942002F00702042A0BD8022A35
S214001AA00FD811D00A4BD1F80001C0F30420013042
S214001AB0B3FBF0F07047074B0548052A18BF0346EE
S214001AC0F1E74FF40043EEE7034BECE700400E402F
S214001AD0C0EA210160F5900000F0490208B5FFF762
S214001AE0D7FF044BD3F80831C3F308230133B0FB08
S214001AF0F3F008BD00400E4038B502460D46FEF72E
S214001B007DFDE8B122B90F4BD3F80031FFF7C0FFD7
S214001B10FEF774FDA0B1FEF787FD88B1094BD3F838
S214001B200031FFF7B5FF084B402204461A610DB19D
S214001B30FEF76EFD20460021BDE83840FEF7D8BD12
S214001B4038BD00BF00400E4000300E40044B054A32
S214001B509A60D3F8882042F47002C3F88820704751
S214001B6000ED00E00000000008B5FEF753FB7047EC
S214001B7047F6FF739A42F0B56CD006296CD8374BFF
S214001B805B5C022B68D8364D05EBC304DE00A178FB
S214001B9015F83330012938BF0121012B13D1E07825
S214001BA00025401A854202D30844C0B2F0BD431B4C
S214001BB0A0EB5303666836F913609642CCBF03F178
S214001BC0FF301D46EEE760680028EFD0B0F9004011
S214001BD0A24204DCB0F902409442B8BF144683889F
S214001BE0FF2B04BFB0F90630B0F9087035440FBFBC
S214001BF001220022C82328276E781B1B93FBF7F3CD
S214001C0013441BB29E4201DD002B01DA731E1BB289
S214001C104FF47A7C00EBC3055F1CEA88AD6814FBC2
S214001C2002521D463BB222EAE2729E4202F15C027A
S214001C30B2FBFCF204DD00EBC307BF88BA42E9D969
S214001C4000EBC5039888904228BF1046884238BFEC
S214001C500846AAE7FF20A9E70020A7E7C8940000E7
S214001C60600B002038B5C0F30323013B04460D4645
S214001C70092B11D8DFE803F0053611103A312C1085
S214001C801D191C4BC0F3043403F1424303F58013C3
S214001C9004EBC304A400256038BDFFF71FFFFEF762
S214001CA0CDFCC4F30434144BEEE7144BC0F30434F9
S214001CB0EAE7134BC0F304344FF480320D49D1F8F1
S214001CC04401C007E0D4D1F840011042FBD1DBE765
S214001CD00C4BC0F304341022F0E70B4BC0F3043473
S214001CE00122EBE7094BC0F30434CDE7084BC0F301
S214001CF00434C9E700400E40B8400E4050410E4044
S214001D00F0400E40E8400E40E0400E40C0400E401E
S214001D10B0400E402DE9F74FDFF82C91464E99F86B
S214001D200040019107461546002C41D1434ADFF892
S214001D3014A1D2F8F83042489BB29B02A3F5805318
S214001D40CAF80030D2F8F8309BB29B02A3F50063C5
S214001D500121CAF80430FFF785FFDAF800000821F1
S214001D600430FEF783FBDAF800301B68984208BFA1
S214001D70DAF80030DAF8040008BFD3F804B04FF001
S214001D80080100F104000CBF0124A346FEF76EFB19
S214001D90DAF804301B6898423CD1DAF804305C6804
S214001DA05C4594BF002401240123347089F8003078
S214001DB096F900305A1C29D0224A52F8233003F1F3
S214001DC00C094C464FF6FF7AC4F30A030833B3F502
S214001DD0006F1BD2A688564518D094F806B0201D72
S214001DE00BF10401FEF742FB22689042D84601D16F
S214001DF0B74212D008F1030808F4FE7808F1080884
S214001E00444489EA0403B3F5006FDDD34FF0000BBA
S214001E1058460CE0013C64B2C6E72B785B45F5D328
S214001E2001985A4604F1080107F0B4F9012085F834
S214001E3000B003B0BDE8F08F100000200081E00F76
S214001E4000650A00640200206C0200202DE9F04FB5
S214001E50012891B004D00024204611B0BDE8F08FD0
S214001E608A88002A00F01282A54F97F800A0BAF1DF
S214001E70000F00F00D82A34D2C78002CECD1A24B65
S214001E8009681C78002CE6D1A04E306802EB0008EA
S214001E90B8F5806F02D982242C70DDE7DFF88492D3
S214001EA0484407F077F9BAF1020FC6F8008039D037
S214001EB0B8F1030FCFD99648FEF7E6F90178D9F8BE
S214001EC000204368012945D1190E012903D1C3F327
S214001ED007430A2B46D98F4B9A4240F0DD80836831
S214001EE0DA033DD502233B70FEF7BCFD8A4BD3F8E0
S214001EF02828A2F17E63A3F58433B3F5104F0BD2E6
S214001F00126BA2F17E63A3F58433B3F5104F03D2B0
S214001F10936809A900209847804B099A1A60804B5D
S214001F200A9A1A60DFF80C92336899F80020082A9B
S214001F3001D0402A4ED1DFF8F0817948D8F8001059
S214001F40006803F0030ACA18A2EB0A0282420BD901
S214001F508324A1E76F4CA2420CBF862484249BE70F
S214001F60862499E7882497E76C4ADFF8CCB117688F
S214001F70DBF800001F440F44A7EB0A0727F4FF67AF
S214001F8027F00707874209D9391A00F50060FEF7DF
S214001F90E5F908B185247FE7CBF800703168D8F8FA
S214001FA00000A1EB0A01FEF791FC3268D8F8003079
S214001FB05649A2EB0A02074613445A48C8F80030AE
S214001FC0FEF7FEFE002FE5D199F80030002B7FF4D7
S214001FD042AF01E0002A61D133687F2B7FF63BAF2A
S214001FE0DFF84881DFF854B1D8F80000F0B94A4B62
S214001FF0D3F82878A7F17E63A3F58433B3F5104FA2
S2140020000ED20A9009A8FEF73FF90A9B1A0E74D062
S214002010012A03D1C3F307430A2B6ED9BB6B98473B
S214002020CBF8000007F084F9C8F800003A4FD8F85B
S2140020300000D7F82828DBF80010A2F17E63A3F58D
S2140020408433B3F5104FA5D2936A98470028A1D1E0
S214002050D7F828783268D8F800A00392A7F17E63F4
S214002060A3F58433B3F5104F16D2079006A8FEF7F3
S2140020700BF9079B190E0FD00129039A03D1C3F35E
S21400208007430A2B08D905AB00937F6B254909AB9C
S2140020905046B847002853D08424FDE622490A68F3
S2140020A01A440A60214A10681B4AD2F82818A1F17F
S2140020B07E62A2F58432B2F5104F05D31349194853
S2140020C01A46FEF77DFE16E0CF6A164A1849B8474C
S2140020D032680E4907461348FEF772FE40F20323A5
S2140020E09F4203D1084A01231370B4E640F201234D
S2140020F09F423FF469AF8024CEE64FF4C0708FE76E
S214002100D50A0020D60A0020BC060020D00A0020EF
S2140021107C020020EB17A6030000E10FC406002097
S214002120C8060020D0060020CC0600209C02002016
S2140021308C020020D40A0020C0060020880200205E
S2140021409DF8243089F8003023B9059B13B140234D
S21400215089F80030FEF73CF9074658B3D0F834A0AB
S21400216099F80030002B3FF476AE00220692042247
S2140021708DF8132006A90DF1130235200393FFF7FF
S214002180C9FD069AD30719D5039B082B14D0BAF1BC
S214002190000F13D0534610220CA903F12800039316
S2140021A007F0CEF820B9039B0A9A1B6A9A4205D814
S2140021B0892471E68246D3E7364BECE797B14FF4B5
S2140021C000613846FEF7CAF800287FF4E3AE2AF42A
S2140021D0FF604FF4006120F00700FEF7BFF800280C
S2140021E07FF4D8AE99F80030082B01D0402B0FD1E1
S2140021F0294B2A4A186820F4FF6323F007034FF49C
S21400220000611360FEF7AAF800283FF424AEC1E68A
S214002210234F244BDFF89C907B60D9F82828D8F809
S2140022200000DBF80010A2F17E63A3F58433B3F55B
S214002230104FBFF4AFAE936A984700287FF4AAAE5B
S214002240D9F82828D8F800003368A2F17E61A1F5F5
S2140022508431B1F5104FBFF431AF3946D2F82C8037
S214002260114AC0473268114907460F48FEF7A8FDD5
S21400227040F203239F4203D10D4A01231370EBE57E
S21400228040F201239F423FF4E6AD34E70D24E3E538
S2140022908124E1E5F8940000C4060020C006002072
S2140022A08C020020DD100000D0060020D00A00209E
S2140022B0BC0600200000E10F00F00F0001380728E0
S2140022C050D8DFE800F00415244F34384F402B4B2D
S2140022D0D3F8943003F00703023B052B06D8DFE85B
S2140022E003F049243F0305430B2070470520704741
S2140022F0224BD3F8800000F0070002283DD00428C7
S21400230036D0012808BF032018BF012070471B4B9A
S214002310D3F8843003F00703013B032B03D8DFE830
S21400232003F0041F25270120704703207047134B36
S214002330D3F88800DFE7114B1B6F13F0010F0CBFBB
S2140023400720092070470D4BD3F85C3103F03003AB
S214002350202B0FD0302B0FD0102B08BF0720D3E731
S21400236002207047002070470C20704706207047F8
S2140023700A207047042070470820704700400E402F
S2140023800428F8B56FD8474B13F800C0464B1D5CC1
S214002390464B33F81060464B33F81040454B002947
S2140023A06DD0022860D15C6A14F0300F5CD1424CCC
S2140023B0E46B5C6AE40705D55F6A27F0300747F0F0
S2140023C010075F623D4C3B4B25441E66AD002B68F4
S2140023D0002BFCD0002A46D06444A4002368002BBF
S2140023E0FCD002283FD100293DD0324B5A6AD10793
S2140023F03CD54FF48062C3F8A82020225A665A6A59
S21400240012F0300F0CBF4FF440024FF40002D3F826
S214002410901032EA0101FAD1520201D5D3F8A03069
S214002420244D012200210220D5F89C70FFF7A8FF5A
S214002430D5F890306B6A23F0300343F010036B62DC
S214002440C7F30A07296B1E4BFA0903320F2A03EA61
S214002450010328BF0F223B4343EA02732B632E6619
S2140024602368002BFCD0F8BD0021ABE75A6AD3F8EE
S214002470902002F44002B2F5400FF8D1CEE70121D9
S2140024801C66A940D3F890000842FBD1002AEAD087
S2140024900123084903FA0CF3D1F890201A42FBD125
S2140024A0E1E700BF99940000949400008A9400002D
S2140024B08094000000400E4000300E408004F21071
S2140024C000F8FF0F10B500211048FFF715FB104865
S2140024D0FEF7B4F8012211460220FFF751FFFEF77F
S2140024E0F3F8FEF795F80B4B02225A67FFF7D0FA7F
S2140024F0FEF7A4F8FFF7F2FA0446FEF795F8014651
S2140025002046BDE81040FEF7F3B800BF00F04902D1
S2140025100148E80100400E4000B962B6704700006E
S2140025202DE9F0410D4F06460D4614460CB9BDE8A0
S214002530F081EFF3108872B623462A4631463846B5
S214002540FEF77EFB03464046FFF7E6FF002BEDD086
S214002550E41AA4B21D440026E8E700BFA00D002040
S21400256013B5002301F10804ADF80430ADF80600F9
S21400257021461A4651F8080C083170B90BB1ADF86F
S214002580042004220DEB020101200834FFF7C8FFE7
S21400259054F8101C39B902B010BD51F80C3C1A445E
S2140025A092B20123E6E734F80C2C0020EDE7000099
S2140025B07FB50130002380B2CDE90101CDE90433B7
S2140025C06946044B009304200392FFF7C9FF07B047
S2140025D05DF804FB20110020EFF3108072B6704700
S2140025E0FFF79ABF064A074BD3F88039136F23F0DC
S2140025F0070303431367044B1888FEF7C3B800BFEE
S21400260000300E400000C6435C0B002000000000B7
S2140026102DE980487A4B5B685E05A3B024D44FF062
S214002620005300221A601AA8FDF72EFEFDF7D0FE12
S21400263008B3446BFEF716FA1C9B5D0740F1BC809E
S214002640FDF7C6FEFDF75CFE0446FEF7EBF994B117
S214002650FDF7BEFE0446FDF7BBFE6A4B9860236896
S2140026609D466368984706E04FF000531A68022AB2
S214002670D5D100221A60BFF35F8F624B5A6A22F4EC
S21400268080325A62D3F8942022F00102C3F89420D4
S214002690BFF34F8FBFF36F8F5B495C4F0A685C4D8B
S2140026A0C3F898204FF00050C3F89C005948C3F870
S2140026B0A000AF4202F1010008604FD07E1E731BDF
S2140026C043EA530343EA930343EA131343EA132309
S2140026D043EA13430133B3F5807F38BF4FF480736A
S2140026E05C422C4003EB040C674500F28780072B06
S2140026F0ACEB07074FF0010C8CBF4FEAD30E4FF040
S214002700200EB7FBFEF70CFA07F7013FFFB2361BA9
S2140027102D1BB3FA83F3B5FBFEF5B6FBFEF6664457
S2140027200CFA05FC07FA06F60CF1FF3CC3F11E0393
S2140027304CEA060C5B000CF0FF0C03F03E0343EA89
S2140027400C23304D43F0407343F001130232C5F8BA
S2140027509800C5F89C40C5F8A0300A60BFF35F8FAC
S214002760284B0522C3F894205A6A42F480325A62F3
S214002770BFF34F8FBFF36F8FBFF34F8FBFF36F8FD4
S214002780254B01225A64254BD3F8FC20244B120E0D
S21400279048D14AF6E851C3F89011D3F8981141F0A1
S2140027A00401C3F89811C3F89021D3F8642142F4C9
S2140027B00052C3F8642137E014B9FEF733F95AE73C
S2140027C0164AD2F8F8309BB2B4EB832FF5D2D2F883
S2140027D0F82004F1500392B2B3EB822FEDD82046D6
S2140027E0FDF7D6FD0028E8D0636913B9FEF71AF99D
S2140027F02EE79DF86830012BF8D121E75B006FE7E4
S21400280000500E4000ED00E0540B0020BC000020FD
S214002810BC0000203900011300000E400081E00FCC
S21400282000300E40012AC0D0814A136A23F44413B4
S21400283043F488131362A2F58042136843F480734E
S21400284013607C4B02229A639A6B02F00F02022AF4
S21400285040F00481DA6C22F0405222F0010242F08D
S2140028600102DA64D3F8EC2042F44072C3F8EC209C
S214002870714A0F211180DA6E42F08072DA666F4B71
S214002880D3F8800900B10420FFF7ACFE6C4B694F0B
S214002890DFF8B881C8221A806A4BA0220F200024D5
S2140028A01A80FDF76FFF684BBB65CDE91244CDE992
S2140028B01A44D8F81832C3F307295FFA83FACDF81A
S2140028C07090CDF850A0FE6CC6F3017622463346D3
S2140028D01AA912A8FDF71CFFD7F8EC50C5F301257E
S2140028E022461BA913A82B46FDF712FF4FF41674B9
S2140028F0A9EB0A026243B2FBF4F252449145DDF8BA
S21400290068C01299DDF86CE01398C0F0A780AEEBB3
S21400291000036343B3FBF4F3C0182CBF012300236A
S2140029208645C0F09B80002B40F09880ACEB0103FE
S2140029306343B3FBF4F3C9182CBF012300238C4573
S214002940C0F08C80002B40F08980FC6D24F4FE449F
S21400295024F0020444EA0224FC65022ED8F8302251
S2140029605CD0032E5DD0012E14BFD2B2C2F3072274
S214002970120312F4702F71D12E4CE36E23F47043C1
S2140029801343E366314B022DD3F830224BD0032D90
S2140029904CD0012D14BFD2B2C2F30722120312F498
S2140029A0702F5BD1234BD3F8EC4024F470442243C1
S2140029B0C3F8EC205A6E814238BF0146E72922F45C
S2140029C0FF7228BFE72122F0010242EA41025A665E
S2140029D0DA6B42F48062DA634AF6E852596B5A635D
S2140029E09A6FD407FCD41B6C144A13F003032FD041
S2140029F00123C2F8B43A0F4B9A6FD007FCD41A6C76
S214002A0022F003021A649A6F12F00102FBD10B48FF
S214002A100129C0F8B42A08BF5A631BE0C2F3074274
S214002A20A6E7120EA4E7C2F30742B7E7120EB5E711
S214002A3000400E4000300E405C0B00200000C643F5
S214002A405A0B0020580B0020372110B70081E00FEA
S214002A50C2F8B43AC64B0122C3F89427C54CC64EFA
S214002A601120FFF729FC002102200122FFF788FC35
S214002A70636A23F001036362C04B0025C3F8A054C9
S214002A80A36A23F0070343F00603A362BC4BE3628A
S214002A90226BBC4B02F07F6213432363BA4B636323
S214002AA0FFF710FDB94B304601211B68FFF724F8ED
S214002AB0FDF7BAFD01463046FDF71AFED4F80001D0
S214002AC0C0F304200130B6FBF0F0FDF7B7FD01229D
S214002AD011460220FFF754FC636AAD4E43F04053A4
S214002AE06362D4F8C83043F00103C4F8C830A94B79
S214002AF0D3F8D830B365042404AA06A935208DF887
S214002B0010400695FFF706F906238DF80F30069B52
S214002B108DF80E4013F4803F07AC00F05182052379
S214002B202246B16D02F8011B013BFAD29DF8213016
S214002B3063F03F038DF821309DF8223043F0010307
S214002B408DF82230944B5C60944B954A9A6000272F
S214002B504FF480715961C3E900221F82914A924B5B
S214002B609248934D1F82C3E900229A60596100F093
S214002B70F8FC8F488F4C904E00F067FF0FCD0FC4C7
S214002B8095E80F0084E80F008C488D4B03603946AB
S214002B908C4B436000F08AFC73A3D3E900233060BB
S214002BA0CDE900234FF0FF334FF0FF3200F027FF50
S214002BB002224FF0FF313068774C00F022FF0DF113
S214002BC0680A94223C23CDE91A321C935146962378
S214002BD030681D93CDE91E77209700F049FD3746F3
S214002BE07949306800F020FF306800F0C4FFB4F97F
S214002BF0001057F8080B00F02CFF6468002C40F01B
S214002C00F8813846FDF7E6FCB37B64F30003B37344
S214002C106E4BDFF8F0916E4D4FF0200883F801837D
S214002C2083F8048383F8068383F8078383F8058391
S214002C3083F8088383F81D83664B5A2200211846C2
S214002C4006F0B6FAA0F10A04634B636042F2107213
S214002C50E26042F20153614A40F80A2C2381604A3E
S214002C604FF490733384012313700022C9F80020B8
S214002C701B222A800DF10D0103AA3E208DF80C3090
S214002C80FFF748F811230DF10B020DA936208DF839
S214002C900B30FFF73FF80DF10A02514639208DF848
S214002CA00A80FFF737F8002837D14E4B9DF80B20E7
S214002CB018681B791A908AF80430002A00F0A08160
S214002CC01B2A28BF1B22531D8DF80A300DA9531C42
S214002CD00DF16D008DF86B3006F05CFA12A8FDF76A
S214002CE079FC414A9DF80A3012882AF8032022A966
S214002CF09A1C51FA82F21298BDF84C1042F8200C39
S214002D0022F81C1C03F1080222A951FA82F20933A8
S214002D10002102F8201C8DF80A3020230DF109024C
S214002D2012A93A208DF80930FEF7F4FF48B92F4B68
S214002D305A8A1B7D8DF84A300323ADF848208DF85B
S214002D4009302B4B2B4800224FF00208C3E9002223
S214002D50294B036080F80480FDF74AFE2748284B7D
S214002D600360102303724FE0085500510000000076
S214002D700000C64300400E4000F049020000C84371
S214002D802000050007450BD047A0020000300E408B
S214002D90005008400081E00F58130020A00D0020CE
S214002DA0A00C0020A00B002034130020690345EC83
S214002DB078950000600B002098100020900B0020F3
S214002DC071130000800B00201200002000E100E0DC
S214002DD028110020C610002055555500D6BE898EF5
S214002DE05E0B0020DD930000E79300005495000082
S214002DF04C1300203C0E0020EA930000E40D002057
S214002E00ED9300003013002080F80480FDF750FF9B
S214002E10B148B24B0360B24B80F80480C36080F8C0
S214002E200880A0F81080CDE90038434690E80600F8
S214002E301430FDF771FD9DF80B10002900F0EB80B3
S214002E400DA8FDF75FFFA748A74B03604FF01008DB
S214002E5080F80480FDF7CCFDA448A54BA54A036086
S214002E604FF6FE7B08230372C260A0F810B080F80D
S214002E700480FDF71DFFA048A04A02600C220272E3
S214002E809F4AC260A0F810B080F80480FDF710FFDB
S214002E909C489D4A02604FF0020B9C4AC260082381
S214002EA0038280F8048080F808B0FDF701FF984898
S214002EB0984B0360984BC3600123038280F804801C
S214002EC080F808B0FDF7F4FE9448954B0360954BE8
S214002ED0C3604FF6FE73038280F8048080F808B063
S214002EE0FDF7E6FE9048914B0360914BC3604FF6AA
S214002EF0FE73038280F8048080F808B0FDF7D8FEE1
S214002F008C4B8D4A1A604FF6FF729A809DF80A2005
S214002F10202A05D8931D89486375514606F03AF96C
S214002F209DF80920202A06D8931D854884F83D3050
S214002F3012A906F02FF9FEF7CBF9227C617CB2FAD3
S214002F4082F35B0963F30001237D617462F303037C
S214002F50B27B02F0010262F386132375637D0BB920
S214002F6006236375774BB988B068C4F81600998055
S214002F7094F83C30042161F3030362F3861384F86B
S214002F803C3094F83D3013B9062384F83D306E4B40
S214002F90B068BA88C4F83E009A80FEF729FA6B4EED
S214002FA06B4B1B782BB1DFF8B8814046FDF704FB6E
S214002FB0A0BB684A136923F00403136130BFEFE730
S214002FC00DF10F0221462C20FEF7A4FE00283FF448
S214002FD0BBAD0DF10E0205A93C20FEF79BFE18B115
S214002FE09DF8140000F001009DF8223060F3000305
S214002FF0A6E52068B060A288A379BB71BA8007E610
S21400300008238DF80A30544B1A889B78ADF86D204B
S2140030108DF86F3062E65048032112E7EFF3108414
S21400302072B600231A460DF111014046FDF7A5FDC4
S2140030302046FFF771FA9DF8113013B10023C9F846
S2140030400030D9F80020EFF3108472B6C2F5017391
S2140030509BB232440DF111014046FDF78EFD03464A
S2140030602046FFF759FAD9F800201A44032AC9F86F
S21400307000209AD93488231D9A4296D307D87088A0
S21400308004284FF0000306D0062800F0AB8100238A
S214003090C9F8003089E732796B8004F1FF3A122ACA
S2140030A01FFA8AFA5ED8012A5FD9931E2B4F102B7F
S2140030B05BD8DFE813F05C005A0072005A008B0001
S2140030C05A0022015A00BF005A005A005A005A00FD
S2140030D05A004F015A00EF00B80D0020F093000090
S2140030E06A9500006C100020F39300001410002076
S2140030F004940000D90D0000BC0F002015940000B9
S2140031004D1E0000640F0020269400004995000024
S2140031100C0F00203794000048950000B40E0020E5
S21400312048940000DD0200005C0E00205994000068
S214003130490400008C1000204C130020D8100020FA
S21400314000110020D2100020FA1000202C110020C0
S2140031505413002000ED00E0E3930000201100204F
S21400316034130020522A00F0B580062289E0BAF116
S214003170020F40F03581B6F805400022B4F5007F16
S21400318028BF4FF400740323114650463B70A7F83F
S2140031900140FFF70DFA2C8079E7BAF1040F70D1E1
S2140031A0B6F80540A0B2FDF747F860B1027A7C8019
S2140031B0022A4FF005010CBF012302233970416833
S2140031C07B70032057E06C800A225AE0073CDFF849
S2140031D038B2CDF800B0A4B20194B6F80710B6F82D
S2140031E005000223ABF10202FDF7ACFD4FF6FF7AB5
S2140031F05045044604D17368C3F30F236B80E3E79E
S21400320000230130CDE90033ABF102020223514620
S21400321080B2FDF797FD50451CBF00F1FF3080B22D
S21400322007233B70A7F80140A7F8030000221146C9
S214003230042020E0BAF1020F40F0D280B6F805B0C4
S2140032401FFA8BF42046FCF7F7FF002839D0037BE3
S214003250990713D52B880DF11202013B09A92046C8
S214003260ADF81230FDF7B2FB024670BB0B23BDF87B
S214003270122009993B70FFF79BF908E75246A5F81C
S21400328002B05D4B30796988587001241C705980F3
S2140032901A71CBE7B6F805B01FFA8BFA5046FCF762
S2140032A0CBFF70B1037B1A070DD5E21E92B25349CD
S2140032B05046FDF755FB024638B913233B700146CE
S2140032C0D9E70122DBE70322D9E77368C3F30F23AC
S2140032D06B80D6E7B6F805703846FCF7ADFF0028D9
S2140032E03FF4D5AE037B5B077FF5D1AEE21E4349C4
S2140032F092B23846FDF734FBC9E6631F9BB2022B39
S21400330001D0102B6CD10022CDE90022DBB23C4A62
S214003310B6F80710B6F80500FDF714FD4FF6FF7374
S214003320984204463FF467AF2B880DF11202043B27
S21400333009A9ADF81230FDF749FB024608B16C80CA
S2140033409FE7BDF8122009997C8009233B70931CE7
S2140033507B7036E7053CA4B2022C01D0102C3FD17E
S2140033604FF0000BCDE900BBE4B2B6F80710244AD4
S214003370B6F805002346FDF7E5FC4FF6FF718842D8
S21400338082463FF438AF013023461D4ACDE900BBE4
S21400339080B2FDF7D7FC2B884FF6FF7188420446B3
S2140033A0A3F1060318BF00F1FF340DF1120209A9BC
S2140033B0504618BFA4B2ADF81230FDF707FB024620
S2140033C010B1A5F802A05CE7BDF812200999A7F88D
S2140033D002A011233B70131D7B70BC8005204AE7BA
S2140033E004224EE7CDE90B33064B099309A90223C5
S2140033F00A93FFF7B5F84AE62011002033110020A3
S2140034003511002018000020371100200D4AD2F890
S214003410E430D2F8E0109B0003F03C03C1F38111C6
S2140034200B438370D2F8E03003F03F034370D2F8CA
S214003430E830D2F8EC2003F0F003C2F30312134393
S2140034400370704700FF0FE0FEE7000008B5FEF7C8
S2140034507DFB124B12498B4212D3124B12490020AD
S2140034608B4218D3FCF79CFE186850F82240586828
S21400347040F82240013298688242F5D30C33EAE7DE
S2140034800022F8E71C6844F8220001325C68A24279
S214003490F8D30833E4E70022F8E700BF94B600004C
S2140034A0A0B60000A0B60000A0B60000F8B50D4615
S2140034B010B900242046F8BD0E4F3E68002EF8D105
S2140034C000F052F804460028F3D0386000F0A8F860
S2140034D0204600F074F838B130463E6000F0A0F8A0
S2140034E0204600F067F8E4E7002DE3D02046A84722
S2140034F0E0E700BF601300200846114600F0A2B8BF
S21400350010B504F01DFF20B9024BBDE810401B6843
S214003510184710BD2800002010B500F074FA20B936
S214003520024BBDE810401B68184710BD280000205D
S21400353070470000431E033306D8044B984228BF4A
S2140035401846642838BF6420704700BF40420F000A
S214003550431E012B03D9031F5842584170470120D0
S214003560704700F065BE0000F8B50546FEF788FA1D
S2140035700F4B1E68074626B93846FEF7CDFF344681
S21400358011E0B4688CB194F810C01CF0010F0CD197
S21400359095E80F004CF0010C84E80F0084F810C08A
S2140035A03846FEF7B9FF2046F8BD3668E3E700BFA9
S2140035B0200000204FF4A472002105F0F9BD10B5DC
S2140035C00021044600F02EFA2046BDE8104004F024
S2140035D0C1BC000038B505460C4641B10B6833B196
S2140035E01B68013303D0CB680BB18B684BB900F076
S2140035F01DFEBDE838404FF492724121002000F0D5
S21400360095BA084600F017FE0023044A85F8DC3019
S214003610C5E92343C2E9003338BD00BF6813002064
S21400362010B5044618B9054B054A136010BD03F0E3
S214003630D5FED4F89830002BF6D1F4E731350000EB
S2140036401C00002010B50C4603F006FF054B0021B9
S2140036505B68032098471CB104F09EFE0128FBD14E
S21400366010BD00BF2800002004F052B804F066B871
S21400367008B502460868FFF75DFF08604868FFF770
S21400368059FF48608868FFF755FF8860C868FFF7ED
S21400369051FF0B69C860581C03D00B48834228BFF3
S2140036A003460B614B69581C03D00748834228BF6A
S2140036B0034688694B61FFF73DFFBDE80840886117
S2140036C0104604F0A5BC00BF40420F002DE9F84F9D
S2140036D0D0F8903006460F4613B1038B8B4246D087
S2140036E0D6F88CB0BBF1000F44D0DBF80830002BC6
S2140036F040D0DBF80C1000293CD0D6F8A0A0BAF1D8
S214003700000F3AD04FF000094D46C84601E0DBF8FE
S214003710083005EBC50203EB82040135E389BB42A2
S21400372016D8238ABB42304612D3B4F91230B6F903
S21400373024109942A04603EAE37255DD96F8D010AD
S214003740FEF716FA337D834281464DD9DBF80C101E
S2140037508D42DCD3B8F1000F40D000234246194614
S2140037603046D0473783C6F8908086F8D990002038
S214003770BDE8F88F0320BDE8F88FD1465446524680
S21400378047F6FF7504EBC40803EB8808B8F80E305C
S214003790BB421DD8B8F81030BB4219D3B8F9122076
S2140037A0AA4202EAE27207D14FF0FF093783C6F851
S2140037B0908086F8D990DAE796F8D0103046FEF773
S2140037C0D7F9337D834281464246EFD9DBF80C10A9
S2140037D00134A14204D9DBF80830D3E70120C7E75B
S2140037E0002AFBD09046E1E7A046B6E72DE9F04771
S2140037F082B004468946164604F0B0FD3B4D08B13B
S21400380000236B602B68D4F88CA0D4F890700BB1B2
S21400381053454BD04FF00008C5F8089004F0BCFDA7
S214003820012836D12B68DAF800103A6813B1186808
S214003830884246D0204604F0DBFAC5E900A7D4F853
S214003840A0508DF80760002D42D000220DF107032E
S21400385011462046A847204604F0B6F80546B8F1BB
S214003860000F00D08EB1B5FA85F040F2DE32400986
S214003870332100F05BF93146204604F0C5FA1C4BB4
S21400388005461B68394620469847284602B0BDE8DC
S214003890F087012003F0E0FD164B00215B68032053
S2140038A0984704F079FD0128FBD1BBE76B68002B35
S2140038B0B0D0BB42AED1AB68994514D04FF00108EA
S2140038C0AAE7696811B109689142B6D05968B1E7AC
S2140038D0217D94F8D930994228BF194632462046B1
S2140038E004F008F8B7E70025CFE700BF681300200C
S2140038F01C00002028000020F8B505460E46FEF7FE
S214003900BFF8314607462846FFF7E0FE044620B1DA
S2140039103846FEF701FE2046F8BD04F01EFD22469E
S21400392031462846FFF762FF04463846FEF7F4FDA8
S2140039302046F8BDF8B505460E46FFF74BFED5F80F
S2140039408C307BB15B696BB101F0CCFBD5F88C3069
S2140039505B691B1A584240F26B124FF04201584105
S21400396000F0E4F8F76800224FF6FF734FF0240CDF
S214003970D0B2B84208D31C4621462846FFF7BCFF03
S21400398000F05EFC2046F8BDB1680CFB0011CC8947
S2140039909C4202D2002CEFD023460132E8E7008B8F
S2140039A070470A7838B505461046FFF7D1FD60B176
S2140039B04C782046FFF7CCFD38B12243530704D499
S2140039C02846BDE8384003F0CDBE012038BDFFF7DD
S2140039D0E8BF10B504460878FFF7BAFD58B14A7834
S2140039E01046FFF7B5FD30B1042A04D02046BDE8E6
S2140039F0104003F0EFBE012010BDFFF7EABF03F052
S214003A00ABBC03F005BE70B504460D461646FFF780
S214003A1073FF30B9324629462046BDE8704002F0B2
S214003A2051BC70BD04F0A8BC38B5044648880D46A5
S214003A3000F0FFFBD4F8A0302BB929462046BDE89D
S214003A40384003F0FDBE022038BD00F0F3BB03F0A3
S214003A50B1BF73B5044600200D4600F0EAFBD4F86B
S214003A60A06069462046FFF7F2FF5EB99DF8001099
S214003A702A462046FEF77CF80146204603F066FFFD
S214003A8002B070BD00231A4629462046B047F7E725
S214003A9038B505460C46FDF7F3FF2B6B1C40EB6A6A
S214003AA02343EB62FEF738FD211E18BF01210020DC
S214003AB0490238BD04F033B904F052B907B54FF4E3
S214003AC000730A49ADF806300DF10602FFF7F4FF61
S214003AD0BDF80630B3F5007F05D1022808BF0020E8
S214003AE003B05DF804FB0120FAE700BFC014002015
S214003AF00846114600F0C0BA04F0FEB838B50446D1
S214003B00154609B104F04AF925B12046BDE838400B
S214003B1004F046B938BD0000024B1960024B18602D
S214003B20FEE700BF24000020C016002008B550B9EC
S214003B300548064B01601A60054B1A68054B1A606B
S214003B401868FFF7E9FF08BD24000020C41600200F
S214003B5060130020C0160020437C03B108470220F3
S214003B60704710B5044604F0CFFC20460321BDE89C
S214003B70104003F04BBCFFF7F4BF00000149FFF70D
S214003B80EBBF00BFDD8400000149FFF7E5BF00BFC3
S214003B90B184000010B5437C0C4693B149680022FE
S214003BA004F0BCFC206890FAA0F0000A01F0ECFBE0
S214003BB0A17A2089002281F0010104F00DFD002089
S214003BC010BD0220FCE71FB5CDE90012ADF80830A5
S214003BD069469DF818308DF80A30FFF7DBFF05B010
S214003BE05DF804FB00207047002070472DE9F74F72
S214003BF01C469DF830300193036803F00703063334
S214003C0001259D400646174605F1FF380B46A1B133
S214003C10416804EA080BA5EB0B0A41F0005952452F
S214003C2009EB0B0114D95246184605F0B3FA7A1B75
S214003C305A444946504405F0ADFA019B2BB13C442A
S214003C4048EA050804EA0804F46003B0BDE8F08F0B
S214003C501846F0E70D4BD3F8E020D20314D50C49F4
S214003C604FF48032C3F8E820C1F8EC209A6BD1B24A
S214003C70C2F3072299679A6704229A6700229A6716
S214003C809A679A679A679A67704700BF001008405D
S214003C9000100846F8B50C4C0D4617460646FDF7CC
S214003CA0EFFE0123A362042327606660A560C4F8C4
S214003CB0E830064B4FF48072C3F88021FEF72CFCE8
S214003CC00DB10223A362F8BD0010084000E100E039
S214003CD0054B1860054B01229A6540F6FF72196382
S214003CE058635A65704700BF501700200010084000
S214003CF02DE9F04F042A83B0054639D90B78836145
S214003D004B7883618B788361CB7883610068D5F8C4
S214003D1008B06E6800F007000123063003FA00F8CA
S214003D2008F1FF3909EA0B07A2F1040AA8EB07021B
S214003D30924501F1040446F000560DD8F0192146CC
S214003D40524605F027FA0AEB0B0248EA09031A4026
S214003D50AA6003B0BDE8F08F2146F019019205F085
S214003D6019FA019AA118AAEB080230463A44E8E785
S214003D70013A032AEDD8DFE802F00B08050211F835
S214003D80013B836111F8013BAB6111F8013BAB616C
S214003D900B78AB6103B0BDE8F08F00BF37B50025E8
S214003DA000951446FFF722FF204603B030BD000002
S214003DB038B50C46104B1546014668B10122C3F8CB
S214003DC0B8200E482246FFF793FF1DB10A4B042287
S214003DD0C3F8B820002038BD64B1D3F89C20A242B6
S214003DE084BF0122C3F8B820C3F898400222C3F863
S214003DF0B820EAE70122FAE70010084090100840D1
S214003E0010B5FDF73DFE184B184901229A65C3F818
S214003E1088201A66164A5A660722C3F884200A8043
S214003E20144900220A804FF4A021C3F8E81003F1D9
S214003E30C0630446C3F8EC100F4B1A600F4BD3F860
S214003E4088305B020AD50E4B18680E4B4FF4800282
S214003E50C3F88820416BA43001F0B2FA2046BDE8D2
S214003E601040FEF759BB00BF00100840CE160020D9
S214003E70D0160020CC160020C816002000400840AF
S214003E8060130020004008440D4B07221A800D4B9B
S214003E9000221A800C4B0121C3F8B810C3F89020FA
S214003EA04FF40052C3F89400C3F8B420074BF02236
S214003EB01A6403F10073A0221A64FFF7A1BF00BFC3
S214003EC0CE160020CC160020001008400000084443
S214003ED02DE9F041044688B1394E3A4FFDF7D0FD42
S214003EE03388394A03F07801032C054603F07F0C2B
S214003EF0114453D13C6824B9FEF70EFB0320BDE8FD
S214003F00F08124F00104386820F00100A0424AD174
S214003F1000223A6022886FEA42426FEA52428C429E
S214003F20228036D1294CDFF8B8C02788ACF180084B
S214003F303A46083A92B201F10800604528BF40466A
S214003F40082A04D9B0F900E0BEF1000F36DB228063
S214003F503B440C8888781E499B1ADBB2C4F30C04D9
S214003F60CC6300F007003380CB66C1F88420FFF7EF
S214003F7071FE04280DD1174BD3F88830164B1868FD
S214003F80164B4FF48002C3F88820416BA43001F032
S214003F9017FA2846FEF7C0FA0020B0E7601E012890
S214003FA098BF0C46AFE7094862440088A21A48BF8B
S214003FB0803208389042ADDC28469DE70146B8E7D7
S214003FC0CC160020C8160020D0160020CE160020E2
S214003FD000100840004008406013002000400844DD
S214003FE0501700200E490F4B0A881B880E481344B2
S214003FF0073B03F0780303440832987892B20A80AD
S21400400000F0070009490428C1F8842004D101F50E
S21400401040514A681203FCD4054A1360704700BF3B
S214004020CE160020CC160020D01600200010084027
S214004030C816002010B5054C206828B1C30701D467
S214004040FFF746FF0023236010BD00BFC816002000
S214004050084B4FF48032C3F8EC2003F17C43C3F8DE
S214004060E420D3F88030C3F30C03782B01D8FFF795
S214004070F1BD7047001008442DE9F84304460E468B
S214004080FDF7FEFC504B514D1A882D88814650484E
S21400409002F07801032C02F07F03014417D14D4C47
S2140040A024688CB92A44073A02F07802841803443C
S2140040B0E31A48BF8033AB4210DB4846FEF72CFAC3
S2140040C000242046BDE8F88324F00104EFE7012C25
S2140040D002D0022CEBD1083D0C46E8E7002E41D07A
S2140040E08C423D4942D1D1F83C800A6B02F007026F
S2140040F0063201279740D1F88020C2F30C029A427C
S21400410047DDB4F900302588002BD6DBA378C5F34D
S2140041100C0503F007037A1EA5EB08053A43052BAA
S214004120337005EA02052CD82DB2E84340F2364239
S2140041300421C00FFFF7FAFC7580E378274A337432
S21400414012687B1E03EA0803D118B160A9B213FAFD
S21400415085F5BD4289BFFF1A0023B780F2609CBF79
S214004160B180F3604846FEF7D7F9AAE7A4F1080243
S214004170824238BF04F17802B2F80080C8F30C0817
S214004180B3E7174BDB6C003B18BF0123A5EBC30559
S214004190CAE78B6B7A1EA3EB08033A431A40114B0F
S2140041A015B25B686AB9C3F30363D91E4B424B4131
S2140041B0DB0033700B4B7280D3F89030C3F30723C9
S2140041C0BCE70823F5E700BFCC160020CE1600207B
S2140041D0D0160020C81600200010084050170020F7
S2140041E00000084000400840431C08D0044AD2F8AB
S2140041F03C311B0C1B0480B20343C2F83C317047B1
S2140042000040084038B50D6804462846FFF7ECFF26
S214004210D4F8903043B15B6933B1013504BF6FF019
S21400422001020A600A681A60002038BD04F095B8DA
S214004230704770477047A62231210120FFF776BCF1
S214004240704738B50D46044600F04CFFAC4042F2CD
S214004250107364095C436423B0FBF3F0B4FBF0F026
S21400426038BD0000034B1A689B88026083800020DC
S214004270704700BF3A0000200F4B0628D3F888315D
S21400428004D183F40013C3F340507047022805D1CD
S21400429013F4400F0CBF01200020704750B9074AA6
S2140042A0D2F8D40010F0010005D083F48003C3F3E5
S2140042B0805070470020704700400E400081E00F9D
S2140042C00C4A5288B2F5E16F94BFC8225A2210B544
S2140042D094BF7824502490428CBF172210220A7074
S2140042E0054A0346107818B19C422CBF00200120D6
S2140042F010BD00BF3A0000203300002013B5234B4A
S2140043001B780E2B04463ED00DF10701FFF7D8FFB1
S2140043101E2C8CBF1E4C1F4C9DF807304FF0010220
S2140043208CBF01210021C4F8082170B1194A4DF64E
S2140043300174C2F804411B0202F1007243F44043C8
S214004340C2F80431144AA2F8D430134A134C92F837
S214004350D83023F00103034323F0020343EA41036A
S214004360DBB282F8D83024786CB923F0040343EA31
S214004370800323F00803B2F8D440A2F8D64043EAFC
S214004380C10382F8D83002B010BD00BF3A0000204A
S2140043900040084600400844001F00215617002031
S2140043A0084B094AD3F88831DB4303F4FE1343F481
S2140043B00053B3FA83F30E33A3EB4313013B13709E
S2140043C0704700BF00400E403200002002280CD08C
S2140043D0062802D020B100207047054B1878704799
S2140043E0034B18780430C0B270470720704700BFF0
S2140043F032000020022807D0062807D0003818BF51
S21400440001204042C0B2704701207047002070472C
S21400441030B51F23B0FBF3F35D1CEDB24FF0FF3455
S214004420C3EB4313AC40C01AE4430130E4B2C0B25D
S2140044301460086030BD00002DE9F7433A4E3B4F4C
S21400444096F8009015463A4AD2F8C820B9F1020FFD
S2140044500446884607EA02071AD147EA006788F842
S2140044600000002372882B60B2F5E16F94BFC8226B
S2140044705A2227F47F57944227F008079ABF380A33
S21400448000F47F5043F6C870384303B0BDE8F083AD
S214004490284A1278904228BF144604EB83030B7018
S2140044A0F4B1013CE4B24FF030632B606A4601A9D8
S2140044B02046FFF7ADFFDDE9002347EA03671E4B02
S2140044C098F800101B7847EA823747F47F5747F082
S2140044D008073BB90029194B18BF4FF07F43C1E7C7
S2140044E0164BE2E7164B1748B9F1060F08BF03460E
S2140044F02AB90029114B18BF4FF07F43B2E7B2FA32
S21400450082F2C2F11F02D2B29B5CDBB239B15A1EF4
S214004510D2B2FD2A05D81B0643F00403A2E7074BD8
S214004520A0E74FF07F439DE73A0000203F00C0E041
S214004530001F002132000020571700200400000B47
S214004540B883E00FB083E00F2DE9F3410446C8209E
S214004550FFF7D4FE2B4B2C4E18780E2801D0FF2CDC
S21400456005D1FF243470204602B0BDE8F081022851
S2140045702DD1072C204628BF072001284FF0000326
S21400458001AA0DF1030138BF0120FFF755FF0546CC
S2140045901E4B1F4FDDF80480C3F85881C7F8C8507B
S2140045A09DF8034034702046FFF7A8FE194A4FEAEC
S2140045B0082303F4E063127843EA1863A7F8D030C0
S2140045C0002AD0D1C7F8CC50A7F8D230CBE7A0B994
S2140045D0052C32BF002701270420201A3B4601AADB
S2140045E00DF10301C0B2FFF727FF4FF48003054625
S2140045F037B1094AC2F80831CAE700273846ECE75F
S214004600064AF7E73A00002038000020004008403D
S214004610001F0021561700200040084600400844AE
S21400462008B501F037F8094B094A002818BF1A46A2
S214004630136823F47F115B0803F4FE130B43136027
S214004640044B4FF00072DA6108BD00BF004108401D
S214004650184108400040084008B501F01BF8064B1A
S2140046604FF4001228B1C3F800214FF000621A621E
S21400467008BDC3F81821F8E700400844014B186845
S214004680704700BF5C17002070B505460E46C0B2E6
S21400469001F00F01FFF7D5FDC6F303110446C5F37D
S2140046A00720FFF7CEFDC6F303210444C5F30740F9
S2140046B0FFF7C7FD204470BD436C012B38BF0123B4
S2140046C02DE9F0479A46464B464F9B69464E474D66
S2140046D003F4E073A3F5C072804645485142514149
S2140046E002685245434A0FD114788C420CD198F890
S2140046F0D0C03C78A44507D198F815C03478A445B6
S21400470002D1A888BDE8F087B3F5C07FC0F800A046
S21400471011704AD1D8F8944024B12368082B58D990
S21400472094F838400F212046FFF78BFDBAFA8AF33B
S214004730002852D0B0FA80F29B1A002BC6BFD84091
S214004740C3F10F094FF00F09504501D909F1FF39A0
S214004750234B2004C3F8BC0003F1806340F6FF72CD
S214004760C3F8B82003F100734FEA0921C3F8B81064
S214004770FFF78AFFA88000F0B5FC09F01F094FF488
S214004780FA7304FA09F45C4341F66A03B0FBF3F0EB
S2140047900A23B4FBF0F45C43174B1C6098F8D03047
S2140047A03B7098F815303370ABE798F8D030062B8E
S2140047B006D1124B1B78002B0CBF9624C824B1E7F9
S2140047C0022B08D00D4B1B78002B0CBFB424F02412
S2140047D0A8E70024A6E73224A4E74FF00F09B7E7BE
S2140047E00060084031000020300000203A00002021
S2140047F034000020591700205C17002057170020AF
S214004800FF290DD00F4B1048C3F850010B040905C3
S21400481001F0F87103F4E0230B430C49C1F8503162
S214004820FF2A0DD0074B40F2F711C3F850111301C1
S21400483003F4F87302F007021343044AC2F8503137
S21400484000207047004008440000F701004008467A
S214004850F8B5134B134E1F68134D384600F0ECFEA8
S2140048603378C4B2A34201D12B78A3B1092C14D853
S2140048700E4B012C195D05D10D4B1B78022B01D177
S21400488041F0400101F00F0238460909FFF7B8FF72
S214004890002334702B700020F8BD0024FA21F1E7C5
S2140048A06013002055170020541700203C96000087
S2140048B03A00002038B5044600F0BCFB1422002164
S2140048C02E4804F075FC2E4B25781A782D49521B7D
S2140048D018BF01220A7022681A60C820A2889A802F
S2140048E0FFF70CFD284BD3F8C820284BFF21197082
S2140048F0274B2849062D03EA0203274A1AD14FF40C
S214004900EE40C2F824014FF48A42C1F82421012265
S21400491043F08043C1F820211B4AC2F8C8301E4B22
S2140049200322C3F85821FFF793FF1C4B01221A708D
S214004930002038BD022D4FF007000ED1C2F80C0142
S2140049400620C1F80C011649C2F808114FF4404180
S21400495043F00303C2F80411DEE7C2F80C01052099
S214004960C1F80C01C020C2F8080143F08043812240
S21400497043F00403C1F80821CEE700BFC81F00219A
S2140049803A00002054170020001F002138000020A5
S2140049902800C0A0004008460040084458170020E1
S2140049A0C10040002DE9F0472D4C2E4B236000F04F
S2140049B099FB4FF4FA7307464FF47A76B0FBF6F697
S2140049C029482A4A7343190E1B02181841F10001A0
S2140049D0002303F043FEA0F580730546A36220B9CA
S2140049E066222B21FFF7A2F801254FF47A726A435C
S2140049F04FF0000A53465008310203F02FFE1C4BBE
S214004A0019601C4BB7F57A7F4FEA0568894604465D
S214004A1018604FEA152505D276222B215046FFF75F
S214004A2085F801264FF47A73A8FB030103FB0511F2
S214004A307308C01841F100010023324603F00EFE51
S214004A400D4B023419600D4B49F10009A40818609B
S214004A5044EA8974024B013C1C63BDE8F08700BF42
S214004A60005008400211010020A1070040420F003C
S214004A70701700206C1700206817002064170020AD
S214004A80044B4FF00052C3F880211A60024B0122FB
S214004A905A60704700E100E00050084038B5020157
S214004AA00A4B01259D500A4A4FF480738340536693
S214004AB00446FCF7E5FF074A1378A54023EA0503FA
S214004AC01370BDE83840FDF727BD00BF005108440D
S214004AD000500840601700202DE9F04715460446B0
S214004AE088461E46FCF7CCFF022D00F0B88007462D
S214004AF0FDF772FD6C4B6D4AD3F8189092F815A02E
S214004B00DA6D5FFA8AFA520744BFD3F818900AF1B2
S214004B10010AFDF765FD664B664A1B6811684FEA99
S214004B208A7CA3FB093213F1004301FB09CCD8F8B9
S214004B3000304CEB020C012D04BF01336344ACEB98
S214004B40030C08BFC8F80030BCF1804F0AF0030A17
S214004B50C0F09880584AD2F800C0584AD2F800E010
S214004B60514A23F04041106B4FF000480022ECFB06
S214004B7001820EFB012282424FEA937381BF01330A
S214004B800130121A03F00303A3EB0A03914588BF12
S214004B904549DFF848C184BF096B03F1FF3303F0D2
S214004BA003030CF80430A2EB0900A3B1F10742BFDF
S214004BB0434B41F61F71D966B30742BF404B41498C
S214004BC0D966710742BF384B00211967330742BFC9
S214004BD0354B00211965344B04F1100103EB041E1C
S214004BE00901CEF80C2111225A5037499A694FF024
S214004BF0010EA2EB090A0EFA04F8D3F85C900A78C4
S214004C005FFA88F848EA020282450A7026D34FF413
S214004C108072A24019EA020F20D11CF80400002876
S214004C203FD10DB3F0071A6608D5254B274941F644
S214004C301F7240F20110DA66C866DA66B10706D55A
S214004C401F4B22491F4A2248DA66C866DA66720790
S214004C5042BF204B01229A60330719D43846FDF72D
S214004C605BFC0120BDE8F0871B48240140F804E007
S214004C705A66FCF705FF14490B7823EA08030B7005
S214004C80FDF74AFC3846FDF747FC0020BDE8F087F4
S214004C90212000F03FF9044B4FF480325A6038462A
S214004CA0DDE71A663846DAE700500840C0170020ED
S214004CB064170020681700206C170020701700206B
S214004CC00050084400001F1F6017002000500846D0
S214004CD000000101004008400051084474170020FD
S214004CE01030034B0001185800F00100704700BF59
S214004CF0005008401030044B01F46001000141F000
S214004D0003011950704700BF0050084038B5FDF742
S214004D1063FC084B084A9D69547DDA6D520748BF0C
S214004D209D69E4B248BF0134FDF75AFC284604F0FA
S214004D30030138BD00500840C017002008B52220E7
S214004D4000F0E8F8024B4FF480225A6008BD00BF1E
S214004D5000500840064B1B68434303EB8171054B2C
S214004D601B68A3FB003013F1004341EB00007047C3
S214004D70681700206417002008B5FFF7C7FFBDE8D6
S214004D800840FFF7E7BF10B50446FFF7BFFF8442B1
S214004D9088BF01F1FF31204601F00301BDE8104055
S214004DA0FFF7D8BF0D4A10B5146820F040430146FF
S214004DB04FF000420020E4FB0320094A126802FB81
S214004DC00300084B1B6B98424FEA917104D90133DC
S214004DD00131C01A01F0030110BD00BF6C1700209E
S214004DE0701700200050084038B50446FFF7C4FF8F
S214004DF00546FFF7C1FF431BA342FAD338BD0000A8
S214004E003B4B082270B501210546C3F8C820394837
S214004E10394CFCF727FF394B1D702378013B012BDB
S214004E200CD8237CE07B01229A400C21302313FB14
S214004E30001303F1884303F520431A60304B002229
S214004E405A677DB92F4A4FF6FF71D16702F100729B
S214004E50F821D1675D672C4B4FF08042C3F8942051
S214004E60002070BD636853B300F03CF9626800EB45
S214004E705203B3FBF2F3013B1B0243F0F803267820
S214004E802049224A022E1CD0032E1D484FF6FF75DD
S214004E9021D0012E27D143F00203CD67D367072325
S214004EA04367237CE07B01229A400C21302313FBCE
S214004EB0001303F18C4303F520431A6011E0F82336
S214004EC0DDE743F001034FF6FF70C867D3670C4B6E
S214004ED005225A67E5E743F00503CD67D36701234C
S214004EE043670B4BB8E7CD67D3670023F8E700BFEF
S214004EF000400E4600350A007C1700207917002077
S214004F00000008400000084400400844000008462E
S214004F1000400846044BD3F89430002BBCBF034B2C
S214004F20C3F88000704700BF0040084000000840FB
S214004F304FF0006318B1034AC2F894307047024A33
S214004F40FAE700BF004008460040084400207047CB
S214004F5008B5064B06491A684FF00450920004F054
S214004F6019F9BDE8084000F04FBE00BF6896000083
S214004F706C96000007B501A8FEF748FA134B144AD2
S214004F80C3F8442148F2E672C3F838214FF40862A9
S214004F90C3F834210F4AC3F8A0200F4A4AF63F410F
S214004FA0916002F580424FF0C07191620022C3F812
S214004FB0FC200A4AC3F89C20094B7F225A6203F160
S214004FC0007323225A6203B05DF804FB00400840D9
S214004FD0C0E653517A27000F00300840806D630307
S214004FE0003008440F4B002210B5C3F88820C3F8E1
S214004FF08C20C3F890200C4A0121D1605A6812F028
S214005000706FFBD14FF00452DA67012402F5FD52AF
S214005010C3F880401A66054B1B689847044BDC6053
S21400502010BD00BF00400840004008464000002079
S21400503000400844034BFD22C3F8C8200122C3F8F1
S214005040CC20704700400E4638B5FFF7F3FF1B4BE9
S2140050501B481C4C1C490222C3F8C8201B4B1A686C
S21400506042B102EA0005A54204BF5D681560083338
S2140050708B42F4D1164B0222C3F8C820154B164AB1
S214005080D3F83C111160154AC3F8942000F0A0FB39
S214005090FFF770FF124B0322C3F8D820A3F5005386
S2140050A00122C3F894204FF46072DA604FF0407229
S2140050B0C3F8F820C3F8102138BD00BF00400E46E4
S2140050C00000FFFF00000840B081E00F0080E00F06
S2140050D000400E4400400840440000200048F00015
S2140050E00060084608B5FCF7D3FC044BD3F8103133
S2140050F0C3F308230133B0FBF3F008BD00400E40B5
S21400510070B5044618B1284D2268531C00D170BDF6
S214005110C2F30063110C35F8130011F0FE0F93B2C2
S21400512043EA0043606818D00434CAB2022A2168F1
S21400513008D9D4E90160033AC3E9001698600C3434
S2140051400C33F3E704D16268C3E900120834DBE7E6
S214005150012AD9D104341960D6E7120F072AF5D8E8
S214005160DFE802F00704090D1013181DC04303F111
S21400517080631860EAE71A6842401A60E6E703F1BF
S214005180C063F6E7FFF730FEE0E70122824003F156
S214005190C063F2E70122824003F18063EDE71A68FC
S2140051A030EA0202FBD1D1E746960000024B01220C
S2140051B0C3F89420704700BF00400846024B012207
S2140051C0C3F89420704700BF00400844024B4022BA
S2140051D0C3F89420704700BF00400844024B4022AA
S2140051E0C3F89420704700BF0040084608B50C4B33
S2140051F01B68D3F8943023B11A68022A01D9186ABA
S21400520008BDFFF76FFF074B1B6D024698B20028DC
S214005210F6D0C3F30743D2085343B3FBF0F0EFE7EF
S2140052206013002000600840064B5B68C3F303630E
S214005230984206D1044A936B23F0F00343EA011127
S2140052409163704700400840001F002110B50446D7
S214005250FFF7CCFFC4F30113022B05D0032B09D0B4
S214005260012B00D1400810BDC4F3C4240134B0FBA8
S214005270F4F0F8E78008F6E700F03003202B10B5CE
S21400528013D110F4E02FC0F302440AD010F4C01F6C
S214005290C0F3C423B3FBF4F418BF6400052C0ED887
S2140052A06408FFF7D3FF604310BDC0F382136FF0AE
S2140052B012041C4104F00104C4F10204F1E70424C2
S2140052C0EFE700002DE9F0470E46FFF755FDDFF843
S2140052D0B090DFF8B0A080460025FCF7D1FBD9F8E7
S2140052E00430C3F30363012B07460BD1711C1AD09D
S2140052F0FFF742FDA0EB08053846FDF70DF9AE4274
S214005300EBD80DE0052BF1D00B2BEFD0023B012B99
S2140053100CD9013602D0FFF72FFD3846FDF7FCF812
S2140053201648BDE8F087FDF7F7F8D6E7DAF8083054
S2140053301A04C3F389140FD4013602D0FFF71CFDFC
S2140053403846FDF7E9F824B2A4F1C8006FF4FF73FD
S2140053509842B8BF1846E4E7731C03D0FFF70CFD6D
S214005360A0EB08056FEA84546FEA94543846FDF7BC
S214005370D3F814F5007FC2D0E6E700BF00FEFFFFBB
S2140053800040084000700840024B012218619A60F5
S214005390704700BF00200840084910B5D1F87031AA
S2140053A040B11C464A68D1F870319C42F9D1C2F32C
S2140053B00362027003F00F0010BD00BF00400840FB
S2140053C0094BD3F8883001F0800103F480030B43C7
S2140053D009D1064B4FF400129A61837F1BB1044B30
S2140053E00122C3F8F82070470040084000600844D7
S2140053F00060084610B5FCF743FB084B1B680446E4
S2140054003BB1984728B1002200204FF4806100F09D
S2140054102DFD2046BDE81040FDF77EB89017002011
S2140054202DE9F0411F4CDFF89080069F0646A2FB50
S21400543003502C1960F1000E9C46A0454FF0000367
S21400544073EB0E0E07D24FF4B4720E211846FEF719
S2140054506DFB02201BE00029FBD0C6F3130601EB10
S2140054605C04B4FBFCF4A4FB0646E40C44EA4634B5
S2140054700D4E34600D4C22600D4A914209D10D4A02
S214005480A5FB025302FB00339B093B600020BDE8EE
S214005490F081C4040A46E80444EA553103F0DEF815
S2140054A03860F3E700C9E876981700209C170020BC
S2140054B000F049020A3BB2DF0046C32338B5164D5A
S2140054C02B780C4623B9154B1B6D03F03F032B704E
S2140054D0134BD3F894305B051CD5124BB0FBF3F09E
S2140054E040F24D534343A3F546430C3B584300F567
S2140054F0C91000F5556028B940F21B322B21FEF783
S21400550015FB01202B78084A5343B3FBF0F3002029
S214005510236038BD0220FCE79717002000300840C3
S2140055200040084000366E018096980070B5374CF3
S214005530374B256B374C1B682468ED024CBF1B1994
S2140055401B1BB3F1804F04D8002B3AD1324E1C46B9
S2140055500AE0B3FA83F4314EC4F10204E340304D5E
S214005560AB4201D901345B0803EB5605B5FBF6F5F3
S2140055702C4EB34234BF002601262403013D44EAE4
S21400558086242C430C60D8B1B3FBF0F1642400FBF6
S21400559011336343984288BF01F1FF314808013850
S2140055A001390728204D214C4FEA510311D900211B
S2140055B029700621C4F894101B0243EA00131360F6
S2140055C070BDB3FA83F4D4F10204134EC6D500249A
S2140055D0C5E71029EBD068B1012129700621C4F86F
S2140055E09410134909780029E6D012490224C1F81C
S2140055F09440E1E7012914BF0121002129704FF0F2
S2140056000601C4F89410ECD1D6E700BF003008407D
S2140056109C17002098170020E0673500C0CF6A006E
S2140056203FBE4025401B5F139417002000400844EF
S2140056309517002000400846084B5B6B03F00700F8
S214005640C3F3C20213F0380F18BF5043C3F38212DD
S21400565013F4E07F18BF5043704700BF0030084087
S21400566010B5044651B10B6843B15B6833B11A6894
S214005670032A03D99C6A640E204610BDFCF700FA84
S21400568001462046FFF7D8FF04460846FCF744FFCD
S214005690F2E70000034BD3F8380180F01000C0F3A7
S2140056A00010704700400840174B4FF4002210B51A
S2140056B0C3F89420154C164BB0F1804F88BF1C469B
S2140056C0144BDA6CD2071DD51B6F134A04F5F4246D
S2140056D004F59074B4FBF2F4033CE4B203F0070361
S2140056E0A34202D02046FCF77DFF0C4B1B784BB143
S2140056F00B4B4FF47022C3F8942003F1007324047C
S214005700C3F8944010BD00BF00400846E06735006F
S214005710C0CF6A0000300E4040420F0096170020AF
S214005720004008447FB50446FCF7AEF91C4B06461D
S2140057302C3358680093A37922683146FFF770FE31
S214005740054648BBA379012B14BF164916491022FB
S214005750C1F83821206815495843FFF7AFFE03AA61
S21400576002A93046FFF7E2FE0F4A43F6FF53C2F89F
S214005770A4300C4B0299C3F8A4104FF4EE611163E9
S214005780039A1A632068FFF78FFF094BA2881A62F4
S21400579003F5405300229A63284604B070BD00BF4C
S2140057A0003008400040084600400844503008409A
S2140057B00000084008B5044B01221A70034B186815
S2140057C0FFF772FF002008BD961700209C170020E8
S2140057D0024B4FF48062C3F894207047004008469E
S2140057E00D4BD3F80421D3F8B030D2B2FF2A03D041
S2140057F043F30743591C01D190221923074903EBB1
S214005800D37302EB6302022381F84630232381F828
S214005810472081F8453070470081E00F001F0021C7
S21400582040B10368012B05D90069034B002808BF67
S21400583018467047004870474C96000038B5054635
S21400584014480C46FFF7AEFA2DB1C30103EB55031F
S214005850B3FBF5F32360104A5368D80217D40F4BF6
S2140058601B68D2F8A810C3F3810311F4806203F119
S2140058700103C9B218BFDA00FF2906D00649D1F8DD
S214005880AC10490501D502EBC302626038BD0022A8
S214005890FBE700BF40420F00000008400020084021
S2140058A0084B1A68C117A2FB000310F1807002FBB8
S2140058B0013343F10003400E40EAC310803820EA6B
S2140058C0E0707047A4170020174B072270B5C3F886
S2140058D08420FFF707FC154B154A164EC408010B2B
S2140058E00546E005C01841F10001002302F0B6FEAF
S2140058F0114B18604EF66020FFF7D2FF4042C6F804
S2140059009C000E48FFF74EFA024658B1E3015008D5
S21400591018184FEA15714FF0000341F1000102F02C
S2140059209DFE706770BD00BF00400840B2E60E00E6
S21400593065CD1D00001F0021A417002040420F0067
S21400594038B14FF47A735843A0F6AC50401AFFF7BC
S214005950A7BF4CF25030FAE72DE9F8430546084653
S2140059609846FFF75DFF16460746002D00F0A98013
S21400597018F0050F5DD02C69002C00F0A480FEF70F
S2140059807DFE4FF47A735C43201A7B68A0F6AC5019
S214005990C01AFFF785FFAC8B3062002C00F09680B3
S2140059A0FEF76CFE4FF47A735C43201A7B68A0F611
S2140059B0AC50C01AFFF774FF70614A4BEC68D3F81E
S2140059C00090002C00F08580FEF758FE4FF47A73A6
S2140059D05C43241A7B68A4F6AC54E41A3B68E41AC9
S2140059E0414B1A68E117A2FB044314F1807402FBD2
S2140059F0013343F10003640E44EAC314803C3B4B7E
S214005A00B4613B4CD3F88430F36123684BB148460D
S214005A1002F01AFD28B12368D9F848003246394604
S214005A209847AC69FEF72AFE01462046FFF788FF36
S214005A30F06218F0020F29D06B684FF47A70584362
S214005A405BB13B6803F51C5310331844AB7F002B47
S214005A5046F2A81308BF00231844FFF721FF6B691E
S214005A60B062002B38D078684FF47A7202FB0300DD
S214005A70AB7FA0F50350002BA0F1100046F2A81350
S214005A8008BF0023C01AFFF70BFF706218F0040F60
S214005A9017D0A86818B34FF47A735843A0F503508C
S214005AA01038FFF7FDFEF0602B684FF47A7058430D
S214005AB023B13B6803F51C5310331844FFF7F0FE80
S214005AC03061BDE8F8834CF2503062E74CF250305B
S214005AD070E74CF2503483E747F23050D3E747F292
S214005AE03050DEE760130020A4170020001F0021BE
S214005AF0A0170020064BD86DDB69C0F3011203F037
S214005B001F03000C02FB000001331844704700BF5F
S214005B100060084038B505460C4621B38B7913B3B0
S214005B20052B0FD0062B0FD0032B01D10223A37118
S214005B30A379013B062B0ED8DFE803F00F08080F09
S214005B400F2323000423F2E70723F0E7294600206B
S214005B50FFF7D0FF45B90023A3710020A37913B146
S214005B6023680344236038BDB0F5803FF3D86B0943
S214005B704FF2244202FB00302D09B0FBF5F0404204
S214005B80ECE7A288002DE6D0B2F5005FE3D8044922
S214005B906B0901FB02332D09B3FBF5F0DEE700BF0E
S214005BA020A1070010B508461C46FFF7ECF8094B85
S214005BB00246D3F8F800FFF733FE0368A018002B60
S214005BC0054AA8BF4FF4FA721A44044B92FBF3F24C
S214005BD0104410BD001F00210CFEFFFF18FCFFFF45
S214005BE0074BD3F8D8304FF604014FF605029BB2A8
S214005BF08B4208BF1346034A01209365704700BFD7
S214005C000081E00F0050084070B5194C0FCC86B0EC
S214005C1001AD0FC5C822236816482B60002103F08B
S214005C20C7FA7C220021144803F0C2FA134B144A28
S214005C30C3F8F020FFF7D4FD124B1B782BB101AD53
S214005C400FCD0B4E0FC62B6823600F4B0F4AC3F8C1
S214005C50DC2F0F4AC3F8E02F0E4AC3F8E42F02F1F8
S214005C60957202F27112C3F8E82F06B070BD00BF3D
S214005C70C81F0021381F0021BC1E0021001F002164
S214005C803F00370058170020001000210200620273
S214005C9009C805780708DC060A4B197801F0FF02E8
S214005CA029B10021197008499202C1F8A02059783C
S214005CB001F0FF0229B1002159709302024AC2F88E
S214005CC0A4307047AC17002000000846074BD3F8F6
S214005CD0E40E074BD3F88C301A0103D4054B1B6E29
S214005CE01B0401D500F58070704700BF001000212E
S214005CF0004008400000084008B5FBF7C1FE0F4B07
S214005D001A78B2B90E4A126812F4843F11D10D4ABD
S214005D101021C2F894101B786BB9094B1B68DB0581
S214005D2009D4084B2022C3F89420BDE80840FCF7AD
S214005D30F3BB054AECE7044BF4E700BFB0170020BE
S214005D40B8170020004008440040084610B5FBF78E
S214005D5097FE0E2104460320FFF766FA044B40F236
S214005D60012220465A62BDE81040FCF7D5BB00BFB2
S214005D7000000840044B00221A70044B197811B139
S214005D801A70FFF7B9BF7047AF170020B017002092
S214005D9008B5FBF775FE244B4FF08052C3F8802001
S214005DA0BFF34F8FBFF36F8F4FF48072C3F880201E
S214005DB0BFF34F8FBFF36F8F0222C3F88020BFF36D
S214005DC04F8FBFF36F8F1022C3F88020BFF34F8F23
S214005DD0BFF36F8F2022C3F88020BFF34F8FBFF32F
S214005DE06F8F4FF00052C3F88020BFF34F8FBFF382
S214005DF06F8F8022C3F88020BFF34F8FBFF36F8F63
S214005E004022C3F88020BFF34F8FBFF36F8F4FF051
S214005E100042C3F88020BFF34F8FBFF36F8FBDE8FB
S214005E200840FCF779BB00BF00E100E008B5FBF7CF
S214005E3027FE0D4B4FF080521A604FF480721A60A6
S214005E4002221A60002283F8012310221A60202200
S214005E501A604FF000521A6080221A6040221A60C0
S214005E60BDE80840FCF758BB00E100E070B5084C00
S214005E7001232370074B1E68074BD3E900533240BB
S214005E801940284001F0F0F90023237070BD00BFD0
S214005E90AE170020B4170020B81700202DE9F047F1
S214005EA0DDF820A003EA0108099B06460D4602EA33
S214005EB0000703EA0A09BAF1000F40F04981031F00
S214005EC00B4300F00F81052871F1000380F0E3809A
S214005ED050EA010300F05C81431E0B4300F01D8175
S214005EE0FFF756FFAB4AD2E9004323EA050324EA4C
S214005EF006043C4343EA0807A74BA84D1E68DFF894
S214005F00EC8226EA0A0646EA09061E60C2E900474F
S214005F10FFF7F2FE14F02A4F14BF48F202034FF4C4
S214005F200043B0079E48C26E48BF43F4005383EA5E
S214005F30020122EA0302EA669A4A81660B40D366A9
S214005F40C4F380421203210348BF42F48072E30682
S214005F5048BF42F40052A50648BF42F400726006ED
S214005F609148924DD0F80C3248BF42F48062210628
S214005F7048BF42F4006282EA030123EA0203C5F83E
S214005F800C328B4BC0F808120A40C7F34025AD040C
S214005F90C3F80C22E20448BF45F48035A30348BF8B
S214005FA045F48015A00748BF45F4001514F4001FFB
S214005FB006D0D8F8000002F03DFB08B945F40025ED
S214005FC0E1027C497C4848BF45F40035FA0648BFE4
S214005FD045F480050A6A730748BF45F0040585EA5C
S214005FE0020323F001031A4002621D40CB61734B8B
S214005FF073481D62734B744A16F0010F18BF1A4699
S214006000836E7D0748BF42F40012704D82EA03019A
S21400601023EA0203AB666E4B41660A4000F5005069
S2140060209A66C16B04F0010305F5005581EA030288
S21400603021EA0301E96382631A40664BDA63D8F803
S2140060400020200248BF644B92F8E92058BF634BFB
S214006050610748BF43F4806322B114F4C06F18BFD1
S21400606043F480735E485F4CD0F8EC10320748BFAC
S21400607043F0004383EA010222F4A0221140C4F850
S214006080EC101340C0F8E820574ABDE8F047C2F8C5
S214006090EC30FFF7CBBEA0F580630B4306D020F4B0
S2140060A08063A3F500730B437FF41AAFFBF7E8FC9D
S2140060B03849D1E9003223EA060322EA050242EA19
S2140060C008023B43C1E90032484A126892F8E920C8
S2140060D00AB313F4C06F1ED0434B4FF48072C3F85C
S2140060E0EC2014E0FBF7CCFC2A4AD2E9003123F07E
S2140060F004033B4341EA080157EA0807C2E90031B6
S21400610014BF394A374A4FF48063C2F8EC30BDE812
S214006110F047FCF701BA334BDFE7FBF7B1FC1D4A4B
S214006120D2E9003123F001033B4341EA0801C2E90A
S21400613000312F4A57EA08074FF0010315BF936353
S2140061402C4902F1C062CB6314BFD3639363DEE7CE
S21400615050EA01037FF4C4AEBAF1010F7FF4C0AE7B
S214006160FBF78EFC0C4A136823F0010343EA09038D
S2140061701360134A4FF48063B9F1000F04D05366DE
S21400618002F1C0629366C2E710498B665366BEE7AB
S214006190BDE8F087B8170020B417002000000844B8
S2140061A00000084000000846006008400060084400
S2140061B0006008460040084000400844004008468A
S2140061C000500840041C50000418500000500844BA
S2140061D000500846007008460D0A0A09090A0A090E
S2140061E00010084000100844001008466013002005
S2140061F00070084000700844024B5868C0F3C000A6
S214006200704700BFB8170020024B186800F0010066
S214006210704700BFB8170020024B5868C0F3C03064
S214006220704700BFB817002010B50446FEF70CFFF5
S214006230FFF7AEFD04F14C00FDF726FEFEF7D2FE9A
S214006240FEF7B0FBFEF71CFCFFF73EFB1049114AB9
S214006250D1F8F810072304F1A400FFF77DFB4FF4F4
S21400626040010020FEF746FD4FF400110120FEF726
S21400627041FDFFF7B5FC20B940F2E7221421FDF7F7
S21400628055FCFFF797FABDE810400120FEF7B8BDB1
S214006290001F00216C1F0021084B8022C3F88820B5
S2140062A003F17E430822C3F88820054AD2F8BC3E94
S2140062B023F02003C2F8BC3E704700BF00400846EB
S2140062C000100021F0B583B00646144602F05CF8D4
S2140062D0002800F09B80514BDD6815F0060540F065
S2140062E09580FBF7CDFB23790095022B07463ED120
S2140062F0237B022B35D00320FEF7F2FC18B9484B5F
S2140063005B685B047FD5A37B257B4649A268019228
S214006310003B18BF0123012D0B705DD0424A434C51
S214006320002313702278002A61D13C4E0420FEF729
S214006330B5FBF36E23F0F85323F4F81343F05063E1
S21400634043F48033F3662A46022301A90420FEF7AD
S214006350C3FB002852D0364B012130222170C3F8EF
S21400636094203846FCF7D8F8002003B0F0BD032090
S214006370FEF7B6FC002846D12279D6F8AC30012AC2
S214006380226838D0D51A254B2A4A0095DA660022AC
S2140063901A67627B284B002A0CBF012200221A7063
S2140063A0264B264AD3F8BC3E0CBF43F0200323F00E
S2140063B02003C2F8BC3E0320FEF770FB174B204AB2
S2140063C0DA662279012369460320FEF785FBF8B1D9
S2140063D01C4B01221A708BE72379022B9ED0009B60
S2140063E0D6F8AC100B4413440025019396E72370AF
S2140063F0FFF782FC99E79A42C5D3C3E70320FEF76E
S2140064004DFB0C4BF3663846FCF786F80320ACE7EA
S2140064103846FCF781F80120A7E700BF0050084087
S21400642000400840B2170020AF170020B017002029
S2140064300040084600000101B117002000100021AE
S214006440010C0100B31700202DE9F3410D46074665
S214006450FBF716FB1B4BDFF8788000241C70FFF759
S2140064601BFF194BC8F86C30C8F8704006466879B0
S214006470431E5842584101F0AFFC40F60143C8F8AD
S21400648070302A792968D7F8B430012A01D19942A8
S21400649000D3CC1A04230DEB030103200194FEF76E
S2140064A01BFB50B9094B88223046C3F88820FCF7FE
S2140064B033F8012002B0BDE8F0813046FCF72CF836
S2140064C00020F7E7B3170020000001010040084451
S2140064D000500840F8B5194C05462078B0FA80F010
S2140064E040F206423E214009FDF720FB55B9607890
S2140064F0B0FA80F0BDE8F84040F206423E2140097E
S214006500FDF714BB0E4F0F4DD7F8A0304FF4406682
S214006510C3F381232370C5F8A0606078B0FA80F0DA
S21400652040F206423E214009FDF700FBD7F8A430B2
S214006530C3F381236370C5F8A460F8BDAC170020D0
S2140065400000084000000844F8B50B4C0B4DD4F88A
S21400655088300B4F0423C5F88830D4F888305B03A6
S21400656000D4F8BD0426C7F888600220FEF73CFC7D
S214006570C5F88860F1E700BF0040084000400846C4
S214006580004008441C4B70B5D3F888601B4D03F1DF
S2140065908063A822C3F8882010221A60184A194B74
S2140065A093666B66FFF778FB174B1B7813B90320CF
S2140065B0FEF774FA00242C67FFF7C6FF134A144B45
S2140065C0D2F8E41E0B40C2F8E43E124B0422C3F895
S2140065D08820114BB206C3F8C44008D503F5807373
S2140065E09B6CB3F5817F22BF034B80229A60BDE887
S2140065F0704001F06DBD00BF0040084000500840EC
S2140066000050084410000002B317002000100021BC
S214006610DF0000FF00400844001E002110B549B905
S21400662018B3144A53681B0E13F00E0F1DD11368CF
S2140066309A061AD4FFF78AFB0E4C0020FEF7ACFE33
S214006640032801D0092806D1D4F88C30DB03F4D413
S214006650636F0C2BF1D9FFF777FF074B0122DA6047
S21400666003F17E430422C3F88820044B4FF4C06233
S2140066705A6210BD004008400040084600600844CA
S21400668008B503210920FEF7CFFD024B20229A60B1
S21400669008BD00BF0040084038B50546FBF7F0F9D6
S2140066A00446FDF7ADFB35B1FFF764FB2046BDE8B9
S2140066B03840FBF731BF084B1B78002BF6D0074B52
S2140066C01D78002DF2D1FFF755FB2A464FF4804087
S2140066D00021FFF7CBFBE9E7AF170020AE1700203D
S2140066E02DE9F84F524B0546D3F888300E4614462F
S2140066F0002A40F0998013F0A00F14BF4FF0010954
S2140067004FF00009DFF844814A4F01F0E1FCA02376
S214006710C8F888300320FEF7C1F90420FEF7BEF95A
S2140067204FF0000AFFF726FB434BFB66C7F870A046
S214006730FFF70AFF414BD3F8BC2E42F02002C3F805
S214006740BC2EFF22C8F80020394A4FF480719160B1
S214006750D3F8E42E3A494FF0040B1140C3F8E41E78
S214006760C8F888B0C3F8C4AEFB6813F0060F04D0B0
S214006770FEF7E4FA5846FEF791F9B9F1000F08D093
S214006780304B4FF40062C3F888202F4B4FF4004282
S2140067905A6665B12C4B5B6C190701D4FFF7D6FA25
S2140067A0FFF76EFF0420FEF779F9FFF775FA204B26
S2140067B0DA68D20736D55A6812F0706FFBD1234DCF
S2140067C0234B244AC5F88830936B23F0F003936379
S2140067D016B12046FFF760FF0123EB6014B31A4B97
S2140067E0DA6E9A66124A136A23F00103D3611A4BD3
S2140067F0D3F80C22C3F80822A3F54053DA6F9A6741
S214006800A3F50053D3F8EC20C3F8E82003F5C04303
S214006810DA6B9A63A3F50053104A5A664FF608439C
S214006820C5F88830BDE8F88F4FF000096AE700BF6A
S2140068300040084000500840000001010010002100
S214006840DF0000FF00400846000008400040084403
S21400685010003000001F0021006008405000F002C9
S2140068609A4B196EDA6E2DE9F04F01EA0209C3F869
S214006870689003F5805385B0D3F8E060D3F8EC2039
S2140068801640C3F8E86003F5A043D3F80012D3F827
S2140068900C2201EA020AC3F808A2A3F500535969BC
S2140068A01A6A01EA02088A4A08EA0202DA61894B91
S2140068B0D3F80022910006D4D3F800319A00C3F32F
S2140068C0407740F1E180FBF7DBF8834BDA68DF6D59
S2140068D012F0060F9A6E07EA020727F4800222F4E7
S2140068E0006214BF4FF0010B4FF0000B5A667B0797
S2140068F004D57A4A537D0133DBB25375FBF70CFEA1
S214006900B9F1000F00F0DF8019F4004427D0FBF740
S214006910B7F80146FFF7DAF96F4D0446AA69AB6986
S2140069209A42FCD0AA699342FCD0FFF7CFF9A04266
S21400693040F0AC800846FBF7EFFD694B1C60694BE6
S214006940D3F8885015F4E05240F0A28024F07F443B
S21400695024F0DF040CB9FFF715FE4FF0807419F031
S214006960020F4FF0000516D05E4B5F49D3F8883013
S21400697003F46042C1F88820002A00F09E801D04BF
S21400698000F19E8013F4005F0CBF4FF000534FF0F1
S21400699000631C430025C9F340394FEA4909534BAD
S2140069A03340002B4AD016F4206F0AD040F60F0270
S2140069B006210020FDF7BAF80020FFF76DFE26F44A
S2140069C08026F00506D5484BFF221A6044F4C064C2
S2140069D0FFF7BCF916F0090F0AD040F6240208218A
S2140069E00020FDF7A3F8FFF74BFE414B01229A6209
S2140069F016F0106F0CD040F62D0209210020FDF78E
S214006A0095F8FFF73DFE002211461046FDF7D0F937
S214006A1016F4202F0AD040F6350207210020FDF795
S214006A2085F80020FFF738FE26F48026F10301D50E
S214006A30FDF70EFB002EB8BF49F0080972070DD50A
S214006A402B4B5B6A13F4005F14BF2A4A2A4A4FF4A2
S214006A5000531ABF536244F400045362730548BFE0
S214006A6044F0040416F4802600F0AA80FDF7BAFA73
S214006A700138062842D8DFE810F021012401210160
S214006A8027012A012D012D01BB4639E7044645E7BB
S214006A900192FFF777FD144B019AC3F8882015F48E
S214006AA0805307D115F4806F0CBF4FF080544FF021
S214006AB0806454E74FF0804451E74FF0007368E776
S214006AC04FF0004365E74C464D4668E70000084037
S214006AD00000F7FF00E100E000500840C01700206B
S214006AE0A81700200040084000400844090B0B8906
S214006AF000100840001008440010084640F66602E1
S214006B0003210020FDF712F87C4A136ED2F88000AD
S214006B1003F007030633012101FA03F3C0F30C0068
S214006B201B1A9BB2072B13D9754BD3F88830580223
S214006B300ED47448136B126DC06C58B103F0070383
S214006B4006339940C2F30C03C91A89B2072901D843
S214006B5044F400746C4B1B78002B31D0674BD3F891
S214006B60E03013F4A02F2BD1684B694A1B7893B9F9
S214006B70FB0410D4137873B1E308664943EA4573FF
S214006B8083F00103D1F8E41E03F001035B0021FA51
S214006B9003F3980714D10420FDF780FF5E4B5F498E
S214006BA0D966FFF7E7F85A4A13782BB95C4B5D4A6B
S214006BB01B682340134201D144F4804427F48057D5
S214006BC0BAF1000F1DD01AF4805F18BF44F4802479
S214006BD01AF4807F18BF44F400241AF4005F18BF2C
S214006BE044F010041AF4007F18BF44F020041AF48E
S214006BF0806F18BF44F040041AF4006F18BF44F0CA
S214006C008004B8F1000F3BD018F4802F18BF45F46D
S214006C10007518F4803F18BF44F4805418F4801FA1
S214006C2018BF44F4003418F4001F18BF44F00204E0
S214006C3018F4003F18BF44F4801418F4800F18BFEF
S214006C4045F0100518F4002F1AD0324BD3F8BC3E8E
S214006C5013F0C00F14D02A4B5A68C2F30362032AFB
S214006C6001D0072A07D1D3F88C20D10603D4D3F855
S214006C709020120731D54FF40022DA6128F400285C
S214006C80002F00F00D81380540F18180264ADFF89C
S214006C9088A0D378002B4DD0013B4FF40061DBB2C7
S214006CA0CAF86410D37033B9204B1B78C3B1204B9D
S214006CB040F60142DA660023002266E044F480349F
S214006CC022E744F400641FE744F480641CE744F4BD
S214006CD0807419E744F0080416E744F40014CFE77C
S214006CE0DAF8703013F4A05F15BF4FF4807340F6E7
S214006CF00143CAF85030CAF87030DCE7001008408C
S214006D000040084000000840B0170020AF170020E1
S214006D10B1170020001000210050084000000101BB
S214006D20B8170020088D010074170020B317002044
S214006D30005008460320FDF7B1FEDAF80C30A848EC
S214006D40A84913F0060F02BFA74B41F61F72DA667A
S214006D504FF40063CAF86430DAF80C3013F0060318
S214006D6008BFCAF87030C38A13F4006260D023F4F8
S214006D700063C3820B7803F0FF0A002B5CD1FDF79B
S214006D80DDFFFFF7FFFB534620221C431543B901E6
S214006D900BD52E20FEF7BEF8934A4FF0007393668D
S214006DA002F17C4245F008055366FA0608D52B200A
S214006DB0FEF7B0F88C4A1023936602F17C425366C5
S214006DC017F4E00F05D1FB045ED5BBF1000F00F011
S214006DD0AC80B80210D52920FEF79CF8FFF70CFA15
S214006DE040B18249824A834B53668B668249496822
S214006DF0490424D445F0040517F4800BDFF8F0A10D
S214006E0029D00420FDF74AFE2720FEF783F8FFF777
S214006E10B9FB4FF48003CAF86430784BD3F8E42EFD
S214006E2050067CD4764B02221A6045F0020528E014
S214006E300B784FF40053A8E74FF400433CE76A4949
S214006E4020208B665366FEF765F82D2045F00C056E
S214006E50FEF760F8D0E7FA024CD50420FDF71EFED8
S214006E602820FEF757F8DAF87030002B3FD1FFF7EE
S214006E7089FB5D4A5F4B936602F17C4245F0010553
S214006E8053665B4B00221A657B0509D55D4A9378ED
S214006E90002B00F09880013B9370002349EA030919
S214006EA04A4620462946FEF7E1FF0EB1FDF7C2F836
S214006EB018F4002F00F08C804F4B4FF40022DA615C
S214006EC018F0206F00F0888018F0007F01D0FDF7E2
S214006ED0A7FB18F0006F01D0FDF7BEFB00220020D4
S214006EE04FF4006105B0BDE8F04FFEF7BFBFCAF82B
S214006EF070B0BEE7FB04C4D50420FDF7CFFD424BBF
S214006F00CAF86C30FDF71AFFDAF85C3013F4A00FFD
S214006F10B7D12A20FDF7FEFFFFF734FB7DE7D3F855
S214006F20BC3E990681D4394B7DE7364A13794BB17E
S214006F30013BDBB2137113B92C4B354ADA660023DA
S214006F401C43A1E70420FDF7A9FD0320FDF7A6FDDD
S214006F50274B2D4ADA66FAF793FD82460DF10F00AD
S214006F60FEF71AFA2B4B1B7883460BB1FEF7EEFEA4
S214006F70BBF1030F0ED1DFF880B00020FEF70CFA4D
S214006F80032807D1DBF88C30DA03F6D4DBF874304C
S214006F900C2BF2D99DF80F30032B06D11E4B012285
S214006FA050461A70FBF7B8FAC9E71C4BD3F8E03026
S214006FB013F4A02FF2D1FEF7DDFE5046FBF7ACFA35
S214006FC04FF48043BCE70220FDF768FD012365E728
S214006FD0B8F1000F7FF474AF05B0BDE8F08F00BFC6
S214006FE0C0170020B3170020005008440050084681
S214006FF00050084010000002004008400010002129
S21400700000400844741700200000010100400846B4
S2140070100000010DB2170020AF1700200010084036
S214007020014B1B68184700BF54000020FFF718BC30
S214007030FFF716BCFFF714BC0B4B10B55C691A6A59
S2140070401440A2B2DA61E20704D55868C0F30360C0
S214007050FAF78DFD630706D5BDE810400422002030
S2140070600021FEF703BF10BD00400840FFF7F8BB45
S2140070700C4A08B5136BD16B0B409363DB070FD537
S214007080094B187840F6AC22122100F00100FCF7FC
S2140070904DFDBDE80840002201200021FEF7E6BEB7
S2140070A008BD00BF00700840B8170020044BDA6F18
S2140070B0D207FCD41A6FD96F0A409A67704700BF90
S2140070C00030084070B50D461446FAF7D9FC064B5A
S2140070D0D3F8BC6E74402C407440C3F8BC4EFBF72B
S2140070E01BFA05EA060070BD00100021034BD3F81A
S2140070F0BC3E99430CBF01200020704700100021C1
S2140071007047436B03F06003402B0DD0602B03D019
S214007110203B58425841704749B10B68012B06D9AD
S214007120486940F00100704740F2011070470020A7
S2140071307047000009490A4AD1F8EC0010B504234C
S2140071400124C2F8EC308C624FF4005151624107C2
S21400715044BF02F10072C2F8EC3010BD00100840C7
S2140071600010084437B5204D0C4641B90A460721A1
S214007170FFF7A8FF1D4B2C635C6003B030BD0722F1
S2140071801146FFF79FFF1A4B07225A60237985F8AE
S214007190303063790193012101A801F04DFA019B7B
S2140071A0C2B2D34000F00F0040EA031085F8310069
S2140071B0A27985F83220E27985F833202068686362
S2140071C083B1028801218B4205D82379013B134401
S2140071D0084A9361D1E730F81150AA4228BF2A46E0
S2140071E00131F0E71A46F0E7001F0021301F0021AA
S2140071F00000084400000840431C07D0044B6FF012
S214007200FF029A6103F1007310409861704700BF57
S21400721000700844034670B10268022A0BD9426A1D
S21400722012F47F4FC2F3072006D01B6AD2B25A432D
S214007230B2FBF0F0704700207047000000F0180323
S214007240182B0AD003070AD410F0100040F20113DE
S21400725018BF1846034BD86470470020FAE7012091
S214007260F8E700BF001F0021344B2DE9F7431E68E6
S21400727001F4007900F00103174653EA09020546B7
S2140072800C462ED04FF0000803B300230022012046
S2140072900021CDE90088FEF701FE41463046FEF7A4
S2140072A011F8414670830120FCF7CCF9716B06F1AA
S2140072B0A400FEF785F822490868FFF79DFF4FF007
S2140072C0FF330B60337C43F004033374B9F1000FD3
S2140072D007D001213046FCF7DBFB24F4007405439D
S2140072E00C43D6E93E232A40234052EA030103D04A
S2140072F01449304609688847FB070FD51249134AD8
S2140073000868136800211160114A0121117003B149
S2140073109847104B00215B680220984717F00E0F25
S21400732008D040F2F3123B21002003B0BDE8F04342
S214007330FCF7FCBB03B0BDE8F08300BF6013002081
S2140073405C00002060000020E8170020EC170020FA
S214007350F017002028000020F7B50446D4E93EC701
S2140073601046DDE908268CEA020587EA0601054094
S214007370194085EA0C057940C4E93E5123F40041E2
S21400738006EA010320F00100002543F400730240E2
S21400739043F00203CDE90055FEF780FD237C9A07F3
S2140073A017D5D4F8FC309B0513D54FF4881120462A
S2140073B0FCF76EFB237C65F341032374D4E93E237C
S2140073C002400B4052EA030103D0034920460968F5
S2140073D08847002003B0F0BD6000002038B1036885
S2140073E0044A002B08BF1346034A13607047014B3C
S2140073F0FAE700BF0171000060000020024B986BA6
S21400740000F00F00704700BF001F00210F2938B59D
S21400741005460C460ED800F0BFFF01280CD1074ADF
S214007420936B23F00F0323439363284601F00FF872
S214007430002038BD0120FCE70220FAE7001F0021EB
S214007440014BD86B704700BF001F0021014B002086
S214007450D9637047001F002103282DE9F7434CD855
S214007460274B13F80080274B1E5C274B13F8009021
S214007470FAF706FB0746FEF7C7FE054640B10023AF
S214007480CDE900330022002301200021FEF706FD8F
S214007490FEF7C2FE48B10023CDE9003300220023E8
S2140074A000204FF40041FEF7F9FC26B3174B5C6C46
S2140074B004F00804164B31465C644046FFF7AEF80D
S2140074C04A4631464046FFF70BF9124B5C6465B1FD
S2140074D0114B1868416BA430FDF772FF0F4908681E
S2140074E0FFF78AFE4FF0FF330B60384603B0BDE867
S2140074F0F043FBF711B83446DCE703B0BDE8F08391
S2140075005C96000058960000549600000000084064
S2140075100000084400000846601300205C000020BD
S214007520104AD2F8883013F0A00F16D1D2F88C008B
S21400753010F0040013D10C4BD3F8E43E23F07F4345
S21400754023F0FF035BB15368C3F30362092A07D035
S214007550B2F10C0018BF01207047002070470120D0
S214007560704700BF004008400010002170B50D466F
S214007570064620B9194B1B68A3B1032011E000F0A2
S2140075800BFF012828D1164B93F90040C4F11C04C8
S214007590641BC4F11C03002BB8BF5B42232B0CDD1D
S2140075A0012070BD81EAE173A3EBE173DBB2232B0C
S2140075B0F6D80B4B19700020F3E7B574FAF760FAAB
S2140075C0084A5369E40223F4FF2304F4FF241C430F
S2140075D05461FAF7A1FFEEE70220E2E7601300200D
S2140075E0E01700200070084090F8C23053B9074BEF
S2140075F0DA69920208D49B6F13F4706F14BF0120EF
S2140076000020704700207047012070470060084047
S214007610F8B5436B02EA010523EA01032B434363F3
S214007620344A01F00B030C4623EA0501516402F1CB
S21400763000722B4061070646536411D50121FFF7FF
S214007640D3FF68B1FEF780FF15F0040F14BF2A4A77
S2140076502A4A4FF40073D361294B0422C3F88820CA
S214007660E20606D515F0100F264B14BF00221B228B
S214007670DA6423061DD52F0616D51F4B4FF40012CD
S2140076809A6103F17E430122C3F8F820FAF7F8F96D
S2140076900E2107460320FDF7C7FD1A4B40F20122D4
S2140076A05A623846FAF738FF294606F1A400FDF775
S2140076B087FEE00503D5E90516D5FDF77FFDA20593
S2140076C003D5AB0513D5FDF789FD14F0600F09D07F
S2140076D0D6F894103046FFF714FD0B4B98640B4B0E
S2140076E080229A600020F8BDFDF760FDE7E7FDF711
S2140076F06DFDEAE7000008440060084600600844A4
S2140077000040084400000840001F002100400840D8
S214007710014B9869FDF79ABD00600840D0F8943098
S2140077204BB11A68022A06D993F8250028B11B6ABD
S214007730B3FBF0F07047FBF797BF7047014B9869B3
S214007740FDF79ABD0060084008B50146D0F89400E1
S214007750FFF760FD20B9BDE808400846FBF786BF86
S21400776008BD000070B50E46FAF78AF9054600F027
S21400777037FE044620B12846FAF7CEFE204670BDF6
S214007780FEF7E2FE114B3278D3F8E43E022A23F0ED
S214007790F00316D0101F42424241520043EA021341
S2140077A07278022A0FD0111F4A424A41520043EA19
S2140077B08213064AC2F8E43E054B0422C3F888202A
S2140077C0D9E70122EAE70122F1E700BF0010002115
S2140077D00040084470B50E46FAF752F9054600F028
S2140077E017FE044620B12846FAF796FE204670BDDE
S2140077F0FEF7AAFE104B3278D3F8E43E022A23F0B6
S2140078000F0315D0101F42424241520013437278B4
S214007810022A0FD0111F4A424A41520043EA82030D
S214007820054AC2F8E43E054B0422C3F88820DAE78E
S2140078300122EBE70122F1E7001000210040084496
S214007840F8B50E7890F8D070044630460D46FCF732
S21400785013FD002844D094F8D030B34208D1AA884B
S214007860636C9A4204D16A88B4F8D2309A4235D012
S21400787084F8D060AB88A4F8D4306B88A4F8D230F3
S214007880AB886364FF2363753046FCF7B3FD04F1F1
S214007890D00520752846FDF70DF810BB2846FCF7E6
S2140078A0E1FCF0B9D4F8903053B194F8D010B94256
S2140078B006D0B3F912202046FAF75AF984F8D90010
S2140078C02046FCF7F9FE0949A4F8D400084AD1F886
S2140078D0F810012304F1A400FEF73EF80020F8BDDE
S2140078E001200E2384F8D030F9E700BF001F0021E6
S2140078F06C1F002170B5054690F8D0000E280C4687
S2140079001DD0FF291DD01AB10F4B4FF0FF321A6061
S214007910FCF770FD064695F8D000FCF757FD84424C
S21400792028BF0446E4B2B44238BF3446E0B26875B5
S214007930FCF70AFEA0F1FF035842584170BD022032
S214007940FCE70120FAE700BF3400002010B590F8ED
S214007950D0300E2B04462BD00175D0F8900020B303
S214007960D4F8A0304BB994F8D9308B420BD32046CC
S2140079700022BDE81040FFF7BDBFB4F92420B0F9DF
S21400798012309A42F3DD94F8D91000222046FFF711
S214007990B1FF60B9C4F890002046FCF700F8014635
S2140079A02046BDE81040FBF7A7BFFF23637510BD58
S2140079B00220FCE70346D0F8D0000860B3F8D430C5
S2140079C08B80002070470000C36B012B01D1002084
S2140079D0704770B5364BD0F89060D3F8F830C0F8E2
S2140079E0943086B03146058B0446FDF739FEB389E0
S2140079F08DF80600D6E90121EB1A9BB201FB0322A3
S214007A0068460021ADF804300092FDF78BFE38B9C9
S214007A10284B228BDA63FCF71BFF20B106B070BD43
S214007A20022006B070BD227C60F341022274FDF78E
S214007A308DFAD4F890305969431EDBB2096802917A
S214007A40FD2B02460BD9CD1C09D91B4B01311B68F7
S214007A500CD0D81C07D802A92046029301E002A940
S214007A602046FCF7CFFB002006B070BDD91C04D81A
S214007A7002A920460293FCF7C5FBD4F8FC309B0510
S214007A8004D4237C43F002032374ECE74FF48031E4
S214007A902046FBF7FDFFD4E93E2302400B4052EAA6
S214007AA00301E0D00549204609688847DBE700BFA8
S214007AB0001F002100300840440000206000002025
S214007AC04FF48071FFF712BB38B590F8DC400546DE
S214007AD0ACB1F9F7D5FF0A4B1F22DA61013C03F17E
S214007AE000731440DC6103F17A43D5F8E0201A668F
S214007AF0D5F8E4205A66BDE83840FAF70DBD38BD23
S214007B00006008442DE9F74F06461546084619B9A1
S214007B10012003B0BDE8F08F002AF9D0032904D86D
S214007B200021FCF7A9FA0028F2D0827804880379AD
S214007B3090F805B0C788B0F90000002802F00701E9
S214007B40C0F2D180A1F1070CDCF1000040EB0C0084
S214007B50052928738CBFC2F300100020C2F3801CD6
S214007B606873900985F810C000F00200C2F3C00CDC
S214007B7040EA0C00C2F340126874AA74AF820BB9D4
S214007B8096F8CA30013BDBB2EB74736BD80600F193
S214007B9096800639012900F29280544BDB6C544BD8
S214007BA05A6B1B6B03F0070306334FF0010909FA03
S214007BB003F909F1FF39083C42F0005804EA0904C9
S214007BC0002318F804A0AB60013404EA0904631D1E
S214007BD003EA09035A1C02EA090218F8037018F8A7
S214007BE00220BAF1800F47EA0227727C18BFAAF17A
S214007BF0320A3BB214BF4FFA8AFA6FF07F0AC7F315
S214007C000B079AB30020D6F89C300BB15146984724
S214007C10631C03EA0903E87385F80EA018F803103E
S214007C20013303EA090318F80320013303EA0903C2
S214007C3041EA022118F80320013303EA090341EA66
S214007C40024118F803006A7C002341EA00613046CE
S214007C50FDF7A8FF2860737C042B03D1022FDCBF3E
S214007C60013028600423AB71002052E7D90422D5E6
S214007C70D6F894209AB11368022B10D992F82400F3
S214007C80FB0008B1B3FBF0F39B45BBD8002BB9D083
S214007C90CBEB0B20B0FBF3F0C043C0B2B3E73046EB
S214007CA0FFF752FD01903046FFF738FD019BB3FB0E
S214007CB0F0F0C0B2E4E718F804004000EDE7002357
S214007CC0EB730C4BDA68C2F30723120448BF63F069
S214007CD0FF035AB212F1800F1CBF323B5AB2002388
S214007CE0AA732B60BFE7022013E700BF000008401E
S214007CF00010084000700840F8B59779064614460C
S214007D00FFF700FF054640B9A37933B1A7713046A7
S214007D10FFF71AFD2146FDF7FDFE2846F8BD3F2B6E
S214007D20084610B5114619D9B3FA83F3C3F1190200
S214007D30D2B2062A01D8192B0ED0062A28BF062250
S214007D40931DDBB201249C40A4B2A14228BF214669
S214007D50FBF7A0FF204610BD0022F1E70024F9E75C
S214007D6013883F2B10B5084616D9B3FA83F3C3F130
S214007D701901C9B2062901D8192B0BD0062928BF2C
S214007D8006218C1DE4B20123A3401380FBF7A0FF5D
S214007D90002010BD0021F4E70120FAE7FFF7CAB97A
S214007DA070B50A4B0A4DD3F8EC604FF48064C5F802
S214007DB0EC400020FEF770FC4FF400536B65730533
S214007DC044BF044BC3F8EC4070BD00BF0010084031
S214007DD00010084400100846082318B1024AC2F8EA
S214007DE088307047014AFAE70040084600400844D9
S214007DF010B5084614460121FDF782F920460121F8
S214007E00BDE81040FDF77CB9F8B504460E4641B90A
S214007E10037C5A0641BF4FF6FF7261F386138283D6
S214007E2003743C4BD4F894701B680BB120469847FB
S214007E30394BA18BD3F8842012F4E05F04BF2022D4
S214007E40C3F810224FF6FF73994204D0334B1B68D9
S214007E500BB120469847324DD4F894102A689142C8
S214007E6007D02046FFF74DF92E4B98642E4B802006
S214007E709860974245D02D4B1B684BB11FB13A68AE
S214007E80002A40D0BF68394620469847D4F8941058
S214007E900846FFF7BFF930B32549FDF7CFFC0727A3
S214007EA02046FCF709FC16B3224B94F9122093F9EE
S214007EB000302149D4F89400C3F11C039B1A4A6988
S214007EC0DB0222F4FF2203F4FF2313431B4A4B6119
S214007ED01B4B286006211167204601221A7000F00D
S214007EE0B6FA0020F8BD2046FBF7C0FBD4E70D4BE2
S214007EF00F4AD3F8F81004F1A4003B46FDF72CFD1A
S214007F00D2E70127CCE71746394620469847D4F8EB
S214007F109410BDE7F417002000600840E417002026
S214007F20D8170020001F002100400840DC17002062
S214007F306C1F0021E0170020007008400000084475
S214007F40E117002002484822002101F031B900BFA5
S214007F50E81E0021002373B583746423C0E92C3324
S214007F60C0E92E334FF0FF35C0F8AC30A0F8C03073
S214007F700E264FF6FF73C0E9075580F8D0604564BB
S214007F808582837504461120FAF796F9042834D1C1
S214007F901B4B5B6813F4403F2FD12046FEF744F995
S214007FA02046FFF7CFFF94F912102046FFF7DEFABF
S214007FB0144A6023536402F5805240F6FF71516202
S214007FC05165114A5364114B4022C3F88820626BF6
S214007FD029462046FFF71CFB002240F202231046EB
S214007FE01946CDE90066FDF759FFFCF7D9F920469A
S214007FF002B0BDE87040FBF761BD022002B070BD64
S21400800000300E40000008400000084600400844CB
S21400801070B50C68B0F8D4208D680346013404BFF0
S214008020D3F8AC400C604C68013404BFD3F8B840B9
S2140080304C606E1C00F1A40038D1D3F8B440CE6872
S2140080408C60751C38D1D3F8B0500E69CD600136FF
S21400805004BFD3F8A4600E614E69013604BFD3F89E
S214008060A8604E618E69013604BFD3F8BC608E618D
S2140080708E693EB34132B24238BF32460E688A61DC
S214008080C3F8B4404C68C3E92E420A69C3F8A4207A
S2140080904A690D49C3F8A820C3E92B650B4AD1F8F5
S2140080A0F8100723FDF758FC002070BD02F14104CC
S2140080B0AC4238BF2C46C2E702F16405B54238BF71
S2140080C03546C2E76422D9E7001F00216C1F002155
S2140080D038B5F9F7D5FC0B4A13884FF6FF718B427B
S2140080E003D1FAF719FA032038BD074C074DE565AA
S2140080F004F100741B04E3651180FAF70DFA002002
S214008100F2E700BF58000020006008440000FFFFB0
S2140081102DE9F34105460F461446FFF701FA80B1F4
S214008120DFF81882D8F80C30DE0740F1EA80F9F75D
S214008130A7FC06460320FCF7D3FD38B13046FAF715
S214008140EBF90226304602B0BDE8F081D8F80C30D4
S21400815013F0060FF2D13046FAF7DEF96A4B4FF409
S21400816000612846D3F8E48ED3F8C46EFEF7BEFF4F
S21400817040B1664B4FF400720121C3F888200846D0
S214008180FBF760FA39462846FBF7B6FB5E4BC3F8AA
S214008190C46EC3F8E48E06460028D3D12B7CD806DE
S2140081A001D4002C66D0C4F34000FEF793F914F413
S2140081B0807F14BF564A554A4FF002031BBFC2F8D1
S2140081C08830544AC2F8883000211CBFD1609362C0
S2140081D04D4BD3F8BC7EFEF7B7F94F4A14F0040FA8
S2140081E007EA02034FF480616BD04C489342C161AA
S2140081F006D14B4A92F8D03043F0020382F8D030D2
S214008200424B042214F0400FC3F8882014BF454A9E
S214008210454A40232046C2F88030FFF70FF828462C
S214008220FFF74EFC40B114F0010F14BF384A374A2E
S2140082304FF48073C2F88830A1064CD56B8C4FF68D
S214008240FF7293420FD0394A3949D26D100CC2F3EF
S2140082500112088001323749B3FBF2F32F4A364841
S214008260C8651B04D3652B7C003C18BF012464F34F
S21400827004132B74284600F0E7F8F0B12846FFF701
S2140082801FFCD0B14FF400312846FEF72FFF431CE9
S2140082909BB203221F4801A9FBF780FD9DF804202E
S2140082A002F00703052B9DF805301DD1120715D4E3
S2140082B043F480731A4AC2F8CC300020FBF7B9FFAB
S2140082C040E71C489342C1619AD1154A92F8D030D3
S2140082D023F0020392E7FFF7FBFEC4E713F0040F58
S2140082E009D19DF80630E3E703F03002202A05D1D5
S2140082F013F0010FF4E74FF48073DBE79DF80630C8
S214008300D8E703261EE700BF0010002100400844FF
S2140083100040084600100840800000400060084604
S214008320001E0021007008460070084400600840E7
S21400833058000020006008440000FFFF005008407E
S21400834038B504461D46FFF7E3FE28B92946204601
S214008350BDE83840FEF778B838BD7047054BD3F80F
S214008360880003F180634FF40022C3F88820C0F32E
S214008370C040704700400840014B024A1A607047F0
S214008380DC17002065710000024BD86800F0010081
S214008390704700BF005008400F4B5B68C3F3036391
S2140083A0013B0B2B0FD8DFE803F006060C0606068B
S2140083B006080A08080802207047042070470520AF
S2140083C0704703207047054BDB6813F0060F0CBFA1
S2140083D001200420704700BF0040084000500840BD
S2140083E00A4A5368C3F303630B2B08D06FF490500C
S2140083F0184100F0010080F0010040007047D2F8FC
S214008400880010F48030ECD1704700BF0040084070
S2140084100C4A5368C3F30363062B07D8042BD8B261
S2140084200CD8C31E5842584140007047072B07D14E
S214008430D2F8440110F00050EBD17047022070478C
S21400844000207047004008408021FEF74FBE38B538
S2140084500546FEF7F5FF04462846FEF7CFFF072839
S21400846011D1D5F89030DB6924F47F4121F0080162
S21400847003B15B7841EA032141F020012846BDE8BC
S2140084803840FEF7E3BF24F02001F7E708B5437C49
S214008490033BDBB2072B96BF044A0021D15CFEF7F4
S2140084A0D5FFBDE808400120FCF742BD60960000FD
S2140084B0012310B580F8C2302823C0F8A830042362
S2140084C04374054B04461968FBF734FA2046FFF759
S2140084D0DDFF002010BD00BF0CB10000012310B569
S2140084E080F8C2302823C0F8A83002234374054B16
S2140084F004461968FBF71EFA2046FFF7C7FF002060
S21400850010BD00BF10B1000010B50446FFF7E6FF2F
S2140085102046BDE81040FFF7B9BF0000F8B5D0F818
S214008520E0308B4204460D46164601F0010703D1A3
S21400853090F8DC30202B19D04FB3002E14BFAA239E
S214008540552393FAA3F31B0B03F4702395FAA5F2B5
S21400855043EA12432364202384F8DC300023C4F863
S214008560E050C4F8E4302046FFF7AEFA164A174942
S2140085700F23D365164BDFB15EB90120D865C2F86C
S214008580FC10226CC2F31302C3F8FC20F8BDAA2329
S214008590D7E70220D865C2F8FC10226CC2F313029B
S2140085A0C3F8FC200B4BE5640222C3F8B820EDE7C5
S2140085B00220D865C2F8FC10226CC2F31302C3F87E
S2140085C0FC20002EE2D0EDE700600844FFFF0F001D
S2140085D00060084600100840134A072310B553638E
S2140085E0124C134B89B14421E16240F04000012156
S2140085F0206359634FF48043C2F8A030C2F8A43019
S214008600C2F8A830C2F8AC3010BD4FF48042E16228
S21400861021635963C3F8A020C3F8A420C3F8A82098
S214008620C3F8AC20F0E700BF000008440000084094
S214008630000008460020704700228A4202D14FF010
S214008640FF30704750F8223093FAA3F30BB901328B
S214008650F3E7B3FA83F000EB4210704753B94AB918
S214008660002908BF00281CBF4FF0FF314FF0FF3035
S21400867000F06AB9ADF1080C6DE904CE00F006F81A
S214008680DDF804E0DDE9022304B070472DE9F04789
S214008690089D0C46002B4ED194468C458646B2FA71
S2140086A082F262D94AB1C2F12003914020FA03F364
S2140086B00CFA02FC194300FA02FE4FEA1C471FFAA6
S2140086C08CF6B1FBF7F44FEA1E4307FB141143EA9E
S2140086D0014304FB06F199420AD91CEB030304F19B
S2140086E0FF3080F01381994240F21081023C6344CF
S2140086F0591A1FFA8EF3B1FBF7F007FB101143EA85
S214008700014300FB06F69E420AD91CEB030300F168
S214008710FF3180F0FD809E4240F2FA8063440238CA
S2140087209B1B40EA044000211DB1D3400022C5E94E
S2140087300032BDE8F0878B4205D90DB1C5E90001CE
S21400874000210846F5E7B3FA83F1002946D1A34293
S21400875002D39042C0F0F180861A64EB0303012036
S214008760002DE6D0C5E90063E3E7002A40F09180DB
S214008770A1EB0C044FEA1C481FFA8CF70121B4FB4E
S214008780F8F64FEA1E4308FB164443EA044307FB89
S21400879006F0984208D91CEB030306F1FF3402D218
S2140087A0984200F2CE8026461C1A1FFA8EF3B4FBBF
S2140087B0F8F008FB104443EA044300FB07F79F4227
S2140087C008D91CEB030300F1FF3402D29F4200F2EB
S2140087D0B1802046DB1B40EA0640A5E7C1F1200633
S2140087E08B4022FA06F71F4320FA06FC04FA01F330
S2140087F043EA0C03F44000FA01F8380C4FEA134938
S214008800B4FBF0FE1FFA87FC00FB1E4449EA044452
S2140088100EFB0CF9A14502FA01F20AD93C190EF139
S214008820FF3A80F08580A14540F28280AEF1020ECC
S2140088303C44A4EB09041FFA83F9B4FBF0F300FBF5
S214008840134449EA044403FB0CFCA44507D93C192D
S21400885003F1FF3068D2A44566D9023B3C4443EAA4
S2140088600E40A0FB0293A4EB0C049C42CE469C4612
S21400887052D34FD055B1B8EB0E0364EB0C0404FA98
S21400888006F6CB40CC401E43C5E900640021BDE897
S214008890F087C2F1200320FA03F10CFA02FC24FA56
S2140088A003F394400C434FEA1C4800FA02FE1FFAFA
S2140088B08CF7B3FBF8F008FB1031230C43EA0143B6
S2140088C000FB07F1994208D91CEB030300F1FF36C1
S2140088D02CD299422AD9023863445B1AA4B2B3FB5D
S2140088E0F8F108FB113344EA034401FB07F3A34203
S2140088F008D91CEB040401F1FF3613D2A34211D9A8
S21400890002396444E41A41EA004138E70446EFE6D7
S214008910084605E7C845ADD2B9EB020E63EB070C77
S2140089200138A7E73146EDE7034698E73046D4E737
S214008930D6467EE7634402384CE70646234608469A
S2140089400EE7023E63442FE7704700BF81F0004108
S21400895002E000BF83F0004330B54FEA41044FEA1F
S214008960430594EA050F08BF90EA020F1FBF54EABA
S214008970000C55EA020C7FEA645C7FEA655C00F056
S214008980E2804FEA5454D4EB5555B8BF6D420CDD27
S2140089902C4480EA020281EA030382EA000083EAAA
S2140089A0010180EA020281EA0303362D88BF30BD4A
S2140089B011F0004F4FEA01314FF4801C4CEA1131A0
S2140089C002D0404261EB410113F0004F4FEA0333FF
S2140089D04CEA133302D0524263EB430394EA050F8A
S2140089E000F0A780A4F10104D5F1200E0DDB02FAF9
S2140089F00EFC22FA05F2801841F1000103FA0EF28D
S214008A00801843FA05F359410EE0A5F120050EF152
S214008A10200E012A03FA0EFC28BF4CF0020C43FA83
S214008A2005F3C01851EBE37101F0004507D54FF090
S214008A30000EDCF1000C7EEB00006EEB0101B1F5E0
S214008A40801F1BD3B1F5001F0CD349085FEA300026
S214008A504FEA3C0C04F101044FEA445212F5800F31
S214008A6080F09A80BCF1004F08BF5FEA500C50F1CE
S214008A70000041EB045141EA050130BD5FEA4C0CB1
S214008A80404141EB0101013C28BFB1F5801FE9D20E
S214008A9091F0000F04BF01460020B1FA81F308BF31
S214008AA02033A3F10B03B3F120020CDA0C3208DDFD
S214008AB002F1140CC2F10C0201FA0CF021FA02F1D8
S214008AC00CE002F11402D8BFC2F1200C01FA02F148
S214008AD020FA0CFCDCBF41EA0C019040E41AA2BF6D
S214008AE001EB0451294330BD6FEA04041F3C1CDA35
S214008AF00C340EDC04F11404C4F1200220FA04F055
S214008B0001FA02F340EA030021FA04F345EA0301FE
S214008B1030BDC4F10C04C4F1200220FA02F001FAC0
S214008B2004F340EA0300294630BD21FA04F0294642
S214008B3030BD94F0000F83F4801306BF81F48011DB
S214008B400134013D4EE77FEA645C18BF7FEA655C4E
S214008B5029D094EA050F08BF90EA020F05D054EA20
S214008B60000C04BF1946104630BD91EA030F1EBF25
S214008B700021002030BD5FEA545C05D14000494129
S214008B8028BF41F0004130BD14F580043CBF01F51C
S214008B90801130BD01F0004545F0FE4141F4700102
S214008BA04FF0000030BD7FEA645C1ABF19461046DD
S214008BB07FEA655C1CBF0B46024650EA013406BFDE
S214008BC052EA033591EA030F41F4002130BD00BF9D
S214008BD090F0000F04BF0021704730B54FF480645A
S214008BE004F132044FF000054FF0000150E700BFDB
S214008BF090F0000F04BF0021704730B54FF480643A
S214008C0004F1320410F0004548BF40424FF0000126
S214008C103EE700BF42004FEAE2014FEA31014FEA69
S214008C2002701FBF12F07F4393F07F4F81F06051B8
S214008C30704732F07F4208BF704793F07F4F04BF03
S214008C4041F40021704730B54FF4607401F00045E0
S214008C5021F000411CE700BF50EA010208BF704740
S214008C6030B54FF000050AE050EA010208BF704731
S214008C7030B511F0004502D5404261EB41014FF49A
S214008C80806404F132045FEA915C3FF4D8AE4FF0A2
S214008C9003025FEADC0C18BF03325FEADC0C18BF85
S214008CA0033202EBDC02C2F1200300FA03FC20FAD6
S214008CB002F001FA03FE40EA0E0021FA02F1144423
S214008CC0BDE600BF70B54FF0FF0C4CF4E06C1CEA3C
S214008CD011541DBF1CEA135594EA0C0F95EA0C0FAD
S214008CE000F0DEF82C4481EA030621EA4C5123EA20
S214008CF04C5350EA013518BF52EA033541F480114F
S214008D0043F4801338D0A0FB02CE4FF00005E1FB01
S214008D1002E506F00042E0FB03E54FF00006E1FB4B
S214008D2003569CF0000F18BF4EF0010EA4F1FF048E
S214008D30B6F5007F64F5407404D25FEA4E0E6D41CE
S214008D4046EB060642EAC62141EA55514FEAC520DF
S214008D5040EA5E504FEACE2EB4F1FD0C88BFBCF55B
S214008D60E06F1ED8BEF1004F08BF5FEA500E50F10C
S214008D70000041EB045170BD06F0004646EA0101D2
S214008D8040EA020081EA0301B4EB5C04C2BFD4EB04
S214008D900C0541EA045170BD41F480114FF0000EFD
S214008DA0013C00F3AB8014F1360FDEBF002001F06B
S214008DB0004170BDC4F10004203C35DA0C341BDCE5
S214008DC004F11404C4F1200500FA05F320FA04F0B7
S214008DD001FA05F240EA020001F0004221F00041EB
S214008DE010EBD37021FA04F642EB06015EEA430E5E
S214008DF008BF20EAD37070BDC4F10C04C4F120058E
S214008E0000FA04F320FA05F001FA04F240EA020040
S214008E1001F0004110EBD37041F100015EEA430E11
S214008E2008BF20EAD37070BDC4F1200500FA05F231
S214008E304EEA020E20FA04F301FA05F243EA0203B0
S214008E4021FA04F001F0004121FA04F220EA0200BF
S214008E5000EBD3705EEA430E08BF20EAD37070BD05
S214008E6094F0000F0FD101F00046400041EB0101E5
S214008E7011F4801F08BF013CF7D041EA060195F0C7
S214008E80000F18BF704703F00046520043EB030381
S214008E9013F4801F08BF013DF7D043EA060370476E
S214008EA094EA0C0F0CEA135518BF95EA0C0F0CD079
S214008EB050EA410618BF52EA4306D1D181EA0301BF
S214008EC001F000414FF0000070BD50EA410606BFB9
S214008ED01046194652EA430619D094EA0C0F02D1FE
S214008EE050EA013613D195EA0C0F05D152EA033643
S214008EF01CBF104619460AD181EA030101F0004161
S214008F0041F0FE4141F470014FF0000070BD41F0A9
S214008F10FE4141F4780170BD70B54FF0FF0C4CF483
S214008F20E06C1CEA11541DBF1CEA135594EA0C0FA2
S214008F3095EA0C0F00F0A7F8A4EB050481EA030EEF
S214008F4052EA03354FEA013100F088804FEA0333D6
S214008F504FF0805545EA131343EA12634FEA0222A4
S214008F6045EA111545EA10654FEA00260EF0004165
S214008F709D4208BF964244F1FD0404F5407402D2B7
S214008F805B084FEA3202B61A65EB03055B084FEA48
S214008F9032024FF480104FF4002CB6EB020E75EB45
S214008FA0030E22BFB61A754640EA0C005B084FEA6D
S214008FB03202B6EB020E75EB030E22BFB61A7546EA
S214008FC040EA5C005B084FEA3202B6EB020E75EB35
S214008FD0030E22BFB61A754640EA9C005B084FEAAD
S214008FE03202B6EB020E75EB030E22BFB61A7546BA
S214008FF040EADC0055EA060E18D04FEA051545EAA9
S21400900016754FEA06164FEAC30343EA52734FEA51
S214009010C2025FEA1C1CC0D111F4801F0BD141EACA
S21400902000014FF000004FF0004CB6E711F4801F2F
S21400903004BF01430020B4F1FD0C88BFBCF5E06F0F
S2140090403FF6AFAEB5EB030C04BFB6EB020C5FEA1F
S214009050500C50F1000041EB045170BD0EF0004E74
S2140090604EEA113114EB5C04C2BFD4EB0C0541EAA6
S214009070045170BD41F480114FF0000E013C90E6A3
S21400908045EA060E8DE60CEA135594EA0C0F08BF67
S21400909095EA0C0F3FF43BAF94EA0C0F0AD150EA66
S2140090A001347FF434AF95EA0C0F7FF425AF1046F9
S2140090B019462CE795EA0C0F06D152EA03353FF421
S2140090C0FDAE1046194622E750EA410618BF52EA9E
S2140090D043067FF4C5AE50EA41047FF40DAF52EA72
S2140090E043057FF4EBAE12E74A0011D212F50012E8
S2140090F011D20DD56FF47873B3EB62520ED44FEAEB
S214009100C12343F0004343EA505323FA02F070476A
S2140091104FF00000704750EA013002D14FF0FF30A8
S21400912070474FF00000704708B5064B044613B171
S2140091300021AFF30080044B1B6803B1984720461C
S21400914000F036F9000000003019002070B50D4D13
S2140091500D4C641BA4100026A64209D10B4D0C4CE6
S21400916000F028F9641BA4100026A64205D170BDA5
S21400917055F8043B98470136EEE755F8043B984708
S2140091800136F2E7BC000020BC000020BC00002036
S214009190C00000200A44914200F1FF3300D170471E
S2140091A010B511F8014B03F8014F9142F9D110BDEB
S2140091B002440346934200D1704703F8011BF9E7C7
S2140091C07047704770B50F4E0C463168054611B9AA
S2140091D000F09EF830602146284600F099F8431CBF
S2140091E003D14FF0FF34204670BDC41C24F00304A6
S2140091F0A042F8D0211A284600F08AF80130F2D1B1
S214009200EFE700BF3C1900202DE9F041CD1C25F00A
S214009210030508350C2D38BF0C25002D064601DB4E
S214009220A94204D90C2333600020BDE8F081314FF9
S21400923000F062F83B681C4644BB29463046FFF700
S214009240C1FF431C044650D13C682146002941D149
S214009250002C44D02368304604EB030800F058F88E
S21400926080453CD121686D1A29463046FFF7AAFF93
S214009270013034D023682B4423603B68002B36D063
S2140092805A68A24229D100225A600EE02268521B78
S2140092901DD40B2A16D96119A342256018BF596040
S2140092A0636808BF396062514B60304600F02AF8A8
S2140092B004F10B00231D20F00700C21AB5D01B1ABC
S2140092C0A350B2E7A3426268DED13A60EDE72346D8
S2140092D06468B1E70C464968B8E71346CEE70C2346
S2140092E03360304600F00EF89EE70560DDE75B6011
S2140092F0FFDE00BF401900200148FFF761BF00BF36
S214009300341900200148FFF75CBF00BF3419002065
S21400931038B5064D0023044608462B6000F03AF8A0
S214009320431C02D12B6803B1236038BD38190020D6
S214009330024B01461868FFF767BF00BF6C000020AD
S21400934010B501390244904201D1002005E00378AF
S21400935011F8014FA34201D0181B10BD0130F2E7EF
S214009360884210B501EB020402D98442234607D88E
S214009370431EA14208D011F8012B03F8012FF8E78D
S214009380024401468A4200D110BD13F8014D02F88E
S214009390014DF7E7044A05491368002B08BF0B4642
S2140093A018441060184670474419002048190020D9
S2140093B0FEE700BFF8B500BFF8BC08BC9E46704785
S2140093C0F8B500BFF8BC08BC9E467047B814B6F1A6
S2140093D0E0CFF3ADB7DD25C9FA79B7130002010671
S2140093E00409004F544100081B00011800052A001C
S2140093F0022900F01921B4478FA4BFA14F63FDEEE8
S214009400D6141D00636032E0375EA488534E6DFBB1
S2140094106435BFF70053A1811F582CD0A54540FCEA
S21400942034F3274298009F3EE22E0ECFFFBF1E4524
S214009430CA8C68234A4F0016531EC44CBAAD9D32E0
S2140094404B6808CF7BC04C00FE5A24E12BAAA5B27D
S214009450E94617E90A5CF02500F8927AAC96CDA9A1
S214009460BFF249C14A11CC770D0000006D9500008F
S21400947002000000032800007494000002000000B0
S21400948000028000080002002000000140000400E6
S2140094900100100008060200040907030105000089
S2140094A040787D0100000000005A620200010000C2
S2140094B0C0CF6A0002000000809FD50002010000B5
S2140094C0002D310102020000000301030303020124
S2140094D002030405060708090A0B0D0E0F101112E9
S2140094E0131415161718191A1B1C1D1E1F202122CF
S2140094F023242526000C270013B779FAC925DDB7E3
S214009500ADF3CFE0F1B614B8010200000000000091
S2140095100000000008000000000004070000000033
S2140095200000000000000000000000000000000036
S2140095300000000000000000000000000000000026
S21400954000000000000000000307000400000025E3
S21400955000000000739500000200000070950000F7
S214009560020000000101020A0000000000002800BE
S214009570002A000018000000000800FCEC9500001F
S2140095800100010798950000000800F8A895000063
S214009590000000000000000083FFBFFFE2FFF1FFB5
S2140095A0F9FFFEFF000000009600FCFEF8006D23A9
S2140095B0441FEEFFC700F20E8E37FAFF5C00A403CE
S2140095C024A7FFFF3200D601AD3400001F00300193
S2140095D0004D00001200C000CA4A00000B006E00DA
S2140095E0F73C000005001F002F2000008C00FCFE4A
S2140095F0FFFF000000000000FC00D2104C06FAFF3F
S21400960075009B05F132FFFF3E0062020B3500003D
S21400961025004B01885F00001700E0005E5D00003B
S2140096200E008C006A4F000007002500832800000B
S214009630000000004801000078130020FA04FA0039
S2140096400033330A0A0A0840002100000000000028
S21400965000000000000000010000010100010101FF
S2140096600101020300000001A806000048704C0D2E
S2140096704470D80C307064123C70AE163870340DDE
S21400968034705A0D30700A0F2C700A0F2870DC10D8
S2140096902470F41020703E0D1C7080111870F211AA
S2140096A014703A0DB110076001D80A7108B87F78B7
S2140096B0020C7E78641000C6A01F00218CB870785B
S2140096C001B007680F305CB30F330111C04806982D
S2140096D04A022FB006D80C7109DD087100B853A8ED
S2140096E009BB1110076801682148076004100112C1
S2140096F0FF322150076051480760008806984413DF
S21400970000C4401F002103DD087214BA281400A00C
S21400971000BA03DF107109DF0672029860058CB884
S214009720507800A04413281441158110076002D811
S2140097301471108806982E1800C00C700840069801
S2140097407C1A0091069860020060B83020D8067136
S21400975090BC637C784D5412F03240DE0472404870
S21400976004DB08720DDD0C72044BEF3014480698CB
S214009770FC0600C4E0100840441207620132214093
S214009780084C287C811140D91C72B1123032CF4A65
S214009790013AB1DA107208D8067104D80871B04CD4
S2140097A0237C4070684C4412FF328722047580B8D0
S2140097B0D84C81D8327140D90472237C084B069865
S2140097C0FC0604BA88B9767900C118600840357975
S2140097D0E049007906B904A901D86E72227CBC4C17
S2140097E0307C0298320208D83C7100C14C00084018
S2140097F0141110D93071104C00C114000840141117
S2140098001814076100C5206008405415FF35047120
S21400981010491814A84C44120762013206710298C7
S2140098201201B84C08D80C7107BA24D8047106BACD
S214009830187004D80C7101BA40D80E7102BA0A70BA
S21400984005BA20D8047203BA227C604C4411404CFE
S21400985018140761181491113831114291110769D3
S21400986010D90472EF3200C10060084014111031A4
S214009870016911422814A111076118140698621A8A
S214009880181400C10060084014110769FF3118144D
S21400989000C13C30084014111814076118143088B1
S2140098A002480698C005009308DB047101F800A082
S2140098B05CB00F3000A01088B111076980D90A711A
S2140098C000C1800008400811009100A000C40001FB
S2140098D00840441000A000C020300E4004110410C0
S2140098E01050F47200A054155045127106980607E1
S2140098F00698960618B8707800B84178069840031F
S21400990090BA5B7A5C7A5D7A00C2185008402412DE
S21400991000C1501F0021281106983818208800889A
S21400992000C5441F002154155112FF350762FF324F
S21400993006986A0201595129047511590090212987
S2140099402075069886040698A2040698FA020092E5
S21400995003D80C728111076102D90472FF0FBA7026
S21400996018B8727800F804D842710088308800C0B1
S214009970FC1F0021041000C1501F00211412012AF0
S214009980215A00C3185008403413312A1A7500C0F3
S2140099900060084004100730FE200C76381108B826
S2140099A07F78020C7E780093009000A000C0F41F21
S2140099B00021041000BB1DB400A000C1DC1F002164
S2140099C014111088FF3100C5FFFF00003112076236
S2140099D00762513A513B0E720698720C11590112E9
S2140099E001131E703114008831100698720C11593C
S2140099F0415C41280698740C513801130090012BE5
S214009A0000902088076001140760FF30215D411236
S214009A1007620762312D0876FF34415C4128015DFC
S214009A2031100698740CFF303088011300C0E01F18
S214009A3000210410512B0C76076801150768FF35C6
S214009A406070315BFF32212B0C75076001150760D3
S214009A50FF354E7000C5E41F0021541507650765E5
S214009A605112FF35FF30012B087521100760327048
S214009A7021100768FF30012B0A7521100760076068
S214009A80207000C2E81F0021241221100760076022
S214009A90FF30012B0875211007680670211007603B
S214009AA0FF300093009200C10060084014142C4957
S214009AB00734FE242A761415F0BC076C513C076860
S214009AC003680154107100C4FF0FFFFF513C0144AE
S214009AD04811311200C5E81F00215415FF350762F2
S214009AE007622143544914122155FF35515228115B
S214009AF000A001D81871008800C004700840041047
S214009B008020FF30067106984E03009000A002D811
S214009B10047200A00088069896061DB428B9112C79
S214009B20408800C3EC1F0021341440445A7144138B
S214009B3006982005411500C0006008400410073054
S214009B40FD20447500C20870084024100760FF30EE
S214009B5080DC34710698AE0C01591C4A241007604C
S214009B600260FF300698AE0C0158B220012954134B
S214009B7031100698AE0C11280A7504255415504568
S214009B80EE72069820050094009000A07FB906614A
S214009B9000C01C60084006984A1304155153113B38
S214009BA03155581002984413EBBD00C0401F0021E9
S214009BB00411113D10D91271FF33076B00C190409C
S214009BC00846381118B97479581000A00698600233
S214009BD08024E4240D300472044800C11C5108405F
S214009BE0141100C3DC1E0021911504351A721813D7
S214009BF088BB08D804716C7B04D804716A7B8CBB64
S214009C002F7C5B7B16703C4B181388BB08D80471FE
S214009C106F7B04D804716D7B217C0C300160069844
S214009C2082060698680B0698320700B8B1110769D5
S214009C3040D906720298660601BC00C20060084061
S214009C4000DC0A7124150165604A0A701C4A241556
S214009C5007657C4A043508D920712024512A24122D
S214009C6000C180000840320C2811076228110762E4
S214009C70281107622811500C00C1381F0021141249
S214009C8000DC1A7120D8067101B80C70F0DA0C727C
S214009C900CDB087102B806988A0648240449141199
S214009CA000C380000840FFB801201141087101413F
S214009CB018130824014200C1200008401411014175
S214009CC0036D514191152035016D5141181328132C
S214009CD0481300C37C000840341003D80C710730CA
S214009CE005DC0671084B227B8CB8507800B800C1A2
S214009CF0381F0021141203682150F0300152281139
S214009D0000A04024066400C0FFFF0100013C1DB017
S214009D1002200158402806751EAC01EC00A02088E1
S214009D2000C01850084004121DB42113041230520B
S214009D30F871066C402400C3741F002134101411FF
S214009D400698C00C0669009211592129067600BBB8
S214009D5011590698960C80B80158013A0662313BB4
S214009D600472215A412A00A000C200010840317A3C
S214009D7000A0308880B9076900C30000C0FF31101A
S214009D80312800BC002D0C7511541EAC01EC312D91
S214009D90F470066C51134155312C009300A000C09E
S214009DA028400E400413315107610C3107691153E6
S214009DB0381000A006984A0800C0F41F00210411BD
S214009DC006983207217A237A00C30000100006980E
S214009DD0720700C0581F00211DB1181000A000C057
S214009DE0541F00211DB1181000C09C1F0021041034
S214009DF0002D067500B826A80698060700C09C1F0A
S214009E0000210410012C06750698960628B010B995
S214009E10115911380EB9114028A880B800C1443035
S214009E200840081100C1F01F00211410303B0671D5
S214009E300760076000C40830084044111150FF3026
S214009E40015118146FB8076826A8217A050C21104E
S214009E502048267800C063EF0000314026A8050C95
S214009E6020ECB11140D90872247A20EC217A1848E7
S214009E7026A828B00AB901510F31115028A8050CA0
S214009E80207A20EC0F0C98B84678417806986A023B
S214009E9000C2441F002124100151FF311150081246
S214009EA000A006984A0800B826A800C05C1F00213B
S214009EB01DB1181000A030B840780DB101D9FC7261
S214009EC0427800C074300E4004114CBA407A181024
S214009ED0144804115C7A1810A4BB707B4E7B4F7B31
S214009EE000C20430084000A006984A08217A227A68
S214009EF000BB0698720700C0681F00211DB118102D
S214009F00A4BB00C040300E40041103310149287242
S214009F10B112076207623048041121510F311872DE
S214009F206E7B6F7B104804114CBA7C7A181014486C
S214009F300411607A1810B11002D81071707B30B816
S214009F40627860780DB001D8FC7100C0F8600840F7
S214009F50041101D90C7100C01800084002B918108D
S214009F6008B86E780EB84EB110D90C723EA8140C14
S214009F700FB83EA8107044A8140C01B800C1B03049
S214009F800E40081100C077801F003DB201423DAA76
S214009F9000C0FFFFFFFC013A3DAA140C00C077E0AA
S214009FA01F0001423DAAFFB845207D7808B87E789C
S214009FB000C124600840141107610631087100B919
S214009FC006985A1006984A13B11101D90E710698D0
S214009FD0881A02D906720698AE0B069844135114D6
S214009FE006989606F4B845780A0C00C0641F00214F
S214009FF01DB1181002983410FFB845205D7803B8DC
S21400A000076044A83EA800C1B0300E40081110B842
S21400A01007683DB101393DA908B86F7800A046A889
S21400A02000C0FFFF0000013B076356AB94BA437ABB
S21400A03001D91471013C47B300C0FE20FFFF013B6D
S21400A040314447AC637AFFB82120407802D90471C6
S21400A050607800A0C8BC066C415C512C067506985A
S21400A060960606986E0DB110076805D8347140BA8A
S21400A07006981A1308B86578911004D8187188B82D
S21400A0806E78577800C064000840217806988210E1
S21400A09001400A728CB84278069856130298400B14
S21400A0A008B86C7820B859785B7800C0F44008404F
S21400A0B07878797800C1C81F0021141040A8184984
S21400A0C014130449408814140C4914118112076AA9
S21400A0D0006A01DA187188B8577800C0CC1F0021D2
S21400A0E00410016107630763076407640698B209F2
S21400A0F000944EB010D842724DB161B80158113874
S21400A10040B102D90A72604804BB41540870204826
S21400A11002BB02BC4DA8F8B87078190C3EB141419C
S21400A1203EA9F4B973797378717800C4F840084092
S21400A13000C200410840227000C20000010044AA8C
S21400A140230C00C200000B0044AA00C410410840C3
S21400A15000C21841084004BB587C050C597C0C24EE
S21400A1600F0C2FAB050CB11008D81471647A657A01
S21400A1701CB879787B7820B879787B78607CF42472
S21400A18041130698FC065114404406750698960638
S21400A190727BFFB84D20050C687840EC00C0601F4D
S21400A1A000211DB11810911004D8147100C0BC1EF7
S21400A1B00021041080D806711CB8737800F818B80F
S21400A1C000C1D81E002100C21850084024122811D1
S21400A1D0767800F800C0B86008400411076107618F
S21400A1E080D9047240EC00C4F84008404EB010D845
S21400A1F00471182441130C23527C407B11512FA963
S21400A200050C797C0A0C00C0000001020814787C5A
S21400A210050C507C08B86D7800A000C02870084077
S21400A2200411108800C1001800401810444804119A
S21400A230108878480411108800884CBA757A18106F
S21400A2403DB11088F4B84278442072782848737874
S21400A250F8B873784FB200C4FFFF8080413A4FAA27
S21400A26001BC01644113076300C06C70084003B969
S21400A27018100110011001B918100110011001107A
S21400A280011068480411076101B80160003A0471C2
S21400A290044904D9047241520760003A047108491F
S21400A2A008D9047231520460003B0E7200630064E9
S21400A2B0314241424FAAB2704FAAF8B853781820DC
S21400A2C053782848527800913DA9009000911810C4
S21400A2D000917848181000914448181000A01159B1
S21400A2E010D906710760076008D90471076004D9A1
S21400A2F00471036002D90471016001D90471006021
S21400A30000A000BA01D806710148112A0069006051
S21400A31001D8F6720138F67200A08020FF30FF48A0
S21400A320812000A000C2185008402412115921298B
S21400A330127300210E7100C2305008402412012111
S21400A340212900A006984A0888B8577800C57C1FBF
S21400A35000215088044D88BC00C0C81E0021811111
S21400A36001D91E71407C00950115044D50881C4D86
S21400A370FFBB076B315B04110698B80C3129F875E2
S21400A3800698761954150698881A01D90872069800
S21400A3907C0806700698DE0888BB547B009500F89B
S21400A3A006988C090E700698680B06988C09069815
S21400A3B06011069836089112211900C024600840E2
S21400A3C00A78097800F810B901BA069810130698AA
S21400A3D0341000C57C1F002100F89112033288B9A2
S21400A3E000C3BC1E0021341300C4A81008408CB85B
S21400A3F04278707903DE067144786E707179A11028
S21400A40020D806710298160F80DB507102D84C7265
S21400A41005B830880763076302DB2A7100C3AC0007
S21400A42008403413066380DB0472804800C31020A3
S21400A43008403413315B04724048312831280260EA
S21400A4400814076800930814A11010300248081476
S21400A45000B808149110076008148CB86278A11030
S21400A46000DC0676517900BA80DB587100C0000027
S21400A4700200003B4E7150884110344803DE0471E0
S21400A4809048041508200411F82058101C20217844
S21400A4900698AE0E00C0A40008400E7810D91C71B5
S21400A4A051451A7100C53400084407B8081500C5A0
S21400A4B03400084604B8081504702E7806987416FA
S21400A4C00095911120310269911004D80E7200C1D6
S21400A4D04C1F0021141101D90A71208806985A10C1
S21400A4E0009200C1180008400533054B1872184C3E
S21400A4F003DE0471904C441400C3FF1F0000413B70
S21400A500FF233811B849076A0698A20E044908794D
S21400A510097914102140081100A000C55400084015
S21400A520541551455071108800C13400084407B8CE
S21400A530081101B83088076B40DB247100C0370C67
S21400A54000000811364800C5D01E0021541102D95B
S21400A5500E72104801D9087100C01104000000C135
S21400A56034000846081100C1340008401415303580
S21400A5700093009100A000BD0698440210B903DCC9
S21400A580047100B901BA0698101302D9067100408A
S21400A5904E7201B107690F3106988210FFD82872F3
S21400A5A0811008D8187106DD0A710698440203DC8B
S21400A5B00C720698C810069856130C7006DD1071BB
S21400A5C00698CE10487020B802A806DD10720698CD
S21400A5D08C090698360801F840B802A800F800C0B2
S21400A5E0BC1E00210413076301DB227191100111C8
S21400A5F0076911388CB910D8087144790298160F7B
S21400A60002DBFA72A11328DBF47203BD0698281049
S21400A61006988C098CBA7F7A0698FC0600C5801FBF
S21400A62000210698440200BA03DC3272044DA110E1
S21400A63002D804710C4D00C01400084004100268D3
S21400A64000C3701F002134111128FC233411069812
S21400A650960C00C10C5108400698B2065415212DE0
S21400A66000C0F8600840041101D9227100C03C1FE8
S21400A67000210410033001DC147200C014000840EE
S21400A6800411FD21087602BA076A212D06984807AC
S21400A6900298E8099110015503355150011900A0A0
S21400A6A000C1481F0021141001D8427101480760FC
S21400A6B0FE200E75811020D8087100C14C1F0021A5
S21400A6C0141101D9287100C02460084004122151D9
S21400A6D007610F3107691152281000C0006008405A
S21400A6E004119112215120311152211900A0811319
S21400A6F080DB067201B800A000C30C50084034107E
S21400A700063030727C4B34122C4B341007600760D6
S21400A71040302072811080D8DC713410014A076204
S21400A7200360803021508C480A717F2355233410F3
S21400A730013000A000BD0698281088B847784578F4
S21400A740437800B8447800A006988C090698C8108C
S21400A75000C58C1F00215415069848070298E80982
S21400A76000C374000840027B06984A1350BA069845
S21400A7701A1306988210FFD84A71911004D84872AE
S21400A780811007601CD8407220D938721112FF322F
S21400A7902151347180218021111400C0E41E002153
S21400A7A00413FFBA3151113A215111538CB93810A4
S21400A7B07B7940440E7200B900C2C41E00211812F4
S21400A7C0067008B860780698441300F800B900C20E
S21400A7D09C1008401812244A0AB9181288BA507AEF
S21400A7E0517A577A8CB942795F7900A0069844026C
S21400A7F007DC1072911000200A7506986011029806
S21400A800660D0698360801B9911004D8047100B98F
S21400A81010BA0698101300BA00402A7100C0BC1E79
S21400A82000210411076101D9127104D9E272811066
S21400A830076001D8DA718CB8647800C11C510840F2
S21400A8400698B2060698601100C5901F00215415A0
S21400A850212D06987C0800C5941F002100F800BC36
S21400A860811108D9167280D9207201B910BA0698DB
S21400A870101300400E7101BC10700698C8100698A0
S21400A880561320B802A800F806986011811102310C
S21400A890127100B900C20C1008401812244A02B9FE
S21400A8A018120698C81000C5981F0021541506985F
S21400A8B0001A0298E80904110121147188BA737A03
S21400A8C0042004122811042004110121F47200A0AF
S21400A8D00698FC0601F8911010D8347106984003CB
S21400A8E0069886040698A20400C51C510840541118
S21400A8F00698B80C00C5D41E002154155129E275DF
S21400A90018B875788CB8447801B802A800F8B11069
S21400A910076810D82E7100C04810084000C3000019
S21400A92008403114884C44113411076101D9FA717A
S21400A93044122810076228100762281007622810A1
S21400A940E87000C1BC1E0021141080D82C7100C114
S21400A9505400084014111141207100C1000002404B
S21400A9601038167100C03400084407B9181000C02B
S21400A9703400084601B9181002987A020698600258
S21400A98011380472016A00BB00C1E41E00211411D4
S21400A99020390C72911210DA0672417B00A00698DC
S21400A9A04A1300C2BC1E0021241220DA0472617B06
S21400A9B088BA527A00A088BA727A811204DAFC72D7
S21400A9C000A088B86B78577800C0640008402F78DD
S21400A9D000A006986E100763076390B9637900B904
S21400A9E002DB36713112076240DA2E7200C2540062
S21400A9F0084024100140227202EC00C909B801D9AF
S21400AA00507200C2AC0008400E7A10D904722E7A3A
S21400AA1006987416E031076102EC00CD114502EC91
S21400AA2000CC01DB087100BB0298CA1703B84111BD
S21400AA300731FA211C760621911210DA087102DD20
S21400AA4010721E7020B80698720C3038147208B84F
S21400AA500698820600C0240008402978207800F86E
S21400AA60046020D8067102982C1502EC00CA05B8BE
S21400AA7023DA187104DBDA7120DAD67110DAD272B2
S21400AA8090B8617800B801DA067202EC00C891113D
S21400AA9010D9267100C1CC1E002114111150FF30B0
S21400AAA00C720661A110115002300A7180DB0A7226
S21400AAB00AB89E708CB97C790768911111402111F3
S21400AAC0C0311140011990B8411108D90471667857
S21400AAD020D904726578A11002D80672C0DA1E71F9
S21400AAE090B8273123DD087210DB1072607825DD00
S21400AAF00A7121DD087208DB0471627803B841111F
S21400AB0007310872A1152035AA7102DD3272A11133
S21400AB1020D9A07102D92872CCDA9872411140D996
S21400AB20927206B802DB1071046500C1102008405E
S21400AB301411112D112D054D5C720298BA132111B6
S21400AB404049C0D94E71A03141154035016551418B
S21400AB500361076308DA1E7204DA38721049A11519
S21400AB600235067110DB0E7201340A7108DB24719F
S21400AB7090B86778CC3211101A300ADC0872CCDE36
S21400AB800471FD3100C00D0F0C0D0698740C01D831
S21400AB90607207B80298E41300BA411108D90C7124
S21400ABA002EC00CA05B830DAEC720734F031026104
S21400ABB001DA0471014900C0F300A3E30698740C9F
S21400ABC001D8D07100C0981440680698740C4030C4
S21400ABD0014440DA0471204C04320162204A11100C
S21400ABE006300068014218310269114202980214C8
S21400ABF0204A00C0051708500698740C1130014210
S21400AC002088FFBB0DDA507100C1DE1B250180BC19
S21400AC1004DA107208DA0A7200C120841000E024F8
S21400AC20A02407634143016401DA06711E49024B02
S21400AC3000C02C1F002107633810BC2002DA1271F6
S21400AC4001B91159A11380DB087100C100FCFF0196
S21400AC5018100298561700C4BC1E0021441080D855
S21400AC607C710092D0DA06710DDA0C7190BD437DCE
S21400AC70EFBD06983E0503620DDA8672A11105D96E
S21400AC805C7100C23810084024120C24281401D924
S21400AC90067202D9327140D91E7102EC00CA211028
S21400ACA018320471FA2220D804720822FE2208758F
S21400ACB002EC00C8F87001D90E7102EC00C802D987
S21400ACC0067204DC187200C0BC1E00210410026864
S21400ACD001D8067190B8647818B873780298CA17C5
S21400ACE000C50020084000C00417000008D9047200
S21400ACF00A480815104D00B808D90472FF20081538
S21400AD00084D00C00884000008D9087200C02083DF
S21400AD10B8ED0815104D207D00A000B8011A00C03F
S21400AD2074000840027891101030011905BA069890
S21400AD301A1302D9067101B802A800C0BC1E002171
S21400AD40041380DB0671029866138CBA7C7A01DBEA
S21400AD506C7100C2301F002124111114FF3402EC64
S21400AD6000C8FF24FA7607610698820C0361113842
S21400AD700F3003611114011141100698820C01D89E
S21400AD80087203B80298E413044A02DB2471241004
S21400AD90112811280412023006710762076200C0EB
S21400ADA0FFFF0000213800C218000840FF200812EC
S21400ADB0411007600698820C01D87C7120BC1033C5
S21400ADC0767100BB00C12C1F00211415C021112C68
S21400ADD05112076A0F320E71408851140698FA17FE
S21400ADE04143009451120765036A0F320E714111F8
S21400ADF051140698FA17036C41430765513B00C18E
S21400AE00E81E00211411111231100F30127100BA11
S21400AE10046101D80471114200600FD8F472311039
S21400AE2002601E30047201B8003A087204B8029834
S21400AE30E4130298EA1500C0381F002104110F31F0
S21400AE4003DD1A7200C000600840041007D80E72B6
S21400AE5000C01040084004B9181000F806986E109C
S21400AE6006983C0500F830885088FF34087102ECDC
S21400AE70FF24F87002EC00CD141001BB5150FFD82F
S21400AE80047131440760006B10DBF2710421FF226D
S21400AE90E4720F4C0095009300A000C1C01E002174
S21400AEA0141100A030880698381A8111076102D95B
S21400AEB006720298141988BB557B076120D9067163
S21400AEC0029804190088A110076806982E18082111
S21400AED01415FC2590BB5C7B5D7B00C100600840C0
S21400AEE014110731FE21307608D82A725113FC233C
S21400AEF0341304DB2071076BFF33315B00C108702D
S21400AF0008401411076180490C71FF3130295475CF
S21400AF1090BB7B7B10707B7B7C7B00DD04717D7B34
S21400AF2001BB3815EC25541300DF5471042505DFEA
S21400AF3054715415211120880698B80C0092512996
S21400AF403E7500C100600840141102DB0C71073129
S21400AF50315B31292A760C7004DF0872006180D9D3
S21400AF601E7206982E1800C00870084006987C1AB4
S21400AF7006982E181411FFD9607202985A1900907C
S21400AF80009300A05415A111076910D9A6720825D0
S21400AF9008D8A071082510D89A7120882111069823
S21400AFA0B80CFC255412112AF82554110C2520D86B
S21400AFB00871F025541110252029047621591815FA
S21400AFC000920298C61818B97179811010D80A71C3
S21400AFD088B8447800B8417888B9747908B9677930
S21400AFE000F88110A0D8087188B9497900A00760D8
S21400AFF002D8FA7106982E18108806984A13076227
S21400B000076210DA087108211415F025541100C2E1
S21400B0100020FEFF202912750698881A01D90A72A8
S21400B02006988C090698360800941CBB41100C2024
S21400B03006984A1241110821141006984A1231281F
S21400B040441111120761FF31FF32012210521072B3
S21400B0500769181404244413042438140C70076970
S21400B060214118140824081402984413404414710B
S21400B07000C1C41E002114155113036B0FDB0C72A4
S21400B080066D06980607411500A00698360806982D
S21400B0904A1308BB51140698C0194415FC255415CC
S21400B0A00298480788B900C3BC1E00213413076302
S21400B0B008DB1A718113A0DB067149791070697973
S21400B0C0076302DB087208B9677900F800A08111EF
S21400B0D0076102D9107188B9757906982E1814116F
S21400B0E0FF3100A0FFB900A0041008211411F421BC
S21400B0F0081100A081110761076110310E710698D2
S21400B1002E1808211411F821141100A014B1000003
S21400B1102CB100007CB400000000000044B1000028
S21400B1200600000000000000000000007CB40000E4
S21400B130000000001CB20000040000000000000038
S21400B14000000000ACB20000809C2B8F80841E00A4
S21400B150000000002200FF7F6400002000000000C6
S21400B1600000000000000000ACB20000809C2B8FA6
S21400B17080841E00000023002300B6006400002028
S21400B180000000000000000000000000ACB200005C
S21400B190809C2B8F80841E000000240024009D00CD
S21400B1A06400002000000000000000000000000016
S21400B1B0ACB20000809C2B8F80841E00000025000F
S21400B1C025007D0064000020000000000000000054
S21400B1D000000000ACB20000809C2B8F80841E0014
S21400B1E00000260026005300640000200000000037
S21400B1F00000000000000000ACB20000809C2B8F16
S21400B20080841E00000027002700FF7F64000020C7
S21400B21000000000000000000000000094B30000E2
S21400B220809C2B8F80841E00000000002400FF7F7F
S21400B2306400002000000000000000000000000085
S21400B24094B30000809C2B8F80841E000000250095
S21400B2502500B4006400002000000000000000008C
S21400B2600000000094B30000809C2B8F80841E009A
S21400B2700000260026009900640000200000000060
S21400B280000000000000000094B30000809C2B8F9C
S21400B29080841E00000027002700FF7F6400002037
S21400B2A0000000000000000000000000F81F010180
S21400B2B0C4B50000380002000000000000000000D6
S21400B2C03030010011491000B840010000C0E30012
S21400B2D040410100EA00880018600400000000C633
S21400B2E01FC000000050000000D032005060040074
S21400B2F0FC006900410C000000000000110008007E
S21400B300786003000804000000000000BE031A0076
S21400B3108C60070001040C1A2F4653616862584976
S21400B32035201407C491A063564433232252922436
S21400B330E46007008108A1CB00000000198407051F
S21400B3409411CB4899200600016120008294EA8778
S21400B3500461030065B611001E37000089BB0000BB
S21400B36020610100FFDF00001470011000F80700E4
S21400B37014700130F802000018700200000300008C
S21400B3806000278470700200C30000000F9C03005A
S21400B390FFFFFFFFF81F010110B600003800020093
S21400B3A0000000000000000030300100E33810000C
S21400B3B0B840010000C08300404101006D008800D5
S21400B3C018600400000000C61FC001000050000006
S21400B3D0008000005060040018000500410C0000CA
S21400B3E00800000091000400786003008C000C0048
S21400B3F00000000014001A008C60070001040B19FE
S21400B4002C404C59605B534736251B114AF338963F
S21400B4106745231211090000E46007008F0846CB39
S21400B4200000000023086404D007CB4891200600E3
S21400B430F9541C008294EA870461030051551100F8
S21400B440B01B000089BB000020610100FFDF000088
S21400B4501470011000F8070014700130F8000000A6
S21400B46018700200000300006000A58370700200E0
S21400B470054100000F9C0300FFFFFFFFDC1F0401D7
S21400B48000000000000000000000000000000000B7
S21400B490F01F02013F00370000000000FC1F010102
S21400B4A0000000000400020001810100000100000D
S21400B4B01800020000000000010000002800040040
S21400B4C00000000000000000000000000000000077
S21400B4D040000100A0070000480001000000000036
S21400B4E0540002000000000000000000A00004005D
S21400B4F0FF4C0000FF4C0000FF4D0000FF4D000019
S21400B500002001000807000010200100AAAAAA00D7
S21400B510182001000060DA000830010013AC0001BA
S21400B520343001000100000040300100000000003F
S21400B530A04001007A27000FF44001002010000010
S21400B5403441020080080000E68700004441010004
S21400B550C0E6524D604104000000000000000000FC
S21400B5600600000006000000146001001000000045
S21400B5702860030000000003000000000000000038
S21400B58060600200294176710000000084600200BD
S21400B5900000000000000000207004000000000012
S21400B5A08200000000008001D50000004870020004
S21400B5B03C3D0000BC1900007870010006E0490020
S21400B5C0FFFFFFFF0D000000388EE30000000000C4
S21400B5D06CB600005CB6000000000000E070720070
S21400B5E080DE800280841E000101000011490002F6
S21400B5F00000000000000000000000000000000046
S21400B6000000000041841E00000000000000000052
S21400B6100D0000001CC77100000000006CB60000A2
S21400B62064B600000000000018CC660080DE8002D1
S21400B63040420F0001010000E33800020000000055
S21400B64000000000000000000000000000000000F5
S21400B6505B420F00000000000000000008520000DF
S21400B660B20C0000A5A00000C4090000193F0106A6
S21400B670041001000001010600102700000C000065
S21400B6800000000000000000000000000C4BFF7FE0
S21400B69001000000A0B60000100000202D000000F1
S21400B6A0FF000000E40C0A0005050000313500002C
S21400B6B030960000FFFFFFFFE93B0000E53B00007F
S21400B6C0FF0EFE01FFFFFFFFFF000E000000000060
S21400B6D0514F0000FFFFFFFFFFFFFFFFFFFFFFFFD1
S21400B6E0FFFFFFFF61680000FFFF0000FFFFFFFF96
S21400B6F001710000FFFFFFFF000000007000002047
S21400B70000000000F817002060180020C81800206D
S21400B7100000000000000000000000000000000024
S21400B7200000000000000000000000000000000014
S21400B7300000000000000000000000000000000004
S21400B740000000000000000000000000750100007E
S21400B7504D010000FFFFFFFFFFFFFFFFFFFFFFFFA2
S21400B760FFFFFFFFFFFFFFFFFFFFFFFFFFFFFFFFE4
S21400B770FFFFFFFFFFFFFFFFFFFFFFFFFFFFFFFFD4
S21400B780FFFFFFFFFFFFFFFFFFFFFFFFFFFFFFFFC4
S21400B790FFFFFFFFFFFFFFFFFFFFFFFFFFFFFFFFB4
S21400B7A0FFFFFFFFFFFFFFFFFFFFFFFFFFFFFFFFA4
S21400B7B0FFFFFFFFFFFFFFFFFFFFFFFFFFFFFFFF94
S21400B800C00A002091D10000A9890200A98902007F
S21400B81017990200A9890200A9890200A9890200D5
S21400B820A9890200A9890200A9890200A989020043
S21400B830A98902005C47030009860200A989020064
S21400B840A9890200A94E0200A9890200A98902005E
S21400B850E9460200A72D0300A32D0300C94E0200EF
S21400B8609B2D030085D90000A9890200A989020042
S21400B87029C90000B9860200A9890200A989020028
S21400B880A9890200A9890200A9890200A9890200E3
S21400B890A9890200A9890200A9890200A9890200D3
S21400B8A0A9890200A9890200A9890200A9890200C3
S21400B8B0FD4E02009F2D0300A9230100394F020010
S21400B8C0A989020029330200A9890200A989020079
S21400B8D0A9890200A9890200A9890200A989020093
S21400B8E0A9890200A9890200A9890200A989020083
S21400B8F0A9890200A9890200A9890200A989020073
S21400B900A9890200A9890200A98902000000000096
S21400B910013800D0FCE7704700000000000000007F
S21400B92001F0FF01102A2BDB10F0070F08D010F8EB
S21400B930013B013A8B422DD010F0070F42B3F6D1EF
S21400B940F0B441EA012141EA014122F007047FF008
S21400B95000070023F0E80256083C85EA010586EA5F
S21400B960010685FA47F5A3FA87F586FA47F6A5FA9B
S21400B97087F68EB9EED1F0BC01F0FF0102F00702A7
S21400B98032B110F8013B013A83EA010313B1F8D152
S21400B9900020704701387047002D06BF3546033833
S21400B9A0073815F0010F07D1013015F4807F02BF6C
S21400B9B0013015F4C03F0130F0BC0138704700BFBD
S21400B9C070B5414C00238AB0E363054618B1008881
S21400B9D023600DF0E5F93D4E3D4826F0B3FE3D4BA5
S21400B9E0336030463C4B736022F03BF90021304612
S21400B9F015F07CFA32A3D3E90023A062C4E906233B
S21400BA0022F03AF9D4E9062319431043C4E90601A3
S21400BA10CDE900014FF0FF334FF0FF32A06A26F069
S21400BA200DFF02224FF0FF31A06A26F009FF012029
S21400BA300CF050FE2949A06A4FF40073002226F04D
S21400BA4050FFB0F5007F38D10023CDE907330993C6
S21400BA5094223C23CDE903320593A06A962303A9DA
S21400BA60069315F061FB35B3287C0DF039FA0546D0
S21400BA70F0B9A06A27F012F80DF0E0F90CF00CFE11
S21400BA8020B14FF48070002109F090FD0CF014FEF8
S21400BA9020B14FF40060002109F088FD22F0B7F9CC
S21400BAA0012015F077FA0E4A0E49A06A22F0D7F860
S21400BAB028460AB070BDFF20D7E70725F8E700BF85
S21400BAC00DD5015520000000500D002070170020F5
S21400BAD0690345EC59850100801700207015002089
S21400BAE007DC020047DC02000348044B834202D016
S21400BAF0034B03B1184770472C0D00202C0D002077
S21400BB00000000000548064B1B1AD90F01EBA301E5
S21400BB10491002D0034B03B1184770472C0D002084
S21400BB202C0D00200000000010B5064C237843B909
S21400BB30FFF7DAFF044B13B10448AFF3008001238C
S21400BB40237010BD181F0020000000008C72030038
S21400BB5008B5054B1BB105490548AFF30080BDE8A5
S21400BB600840FFF7CFBF00BF00000000700F0020A6
S21400BB708C720300A3F5803A704700BF174B002B6A
S21400BB8008BF134B9D46FFF7F5FF00218B460F4677
S21400BB901348144A121A27F037FB0E4B002B00D01E
S21400BBA098470D4B002B00D098470020002104003A
S21400BBB00D000D48002802D00C48AFF300801BF0A3
S21400BBC005FC200029001CF006FD1BF07FF900BFD5
S21400BBD0000008000000000000000000C00A00206E
S21400BBE02C0D002054200020000000000000000063
S21400BBF038B5032001F046F80B4C68B10B4D0C49E4
S21400BC0028681DF0B4FC1CF0A2FD1CF0A1FD226803
S21400BC10084928681DF0ABFC236801332360012027
S21400BC20BDE838400FF078BF900F00206C10002061
S21400BC30804003008540030010B5032001F022F881
S21400BC4078B1084C084920681DF091FC1CF07FFD77
S21400BC501CF07EFD2068054A0549BDE810401DF031
S21400BC6086BC10BD6C10002080400300924203008A
S21400BC709440030070B50368AB4A23F47F4323F077
S21400BC800703934286B0044600F020820FD8A2F144
S21400BC908272934200F06E8102F18072934200F04D
S21400BCA0AC81A24A934200F0968006B070BDA04ACE
S21400BCB0934200F0648302F51022934200F00D8355
S21400BCC002F17F429342F0D1B0F805301F2BECD141
S21400BCD0032000F0D7FF60B1964D974928681DF005
S21400BCE046FC1CF034FD1CF033FD944928681DF01A
S21400BCF03EFC0320A67A00F0C5FF68B18D4D8E4944
S21400BD0028681DF034FC1CF022FD1CF021FD8C4937
S21400BD10286832461DF02BFC032000F0B3FF68B104
S21400BD20844D854928681DF022FC1CF010FD1CF08F
S21400BD300FFDE27A834928681DF019FCE57A002D8C
S21400BD4000F0AC83012DB0D17F4A93681068E27989
S21400BD50122A40F0D78398470320E67900F092FF36
S21400BD6068B1744D744928681DF001FC1CF0EFFCA6
S21400BD701CF0EEFC7549286832461DF0F8FBB4F856
S21400BD800510207900220FF09FFF054600288CD072
S21400BD90684C6F4920681DF0EAFB6E4920681DF06C
S21400BDA0E6FB1CF0D4FC1CF0D3FC6B4B00936B4AF8
S21400BDB06B492068EA231DF0DAFB6A496A4A206864
S21400BDC02B461DF0D4FB284600F0A2FF67492068EA
S21400BDD01DF0CDFBFEE7664E30460FF0C1FE054671
S21400BDE010B3544C5A4920681DF0C1FB59492068CD
S21400BDF01DF0BDFB1CF0ABFC1CF0AAFC564B0093E0
S21400BE00564A5749206862231DF0B1FB5549564AE9
S21400BE1020682B461DF0ABFB284600F079FF5349FF
S21400BE2020681DF0A4FBFEE7307802210FF0D2FE5A
S21400BE30044610B33F4D464928681DF098FB454917
S21400BE4028681DF094FB1CF082FC1CF081FC424B21
S21400BE500093424A4249286867231DF088FB4149FF
S21400BE60414A286823461DF082FB204600F050FF1A
S21400BE703E4928681DF07BFBFEE70090A0220346A3
S21400BE80114630780FF084FE054610B3294C304931
S21400BE9020681DF06CFB2F4920681DF068FB1CF025
S21400BEA056FC1CF055FC2C4B00932C4A2C49206861
S21400BEB070231DF05CFB2B492B4A20682B461DF097
S21400BEC056FB284600F024FF284920681DF04FFB4B
S21400BED0FEE7307802210FF091FE054600283FF479
S21400BEE0E4AE144C1A4920681DF041FB194920683D
S21400BEF01DF03DFB1CF02BFC1CF02AFC164B00939F
S21400BF00164A1749206874231DF031FB1549164A56
S21400BF1020682B461DF02BFB284600F0F9FE13493F
S21400BF2020681DF024FBFEE7A0000A01A000010027
S21400BF30A00001036C100020804003003B42030079
S21400BF404842030056420300C84503006642030009
S21400BF50F340030098400300834203009D40030023
S21400BF60A6400300B5400300B2400300CA400300E9
S21400BF70E80C0020032000F085FE68B1694C6A4991
S21400BF8020681DF0F4FA1CF0E2FB1CF0E1FB674AA7
S21400BF90674920681DF0EBFA00F0F4FD054610B383
S21400BFA0604C644920681DF0E2FA634920681DF081
S21400BFB0DEFA1CF0CCFB1CF0CBFB604B0093604A17
S21400BFC0604920687C231DF0D2FA5F495F4A2068EA
S21400BFD02B461DF0CCFA284600F09AFE5C492068F5
S21400BFE01DF0C5FAFEE700F0ABFC5A4B5A6818681D
S21400BFF0039206B0BDE870401047032000F042FEF2
S21400C00068B1484C484920681DF0B1FA1CF09FFB07
S21400C0101CF09EFB454A504920681DF0A8FA4F4C7C
S21400C02000F0F8FD207802210FF0D4FD054610B38D
S21400C0303C4C404920681DF09AFA3F4920681DF0A4
S21400C04096FA1CF084FB1CF083FB3C4B00933C4AA6
S21400C0503C49206889231DF08AFA3B493B4A206800
S21400C0602B461DF084FA284600F052FE3849206818
S21400C0701DF07DFAFEE7207802210FF0BFFD054691
S21400C08000283FF412AE274C2A4920681DF06FFAAC
S21400C090294920681DF06BFA1CF059FB1CF058FB70
S21400C0A0264B0093264A274920688E231DF05FFA08
S21400C0B02549264A20682B461DF059FA284600F0E6
S21400C0C027FE234920681DF052FAFEE7244E254835
S21400C0D0314600F0A9FD0546002845D0114C15490B
S21400C0E020681DF044FA144920681DF040FA1CF040
S21400C0F02EFB1CF02DFB114B0093114A11492068B2
S21400C10097231DF034FA1049104A20682B461DF07C
S21400C1102EFA284600F0FCFD0D4920681DF027FA8F
S21400C120FEE700BF6C10002080400300744203004E
S21400C130DB400300F3400300984003008342030003
S21400C1409D400300A6400300B5400300B240030034
S21400C150CA400300C8450300F5400300E80C002071
S21400C1608C0F0020880F0020032000F08BFD98B174
S21400C170B14DB24928681DF0FAF91CF0E8FA1CF037
S21400C180E7FA316828684FF47A7391FBF3F203FB01
S21400C1901213AB491DF0EBF9032000F073FDA0B1BC
S21400C1A0A54DA64928681DF0E2F91CF0D0FA1CF04F
S21400C1B0CFFAA44B286819684FF47A73B1FBF3F2F0
S21400C1C003FB1213A0491DF0D2F9A04D28461CF01F
S21400C1D00EFA032000F056FD70B1974E974930686E
S21400C1E01DF0C5F91CF0B3FA1CF0B2FAB5F9002040
S21400C1F0974930681DF0BBF9B4F805301B2B4FF09B
S21400C200030055D100F03EFD60B18B4E8B4930687F
S21400C2101DF0ADF91CF09BFA1CF09AFA8D493068B7
S21400C2201DF0A5F90DF11603CDE900530022B4F870
S21400C2300510207902230FF01DFD054610B37E4C35
S21400C240854920681DF093F9844920681DF08FF910
S21400C2501CF07DFA1CF07CFA814B0093814A8249DF
S21400C2602068B1231DF083F98049814A20682B4657
S21400C2701DF07DF9284600F04BFD7E4920681DF034
S21400C28076F9FEE7032000F0FDFC00283FF40DAD34
S21400C290694C6A4920681DF06AF91CF058FA1CF0CF
S21400C2A057FABDF81620744920681DF060F9FCE4C2
S21400C2B000F0E8FC00283FF4F8AC5F4C5F492068CB
S21400C2C01DF055F91CF043FA1CF042FA6B49206841
S21400C2D006B0BDE870401DF04AB9032000F0D2FC5D
S21400C2E060B1554D554928681DF041F91CF02FFAEC
S21400C2F01CF02EFA624928681DF039F9B4F80530AA
S21400C3001B2B7FF4D2AC032000F0BCFC60B14A4D7E
S21400C3104A4928681DF02BF91CF019FA1CF018FA87
S21400C320584928681DF023F9E379012B7FF4BDAC4A
S21400C330032000F0A7FC60B13F4D404928681DF07F
S21400C34016F91CF004FA1CF003FA4F4928681DF091
S21400C3500EF92489012C09D10023CDE900334B4A7C
S21400C3604B484FF47A7105F059FE9EE4002C7FF49A
S21400C3709CAC474805F06EFD464B1C6095E4436850
S21400C380012B7FF492AC44492E4800F04DFC054644
S21400C39010B3294C304920681DF0E9F82F49206871
S21400C3A01DF0E5F81CF0D3F91CF0D2F92C4B0093E5
S21400C3B02C4A2D492068D0231DF0D9F82B492C4A49
S21400C3C020682B461DF0D3F8284600F0A1FC29492A
S21400C3D020681DF0CCF8FEE71C481CF008F91B4B43
S21400C3E0207902221B210FF087FC054600283FF427
S21400C3F05CAC114C184920681DF0B9F81749206844
S21400C4001DF0B5F81CF0A3F91CF0A2F9144B00932C
S21400C410144A15492068D6231DF0A9F81349144A72
S21400C42020682B461DF0A3F8284600F071FC114941
S21400C43020681DF09CF8FEE76C100020804003008A
S21400C4400F410300880F00202A410300D41E00205D
S21400C4504441030084410300F34003009840030076
S21400C460834203009D400300A6400300B54003003E
S21400C470B2400300CA400300A9410300D1410300B3
S21400C480F54103000C4203001E420300F1BB00000E
S21400C490940F0020900F00208C0F0020E2791B4B99
S21400C4A0122A1868DB682DD198472A46B4F805107A
S21400C4B020790FF009FC054600283FF4F6AB144C33
S21400C4C0144920681DF053F8134920681DF04FF8F2
S21400C4D01CF03DF91CF03CF9104B0093104A114932
S21400C4E02068FA231DF043F80F49104A20682B46AF
S21400C4F01DF03DF8284600F00BFC0D4920681DF0A5
S21400C50036F8FEE706B0BDE870401847C845030099
S21400C5106C100020F34003009840030083420300A1
S21400C5209D400300A6400300B5400300B240030050
S21400C530CA40030030B503687C4A23F47F4323F0E7
S21400C5400703934289B040F0EE80794B0822002121
S21400C55012200FF079FB044610B3764D7649286812
S21400C5601DF005F8754928681DF001F81CF0EFF875
S21400C5701CF0EEF8724B0093724A734928683D230C
S21400C5801CF0F5FF7149724A286823461CF0EFFF3D
S21400C590204600F0BDFB6F4928681CF0E8FFFEE768
S21400C5A001466D4B032214200FF04EFB044610B3D9
S21400C5B0604D614928681CF0DAFF604928681CF065
S21400C5C0D6FF1CF0C4F81CF0C3F85D4B00935D4A20
S21400C5D05D4928684B231CF0CAFF5C495C4A286802
S21400C5E023461CF0C4FF204600F092FB59492868F9
S21400C5F01CF0BDFFFEE70146584B052216200FF043
S21400C60023FB054610B34B4C4B4920681CF0AFFF8C
S21400C6104A4920681CF0ABFF1CF099F81CF098F80B
S21400C620474B0093474A4849206859231CF09FFF10
S21400C6304649474A20682B461CF099FF284600F0DA
S21400C64067FB444920681CF092FFFEE70DF10F01DE
S21400C65004A80FF067FB044610B3364D3649286829
S21400C6601CF085FF354928681CF081FF1CF06FF828
S21400C6701CF06EF8324B0093324A33492868642324
S21400C6801CF075FF3149324A286823461CF06FFFBC
S21400C690204600F03DFB2F4928681CF068FFFEE7A7
S21400C6A0BDF814305BBAADF818309DF813308DF82D
S21400C6B01A30FF238DF81B30FE238DF81C309DF8B2
S21400C6C012308DF81D30BDF810305BBAADF81E3054
S21400C6D0014606AB082218200FF0B6FA054610B33E
S21400C6E0144C154920681CF042FF144920681CF0C1
S21400C6F03EFF1CF02CF81CF02BF8114B0093114A4F
S21400C7001149206874231CF032FF1049104A206833
S21400C7102B461CF02CFF284600F0FAFA0D4920683C
S21400C7201CF025FFFEE709B030BD00BFA0000100E9
S21400C7309B4203006C100020F34003009840030067
S21400C740D6420300A4420300A6400300B5400300FF
S21400C750B2400300CA400300CC420300D0420300AC
S21400C76038B501F055FD0E480E4C012101F0CEF90A
S21400C77001221146002001F0AFFC022501221146DD
S21400C780C4F88050002001F0A7FC0122C4F88450B1
S21400C7901146002001F0A0FCC4F88850002038BDE7
S21400C7A030253E0000400E4008B5204B01225A645A
S21400C7B002F06AFEA0B91E4B4AF6E852C3F8902172
S21400C7C0D3F8982142F00402C3F89821C3F89001E8
S21400C7D0174AD2F8643143F40053C2F8643101E0DA
S21400C7E00128F5D0134A136A23F4441343F488133C
S21400C7F01362A2F58042136843F48073136004F05A
S21400C800FFFA00F021FC04F099FA04F0E5FA04F0CF
S21400C810ABFAFFF7A5FF1CF051FE00F007FC00F096
S21400C82051FDBDE8084004F007BF00BF00000E4001
S21400C83000300E4000400E4008B50448012101F0CB
S21400C84065F9BDE80840024800F0FABD00350A0068
S21400C850C00A002030B5204D0FCD97B00FAC0FC4E6
S21400C86095E807001D4B84E807001D4ACDE9032321
S21400C8704FF08073059303F1022306934FF0F051B7
S21400C8801E23CDE907130E2200210DF12E0026F0FF
S21400C890BBFC144B4FF44020CDE909030C238DF864
S21400C8A02C300D238DF82D300F4B0C9320230D9339
S21400C8B001238DF839300D4B00930FAA03AB09A95D
S21400C8C00B4804F0CDFC002104464FF4E1301BF089
S21400C8D0D4FF204617B030BDAC450300004204002C
S21400C8E0000001401C000140191F0020B40F00206A
S21400C8F008100020012905D8034B1B68186808B1EA
S21400C900436A1847704700BFDC0A002008B5044990
S21400C910044804F03FFFBDE80840FFF79BBF00BF98
S21400C920E00A00202C10002001481CF08CBF00BF3D
S21400C93008100020014B1A6A1868104708100020DB
S21400C94001481CF056B800BFC8450300184B834288
S21400C95037B52AD1174B1B783BB3C8B20FF062F934
S21400C960054610B3144C154920681CF000FE144907
S21400C97020681CF0FCFD1BF0EAFE1BF0E9FE114BE4
S21400C9800093114A1149206885231CF0F0FD1049D8
S21400C990104A20682B461CF0EAFD284600F0B8F93D
S21400C9A00D4920681CF0E3FDFEE703B030BD00BF74
S21400C9B034100020391F00206C100020F3400300C4
S21400C9C0984003004E460300E0450300A6400300DF
S21400C9D0B5400300B2400300CA40030030B5036808
S21400C9E05A4A23F47F4385B023F007030025934279
S21400C9F004460295ADF80C507DD002F58022934295
S21400CA000ED0A2F18272934240F09D80504B1B786C
S21400CA10002B00F0988005B0BDE8304005F020BD42
S21400CA20B0F80530222B40F08E80FF2304A91A466A
S21400CA3011E903001BF084FE01280ABF444B41F2B3
S21400CA40FC15187005F0FC02207922210FF03CF945
S21400CA50054610B33F4C404920681CF088FD3F490E
S21400CA6020681CF084FD1BF072FE1BF071FE3C4B30
S21400CA7000933C4A3C49206859231CF078FD3B490A
S21400CA803B4A20682B461CF072FD284600F040F911
S21400CA90384920681CF06BFDFEE737490090237983
S21400CAA0364A0968364800F08DF9054600284AD00F
S21400CAB0284C294920681CF05AFD284920681CF09B
S21400CAC056FD1BF044FE1BF043FE254B0093254A03
S21400CAD02549206862231CF04AFD2449244A206820
S21400CAE02B461CF044FD284600F012F92149206828
S21400CAF01CF03DFDFEE7B0F8053007EE903AB0F8C2
S21400CB000730F8EE677A0133B7EE047A67EE877A75
S21400CB1007EE103AB8EEC77A67EE877AB1EE047A77
S21400CB2067EE877A17EE900A1AF07AFF07EE900AF9
S21400CB30FCEEE77A104A17EE903AB3F57A7F38BFE4
S21400CB404FF47A73136005B030BD00BFA000060234
S21400CB50391F00206C100020F340030098400300AB
S21400CB605D460300E0450300A6400300B540030011
S21400CB70B2400300CA400300E80A00204DC9000086
S21400CB803410002013B5012000F062F8044601209E
S21400CB901BF0E1FDF4B9154C154920681CF0E7FCC4
S21400CBA0144920681CF0E3FC1BF0D1FD1BF0D0FDFF
S21400CBB0114B0093114A1249206838231CF0D7FC09
S21400CBC01049114A20681CF0D2FC104920681CF05D
S21400CBD0CEFCFEE7402120461BF0CFFE0C4AB0FA02
S21400CBE080F35B09137002B010BD00BF6C1000200C
S21400CBF0F340030098400300244703007D460300EB
S21400CC00A6400300EF460300DC4603000747030088
S21400CC103A1F002008B501201BF0C8FD014B00227A
S21400CC201A7008BD3A1F0020084B1B7870B50446E2
S21400CC300D464BB1012000F00BF82B462246402152
S21400CC40BDE870401BF04FBE112070BD3A1F00209B
S21400CC500B4B042810B51C680BD004DC01380128E7
S21400CC6007D9002408E0082808D01028F9D10220A7
S21400CC7000E0012000F08CF9204610BD0420F9E702
S21400CC80D80A00200B4B1B78024683B10A4B1B7850
S21400CC90834234BF00200120084B1B7833B1084B79
S21400CCA01B78134113F0010F08BF002070470120C6
S21400CCB0F2E700BFEE0C0020ED0C00203B1F00202A
S21400CCC0EC0C002008B5084B01221A70074B002216
S21400CCD01A70074B04221A70064B1F221A7004F0B3
S21400CCE0B9F8054B186008BDEE0C00203B1F00206D
S21400CCF0ED0C0020EC0C00206C100020024B0349C9
S21400CD0018681CF034BC00BF6C10002037470300C6
S21400CD1070B50C4C0C49064620681CF028FC04F044
S21400CD2099F80546206804F089F83046FFF7E6FFD4
S21400CD30284604F083F820680449BDE870401CF0DB
S21400CD4016BC00BF6C100020394703003B470300A9
S21400CD5038B505461BF0C4FE0B4A146800235CB1C8
S21400CD60AC4206D1A96A6BB199621BF0BFFE0120E6
S21400CD7007E02346A46AF2E7002DF3D01BF0B6FEC8
S21400CD80204638BD1160F0E77010002010B504464C
S21400CD9098B105F05FF82046FFF7DAFF10B194F877
S21400CDA02C300BB9002010BD1BF09AFE044A136805
S21400CDB0013B13601BF09AFEF4E72220F3E700BF66
S21400CDC0741000202DE9F04385B005469DF83070BC
S21400CDD0914698460E4609B9002F5CD12846FFF7C3
S21400CDE0D5FF0446002836D185F82C00686305F088
S21400CDF057F9864233D905F0BFF82146844640F2FB
S21400CE00E7304FF47A720023E6FB0C0119F0DEFEE1
S21400CE104FF0FF32002319F0D9FE2B46E886114664
S21400CE20CDE900441D4A28461CF0F1FD044690B9A1
S21400CE30C5E9089885F82D702E631BF051FE184A38
S21400CE40136833B31A469B6A002BFBD19562002306
S21400CE50AB621BF04BFE204605B0BDE8F08347B141
S21400CE60CDE900440D4A2B463146284605F0D6F853
S21400CE70DCE703A9304605F0B3F804460028EAD1FB
S21400CE80CDE90077054A03992B4628461CF09BFD02
S21400CE90CCE71560DBE72124DDE700BFA5CE000068
S21400CEA07010002091F82C3013B50C4683B98B8E89
S21400CEB0CA8E93420ED243B9CDE90033114A0B46CF
S21400CEC020464FF0FF311CF062FDA38E0133A3868F
S21400CED002B010BD52B191F82D307BB10123009302
S21400CEE0D1E908232046096BFFF76CFF064A0123A9
S21400CEF084F82C30136801331360E9E7084604F021
S21400CF00A9FFF3E7A5CE0000741000202DE9F0413C
S21400CF10144E336823B3144F4FF000081BF0E0FDA7
S21400CF203C68054624B92846BDE8F0411BF0DEBD46
S21400CF3094F82C3093B1336884F82C80013B33602E
S21400CF4094F82D3013B92046FFF702FF28461BF051
S21400CF50CDFDD4E9083120469847DFE7A46AE1E72B
S21400CF60BDE8F0817410002070100020034B1B6891
S21400CF70002B14BF04200120704700BF741000204F
S21400CF80024B1868B0FA80F0400970477410002011
S21400CF9038B5244D2B7804462BBB01230A220521E5
S21400CFA0022001F08BFE01230A220421022001F058
S21400CFB085FE012318460A22092101F07FFE01237F
S21400CFC018460A22082101F079FE012318460A2293
S21400CFD0072101F073FE012318460A22062101F0FC
S21400CFE06DFE01232B70022C0DD0042C11D0012CC9
S21400CFF015D10D4B00225A6441F211129A64032295
S21400D0005A64002038BD084B00225A6440F206627B
S21400D010F4E7054B00225A6440F60802EEE72120AA
S21400D020F0E700BF3C1F002000C4004008B50548DC
S21400D030012100F06BFD1BF011FBBDE8084000F07D
S21400D0401DB800BF00350A000148012100F05EBD92
S21400D05000350A0007B508201BF0B4FC064B022278
S21400D0606846CDE900231BF0CCFB082003B05DF832
S21400D07004EB1BF0B2BC00BF006A18102DE9F043A9
S21400D0803B4D3C4FDFF80091DFF800810FCD89B0B3
S21400D09001AC0FC495E80700374D84E80700374811
S21400D0A0012100F033FD38460121012400F02EFD59
S21400D0B0334B039301A928468DF812401BF0C9FE96
S21400D0C02346042200210A2001F0F8FD2246002310
S21400D0D002210A2001F0F2FD234604220721052042
S21400D0E001F0ECFD0422214623460A2001F0E6FD6D
S21400D0F0244BAB670B236B6702264FF4487005F092
S21400D1008FF9C9F8EC61142005F08AF9C8F8EC61CB
S21400D110232005F085F9C9F8EC61B92128461BF0F3
S21400D120D7FE00231A461946C8F8EC610A2001F01B
S21400D130C5FD00231A4631460A2001F0BFFD2346EE
S21400D14000220721052001F0B9FD234600222146D2
S21400D1500A2001F0B3FD284602F0EAF90021A9678B
S21400D1603846696700F0D2FC09B0BDE8F08300BF1E
S21400D17040470300006204000008014000350A0032
S21400D18000127A001E1D001200A0004400A00046F7
S21400D19008B500F083F8124B12498B4212D3124B9B
S21400D1A0124900208B4218D3FEF7E8FC186850F8A6
S21400D1B02240586840F82240013298688242F5D3EF
S21400D1C00C33EAE70022F8E71C6844F82200013234
S21400D1D05C68A242F8D30833E4E70022F8E700BF11
S21400D1E094720300A0720300A0720300A0720300F2
S21400D1F00048704700F04902104AD2F8943003F015
S21400D2000703023B032B13D8DFE803F00C14020ECF
S21400D2100B4B1B68D2F80001C0F304200130B3FBAF
S21400D220F0F07047074BF4E7074B1B685B08F1E725
S21400D230054BEEE74FF40043ECE700BF00400E401E
S21400D240F40A0020F80A0020EC0A002008B5FFF7D0
S21400D250D3FF054BD3F80831C3F308230133B0FBE3
S21400D260F3F0024B186008BD00400E40F00A0020A4
S21400D270014B1868704700BFF80A0020054B18607D
S21400D280054BD3F8943003F00703022B01D1FFF7C8
S21400D290DDBF7047F80A002000400E40044B054AE8
S21400D2A09A60D3F8882042F47002C3F8882070474A
S21400D2B000ED00E000B80000014B1868704700BFA2
S21400D2C0F40A00200F4BD3F82838A3F17E62A2F5AB
S21400D2D08432B2F5104F10B511D219680A4A91423D
S21400D2E00DD10A4C227812F0FD0F01D0002010BD9F
S21400D2F0DB6998470028FAD101232370F6E74FF43C
S21400D3008170F4E70000E10F07B0CD5E3D1F0020FE
S21400D310054A06490346106803448B4294BF1360CF
S21400D3204FF0FF30704700BFFC0A002000000420CA
S21400D33008B52948012100F0E9FB01230422022157
S21400D340052001F0BBFC002001F0ACFC234B0122C1
S21400D350C3F810281146042000F0BEFE204800F056
S21400D36027FD204BD3F8F02042F00102C3F8F0204E
S21400D370D3F8FC2042F08072C3F8FC20A3F55D438E
S21400D380194A1A6000F5D520184B00F2FC40B0FB95
S21400D390F3F0174B013802221861C3F8F0204FF45F
S21400D3A08072C3F804234FF06043124AC3F8B02FCC
S21400D3B0114AC3F8802ED3F8002E42F48072C3F8C8
S21400D3C0002EFF2283F82020D3F8002E22F480724D
S21400D3D0C3F8002E002008BD00350A000080144265
S21400D3E006000E0000ED00E0FF030040F8590D00B7
S21400D3F0000004E055CEACC5090001004FF06043C4
S21400D40030B5D3F8802ED20715D501240B4D8440B5
S21400D410D5F8FC2042F08072C5F8FC20D3F8002E28
S21400D4202243C3F8002E53F82020002AF0D003F839
S21400D4302010002030BD1120FCE700BF00ED00E00A
S21400D4402DE9FF41044601212B4800F05FFB2368CD
S21400D4502A4A93424ED002F58062934247D128482A
S21400D460012100F053FB6179207901230A2201F0A3
S21400D47025FCE179A07901230A2201F01FFC0A2786
S21400D48001263025237962794FF00C0815FB0383BB
S21400D49003F1884303F5204306FA02F21A6064207B
S21400D4A004F0BEFF2379627915FB038303F18C43F6
S21400D4B003F5204306FA02F21A60642004F0B0FF77
S21400D4C0013FDFD120680323436423895BBA9BB204
S21400D4D0836440F20113ADF8003023690293E368D9
S21400D4E001936946237D8DF80C3001F063FC04B08F
S21400D4F0BDE8F0810348B3E74041050000C00040A6
S21400D500009204000082040038B5054601F06AFD6A
S21400D510044C012801D1013C00D138BD284601F059
S21400D52065FCF6E7E193040010B5012104460948BE
S21400D53000F0ECFA0848012100F0E8FAA378207819
S21400D5406178B3FA83F35B09042201F0B7FB00208D
S21400D55010BD00BF4041050000350A002DE9F04F20
S21400D5609A46554B85B01B78DDF83C909DF844B044
S21400D570DDF8508006460F461546002B00F09680D4
S21400D580072A00F295800E9B002B00F09180B9F1DF
S21400D590000F00F08D80129BB3F5006F00F38880BB
S21400D5A0012803D1109B002B00F08280434B03EB35
S21400D5B005131B7B002B7DD0414C102200216846B2
S21400D5C025F022FE04EB451410229FBB3946204668
S21400D5D025F01AFE43F210036380BBF1000F03D15F
S21400D5E0E37843F00303E370354A0E9BCDF800A0C2
S21400D5F002EB451CCCE90193129B581E9DF84C305B
S21400D600690103F00303C0F30A009B0643EA001E09
S21400D61053582C4818404EEA0003012E535017D09A
S21400D620B8F1000F2ED19CF8023068F304138CF882
S21400D630023027E00021204625F0E6FD4FF4447333
S21400D6406380BBF1000FCFD1E37843F03003CAE725
S21400D6501323CCF80C309CE80F000CF1100E8EE86B
S21400D6600F00DCF81C20109BCCF814306FF0030180
S21400D67061F39F02012FCCF81C2003D1CCF8189040
S21400D680CCF804300D4A290102EB051342F801805C
S21400D690159A5A6000272846224669469F605E73A0
S21400D6A001F02AFD384605B0BDE8F08F0648FAE7D7
S21400D6B00648F8E70648F6E73E1F002078110020E7
S21400D6C0781000200F80FFF3028000F0018000F049
S21400D6D0078000F038B5124B1B780546DBB1E0B189
S21400D6E01BF0FEF90F4A00231146147B54B92B6039
S21400D6F01A0101EB031301258C501D731BF0F6F97C
S21400D700204638BD0133082B02F11002EDD11BF084
S21400D710EDF90548F5E70548F3E70548F1E700BFEA
S21400D7203E1F002078110020048000F0028000F0E8
S21400D730018000F038B51BF0D3F90C4A05460023EB
S21400D740147B6CB90133082B02F11002F8D101F0FA
S21400D75089FC074B28461C701BF0C8F9204603E0DE
S21400D76028461BF0C3F9034838BD00BF78110020D7
S21400D7703E1F0020058000F00D4B1B7810B50446B8
S21400D78093B1072812D81BF0ABF90A4B03EB04132E
S21400D7901A7B2AB100241C731BF0A8F9204610BD82
S21400D7A01BF0A4F90448FAE70448F8E70448F6E74B
S21400D7B03E1F002078110020068000F0028000F056
S21400D7C0018000F013B5164B1868019000238DF801
S21400D7D004301BF085F9134B1C7824B11BF086F936
S21400D7E0114802B010BD01221A701BF07FF90F4BD2
S21400D7F01C731C7783F82C4083F83C4083F84C401D
S21400D80083F85C4083F86C4083F87C4004230DEB7F
S21400D81003008DF8073001F045FC2046E1E700BF25
S21400D820AC4703003E1F0020038000F07811002064
S21400D8300A4A127808B55AB107280BD8084A02EBEC
S21400D84000131B7B43B1002101F022FC002008BD21
S21400D8500448FCE70448FAE70448F8E73E1F0020BF
S21400D86078110020028000F0018000F0078000F0B0
S21400D8700A4A127808B55AB107280BD8084A02EBAC
S21400D88000131B7B43B1012101F002FC002008BD00
S21400D8900448FCE70448FAE70448F8E73E1F00207F
S21400D8A078110020028000F0018000F0078000F070
S21400D8B00A4A127808B552B107280AD8084A02EB75
S21400D8C000131B7B3BB101F067FC002008BD054838
S21400D8D0FCE70548FAE70548F8E700BF3E1F0020CA
S21400D8E078110020028000F0018000F0078000F030
S21400D8F00D4B1B7893B1072812D889B10B4B03EB5D
S21400D90000131B7B73B10A4B1A6E0123834013422C
S21400D91014BF012300230B70002070470548704792
S21400D92005487047054870473E1F002078110020C4
S21400D93000200E40028000F0018000F0078000F01A
S21400D9400B4A127810B50C4662B107280CD859B1AC
S21400D950084A02EB00131B7B43B101F033FC207036
S21400D960002010BD0448FCE70448FAE70448F8E73E
S21400D9703E1F002078110020028000F0018000F099
S21400D980078000F02DE9F041DFF86480D8F8607079
S21400D990D8F86C301F4000D5FEE7134C0126002552
S21400D9A0374218D02368C8F86860A3B1A1686268D7
S21400D9B00131A16028469847637B012B0BD150B9F3
S21400D9C00A4B03EB45131A7B60F341021A731A7F66
S21400D9D060F341021A770135082D4FEA460604F136
S21400D9E01004DDD1BDE8F081781100207810002009
S21400D9F000200E400C4B984205D90C4B984210D88C
S21400DA000122012301E00022134609490B6409495B
S21400DA10D1F8003123F0807343EA0263C1F8003185
S21400DA2070470222EDE700BF0048E8010090D003EF
S21400DA300000C84300400E400F4B5B680F4B30B5EC
S21400DA4000221C46C9B21D798D4202D11D6885424E
S21400DA500DD20132052A03F10803F4D10321064A48
S21400DA60536823F0407343EA0163536030BD04EB10
S21400DA70C2046179F3E700BF00000E40D047030000
S21400DA8038B5074C41F67133256C2364FFF7B0FBBD
S21400DA90ADB20021FFF7D0FF0DB10023236438BDDF
S21400DAA000000E40044BDB6B5B0604D4034AD2F83E
S21400DAB0C830002BFBD1704700300E400000C64334
S21400DAC008B5FFF7EFFF024B5868C0F3014008BDEA
S21400DAD000300E40044BD3F84421D20703D4D3F8C9
S21400DAE040211042FBD1704700400E4038B5064C2E
S21400DAF0256C41F671332364ADB2FFF79DFF0DB17F
S21400DB000023236438BD00BF00000E4038B5C0F3C4
S21400DB100323013B092B11D8DFE803F0052710107B
S21400DB202B221D101511154DC0F3043405F1424586
S21400DB3005F5801504EBC5008000016038BD104D6A
S21400DB40C0F30434F2E70F4DC0F304344FF48030D2
S21400DB50FFF7C0FFEAE7C0F304340B4D1020F7E7E9
S21400DB60C0F30434094D0120F2E7094DC0F3043434
S21400DB70DCE7084DC0F30434D8E700BF00400E4091
S21400DB8050410E40F0400E40E8400E40E0400E404F
S21400DB90C0400E40B0400E40C0F30313013B092BBB
S21400DBA02AD8DFE803F0050B0F1929291F23374B66
S21400DBB0274BD3F80001C0F304207047244BD3F85A
S21400DBC01401F8E7224BD3F80031C3F300630133A6
S21400DBD001209840013870471D4BD3F80C01C0F364
S21400DBE0082070471A4BD3F80801F8E7194B9842FB
S21400DBF004D0194B984207D000207047144BD3F836
S21400DC00203103F00F03E3E7114BD3F82031C3F3C1
S21400DC100113DDE7114B98420CD003F5B01303F562
S21400DC2080539842E8D10A4BD3F82831C3F3012336
S21400DC300433CDE7064BD3F82831E8E7084B984283
S21400DC40DAD1034BD3F8300100F00300704700BF71
S21400DC5000400E408006160080162E0090171A0010
S21400DC60A009140000F00F000138072850D8DFE89C
S21400DC7000F00415244F34384F402B4BD3F8943023
S21400DC8003F00703023B052B06D8DFE803F0492420
S21400DC903F0305430B20704705207047224BD3F8FF
S21400DCA0800000F0070002283DD0042836D0012866
S21400DCB008BF032018BF012070471B4BD3F88430E1
S21400DCC003F00703013B032B03D8DFE803F0041F30
S21400DCD025270120704703207047134BD3F8880090
S21400DCE0DFE7114B1B6F13F0010F0CBF0720092055
S21400DCF070470D4BD3F85C3103F03003202B0FD068
S21400DD00302B0FD0102B08BF0720D3E70220704718
S21400DD10002070470C207047062070470A20704786
S21400DD20042070470820704700400E4008B50146A2
S21400DD30FFF798FF1A4B994211D01A4B994212D00E
S21400DD40194B994204D1194BD3F8800000F0070014
S21400DD500138032821D8DFE800F00A0E1612134B0C
S21400DD60D3F88400F2E7114BD3F88800EEE7BDE85D
S21400DD7008401AF01ABEBDE80840FFF79DBABDE895
S21400DD8008401AF015BEFFF737FA084BD3F80031F3
S21400DD90C3F300630133D84008BD0020FCE700BF92
S21400DDA0030020000500240002001E0000400E4074
S21400DDB000F47813B3F5B01F10B5044674D025D818
S21400DDC0B3F5402F5ED010D8B3F5802F49D005D8D4
S21400DDD03BB1B3F5003F4FD0002010BDB3F5202F68
S21400DDE0FAD1BDE81040FFF707BAB3F5801F00F080
S21400DDF08480B3F5A01F4DD0B3F5602FECD14A4810
S21400DE00FFF730FF072878D00928E9E7B3F5381F71
S21400DE1053D013D8B3F5001F58D00AD8B3F5D01F87
S21400DE2056D0B3F5F01FD7D14048BDE81040FFF7F5
S21400DE307DBFB3F5101FCFD13D48F6E7B3F5481FB9
S21400DE404DD0B3F5781F65D0B3F5401FC4D139481F
S21400DE50FFF76CFF384BD3F82831C3F301230433A4
S21400DE6020E0FFF7C9F9344BD3F80C31C3F308238D
S21400DE700133B0FBF3F0B0E7FFF7BEF92E4BD3F853
S21400DE800831F3E7FFF7B8F92B4BD3F81431C3F397
S21400DE900423EDE72648FFF749FF274BD3F8303138
S21400DEA003F00303D84098E72048FFF73FFF224BD4
S21400DEB0D3F8203103F00F03F4E71C48FFF736FFD2
S21400DEC01D4BD3F82031C3F30113EBE71948ACE739
S21400DED01848FFF72BFF184BD3F82831F3E71748FD
S21400DEE0FFF7C0FE072808D0082809D004287FF4CA
S21400DEF073AFBDE81040FFF7BBB9114B18686CE76D
S21400DF00FFF77AF90C4BD3F80031C3F3042303FB75
S21400DF10000062E7FFF770F9014620461AF0D4FDCC
S21400DF20B1FBF0F059E700BF06000E0002001E002D
S21400DF30050024000300200000400E40B800320018
S21400DF40000B002010B5FFF79BFD094B07225A6710
S21400DF50FFF752F9FFF74EFDFFF778F90446FFF793
S21400DF60AFFD01462046BDE81040FFF7BFBD00BF2D
S21400DF7000400E4008B5FFF775FE02280ABF024BA8
S21400DF804FF6FF70188808BDD60C0020014B18808D
S21400DF90704700BFD60C0020014B1880704700BFAA
S21400DFA0D40C002010B5042813D8DFE800F047038F
S21400DFB02F132100294AC1F30801D2F86838002B34
S21400DFC0FBD1274A136A23F4FF7323F001030B43A4
S21400DFD0136210BD214A01F07F01D2F86038002B91
S21400DFE0FBD11F4A136923F07F030B431361F0E74D
S21400DFF01A4A01F07F01D2F86438002BFBD1184A88
S21400E000936923F07F030B439361E2E7144AD2F847
S21400E0109030536A23F0300343F010035362146BBE
S21400E020104BC1F3C31003300F2803EA040328BFC4
S21400E0300F200B4343EA00731363CAE74F29074ACE
S21400E04028BF4F21D2F87438002BFBD1044A936BBB
S21400E05023F07F030B439363BBE700BF0020C84356
S21400E06000400E4000F8FF0F104A536A13F0300FBE
S21400E07018D0202913D0302914D000290C4B08BF03
S21400E0804FF44003D2F8901033EA0101FAD15B0254
S21400E09046BFD2F8A000C0F38020012070474FF49E
S21400E0A00003EFE74FF44003ECE700BF00400E40EC
S21400E0B0FF33E10702280AD129B1064B4FF48060EE
S21400E0C0C3F8A800596612B10220FFF7CDBF0120A1
S21400E0D0704700BF00400E400428F8B548D8304BC3
S21400E0E013F800C02F4B1D5C2F4B33F810702F4BCE
S21400E0F033F810402E4B002940D0022839D15C6AF4
S21400E10014F0300F35D12B4CE46B5C6AE40705D570
S21400E1105E6A26F0300646F010065E62264C244BF9
S21400E12025441F66AD002B68002BFCD002B3644468
S21400E130A4002368002BFCD0022819D1C1B11C4DC5
S21400E140696A11F0010116D001222021FFF7B2FF03
S21400E150D5F89C60012200210220FFF7BDFFC6F320
S21400E1600A010220FFF71EFF2F662368002BFCD053
S21400E170F8BD0021D2E7FFF777FFE9E701211C662B
S21400E180A940D3F890000842FBD1002AF0D0012322
S21400E190074903FA0CF3D1F890201A42FBD1E7E7BF
S21400E1A0C9470300C4470300BA470300B04703004B
S21400E1B000400E4000300E408004F21010B50246BB
S21400E1C0B8B901221146FFF787FFFFF759FC0F4B3E
S21400E1D004225A67FFF710F8FFF70CFCFFF736F833
S21400E1E00446FFF76DFC01462046BDE81040FFF7E9
S21400E1F07DBC012807D10146FFF76EFFFFF740FC04
S21400E200024B0322E5E7FFF73BFCE3E700400E4046
S21400E21038B5FFF72DF80021044600F0EBFA124857
S21400E220FFF7E8FB012211460220FFF755FFFFF734
S21400E23027FC0CB1FFF736FC0C4B02225A67FEF7A0
S21400E240DBFFFFF7D7FBFFF701F80546FFF738FCC3
S21400E25001462846FFF74AFC2CB920460121BDE8B6
S21400E260384000F0C7BA38BD0148E80100400E400B
S21400E2701C4B70B51C681C4B9C4221D81B48FFF7F2
S21400E280B9FB012211460320FFF726FFFFF7F8FB34
S21400E2900024174B01265E67FEF7AEFFFFF7AAFBCA
S21400E2A0FEF7D4FF0546FFF70BFC01462846FFF7AE
S21400E2B01DFCB4B931462046BDE8704000F09ABA5D
S21400E2C00021204600F096FA0848FFF793FB01224B
S21400E2D011460320FFF700FFFFF7D2FBFFF7E2FB34
S21400E2E0D7E770BDEC0A0020002D31010148E80197
S21400E2F000400E40012210B511460320FFF7ECFE49
S21400E300FFF7BEFB084B05225A67FEF775FFFFF7BF
S21400E31071FBFEF79BFF0446FFF7D2FB0146204643
S21400E320BDE81040FFF7E2BB00400E4010B50446C3
S21400E3301120FFF797FC002101220220FFF7CCFEF8
S21400E340184A217C536A23F00103022908BF43F0D0
S21400E35001035362144B2178C3F8A014637AA18892
S21400E36043EAC123D362136BA07A217A03F07F635A
S21400E3700343E08843EAC02343EAC11303310F296D
S21400E38028BF0F2143EA01731363A37B617B1B0144
S21400E39043EA0133E17B0B43217B43EA01435363AA
S21400E3A010BD00BF00400E400000C84338B50E4DFB
S21400E3B00E4C01461120FFF755FCAA6B4B78144013
S21400E3C00A78144344EAC3248B7844EA0364CB787F
S21400E3D044EA0324AB6BA34205D000210122084681
S21400E3E0FFF77AFEAC6338BD00400E4080E4FFF8CD
S21400E3F0034B5868C0F30800003818BF0120704768
S21400E40000ED00E0034BD86B80F04000C0F38010B6
S21400E410704700BF00300E4042EA0322B2F5007F8C
S21400E42010B5194C29D00AD8B2F5807F22D040F218
S21400E43001139A4215D062B9D4F81C320BE0B2F53B
S21400E440407F1DD040F201339A4210D0D4F82832D3
S21400E45001E0D4F82432C3F30722DBB203600A607B
S21400E46010BDD4F824321A0EC3F30743F6E7D4F8E7
S21400E4702832F8E7D4F81C32F5E7D4F82032EAE779
S21400E480D4F82032EFE700BF0081E00F08B5FFF7B1
S21400E490B9FF20B1024AD2F8C830002BFBD108BD24
S21400E4A00000C64308B5FFF7ADFF80B1FFF7EEFFEB
S21400E4B0074B19685A68C1F30121C2F30142914221
S21400E4C01A688CBF42F0100222F010021A6008BDD3
S21400E4D000300E40064B1B68DB0608D5054B1B6953
S21400E4E0C3F30443082B02BF034B044A1A60704769
S21400E4F000300E4000400E40EC0A0020C0EA210129
S21400E50070B5FFF77FFF38B12D4B1A781023C2F194
S21400E510020293402B4A13612B492C4DD1F88041BF
S21400E52045F60E03C1F880312B6823F0AA03DB05FD
S21400E530DB0D0B66FFF7AAFF224B1B68D80604F01C
S21400E540010415D5D1F84031DA01FBD4204B1B6805
S21400E5500B61204B1B78052B0AD11F4B1E68FFF75B
S21400E56095FF184B59683046C1F30141FFF7BEFAD4
S21400E570184B1B78023B0A2B0AD8DFE803F0061577
S21400E580170909090909091A1D000020FFF716FED8
S21400E5902B68DB075EBF0C4B02221A661CB10A4BC7
S21400E5A00022C3F8802170BD0120EFE7FFF730FEA0
S21400E5B0EEE7FFF79FFEEBE7FFF7C4FCE8E700BFD8
S21400E5C03F1F002000300E4000400E40FC1100208F
S21400E5D0F8110020401F0020EC0A002010B50B4C5C
S21400E5E00B4BD4F890201A601120FFF73BFB094B29
S21400E5F01870FFF74BFF084B084A5B68C3F30143EC
S21400E6001370074B22691A6010BD00BF00400E4011
S21400E610FC110020401F002000300E403F1F00204D
S21400E620F8110020064942780B6823F4407343EA49
S21400E6300223022A0B6004BF024B5B6A704700BFCE
S21400E64000300E4000400E4010B5044608B1FFF7FB
S21400E650C5FFFFF727FF144A136943F0040313614D
S21400E6601AF093FB1AF092FB104B114AC3F82424BD
S21400E67003F559231B68DB060ED51AF02AFA25F097
S21400E680EBFC1AF02AFA1AF082FB03F04FFA2CB1D0
S21400E690BDE81040FFF734BF30BFF4E7FFF71AFFBE
S21400E6A0BDE81040FEF7D2BD00ED00E000A000403F
S21400E6B00000FFFF10B5044608B1FFF78FFFFFF715
S21400E6C0F1FE1A4BD3F8802145F60E01D207C3F8A7
S21400E6D0801148BF00224FF42071196648BFC3F866
S21400E6E08021134A136943F004031361114B124A45
S21400E6F0C3F824241AF049FB104B1B68DB060CD524
S21400E7001AF0E7F925F0A8FC1AF0E7F903F00EFA7C
S21400E7102CB1BDE81040FFF7F3BE30BFF6E7FFF7B9
S21400E720D9FEBDE81040FEF791BD00BF00400E4088
S21400E73000ED00E000A000400000FFFF00300E40AB
S21400E7400E4A0379916921F03F010B43017843EAB1
S21400E7508103417843EA4103817843EAC103C178E3
S21400E760012908BF43F0010393611368417923F43C
S21400E770403343EA01431360704700BF00300E4049
S21400E7802DE9F04104460D46FFF73CFE60B3DFF886
S21400E7906080FFF77BFED8F80430C3F301439C4249
S21400E7A022D0124BD3F80031FEF726FD022C074686
S21400E7B04FF0100609D12146FFF798F9C8F8106007
S21400E7C095B1BDE8F041FFF761BEC4F102039E407B
S21400E7D0C8F810600DB1FFF759FE2CB9214638462F
S21400E7E0BDE8F041FFF782B9BDE8F08100400E4079
S21400E7F000300E4038B505460C46FFF703FEB8B1AC
S21400E80045B90C4BD3F80051FEF7F6FCC5F30425CA
S21400E81005FB0005084B1B7821463BB1074B9D4284
S21400E82004D80220BDE83840FFF7AABF0020F9E769
S21400E83038BD00BF00400E40411F0020002D3101B2
S21400E840034B02781A7001210020FFF7D3BF00BFE8
S21400E850411F0020234B4AF6E85210B5596B5A6305
S21400E8609A6FD207FCD41B6C13F0030306D01E4A23
S21400E87001249842C2F8B44A1AD110BDA0B1431E72
S21400E880012B17D8174A4FF40023D362936FDB0788
S21400E890FCD4136C23F0030343F001031364114A02
S21400E8A0536A1C03FCD505E00F4BC3F8B40AE4E733
S21400E8B0032BE4D00B4B9A6FD207FCD41A6C22F0D1
S21400E8C0030202431A649A6F12F00102FBD1003869
S21400E8D0054C18BF01200129C4F8B40A08BF5A63C2
S21400E8E0CBE700BF00300E400000C6432DE9F04FD6
S21400E8F000238BB0CDE90433CDE90633CDE90833E8
S21400E900A0F5E163B3F5966F05460191934603D9EA
S21400E91000200BB0BDE8F08F624BDFF88C81D3F897
S21400E9201842B0F5E16F15BF4FEA146AC4F3072A20
S21400E930C4F30744E4B20694CDF824A0D8F84C609B
S21400E940C6F301768CBF01220022334607A904A82D
S21400E95015BF4FF4E1674FF496674FF496694FF48E
S21400E96016790392FFF758FDD8F8EC30039AC3F3F4
S21400E970012308A905A80293FFF74EFDA5EB070C97
S21400E980AAEB04020CFB02F2B2FBF9F21444544563
S21400E990079F0498089A0599BAD8A2EB010E0CFBBB
S21400E9A00EFEBEFBF9FE11EB0E012CBF4FF0010E62
S21400E9B04FF0000E8A42ABD3BEF1000FA8D13A1A30
S21400E9C00CFB02F2B2FBF9F280182CBF01220022E7
S21400E9D087429DD3002A9BD1029BBBF1000F0FD02C
S21400E9E0D8F85C20B5F5E16722F4FE4218BF01278F
S21400E9F022F0020242EA470242EA0422C8F85C20F9
S21400EA00019A0AB9012084E7264A022ED2F830225B
S21400EA103ED0032E3FD0012E14BFD2B2C2F307223F
S21400EA20120312F4702F7FF473AF1F4EF46E24F4AB
S21400EA3070442243F2661B4A022BD2F830222CD0B6
S21400EA40032B2DD0012B14BFD2B2C2F30722120320
S21400EA5012F4702F7FF45CAF134CD4F8EC3023F430
S21400EA6070431343C4F8EC30636E884238BF0846E0
S21400EA7023F4FF73E72823F0010328BFE720B5F54A
S21400EA80E16F18BF43F0010343EA40036366B9E74A
S21400EA90C2F30742C4E7120EC2E7C2F30742D6E744
S21400EAA0120ED4E70081E00F00300E402F4B1A6F95
S21400EAB0D96C11F0010F02F0060242D0002A40D0B5
S21400EAC013284FD9143813288CBF1023082327493E
S21400EAD0013BCA6C180322F47F4240EA0323134327
S21400EAE0CB64234BCA6C1B88C2F303222833013243
S21400EAF002EB820003EB5303B3FBF0F3C86C013B5D
S21400EB00072B28BF072320F0EE6040EA036343F498
S21400EB108013CB64174BB3F90030002B10DB28337F
S21400EB20500800EB420203EB5303B3FBF2F30A6D0B
S21400EB30072B28BF072322F0700242EA03130B6557
S21400EB407047D96C01F00101114304D1092809D995
S21400EB500A380928B8E7DB6C13F00103B7D01AB9F6
S21400EB602728B1E70423B2E70023B0E700300E40C1
S21400EB70DA1E0020D61E0020064A074BD3F880393E
S21400EB80136F23F0070303431367044B1888FFF73C
S21400EB908DBF00BF00300E400000C643D81E0020C8
S21400EBA0394B02222DE9F0419A639B6B03F00F0369
S21400EBB09342044603D000252846BDE8F081C2886B
S21400EBC0B0F808808588B0F90C6047784A2A4ED994
S21400EBD0B2F5FA7F4DD340F6C3139A428CBF4FF07E
S21400EBE040524FF000522849CB6C23F0405323F09C
S21400EBF00103002EA8BF43F001031343CB64D1F8F2
S21400EC00EC3043F44073C1F8EC30204B1D80CB6EE3
S21400EC1043F08073CB661E4BD3F8800900B1042006
S21400EC20FFF7AAFF1B4BA3F800801B4B28461E804D
S21400EC30FFF73CFFA37BFBB1012B21D001226088AC
S21400EC401146FFF753FE05460028B4D00E4AD36B94
S21400EC5043F48063D3633846FFF7FCFDA37AA3F141
S21400EC602002534253410A4AC2F89437A4E70022CE
S21400EC70B9E74FF08052B6E7034B084A9A65DDE7DE
S21400EC80014B074AFAE700BF00300E40D81E0020AE
S21400EC900000C643DA1E0020D61E0020774020570C
S21400ECA0372110B7044AD2F8443423F00303034351
S21400ECB0C2F84434704700BF00A0004000EB40009C
S21400ECC0F8B50D461F46040116463AB1154801230D
S21400ECD08B402044C7B100F1C0600360072D4FF0A1
S21400ECE00F0114D8AB00104806FA03F299402044EE
S21400ECF01AF052F83EB90B4A0123AB40224477B1D2
S21400ED0002F1C0621360F8BD00F18060E5E7A5F18E
S21400ED1008039B00054806FA03F29940E7E702F16C
S21400ED208062EFE70CA0004004A0004008A000406E
S21400ED30F8B505460E46144662B303F003070368AB
S21400ED4023F44073036019F0C4FE2A6882EA07239E
S21400ED5003F4407353402B6019F0BFFE36B9104BD6
S21400ED609D4218D10F48FFF723F806462B680E4B36
S21400ED70DA5D62430ED0A2EBC403013B3344B3FB1F
S21400ED80F2F32A68920703F1FF3302D5002B08BF7F
S21400ED9001232B61F8BD054B9D42E7D10448E2E70D
S21400EDA000C0004000820400F847030000C4004092
S21400EDB00092040038B5002303640B4BC3634A7803
S21400EDC0430103F1844382F001020C465A600B7B38
S21400EDD00546D1E90112FFF7ABFF21782846BDE8CA
S21400EDE0384019F0E8BF00BFFFFF07007A4B984293
S21400EDF070B51AD003F58063984240F0EA80774BEE
S21400EE009968426B12F4C06F15D091050FD5FD229C
S21400EE105A7009221A700022026493F9011001291F
S21400EE2000D15A7093F9010070BD6D4BE8E75605A6
S21400EE30EFD5FE22ECE71C78082C00F2C680DFE84F
S21400EE4014F009001F0041004D006A00760094008F
S21400EE509D00BD004C880A88E5060AD5120A02F015
S21400EE60060242F0F00201211970C26241600120E0
S21400EE70DAE702F0FE02A10748BF42F00102F2E71D
S21400EE80160606D58022C2634FF608721A80022341
S21400EE9016E05506EBD54022C2634A88D40604D550
S21400EEA002221A700B78C362E1E7960764D5072240
S21400EEB01A701B7901EBC3031B89012BD7D10823DA
S21400EEC04360D4E71506DDD45406D0D54022C2638D
S21400EED04A88920750D503221A7092E74C880A880F
S21400EEE0E60643BF120A02F0060242F0F00202F003
S21400EEF0FE02650709D51C7901EBC40142F0010248
S21400EF000989012904BF08214160042119700123E1
S21400EF104360C262ABE71406B4D45206A7D54022BB
S21400EF20C2634A88560727D507221A709FE71A79C0
S21400EF305D8801EBC2042689AE420FD80132D2B2F8
S21400EF4000241A715C804C886507C4D4E40702D498
S21400EF50012A7FF656AF08221A7098E76268691C85
S21400EF605980525DC2620622DFE716068AD455062D
S21400EF707FF57DAF4022C2630522ADE794067FF59C
S21400EF8076AF1A795C88C56901EBC2010A89A2428C
S21400EF9081BF4968661C5E800D5559888A42DAD959
S21400EFA00424012A446004D0013A914201D1082287
S21400EFB042601A78092A3FF42EAF58E7D2057FF54B
S21400EFC056AF4FF48072C26323E74FF609321A80B9
S21400EFD021E76FF0030027E700C000400C12002076
S21400EFE0001200201B4B984210B408D003F5806333
S21400EFF098422AD06FF003005DF8044B7047164B1A
S21400F0008268D20744BF202242604A88940702D50D
S21400F0100C89002CEED0520702D50A8A002AE9D0C5
S21400F0204FF480721A6000221A719960C023436000
S21400F030C368DB050BD4094BC363036C5DF8044B54
S21400F04043F4FC630364FFF7D1BE054BD8E7C369FE
S21400F050EEE700BF00C0004000120020FFFF0700E0
S21400F0600C120020084B4FF40072C3F88020BFF348
S21400F0704F8FBFF36F8F054B0021D9664FF4AA4020
S21400F0801962FEF743BD00BF00E100E000200E401D
S21400F090034B03449B0081F001011960704700BFD9
S21400F0A0A001F11010B5044601214FF4AA40FEF766
S21400F0B02DFDB4F8013022785BBA9BB243EA0263B6
S21400F0C00B4A136000231362D36253634FF000436E
S21400F0D0D3664FF0FF339366064A4FF40071C2F8CA
S21400F0E08011E3785B01DBB282F80933116010BD52
S21400F0F000200E4000E100E0F8B5254D8F7AD1F8EB
S21400F10000C0C3B201269E404FF0300ECB7A0EFBF5
S21400F11000500C461B05097BAE6643EA0743C0F861
S21400F12080C094F80DC0C0F888C043EA415322F06E
S21400F1300302C0F88430C0F8982019F0D1FCEB6EBA
S21400F1403343EB66237A13B16B6B33436B63637A9B
S21400F15013B1EB6A3343EB6223792A6823B1DB43AE
S21400F1601B0263F47F431A4063790BB142EA032221
S21400F170A3790BB122EA0302E3791343044A13602E
S21400F180044B9E62D663BDE8F84019F0AFBC00BFE2
S21400F19000200E4000200E4410B5C0B2012484406A
S21400F1A019F09EFC054AD36E23EA0403D366044B8B
S21400F1B01C62BDE8104019F099BC00BF00200E404C
S21400F1C000200E4410B5C0B20124844019F088FC1B
S21400F1D0074B1A6A224208D19B6A9C430CBF012443
S21400F1E0002419F083FC204610BD0024F9E700BF78
S21400F1F000200E40054B5A685B68054B41F671329D
S21400F2001A649A6822F001029A60704700300E4035
S21400F21000000E40034B9A6822F001029A6000221A
S21400F2201A64704700000E40094A0A4BD969C9079C
S21400F23005D512B96FF002007047013AF6E7002ACA
S21400F240F8D001221861DA60D86940F38000704770
S21400F2508096980000000E4070B509B9002070BD79
S21400F2600E4A0023082550F8234094610C4CD560C4
S21400F2700133D669F60705D514B96FF00200EEE73C
S21400F280013CF6E7002CF8D0D469A40702D49942D2
S21400F290E9D1E3E76FF00100E1E700BF00000E40B0
S21400F2A0809698002DE9F8431C4B0D4641F67131C7
S21400F2B01E6C19641A49804648684968996841F086
S21400F2C00101B6B2996097084FF00009B94501D31D
S21400F2D0002005E008EB89042046FFF7A5FF48B1AB
S21400F2E00E4B9A6822F001029A600EB100221A6450
S21400F2F0BDE8F883C4F30A01C1F500618908A7EBED
S21400F3000903994228BF19462846FFF7A5FF00289B
S21400F310E6D1894405EB8105D8E700BF00000E4022
S21400F32000300E40234B41F671311A6C10B519644B
S21400F33021494C684968996841F0010199600121AA
S21400F3401861D960D9694C0792B209D5996821F03D
S21400F350010199600AB100221A644FF0FF3010BD17
S21400F3600221D9601549D869C00700D569B9D8699E
S21400F37010F002000BD0996821F0010199600AB1E3
S21400F38000221A646FF00100E9E70139EBE741B9A2
S21400F390986820F00100986002B119646FF00200CE
S21400F3A0DDE7996821F0010199600AB90020D6E7E7
S21400F3B01864FBE700000E4000300E408096980070
S21400F3C08B784A789B0143EA82030A781343CA780B
S21400F3D043EA02130A7943EAC2234A7943EA02332C
S21400F3E08A79043043EA42430001014A13507047C9
S21400F3F000200440014B1860704700BF00008442A4
S21400F400437882789B0043EA021302781343C2785B
S21400F41043EA4213027943EA0223427943EA02337B
S21400F420827943EAC233C27943EA0243027A43EA64
S21400F4304243014A13607047002004400D4AD2F848
S21400F440E430D2F8E0109B0003F03C03C1F38111D6
S21400F4500B438370D2F8E03003F03F034370D2F8DA
S21400F460E830D2F8EC2003F0F003C2F303121343A3
S21400F4700370704700FF0FE0024BD3F8F000D3F89C
S21400F480F41070470081E00F024BD3F8FC00000E2A
S21400F490704700BF0081E00F024BD3F8F80080B23F
S21400F4A0704700BF0081E00F70B5054616461C4643
S21400F4B019B91448FEF77CFC0146402C1BD003D833
S21400F4C0DCB1202C1BD070BD602CFCD1042303FBC8
S21400F4D006F2530803EB4113B3FBF2F30A4A203B50
S21400F4E002EAC3032A6822F060022A602A681443EC
S21400F4F02C606B61E7E70623E9E71023E7E70823BC
S21400F500E5E700BF40410500F8FF7F0038B5054637
S21400F510144619B90548FEF74BFC0146013964004C
S21400F520B1FBF4F10902696138BD00BF4041050036
S21400F53040F6AA63C36041F20502002303604260FE
S21400F540104A83604361C36482640F4A0366904234
S21400F55043678367C3670DD002F5806290420BD085
S21400F56002F58062904205D002F58062904203D098
S21400F570836570470365FBE7036583650023C36502
S21400F580704700BFF9FF01000000014038B504468F
S21400F59023F08BF90FCC044D0FC594E80F0085E8D7
S21400F5A00F00002038BD00BF1812002047F6FF737A
S21400F5B09A42F0B572D0062972D83A4B5B5C022BA1
S21400F5C06ED8394D05EBC304DF00A17815F833304B
S21400F5D0012938BF0121012B13D1E0780025401AFC
S21400F5E0A84202D80844C0B2F0BD431BA0EB5303A8
S21400F5F0666836F913609642CCBF03F1FF301D46AD
S21400F600EEE760680028EFD0B0F90040944204DBD3
S21400F610B0F902409442B8BF14468388FF2B04BF5B
S21400F620B0F90620B0F908C03D440FBF01260026F9
S21400F630C8224FF0280C131B93FBFCF333446E7860
S21400F6401BB29E4201DD002B01DA731E1BB2013392
S21400F6509BB24FF47A7C071D5D1E2DB24FEAC50E95
S21400F66000EBC5059E42EA88AD6814FB025222EA0A
S21400F670E27202F15C02B2FBFCF205DD37F83350B1
S21400F680954203F10103E7D200EB0E0398889042FF
S21400F69028BF1046884238BF0846A4E7FF20A3E7E5
S21400F6A00020A1E7FC470300181200200629F0B549
S21400F6B061D8324B595C02295DD8314B13F83100C2
S21400F6C0012816D103EBC1039C78D8785B68012C1F
S21400F6D0214638BF0121904294BFC1EB0001C1EB27
S21400F6E00201CAB2001B8242C8BF002233F91200D0
S21400F6F0F0BD002A3DD003EBC103596800293AD07B
S21400F7009878904202D3B1F90200F1E7DC78B1F9BB
S21400F71000009442ECD95C788B88A3F1FF06013C8C
S21400F720734201F10405E4B2734101F10C07DEB245
S21400F730B44216D805EBC3034FF47A75B3F902400A
S21400F7405B686A43D21A04EBD47302EB630292FB43
S21400F750F4F29042CCDBB1F902009042C8DC10B261
S21400F760C6E737F833C0944503F10106E2D33346C3
S21400F770DDE70448BCE70448BAE700BFFC470300DF
S21400F780181200200CFEFFFF0080FFFF08B504489B
S21400F790FFF7FCFEBDE80840012023F08AB800BF52
S21400F7A00448030000487047D80C00207FB5094B7A
S21400F7B009490222CDE901234FF08373CDE90313F3
S21400F7C04FF0FF300D2301A9059323F0A3F807B0EF
S21400F7D05DF804FB006A180006010C0000230C4AC2
S21400F7E00360032910B50263044643630ED1052166
S21400F7F019F076FA636823F4407343F40073636089
S21400F800636823F4406343F40063636010BD00BF85
S21400F810200010002DE9F04F1E4604468946924609
S21400F8201F460FCE8BB001AD0FC596E80F0085E8DA
S21400F8300F000025099519F04CF95146064604F5C7
S21400F840827019F0D8F9494604F5847019F0D3F996
S21400F850394604F5867019F0CEF9304619F03DF9B0
S21400F8605F4E604BDFF8BC91DFF8BCA12365DFF884
S21400F870BCB119F02EF9C4F850B0D4F8148019F0C1
S21400F8802CF918F0807F19D0574B236519F021F911
S21400F890C4F850B0656919F020F9EB0140F1888092
S21400F8A019F017F91499054604F5887019F0ABF9A4
S21400F8B0284619F012F90BB0BDE8F08F18F4807FD7
S21400F8C01CD14A4B2365013D9023A360636913F462
S21400F8D0807F474B23650ED019F0FBF839468346E8
S21400F8E004F5807019F087F9584619F0F6F8414B80
S21400F8F02365414B63658823A360B8E7002D13DAC0
S21400F9003E4BC4F850A0636519F0E3F801A983469E
S21400F91004F5807019F077F963695846C3F303431A
S21400F920099319F0DAF86D42354B23656369DFF801
S21400F93000C113F4407F4FF08803A3604FF001012D
S21400F9406269266561656369C4F850C00ABF012014
S21400F9504FF0FF3005F1FF358842C3F30723C2F3AB
S21400F96000220BD132B1D90704D5264B2365264B8E
S21400F9706365A9E7254B2365254BF9E79AB9DA07AE
S21400F98011D5244B2365244B6365A16501A904F5B5
S21400F990807019F030F9099B03F00F03C4F8483162
S21400F9A08323A36090E71D4BC4F850906365EDE792
S21400F9B019F08FF804F5807639460546304619F07A
S21400F9C01AF9284619F089F8154B236519F081F8BD
S21400F9D014990446304619F016F9204669E700BF28
S21400F9E0C93E81983084880198390100C93E81015A
S21400F9F0D23E8201C024D0340982010099830100DE
S21400FA00D9080100C8340981E20C8201C80881E2E5
S21400FA100C82010083D9341181E21482E21482013F
S21400FA20E010010083D9108190A28488353938010E
S21400FA30DB3E01002DE9F04F89B081460D461646A3
S21400FA400021202268461F4623F0DEFB4FF00A0AFC
S21400FA5099F80030022B40D0032B07D0012B44D05E
S21400FA606FF0710B584609B0BDE8F08F202269464A
S21400FA703846B0478346BBF1000FF3D100F08CFC4C
S21400FA8099F800100446FFF7A9FE19F022F8694617
S21400FA90804604F5827019F0AEF8404619F01DF85D
S21400FAA0374B2365204619F0E3FA19F012F804F5EF
S21400FAB0807883466946404619F0A5F8584619F0FE
S21400FAC00CF8009B012B18D8204600F06FFCBAF10A
S21400FAD0010ABDD1DFF8BCB0C4E71C22694638462F
S21400FAE0B047002383460793C5E718226946384681
S21400FAF0B047002383460693F5E718F0EAFF05F1C2
S21400FB0008070646294604F5847019F0B5FA05F18B
S21400FB101009394604F5867019F0AEFA494604F520
S21400FB20887019F0A9FA304618F0D7FF154B2365F0
S21400FB30204619F09DFA4946404619F0D7FA834602
S21400FB40C8B9114B2365114B6365204619F090FA2E
S21400FB502946404619F0CAFA834660B90C4B23651D
S21400FB604FF48E736365204619F082FA3946404694
S21400FB7019F0BCFA8346204600F018FC72E700BF76
S21400FB8030C80C0181E11C018CE11C81D11C0100F4
S21400FB90E11C81D900B3FFFF2DE9F8430646104665
S21400FBA00F4690461D461BF0B6F828B12946384643
S21400FBB0BDE8F8431BF099B82B69002B40F0AD80E8
S21400FBC000F0EAFB31780446FFF708FE18F081FFE4
S21400FBD004F5807608F110018146304619F04CFA9B
S21400FBE0484618F07AFF574B236540F28113636549
S21400FBF0204619F03DFA18F06CFF2946814630463B
S21400FC0019F03AFA484618F068FF4F4B236501236F
S21400FC102046636519F02CFA4C4B236519F028FA38
S21400FC2018F057FF05F108018146304619F024FA0E
S21400FC30484618F052FF464B2365204619F018FA3E
S21400FC4018F047FF08F108094946054604F5827092
S21400FC5019F012FA284618F040FF3E4B236520465E
S21400FC6019F006FA18F035FF41460546304619F0F9
S21400FC7003FA284618F031FF374B2365374B636588
S21400FC80204619F0F5F907F11001304619F02EFA62
S21400FC90054600283BD1324B2365204619F0E8F98B
S21400FCA0304B236519F0E4F92F4B236519F0E0F982
S21400FCB02E4B23654FF48A73636519F0D9F92C4BE4
S21400FCC0236519F0D5F93946304619F00FFA05467E
S21400FCD0E8B9284B2365284B6365204619F0C8F918
S21400FCE018F0F7FE49460546304619F0C5F928468D
S21400FCF018F0F3FE214B2365214B6365204619F06F
S21400FD00B7F907F10801304619F0F0F90546204624
S21400FD1000F04CFB2846BDE8F88328461AF0FBFFA7
S21400FD2008B1414643E72B69002B3FF449AF012158
S21400FD3005F110001AF064F800283FF441AF114DA9
S21400FD40E8E700BF8184E11C83D91C83E11C8101A4
S21400FD5082D11C01C81482019983D91481E11C0147
S21400FD608CE11C01811C8401D91C830191D11CE00B
S21400FD70D814140181CB1481D11C820181E11C842A
S21400FD80E214010080B0FFFF2DE9F04788B09046EE
S21400FD9005460F4600F000FB2978DFF8549104462C
S21400FDA0FFF71CFD18F095FE04F5807608F11001AB
S21400FDB00546304619F060F9284618F08EFE40F2E7
S21400FDC08313C4F850902046636519F051F918F073
S21400FDD080FE08F108010546304619F04DF9284620
S21400FDE018F07BFE4FF0010A354B23652046C4F819
S21400FDF054A019F03DF907F11001304619F076F9D4
S21400FE000546002854D12F4B23654FF4867363654F
S21400FE10204619F02DF918F05CFE4146054604F51B
S21400FE20887019F029F96946304618F0ECFE284625
S21400FE3018F053FE244B2365244B6365244BA365BF
S21400FE40204619F015F9234B2365234B636519F0FB
S21400FE500FF9224B2365224B6365C4F858A019F0AE
S21400FE6007F93946304619F041F9054600BB1D4BE7
S21400FE7023651D4B6365204619F0FAF818F029FE35
S21400FE8069460546304618F0B6FE284618F025FEA8
S21400FE90164BC4F8509063654FF48A73A3652046EA
S21400FEA019F0E6F807F10801304619F01FF9054683
S21400FEB0204600F07BFA284608B0BDE8F08700BF71
S21400FEC0821CC00C91D11CC0C00C81E11C82DC0CD1
S21400FED081148401E11C81C80C0C8101D20C848B36
S21400FEE0D91CE01484E21482D11C8301C00C82D396
S21400FEF08182D11C2DE9F047A2B00E46054600F0DF
S21400FF004BFA15F8041B044606F11007FFF766FCCB
S21400FF101C22002103A823F077F94FF00108394688
S21400FF200AA80DF16809CDF8088019F02CF92946C1
S21400FF3012A819F028F912AB0AAA02A9CDF8009067
S21400FF402046FFF767FC18F0C4FD4946054604F551
S21400FF50867904F5827018F04EFE06F1080A3146DE
S21400FF60484619F089F8514604F5887019F084F867
S21400FF70284618F0B2FD134B2365204619F078F892
S21400FF80114B236519F074F8104B236519F070F8BF
S21400FF900F4B236519F06CF8514604F5807019F084
S21400FFA0A5F858B93146484619F0A0F830B92046A9
S21400FFB000F0FCF94146384619F039FE22B0BDE89B
S21400FFC0F08700BF8AD11C0181D91C0183D11C0196
S21400FFD081E11C0110F1860F06D038B19330044839
S21400FFE008BF6FF06F0070476FF07100704700BF7A
S21400FFF0009FFFFF70B58CB004460D4616460021E4
S21401000022220DF10E0023F0FFF84FF41053ADF845
S2140100100C302CB323681BB315B39B79022B1AD073
S214010020042B20D14FF48073206CADF80E304C2198
S21401003098B9012019F057FDC0B120640C4B00930C
S214010040206CF3082A4603A900F09CFD0CB0BDE81D
S2140100507040FFF7BFBF8023E6E703F031F9EDE715
S21401006004480CB070BD6FF07100FAE70248F8E77B
S2140100700002C003009FFFFF809EFFFF10B550B136
S214010080046844B139B1006C28B100F0B9FDBDE88F
S2140100901040FFF79FBF014810BD00BF009FFFFF44
S2140100A007B578B102686AB1006C58B151B1002346
S2140100B00193102201AB00F00DFE03B05DF804EBD6
S2140100C0FFF788BF014803B05DF804FB009FFFFF00
S2140100D02DE9F04190B0DDE916870D4614461E461F
S2140100E080B379B373B36FB38379022B06D0042B35
S2140100F025D06FF0710010B0BDE8F081802A21D1C3
S214010100202200210DEB0200069123F07DF84FF42A
S2140101101053ADF81C3006AB04931023CDE90273DF
S214010120CDE90068084BADF81E40E208294607A84D
S21401013000F0D8FC10B0BDE8F041FFF74BBFB2F5B8
S214010140807FDCE70148D6E70002C003009FFFFF7F
S214010150012908B50BDC074B074A00290CBF1146DD
S214010160194600F0B3FABDE8084019F032B86FF04E
S214010170730008BD08000002090000022DE9F74FD0
S2140101800F9D0190F520164695F800B0DDF83490E5
S2140101900F469A4600F024F900230446036008221D
S2140101A043600E9904F1800818F05EFD294640462A
S2140101B018F0E3FC0BF0070B2A780BF1010B002378
S2140101C002F00702CBF1100019462A7028445A465D
S2140101D023F01AF8294604F1840018F0CEFC052312
S2140101E0A360109BF34200F08780102B11D086B1DC
S2140101F0C3F11002B24228BF32460F3339462B44B0
S214010200D01911F801CB03F801CF8142F9D1174477
S214010210B61A05F1100104F18C0018F0AEFC592352
S214010220A3600523A3604623A360B6B1002326631B
S2140102306363514B2365012363650F2E53D8002357
S214010240C5E90033C5E90233FA5CEA5401339E423C
S214010250FAD82946404618F090FC0023C4F830909E
S2140102606363019B002B4AD0444B2365444B636573
S214010270444BA365444BE365012323660026B9F18D
S214010280000F1ED0B9F10F0F4BD8C5E90066C5E9BE
S214010290026600231AF80320EA5401339945F9D17E
S2140102A02946404618F069FC2946404618F084FC69
S2140102B00C9B33B100230C99EA5CCA54013399456F
S2140102C0F9D12946404618F077FC204600F092F80E
S2140102D0019B002B47D11A4612998B4245D1002A21
S2140102E03DD02C203CE03946404618F048FC103EF4
S2140102F007F11007A1D1B0E74623A360ADE7234B72
S214010300236503F1BC4303F5262303F64D436365DA
S21401031003F12243A3F5C053A3651D4BE3651D4BB3
S214010320ABE75146404618F02AFC0C9BA9F1100990
S2140103300AF1100A3BB11946404618F03FFC0C9BE7
S21401034010330C939BE72946404618F035FC96E798
S2140103501199EA5CCA540133129A9342F8D10020EB
S21401036003B0BDE8F08F0023F6E71198E95CC05CA6
S21401037041400A430133AFE770590546F8704559C5
S21401038005460348055163FB04480559F80348052B
S21401039046FB044805590100024B03480122C3F8F5
S2140103A0002670470010C84300000F40094B9842D2
S2140103B00ED003F58063984209D10122064B03EB68
S2140103C0C2035A68054B13449B0000221A6070470B
S2140103D00022F3E700000F40BC4803008005F2103E
S2140103E0024B03480122C3F8002670470010C84399
S2140103F000000F40044B984203D003F580639842F7
S21401040001D1FFF7D3BF704700000F4070B5114C04
S214010410114E0A25236843F4807223F48073226008
S21401042030462360FDF7C4FC0023800A62680AB9DF
S21401043083420AD1636853B9013DEBD1236823F0A7
S214010440010323606FF0920070BD0133EEE70020D8
S214010450FAE700BF00D00140700002002DE9F04F1E
S21401046085B0634D0092634AD2F8C03043F400333E
S214010470C2F8C0302B68DC0781468A4616D50024B0
S2140104805B4D4E46D04627464FF00A0BB8F1000F9B
S2140104902BD144B114F1940F05D0424600214846B1
S2140104A022F0B2FE0027009B1F601AE040F2716343
S2140104B02B60FFF7ABFF044698B96B68032BFCD99A
S2140104C0D5F800312B61D5F800316B61D5F80031D4
S2140104D0AB61D5F80031EB61FFF798FF04460028C1
S2140104E0CDD0204605B0BDE8F08F6C68A40005D0DD
S2140104F02B6B13F45C7F12D1002437E03E48FDF7E6
S21401050057FCC00A844205D16B68002BF0D16FF00E
S2140105109304C8E76B68002BF6D10134F2E7D805DF
S21401052014D523F480732B636B6853B9BBF10107B1
S214010530EDD04E46D0466FF093040022BB461746D8
S214010540A4E7D5F800310393039BEDE70193FFF78A
S2140105505DFF044620B9019B13F41C7FCCD0E5E770
S21401056010F1930F99D010F1940FDFD06B686A6881
S2140105709B00434528BF4346B107324634D123F09A
S21401058003013144914212D103F0030149B11848E5
S214010590D0F80001114402F8010B8A424FEA1020FC
S2140105A0F9D1FA181E44A8EB03085F46C6E7D5F84A
S2140105B0000142F8040BE5E7DCF8001102F8041C20
S2140105C04FEA112E02F803EC4FEA114E090E02F81B
S2140105D002EC02F8011C0438032802F10402EBD8ED
S2140105E023F003023244CFE7DFF804C01846F3E7EE
S2140105F000D0014000400E40700002002DE9F04797
S21401060088B00746884615461E46FFF7C5FE0446CF
S21401061007F17E400838012850D8042323600023C0
S2140106206360E364626822F4406262606A46236340
S21401063091466363A8F1040308F11C0853F8041FEC
S21401064009BA434542F8041BF8D118F042FA494664
S214010650074604F5827018F0CEFA384618F03DFACF
S214010660184B2365109BDFF8609005EB831704F5A4
S214010670D27A18F02EFA29468046504618F0CBFA60
S2140106804035404618F029FABD42C4F85090F0D1E2
S21401069018F01FFA3146054604F5807018F0B3FAD3
S2140106A0284618F01AFA2046FFF780FE331F1C363C
S2140106B053F8042F12BAB3421A60F9D108B0BDE854
S2140106C0F08700BF888AC801070D810138B50D463D
S2140106D00446A8B16C22002122F096FD0B4B9D42E8
S2140106E011D10B4B04F10C0203F1200153F8040B5A
S2140106F042F8040B8B42F9D1044B2360002038BD2D
S2140107006FF08600FBE76FF08500F8E7090000024E
S214010710CC4803002DE9F74F0E461546044600283F
S2140107206FD049B9002A6CD10268394B9A426BD115
S214010730002003B0BDE8F08F0268354B9A4263D1C2
S214010740002DF5D0436803F03F075B19436022BFD5
S2140107508368013383604FB93F2D20D804F12C0004
S2140107602A463146384422F05AFDE1E7C7F14009EE
S2140107704D45F3D300F12C084A4608EB070022F05A
S2140107804EFD0122009204F10C03403D20684246D2
S21401079019463D44FFF732FF3F2D4E4410D9B307AB
S2140107A04FEA951210D1009204F10C0320683246EC
S2140107B01946FFF723FF25F03F031E4405F03F05CA
S2140107C0002DB5D00027C9E7374606EB821804F19D
S2140107D02C0B04F10C094FF0010A5B4607F14002AD
S2140107E057F8041B43F8041B9742F9D1CDF800A033
S2140107F020684B465A464946FFF700FFB845ECD1FC
S214010800D9E76FF0860094E76FF0880091E700BFA4
S2140108100900000273B50D461E460446002852D054
S2140108205BB9002A4FD122682B4B9A420CBF6FF05E
S21401083089006FF0880002B070BD0029F1D0016810
S214010840254B994242D11F2A43D94268D3008DF8DD
S214010850073053098DF80630530B8DF80530530DCC
S2140108608DF804308368D90001EB52718DF80310BE
S21401087002F03F025909372A8DF802104FEA533128
S2140108808DF801104FEA535394BFC2F13802C2F1FA
S214010890780212498DF80030FFF73CFF0028CAD1D4
S2140108A0082269462046FFF735FF0028C3D12023DA
S2140108B0336004F10C032C3453F8042B45F8042B55
S2140108C0A342F9D1B7E76FF08600B4E76FF088006E
S2140108D0B1E76FF08900AEE709000002ED480300BA
S2140108E02DE9F04F91B00546BDF870909DF87470F3
S2140108F092469B460E46002900F0BB8001F1FF3868
S2140109004FEA1818FFF748FD09F1FF330F2B04468D
S21401091000F2D880BAF1000F00F0D480BBF1100FBE
S21401092003D0BBF1200F40F0CD8018F0D2F80023A1
S214010930236023636363654B23656549029004F175
S214010940840018F01AF9BBF1100F14BF1023082306
S2140109501A4651462046019318F086F95D4B2365E9
S2140109605D4B63655D4BA3655D4BE3654FF4C173FA
S214010970236623699A07FCD106F00F03C3F110031F
S2140109805FFA83FBBBF1100F04A901D1002E72D1CF
S21401099004F1800018F010F9029818F09EF8102261
S2140109A0002108A822F030FC4FEA0813A6EB081233
S2140109B005EB081108A8029322F031FCBBF1100FD9
S2140109C05CD010ABA3EB0B028021BBF1010F02F848
S2140109D0101C08D0CBF1110008AB0BF1FF3200213F
S2140109E0184422F011FC08AA04A80423116850F840
S2140109F0046B013B81EA060142F8041BF6D118F0AC
S214010A0068F8236B019A039043F010032363514661
S214010A10204604F1800818F027F91A99404618F084
S214010A20AEF8029B2B449A4604F1A00B40F2051641
S214010A30AA452ED108A9584618F09FF840F205138A
S214010A40236523699B07FCD10CA9404618F0B4F82E
S214010A5037B31B984A460CA922F0E1FB0025039800
S214010A6018F03BF82046FFF7A1FC284611B0BDE878
S214010A70F08F884646E704F188008BE7002EB2D156
S214010A805A46314608A822F0BFFB80238DF8203055
S214010A90A9E72946584618F072F810352665C7E7C3
S214010AA01B9B0CAA994413F8011B12F8010B9945DC
S214010AB081EA000147EA0107F5D1002FCED06FF099
S214010AC09405CCE76FF08605CFE700BF30820100C2
S214010AD030490300F50536F024FC31FE3683362412
S214010AE0FC31FE362DE9F04389B00E46DDF8408034
S214010AF0149FDDE91291002839D0002E37D0B8F1C5
S214010B00000F34D0B9F1000F31D081B37FB3048820
S214010B10B4F5105F2ED14488E408182C2AD0202C76
S214010B2001D0102C23D1944221D1154A23F47E10F2
S214010B3090421FD113F47C1FC3F3054508BF10254F
S214010B408D421AD804AB10220021184622F05CFB15
S214010B500122CDE90252CDE9000911992346324618
S214010B604046FFF7BDFE3D6009B0BDE8F0836FF07B
S214010B708600F9E76FF08500F6E76FF08900F3E786
S214010B800002C0032DE9F041DDF818800C46174637
S214010B901E46054630B329B302B91BBB4C220021C1
S214010BA0284622F031FB2388B3F5105F09D108F0FF
S214010BB0FE43B3F1407F15D1104B28F47E129A42C2
S214010BC003D06FF08500BDE8F0816488C5F8008029
S214010BD0E208B2426A6205D8182AF2D0202A04D066
S214010BE0102A02D06FF08600EDE7B242FAD13946FC
S214010BF0281D22F014FB0020E5E700BF0002C00319
S214010C002DE9F74F0D461646044600285DD051B92A
S214010C10002A5AD103682E4A23F47E13934244D005
S214010C206FF088001DE00368294A23F47E1393427F
S214010C30F6D1002E39D0806CE8B1C0F11002B24274
S214010C4019D23830204422F0EAFA04F12802009240
S214010C50616A04F13803201D18F0CFFB20B16FF054
S214010C60920003B0BDE8F08FA36CA064C3F110023C
S214010C70103E15441E4406F10F084FEA18182F4679
S214010C804FF0010904F1280A04F1040BC1450ED303
S214010C903544ED1B09D0A06C38302A46394620442D
S214010CA022F0BDFAA36C2B44A3640020D9E7CDF84B
S214010CB000A0616A3B465246584618F09EFB002843
S214010CC0CDD1103709F10109E0E76FF08600C8E7DA
S214010CD00002C0037FB51D4608B301B3FAB1F3B1F4
S214010CE00368154C23F47E16A6421BD113F47C1F11
S214010CF0C3F3054408BF1024944216D80123CDE956
S214010D00024300F1280301910093436A816C021D9E
S214010D103830FFF7E5FD58B92C6004B070BD6FF0B0
S214010D208600FAE76FF08800F7E76FF08900F4E7CE
S214010D306FF09200F1E700BF0002C0037FB5094BD8
S214010D406A4603F11006154618685968144603C426
S214010D500833B3422246F7D12846FDF721FF00208B
S214010D6004B070BD4049030070B5184B86B001AAA7
S214010D7003F11006154618685968144603C408336B
S214010D80B3422246F7D11B882380114BD3F8B420F7
S214010D90120316D5A3F500434FF6FF721B88934244
S214010DA008BF4FF4A6730B48ADF80A30FCF766FA95
S214010DB02846FDF7BBFA3220FDF7EEF8002006B014
S214010DC070BDD3F8B830C3F30803ECE7504903000D
S214010DD00081E00F00F0490207B5084B1868019042
S214010DE0202301A88DF80430FDF7E0FA3220FDF744
S214010DF0CDF8002003B05DF804FB00BF6249030094
S214010E0010B50C480C4C6FF00403A02113F0800FB2
S214010E1003F1010207D12344332A83F80013134652
S214010E20F4D1002010BD03F00F03043B03441976F0
S214010E301346EBE700ED00E000E100E010B50446E4
S214010E4017F047FE024B1C6017F047FE002010BD4E
S214010E503812002010B517F03CFE034B1C6817F043
S214010E603CFE204610BD00BF38120020034B186818
S214010E70002380680222194616F094B9140C00204B
S214010E8030B5144687B00546104618F0BAFB6369BC
S214010E9083423CBFD4E903315B181B1A02467BB17F
S214010EA00F4903910021CDE90131012304940093F8
S214010EB0D4E90013284617F0EDFD002007B030BD39
S214010EC00122627694F82D20002AF6D084F8353077
S214010ED01321E36920469847636A20469847ECE762
S214010EE0810E01002DE9F04788B004460F461646EC
S214010EF0984617F0F5FD8146002E7BD0237E03F041
S214010F00FF02002B00F0A380204618F07AFB6569EB
S214010F10A84205D1637ED4E9033213445D1B01E088
S214010F20F9D9451BB54228BF354617F0D9FD94F8C7
S214010F302D308246002B6ED161692A46384622F052
S214010F406EF963692B4463612E4621E0037803F052
S214010F50FD0111295CD1216B814205D1A3F111015B
S214010F604B424B4184F83430013E6369216B8B421E
S214010F7003F1010308BF236363610132954260698F
S214010F80E4D1D4E90323216B1344994200D12263AF
S214010F90D4E903236169207A134499424FF000058E
S214010FA008BF62616576FCF743FC204618F029FB12
S214010FB06369834232D194F82D302576E568656100
S214010FC003B12563636A20469847224B03930023A7
S214010FD004940293236901930123009363682168B3
S214010FE0207A2A4617F056FD207AFCF741FC504637
S214010FF017F07CFD4846C8F8006017F077FDD8F872
S2140110000030002B0CBF1B20002008B0BDE8F08785
S21401101007F8013BA9E72E460022AFE70123237616
S214011020207A0DF11E01FCF78BFC9DF81E30002B7B
S214011030DAD00DF11F01207AFCF75AFC9DF81F103B
S2140110400029D1D1207A2246FFF71AFFCCE71646AF
S214011050D0E700BF810E0100002807DB044A4109E2
S214011060012300F01F00834042F82130704700BF83
S21401107000E100E0002808DB4309044900F01F00F6
S21401108001226033824041F82320704700E100E0EE
S21401109070B504460568FFF7DDFE844202D10020E4
S2140110A0FFF7CCFE95F936603046FFF7E3FF002EDA
S2140110B00CDB7309194906F01F0620330122B240E2
S2140110C041F82320BFF34F8FBFF36F8F95F9376039
S2140110D03046FFF7CFFF002E0CDB73090F4906F0F1
S2140110E01F0620330122B24041F82320BFF34F8F61
S2140110F0BFF36F8F287AFCF7DBFB287AFCF73CFB03
S214011100FCF718FB0023C4E90033C4E90433A360E9
S2140111102846AB6ABDE87040184700BF00E100E012
S2140111202DE9F0430C461546064687B040220021BD
S21401113020461F4622F068F8002395E803002A6936
S2140111402376EB68E360C4E904232A7D84F82C2027
S214011150AA7D2363012384F8343084F835300E9B4E
S214011160236284E803000F9B6362109B84F82D20A2
S214011170E761A3622B7A84F836306B7A84F83730CD
S2140111802D4B73602D4BB3602D4B33612D4B34606B
S21401119073612D4BF360FCF715FB38B12B4B98426E
S2140111A004D01024204607B0BDE8F083002104F1E6
S2140111B00800FCF78FFA07460028F2D1244B336269
S2140111C04FF00108234B84F83C80B361224BF36156
S2140111D09DF8483084F83B309DF8443084F83A3026
S2140111E0697D84F8390084F83880204618F01AFAA8
S2140111F095F909904846FFF73DFF4846FFF72CFF53
S214011200164B0494CDE902732369CDE90083636824
S214011210E2682168207A17F03DFC04460028C0D118
S21401122095F908502846FFF725FF2846FFF714FFD3
S2140112303046FFF703FEB5E775960200E50E01009E
S214011240F1950200F795020091100100038000F06D
S214011250CB95020025960200FD950200810E010045
S2140112602DE9F04186B01C46524B0C9D0293524B21
S21401127001930126514B0093CDE90366504B9046EE
S2140112800A462946FFF74CFF0746002856D1236831
S2140112902B6463686B64637A85F84930237A85F832
S2140112A04830E37A85F84B30A37A85F84A30637B79
S2140112B085F84D30237B85F84C30E37B85F84F303D
S2140112C0A37B85F84E303F483146FCF71FFC3E486D
S2140112D03146FCF71BFC617A207A33460422FDF77F
S2140112E0EDFC33460222E17AA07AFDF7E7FC60685E
S2140112F03146FCF70BFC88F800704146206817F071
S2140113006AFD2268536F43F003035367936F617C52
S21401131023F4F85323F01F0343EA0123A17C0B4374
S21401132093670323536785F8507098F81920202A8D
S21401133028D007D8E2B1102A38D02327384606B07D
S214011340BDE8F081302AF8D185F85030022200231A
S214011350617B207BFDF7B2FC2368E27CDA675A6E7C
S21401136042F004025A665A6F42F010025A6766B992
S2140113702A6C2068D36C43F00403D364052117F06C
S21401138023FDDBE7022385F85030E17BA07B0023B9
S2140113900422FDF793FC2368217DDA6F42EA0122DD
S2140113A0DA675A6F42F020025A67E1E733463E4653
S2140113B0CAE700BFA1970200959702002D98020088
S2140113C0219802004041050000350A00BFF35F8FF7
S2140113D0074B5A6A22F480325A62D3F8942022F0DC
S2140113E00102C3F89420BFF34F8FBFF36F8F70478E
S2140113F000ED00E0F0B5374D37493848002387B097
S214011400CDE90333FFF7E2FF2C68354B4FF000526E
S214011410C3F89840661CC3F89C208142314AC3F841
S214011420A0202E6041D005AB019304AB0A1A0093AD
S21401143003AB18F051FADDE90372059BDFF8A8E06B
S214011440072BA2EB01024FF001018CBF4FEAD30C30
S2140114504FF0200CB2FBFCF201FA02F2013AD2B2D2
S214011460AEEB070EC01BB3FA83F3BEFBFCFEB0FB6C
S214011470FCF08E44814002FA0EF20139C3F11E03DC
S21401148011435B0001F0FF0103F03E0343EA012331
S214011490134A43F0407343F001130234C2F89860D4
S2140114A0C2F89C70C2F8A0302C60BFF35F8F0C4B63
S2140114B00522C3F894205A6A42F480325A62BFF376
S2140114C04F8FBFF36F8FBFF34F8FBFF36F8F07B091
S2140114D0F0BD00BF3C120020240D00200C0D0020A2
S2140114E000ED00E039000113230D0020BFF34F8FFC
S2140114F00549064BCA6802F4E0621343CB60BFF3AA
S2140115004F8F00BFFDE700BF00ED00E00400FA05C5
S214011510054B1A782AB95B78002B0CBF03200220F2
S21401152070470120704700BF4B1F00200329F8B504
S21401153098BF134B054698BF5C5C0E4688BF0024D7
S214011540032805D8DFE800F002080B0E44F0020479
S2140115500C4B1F684FB9F8BD44F00804F8E744F097
S2140115602004F5E744F08004F2E77B681A68144229
S21401157003D05B683146284698473F68EAE700BFD4
S214011580664903006C12002038B5104D2B78ABB1BC
S2140115900F4C23781BB118F0D1F9002323700020DB
S2140115A018F0CDF90B4C50B100F0DEFA002320788C
S2140115B02B700121FFF7BAFF0123237038BD064BBC
S2140115C001221A70054B22781A70F7E7471F002090
S2140115D0451F00204D1F0020481F0020491F0020E6
S2140115E010B517F076FA064B1B7804461BB1BDE81A
S2140115F0104017F072BAFFF7C7FF2046F7E700BFA3
S214011600441F0020094A137830B101331370084B88
S2140116101B78012B03D87047013B13707047054BAD
S2140116201B780BB9FFF7B0BF704700BF4B1F0020F8
S2140116304D1F0020481F002070B5144E17F049FAC0
S21401164033780546ABB900F0CBFB044620B12846FB
S21401165017F043FA204670BDAFF300800C4817F030
S214011660AAF900F0C5FE0B4B1C6000F085FC0A4B86
S214011670186000F0EFF918F064F9084B18600123C0
S21401168028463370002417F028FAE3E74E1F00209F
S2140116906C12002040120020681200204412002024
S2140116A02DE9F843284A0138135C39B1274F3978B8
S2140116B001330129135404D8BDE8F883013B1354C0
S2140116C0FAE7FFF725FF0128044635D8DFF88880BA
S2140116D017F0FFF998F80030054613B31C4E33781F
S2140116E01BB9012232701B4A1370DFF8709099F80B
S2140116F0003023B118F022F9002389F8003028467B
S21401170017F0EBF9012018F01AF917F0E2F933781F
S21401171005461BB100F028FA00233370002388F831
S2140117200030284617F0D9F938788442C4D02146CB
S214011730FFF7FCFE3C70BFE70329F5D10228F3D181
S21401174000F05EFAF0E700BF4B1F00204D1F00209F
S214011750441F0020481F0020471F0020451F00206F
S21401176038B517F0B6F9094B1B78012B054604D896
S21401177017F0B3F90024204638BD054B1C6800F06D
S21401178031FA0444284617F0A8F9F4E74D1F002063
S2140117904012002038B54160044617F09AF92146F8
S2140117A00546044817F00AF92846BDE8384017F000
S2140117B094B900BF6C120020054B1B68584300F516
S2140117C07420044B00F23F20B0FBF3F0704700BFDB
S2140117D06812002040420F002DE9FF47EFF3108703
S2140117E072B6AFF3008016F06DFF002871D0714E0F
S2140117F0DFF8E481337823B10020FFF703FF0023ED
S2140118003370FFF785FE0446002869D0841EE4B2D3
S214011810012C6CD9FFF77CFE0128674CDFF8BC91E0
S214011820054600F28E802078A84205D099F800304F
S214011830002B00F0B2802570207800F0BDF999F8F1
S214011840003013B15D4B1B782370AFF3008007B9EE
S21401185062B6EFF3108772B6594B1A7852B100226E
S2140118601A70564B20781B78984203D101212170BB
S214011870FFF75CFE534800F0EDFA16F032FF05461E
S2140118800028B7D1DFF8588198F80030A3B189F85D
S2140118900000DFF8409199F800301BB118F04EF8BF
S2140118A089F80050002018F04AF8002879D000F096
S2140118B05BF9002388F80030337823B10020FFF766
S2140118C0A1FE0023337020780021FFF72FFE0023AE
S2140118D02370AFF3008007B962B604B0BDE8F087A5
S2140118E03378002B96D0FFF78DFE347092E703A96C
S2140118F0002000F0FDFA044600288BD1D8F800300D
S214011900039A9A4205D80120FFF77CFE0123337023
S21401191080E72D4B1D6800F065F9039B05449D4249
S214011920F1D200F083F982000399264842F00202C0
S21401193092B2CDE900422346244A491B18F008F822
S21401194068E7DFF89CA09AF80030CBB917F0F3FFF0
S2140119502078854203D099F80030D3B125709AF8E3
S2140119600030002B7FF468AF194B1B7823B917F0B2
S214011970E4FF184B01221A7001238AF800305BE756
S214011980207885423FF458AF99F80030002B7FF459
S21401199052AF2946FFF7CAFDE0E72946FFF7C6FD25
S2140119A049E7012000F008F907B962B6EFF310879E
S2140119B072B677E7461F00204D1F0020491F002002
S2140119C0421F00204812002040120020E1150100AD
S2140119D04A1F0020451F002044120020481F0020F7
S2140119E0471F002010B517F074F8054B00221C782D
S2140119F01A7017F072F800F015FC2043C0B210BD43
S214011A00431F002073B5114E3378834204460ED02F
S214011A1000230F4DADF8043058B101A8FCF702FEC3
S214011A201E20FFF7C9FE2B681B1A2B60347002B00C
S214011A3070BD022301A88DF80530FCF7F3FD1E20CA
S214011A40FFF7BAFE2B680344EFE700BFEF0C002058
S214011A507412002073B52D4C002501A8636A636AD1
S214011A608DF80450FCF7ECFE2846FFF7CBFFD4F8C0
S214011A70903003F00403AB42254B14BF01222A46E3
S214011A801A70D4F89030234CC3F30033237005D07A
S214011A904FF41670FFF790FE1F4B186023781F4D0A
S214011AA0EBB11120FCF784F91849D1F80031C3F3E2
S214011AB0042303FB000292B14C6C194EC4F30B4491
S214011AC0002301341946501E04EB8404E4FB06018E
S214011AD015F07CF8FFF770FE2B6803442B60114B62
S214011AE01B680120C3F303239840C0F1010000EBFB
S214011AF080006430FFF760FE2B6803442B60034BC5
S214011B00D3F89020084B1A6002B070BD00400E401A
S214011B10511F00204F1F00207C120020741200204D
S214011B2040420F00002004407012002008B50B4B05
S214011B301B7893B1022000F027FC70B100F008FA80
S214011B4058B1002201210220FCF7C6FA17F084FFE3
S214011B50034B1860034B01221A7008BD511F002069
S214011B6078120020501F002038B50E4C0E4D2378F9
S214011B702BB92B781BB117F06FFF0C4B186017F0C1
S214011B8009F92B786BB10A4AD2F890301B07FBD5BE
S214011B9017F062FF054B1B68C01A064B186000233E
S214011BA0237038BD501F0020511F002078120020DE
S214011BB000400E407C12002002280AD003280BD0D9
S214011BC001280CD1064A136923F00403136130BFC0
S214011BD070470020FCF738BD0020FCF76BBD70474E
S214011BE000ED00E0044B1B680BB103EBD303034A83
S214011BF010681844704700BF7C1200207412002041
S214011C00084B45F60E02D3F88011C3F88021064A28
S214011C10126802F4A0721A66CA0744BF0022C3F80B
S214011C208021704700400E4070120020014B18784A
S214011C30704700BF511F002038B500F043FB094C28
S214011C40094B1A6823680025C31A2AB123B15169C2
S214011C50994203D3C91A5161206038BD55615B1A98
S214011C609268F2E78412002088120020C38870B5BB
S214011C7004460D463BB9FFF773FD8542064602D280
S214011C8017F04DFE35460E4965610B688BB90C6041
S214011C90A3600DE0AD1A9A68656118466AB11346ED
S214011CA05A69AA42F6D930B18460521BA3605A61C0
S214011CB070BD0020F4E70C60F7E79C60A260F7E7D0
S214011CC08812002038B5134D2B685B6993B1124A10
S214011CD0146802201C4400F029FB204600F0F8FAA4
S214011CE00E492A6800230B70D088800709D5012386
S214011CF00B7038BD022000F019FB022000F03CFBFF
S214011D00EEE79268002AF4D050690344012BEBD920
S214011D10EFE700BF8812002084120020531F002026
S214011D2070B516469DF814200271049A0260C0E947
S214011D3003360022BDF81830826004460D46C38083
S214011D40EEB900F0BFFA2844A0619DB12E4616F008
S214011D50C0FE0546FFF770FF31462046FFF786FFB7
S214011D60104B1B68A34201D1FFF7ACFF284616F0C3
S214011D70B4FE02E0E36865617BB9002070BD00F047
S214011D80A1FA3044A061002DE0D1E3686561002B23
S214011D90DDD0216820469847D9E721682046984734
S214011DA0EBE700BF881200200C490B6800227BB1CC
S214011DB083420AD183687AB1936083681BB15A69FA
S214011DC041690A445A61002070471A469B68EEE74B
S214011DD00028EFD0022070470B60EEE78812002043
S214011DE070B5154E16F07CFE34780546FCB9134BDB
S214011DF01C60134B1C60134B1C8000F01FFA012063
S214011E0000F094FA00F0E8FA0F4B0246186020B989
S214011E10284616F06BFE232070BD23460B4840F281
S214011E20E73114F0D3FE0A4B1860012333702846BD
S214011E3016F05CFE0020EFE7541F002088120020F9
S214011E4084120020DC1E00208C12002018FCFFFFEC
S214011E508012002070B5044640B316F03AFE144EC8
S214011E600546FFF7E9FE3068A04209D02046FFF795
S214011E709BFF0446B0B1284616F02FFE204670BDE3
S214011E80FFF792FF04460028F5D133683BB90220DC
S214011E9000F05AFA284616F020FE0024EEE7FFF777
S214011EA011FFF7E73368002BF4D1F0E72224E5E7CA
S214011EB08812002038B50C460546A8B1A1B100230A
S214011EC00B7016F00DFE094B1B68012133B916F095
S214011ED00DFE002038BD9D4204D121702278002AD3
S214011EE0F9D0F4E79B68F1E72220F3E78812002097
S214011EF0F8B506460F4616F0F3FD134B1B6804466D
S214011F00002523B9204616F0F1FD1B2011E05A6981
S214011F101544DA88B2420DD10C4E00F0D3F933687D
S214011F20C01AA8420AD3002320463B6016F0DEFD05
S214011F300020F8BDFF2EEFD09B68E2E700F0C2F963
S214011F4033682B441B1AEFE7881200208412002006
S214011F5008B5074B187848B117F07EFD054B1B688E
S214011F609B69C01A02288CBF0020012008BD00BF53
S214011F70531F002088120020014B1868704700BFCD
S214011F808C12002038B5074B1D680446002140F22C
S214011F90E7304FF47A720023E5FB040114F016FED5
S214011FA038BD00BF8C12002000B58DB001238DF81E
S214011FB00F30FFF7E7FF0023CDE900330146074A5C
S214011FC00DF10F0304A817F0FEFC18B99DF80F30A9
S214011FD0002BFBD10DB05DF804FB00BF4B9902004E
S214011FE0F8B50C4B1B68834205460E460FD30A4BC9
S214011FF000241F6840F2E73021464FF47A7200232E
S214012000E5FB070114F0E2FD30602046F8BD212013
S214012010FCE700BF801200208C1200202DE9F04161
S21401202086B0984600230D4617468DF813300646AF
S21401203080B30DF11301FFF73DFF9DF813305BBB35
S21401204005A92846FFF7CCFF0446F8B9134B1868D4
S2140120504FF47A720023A5FB000114F0B7FDC2F518
S2140120607A7189B2B1F57A7FBDF83430F48308BF4E
S2140120700021B183059A02939DF830301146CDE9CF
S214012080008330463B46FFF74BFE0446204606B02B
S214012090BDE8F0812224F9E70224F7E78C1200203C
S2140120A0014B1868704700BF801200200F4B1A685A
S2140120B010B59AB1531E4FF47A711342A0FB010179
S2140120C00ED1B2FA82F2C2F11F04531CE040D24391
S2140120D001FA03F3184321FA02F20243104610BD37
S2140120E0002314F073FD0246F8E700BF8C120020AF
S2140120F0C2072DE9F84304460BD5474A1388013336
S2140121009BB21380FFF798FD444B1B680BB1FFF79A
S214012110D9FDA3077DD516F0E3FC0546FFF78CFD38
S2140121204FF000083D4F46463C680CB163698BB1E1
S2140121303B4B0022012E1A7003D118F0020F18BF74
S2140121401E70002C61D0FFF7BDFD2846BDE8F843A0
S21401215016F0CCBC23465A693AB91A7921799142CC
S21401216088BF1C469B68002BF5D1284616F0BEFC9E
S2140121702569DDB100F0A6F8A269A0EB02084FEAD6
S214012180E873A84573F1000311DB23691344A361C7
S214012190E368B4F80680013613B1216820469847F3
S2140121A016F09EFC0546FFF747FDBDE7A84616F06C
S2140121B097FC81462046FFF7F7FD484616F096FC49
S2140121C02369002BE4D0A38BB5EB080533B1E28B72
S2140121D013449BB2B3F57A7F0FD2E38316F080FCEB
S2140121E0294680462046FFF741FDA369226913442C
S2140121F0A361404616F07AFCCAE7A3F57A73E38337
S214012200A369013B013DA361E8E7022000F09CF8C9
S2140122109BE7BDE8F88300BFDC1E00208812002083
S214012220521F002010B516F05BFC034B1C7816F00D
S2140122305DFC204610BD00BF521F002010B51D4B8F
S21401224086B01868596803AA03C2197AD3F8090038
S21401225011700190B3F80D201748DB7BADF808200C
S21401226001218DF80A300024FBF750FC03A88DF8F5
S2140122700C408DF81040FDF7C3F801A901208DF838
S2140122800440FDF79DF80D4A536A23F4FF6323F0DB
S2140122900703536240F2FF73136201209460FDF757
S2140122A0A9F8074B4FF08042C3F880211A6006B0A8
S2140122B010BD00BF6A490300A009140000200440B5
S2140122C000E100E0014B9868704700BF0020044021
S2140122D010B5044616F0FDFB124A9368516D9269DB
S2140122E0520704D4CA1A032A01D899420DD1E21A18
S2140122F0022A98BFDC1C0B4BB4F1FF3F38BF013CF0
S2140123005C655A6A42F004025A6216F0E6FB064A17
S214012310137833B103490B6D43F002030B650023B9
S214012320137010BD00200440F00C00208207054AFF
S21401233000F00103516A48BF43F004030B435362A4
S214012340704700BF00200440820700F0010309D552
S214012350074A0121117007490A6D22F0030243F072
S21401236004030A6503494A6A22EA03034B6270477B
S214012370F00C002000200440830742BF014B0422DA
S214012380DA61704700200440064B01289B6904D09F
S214012390022805D1C3F38000704703F0010070479F
S2140123A0002070470020044010B516F099FB094A3A
S2140123B093690446590703F0010003F0070348BF79
S2140123C040F002001362FFF793FE2046BDE810407E
S2140123D016F08CBB002004400148FBF7E9BC00BFA7
S2140123E0A00914000148FBF7C5BD00BF0500240085
S2140123F00A4BD3F8883003F00703013B012B10B5D5
S2140124000BD816F066FB012104460220FFF748F9B7
S2140124102046BDE8104016F060BB10BD00400E40DF
S21401242010B50446FAF712FF0B4BA0F57A729A42E2
S21401243010D84FF47A735C43B0FBF3F0074BB3FB51
S214012440F0F3B4FBF3F0032804D9BDE8104080088C
S214012450F9F75EBA10BD00BFFFC99A3B40420F00B4
S2140124604FF0005302221A60BFF34F8F0549064B07
S214012470CA6802F4E0621343CB60BFF34F8F00BF1C
S214012480FDE700BF00ED00E00400FA05024A03493B
S214012490034807F031B800BF7C490300A049030098
S2140124A0F8490300044B1B68584043085B4240420E
S2140124B01843C017704700BF90120020F8B50E46AB
S2140124C0C9880546144617F03EFB0746D0B9204694
S2140124D0FFF7E8FF104B31681A68B5F9043042403F
S2140124E023EA0203B6F90420024013430446AB80F4
S2140124F0F2880346286800F00DFAF388E888E4437A
S214012500834201D33846F8BD296851F8232022407A
S21401251041F823200133F3E7901200202DE9F04F14
S21401252099B083460F46184600211646049317F0C5
S21401253067FC002800F08781784B1493002401255E
S21401254015AB049913933046CDE90B45CDE90D45FE
S214012550CDE90F45CDE9114517F0DBFBA04228DA9E
S214012560BBF1000F05D1E7B90024204619B0BDE83C
S214012570F08F2146584617F05AFB04460028F2D041
S2140125800BA817F0D2FA0DA817F0CFFA0FA817F07C
S214012590CCFA11A817F0C9FA0C2115A800F090FE84
S2140125A0E3E73146384617F00DFB04460028E7D12D
S2140125B0DAE731460BA817F005FB04460028DFD101
S2140125C004990DA817F0FEFA04460028D8D1F18820
S2140125D0ADF8385002310FA8ADF8305017F0B3FA05
S2140125E004460028CCD101460FA817F020FB04466C
S2140125F00028C5D1F18811A8023117F0A4FA0446C3
S2140126000028BDD10DA817F03EFB00F01F001F28C3
S21401261073D0C0F11F0319460BA8019317F053FBA3
S21401262004460028ACD101990DA817F04CFB0446CE
S2140126300028A5D1BDF83250BDF83A80A5EB080AAE
S2140126404FEA4A1949460DA817F03DFB04460028F3
S21401265096D14FEA8A0A0DA90BA817F089FB002824
S2140126604DDA49460DA817F04BFB0446002887D1E2
S21401267008F1FF3302939B0005F1FF3A069305F13B
S214012680804508F18043023B013D9B00A5EB080510
S2140126900993AB000393029B9A4541D8BBF1000F07
S2140126A00DD00FA9584617F08DFA002840F0C780C4
S2140126B0049AB388928813FB02F3ABF80430002F18
S2140126C03FF45EAF01990BA817F01AFB002840F003
S2140126D0B680B388ADF830300BA9384617F072FAD9
S2140126E00146002840F0AD80384617F089FB0028E7
S2140126F07FF446AF0123BB8042E701949AE70F9A25
S21401270052F80A300BA9013342F80A3008460DAADE
S21401271017F05CFC044600289DD031E70100030059
S2140127200D9B069A05931344DDF82C900893059BA0
S21401273059F82A109A580F9D4FEA8A08A8F10403FF
S2140127400793039B91421D4474D20798002359F8BE
S214012750000014F03BFA002914BF4FF0FF33034684
S214012760BAF1010F2B6016BF09EB0803002353F8DB
S214012770083C1593079B099A59F80330169359F8A4
S214012780083017932B6801332B60059B134498463A
S2140127902B68013B2B60002111A817F048FA00288E
S2140127A04DD1029B002B48D0D8F80020119B1A600F
S2140127B0089A12685A6011A92A68084617F08FFC11
S2140127C000283CD113A911A817F0D2FA0028DFDCA3
S2140127D02A680DA911A817F082FC80BB039B4FEA5B
S2140127E0C308414611A817F06EFA40BB0BA908466C
S2140127F011AA17F0EBFB014618BB0BA817F000FB5C
S214012800002812DA0DA911A817F0DCF9B8B941466B
S21401281011A817F058FA90B90BA911AA084617F093
S214012820D2FB60B92B68013B2B60039B0AF1FF3A90
S214012830043B2FE74FF0FF3392E7029AB6E70446D0
S2140128409EE60C469CE66FF00B048EE6044B1B6876
S214012850584043085B4240421843C017704700BFC8
S2140128609012002010B50B4C226823684240594054
S21401287081EA0200C00FFFF7E9FF2368521A4340BE
S21401288022EA030208401043BDE81040C00FFFF7DC
S214012890DDBF00BF90120020F8B50D46014628683E
S2140128A01746FFF7DFFF084B1E68C1430124BC42F1
S2140128B002D346EA0100F8BD55F82400FFF7C6FF2B
S2140128C001340643F3E700BF90120020104B2DE9B8
S2140128D0F0471E68884619681D680746541E631C23
S2140128E002D13046BDE8F08758F824A057F8249066
S2140128F050464946FFF7B6FF514605434846FFF79F
S214012900B1FF20EA05031E430543013CE7E700BF8C
S214012910901200208842F0B504D0094F04380025F3
S214012920AA4200D1F0BD3E6850F8044F5E4024EA4A
S214012930060451F825601E40344304600135EFE774
S214012940901200202DE9F04F85B0DFF888900391B2
S2140129501C46064621461046D9F80030D9F8003004
S21401296017F03EFCC51D272D4FEAD50325F00705B8
S214012970904602938CBF4FF01E0A4FF0FA0A2D1AAA
S2140129800F9B0093029A0E9B2146304617F025FEB8
S2140129900746C0B92A462146304617F09AFCBAF1D6
S2140129A0010A14D0224631460398FFF775FF2246E6
S2140129B0834641463046FFF789FFD9F800200BEAE7
S2140129C000039A42DCD0384605B0BDE8F08F6FF0C0
S2140129D00D07F8E790120020044B0246586800B92C
S2140129E0704719789142FBD00833F7E7284A03006D
S2140129F010B50446A8B1006C10B14C2118F0ECFAE1
S214012A00E06B40B12368074ADB79C3F3840352F8CD
S214012A1023305B69984720464821BDE8104000F006
S214012A204FBC10BD040B002038B505460C4681B1DD
S214012A304822002120F0E8FBE379084AC3F3840327
S214012A4052F823301B699847E86320B12C600020B8
S214012A5038BD0348FCE70348FAE700BF040B002033
S214012A60009FFFFF809EFFFFF0B58BB0044604A8D1
S214012A7017461E460D4618F0D5F800230293119B03
S214012A800193109B009320463B46324604A900F072
S214012A901BFB044640B904A818F03DF950B904A937
S214012AA0284617F08FF8044604A818F0EAF82046DE
S214012AB00BB0F0BD004CF7E780B0FFFF70B50C46D9
S214012AC00646114620461A4617F09CFA0546A0B956
S214012AD0B36C33B9321D21462046BDE8704017F06D
S214012AE02FBBB4F90430002B09DB204617F0CBF8D6
S214012AF0F36BB0EB430F09D9184D284670BD01465C
S214012B00204617F07DF90028EFD0F5E7B36C204694
S214012B10984705460028F0D10436B4F90430002B56
S214012B2004DA0021204617F06BF968B931462046D1
S214012B3017F01EF90028E0DB32462146204617F042
S214012B40C0F90028F2D006E032462146204617F0AA
S214012B503AFA0028E1D00546CFE700BF80B0FFFF74
S214012B6038B50D460446002105F1100017F048F966
S214012B7050B1204616F025FB28B129462046BDE86F
S214012B803840FDF7B7B9014838BD00BF80B1FFFF37
S214012B902DE9FF410E460546012106F1100017F00A
S214012BA02FF9044650B9284618F033F801287AD18F
S214012BB02146304617F024F9002801DA3B4C6EE036
S214012BC006F108082146404617F01AF90028F5DBF9
S214012BD02F1D3946304617F0CBF80028EEDA394675
S214012BE0404617F0C5F80028E8DA684616F098FF60
S214012BF002A816F095FF4346424669462846FFF767
S214012C005DFF0446002844D13346324602A92846D1
S214012C10FFF754FF044600283BD1EB687BBB02A9B3
S214012C200322084617F0D6F9044690BBBDF90C30CE
S214012C30002B04DA002102A817F0E2F8C8B902AAAC
S214012C40334611462846FFF739FF044608BB02AA59
S214012C5005F114031146284617F070FF0446C0B963
S214012C6002A9684617F084F8104B041E18BF1C46CC
S214012C700FE002A93A46084617F0A5F9D4E702AADA
S214012C8005F10C031146284617F058FF04460028A4
S214012C90D5D0684616F049FF02A816F046FF204632
S214012CA004B0BDE8F081024CF9E700BF80B3FFFF36
S214012CB080B0FFFF38B5054617F0ABFF01280C467C
S214012CC001460DD1204617F09BF8002806DB05F1DA
S214012CD03401204617F04CF8002803DB024838BDC3
S214012CE00248FCE70020FAE780B3FFFF80B0FFFF51
S214012CF02DE9F04FB5B0054601919246994616F07A
S214012D0060FA0290A0B1284616F060FA044658B957
S214012D1051462846FFF7CEFF044628B949462846BD
S214012D20FFF736FF044698B1284616F051FA81E1BE
S214012D3051462846FFF7BEFF0446002840F07A8138
S214012D4049462846FFF724FF0446002840F07281D2
S214012D50284617F05EFF012840F0AD812B6C182144
S214012D60013302204FEA530816F0BDFE064600283E
S214012D7000F09F8106F1180717F054FF384617F048
S214012D8051FF002413AB1819083416F0C9FE202C85
S214012D90F8D14946304617F0A8FF0446002841D12D
S214012DA08346D84520D139462846FFF7D9FE044642
S214012DB0C0BB284616F005FA30B33B4632463946C4
S214012DC02846FCF7E9FE044660BB39462846FFF76D
S214012DD0C7FE044630BB06F1100016F0A6FE06F14B
S214012DE0280016F0A2FE1DE00123BBFBF8F103FA52
S214012DF001F2D2B2182308FB11B103FB026929B113
S214012E00284616F0DEF950BBAC4C0BE002F0FE0192
S214012E1001EB520106EBC101484617F066FF044676
S214012E200028EDD04FF0000913AB03EB090009F1C0
S214012E30080916F07AFEB9F1200FF5D1D4B1AB6DC1
S214012E409E4208D0304617F01CFF384617F019FF8F
S214012E50304616F058FE019817F013FFE6E04A4692
S214012E6049462846FCF790FF04460028DAD10BF1C4
S214012E70010B96E705A816F053FE05F1340B0BA8D7
S214012E8016F04EFE2146584616F0EDFE012840F09B
S214012E90D8802146504616F0E6FE5146814605A8E2
S214012EA016F090FE044630B10BA816F03EFE05A8BB
S214012EB016F03BFEC3E7524659460BA817F086F8B4
S214012EC004460028F0D1B9FA89F94FEA59194A4659
S214012ED00BA905A8FFF7F2FA04460028E4D101463B
S214012EE008F1010213A80DF14C0B20F08DF9A24652
S214012EF05B46D045039300F0A180514605A816F025
S214012F00B2FE039B1C7808EB0A01044305A816F0E1
S214012F10AAFEE4B2039B44EA400403F8014B0AF11B
S214012F20010AE6E79BF801009BF8003080EA020CF4
S214012F306FEA0C0101F0010113FB01F3104003EAF3
S214012F400C0283EA0C030BF8013F1BF8013C43EA31
S214012F50C11302430BF8013C0134A245E2D20BA88F
S214012F6016F0E3FD05A816F0E0FD05A817F05AFED9
S214012F7000240BAB1819083416F0D2FD202CF8D11A
S214012F800AF1D0036B44019913F8843C3246284673
S214012F9017F0FEFD044648B93E9B002B00F08480E6
S214012FA0284616F00EF900284DD1444C05A817F016
S214012FB0E1FD4FF000080BAB03EB080008F1080831
S214012FC016F0B3FDB8F1200FF5D1002C7FF437AF22
S214012FD001994A46284617F08DFD044600287FF4DD
S214012FE02EAF3E9B73B1284616F0EBF800285ED054
S214012FF0DDE93E2301992846FCF71CFD044600281E
S2140130007FF41DAF01992846FFF7AAFDAB6D9E42DE
S214013010044608D0304617F034FE384617F031FE25
S214013020304616F070FD002C7FF415AF029B002B86
S2140130307FF47AAE204635B0BDE8F08F0022012439
S2140130408BE71F4CFBE6DDE93E2301992846FCF79A
S214013050F1FC48B30446A9E728460AF1FF3A16F000
S214013060B0F80028A1D0019A28461146FCF78CFE3C
S2140130700028EFD118F80A30324605A9284617F07D
S21401308087FD0028E6D1284616F09BF800288CD04C
S214013090019A05AB11462846FCF77EFD0028D9D1DA
S2140130A0BAF1000FD8D181E70DF14C08F8E7034CCF
S2140130B0C5E6044CCFE6024CB8E700BF80B1FFFF7F
S2140130C080B0FFFF80B2FFFF30B4DDE9024524B1D6
S2140130D0CDE9024530BCFFF70BBE014830BC704756
S2140130E080B0FFFF73B505461E4617F092FD012816
S2140130F00C4601460ED11346009605F134022046D1
S21401310017F050F8044B10F10E0F18BF034618467F
S21401311002B070BD014BFAE700B3FFFF80B0FFFFBE
S21401312038B504460D4617F0B0FD204617F088FD69
S214013130032D257023D1144B144AA3606260A3614A
S214013140134AA3632362A362124B62616362124A4B
S21401315062634FF00113114A2363114BE362E2618C
S214013160201D16F090FDE06304F1340016F08BFD8F
S21401317020640020C4E916000123636438BD0023DF
S21401318008482370FAE700BF010008001C4B030043
S214013190FC4A0300BC4A03009C4A0300DC4A0300C5
S2140131A00C0B002080B1FFFF37B5044600252946E9
S2140131B045612822183020F027F82046256117F0AF
S2140131C0D6FE01230093044920232A46204617F001
S2140131D039FE03B030BD00BF39920200092802480B
S2140131E018BF0020704700BF3C4B030070B50D466A
S2140131F01646044608B9114870BD0029FBD00023C5
S214013200C0E9023301600B78092BF4D16C2101204F
S21401321016F069FCA06008B90948EDE715F0F5FF5E
S2140132200EB90020E8E7A978022016F05CFCE06001
S2140132300028F6D1204617F09EFEEDE700AFFFFF0F
S21401324080AEFFFF40B1036833B11B78092B03D171
S21401325080680021FCF77CBF0048704700AFFFFF85
S21401326038B103682BB11B78092B02D1806815F0A1
S214013270D0BF0148704700BF00AFFFFF38B10368F9
S2140132802BB11B78092B02D1806815F0C9BF014804
S214013290704700BF00AFFFFF10B404460846114652
S2140132A01A463CB12378092B04D15DF8044B002360
S2140132B017F09CBE01485DF8044B704700AFFFFF56
S2140132C010B50A46044619B1024B00211B689847FF
S2140132D010BD00BF100B0020F7B51646174A05466D
S2140132E00C46106851686B4603C395F82A300833BC
S2140132F06B4413F8087CAB8DDA0609D433462246B4
S2140133003946284617F0CFFE00F5FA7003B0F0BD37
S214013310204620F057FBAB8D00F10A049B074FEACD
S214013320C40405D0304620F04DFB04F50C7404446B
S214013330781EE823584304FB0700E5E73F4B0300EC
S214013340174B10B51C68902202FB00440021204652
S2140133501FF05AFF134B1B68DB78637604F10800F5
S214013360002118F09AFF4FF40063E38423850723B6
S21401337084F82A301323A385236AFF2243F013031C
S21401338084F82420236284F85420074B074A2046F9
S214013390C4E91C32C4E92032BDE8104017F0AEBEC5
S2140133A09412002068140020D6BE898E555555000B
S2140133B0F0B5104B1E6893F804C0024635464FF030
S2140133C0FF3400239C4508DC91B1631C10D0902388
S2140133D003FB046080F82420F0BD95F82470974222
S2140133E02846F9D0FF2F08BF1C4690350133E9E780
S2140133F00020F1E79412002070B5244D0446002801
S21401340042D0083001F016FD0026FF2384F8243050
S21401341004F14000E66120F050FA04F1440020F087
S2140134204CFA04F1480020F048FA04F14C0020F070
S21401343044FA04F1500020F040FA2868144B201A90
S21401344000115843C0B217F025FE0146304617F06A
S2140134501CFEE06E10B100F039FEE666606E18B133
S21401346017F02BFE00236366A06E17F022FE0023E2
S214013470A36670BD286806FB0400FFF7BDFF013494
S2140134802B79A342F6DCF4E79026F9E794120020A4
S214013490398EE338F7B504461AF0B5FBC0F30F23AF
S2140134A0542B3ED9AA2B34BF01230223C0B27E2857
S2140134B08CBF0222012203218DF804301344B3FB92
S2140134C0F1F000EB40001B1A8DF805301344B3FBF6
S2140134D0F1F202EB42029B1A13498DF806300023E3
S2140134E04B7501AF18461D461A4617F8016B44FA8C
S2140134F006FC1CF0010F06D053009E4030430132FB
S214013500C0B2D2B201230135EDB2032DEDD103B124
S21401351048754B7D43EA82134B75FF230B7503B049
S214013520F0BD0023C2E700BF94120020064B1B68C3
S214013530D97ADA78437E5B1A9342A8BFDAB242762A
S214013540002117F017BE00BF68140020B0F86230E3
S2140135502BB9836813F4601F08BFA0F8623011B15D
S214013560012911D070474369417E23F0100343615E
S214013570064B1A68D37A92780B449342D8BFDAB2D4
S2140135804276012117F0F6BDFFF7D0BF6814002080
S2140135902DE9F041344E8AB000253379AB4203DC85
S2140135A001200AB0BDE8F0813468902303FB05448E
S2140135B094F82430FF2B0DD0236A980106D504F128
S2140135C05008404620F0F6F9074628B9226A12F05C
S2140135D0A06F1ED10135E0E7BB790C333B4408A947
S2140135E09A7AD8681B8AADF82430C2F38012002379
S2140135F08DF81F2008901A460DF11F0017F064FD84
S2140136009DF81F2094F8241008AB384618F0D8FE11
S214013610D7E7A38D1D2B18D13C23FF210020CDE930
S2140136200431CDE90200CDE9000004F12E03C2F316
S2140136308022012119F09FF90028B2D04FF0A06135
S21401364004F1200017F0FFFCC4E712F0807F94F825
S214013650393094F824004FF000020CBF3C2143217E
S21401366019F02FF8E8E700BF941200202DE9F04189
S2140136701F46C36904460D4616468BB169B915F057
S2140136802FFA29460646A06E17F00FFD204629465A
S21401369017F059FD304615F029FA0020BDE8F081F3
S2140136A00029FAD0036A03F01203022B00F0BA8055
S2140136B0236ADD0700F1BE8094F82430FE2B0CD17E
S2140136C004F1550001F0D6FE01F0CCFE28B14FF40E
S2140136D0800104F1200017F0AEFC256A614B2B40F7
S2140136E0B3F5807F00F0B980A8052FD5C5F38025F6
S2140136F004F12E0800224146284617F0EBFC002173
S21401370084F8540017F0F7FC41460022284617F0CB
S214013710E6FCA18D20B194F95400002880F2968031
S2140137204FF4007104F1200017F08DFCA28D02F019
S2140137300302012A0AD14146284617F0D0FC28B1D7
S2140137404FF4006104F1200017F075FC236AD906D6
S21401375000F18180D4E910122046FFF7BDFD012F4C
S2140137600ED0E28C40F271235A43904208D9228D42
S2140137705A43904273D800F51C70B0FBF3F0E08416
S214013780394BE361002384F83930236AB4F8625078
S214013790E16884F8387023F48032226221613DB9F1
S2140137A013F0100F0CBFC8253C25257605F2B3157E
S2140137B04EB1238D40F27121C3EB06134B4342F405
S2140137C08032E3632262236A43F400232362274B99
S2140137D01B68DB78637615F083F9636943F01003A1
S2140137E00746636104F10800294618F056FD0120DA
S2140137F003F0A2FB28B963691A075CBF43F0040310
S214013800636126B11AF03BFAE36B0344E363204697
S21401381003F09CFB384615F069F9A06E012117F0FC
S21401382044FC3AE7406C20F0CDF800287FF440AF26
S2140138300C2033E7E36E002B7FF43EAF00F0F0FB85
S214013840E06600287FF438AF092027E701F0010180
S21401385017F051FC6AE7064B93E712201EE7452056
S2140138601CE700BF000140006FB002006814002092
S214013870A939010070B50A4D002490262B79A34280
S21401388000DC70BD286806FB040090F82430FF2B8E
S21401389004D000231A461946FFF7E8FE0134EDE787
S2140138A0941200202DE9F04F91F806B08DB00BF17F
S2140138B00C0B04460E4601EB0B0501220AA90DF17D
S2140138C0270017F012FC824668B19DF827100AAF50
S2140138D0384600F023FC60B1304614F047FC002067
S2140138E00DB0BDE8F08FA97A05F10C07C1F3801180
S2140138F0EEE7E36EE06695F807900793236A298959
S21401390056F80BB0484603F0100804F077FD8344E0
S214013910B8F1000F39D1A9F10303012B94BF03239A
S21401392002235B0040F2712202FB03B21D4B1B68AF
S2140139305B79637605F11803BAF1000F27D09DF87D
S214013940271094F824E0B8F1000F24D0A87A4FF09D
S214013950010CC0F3401095F90550CDE902E0CDE920
S2140139600071CDE904C50798012100F04DFCB8F1BE
S214013970000F05D01AF02AF90121204617F0E3FBC3
S214013980304614F0F3FB0120AAE70123C9E7A97A20
S214013990C1F38011D5E794F88FC001200CF00F0C0D
S2140139A0D9E700BF68140020012810B50C461CD0CA
S2140139B0022822D030BB084617F01DFEE38C228D6C
S2140139C094F82A00D21AE36803F59C5340F2712159
S2140139D0083301FB02332361FFF75CFD0A4B2046E7
S2140139E09968BDE8104003F0E3BC03F0F1FB8442A4
S2140139F008D1BDE810401AF0E9B8BDE81040084605
S214013A00FFF794BD10BD00BF9412002038B50A4DD3
S214013A100020FFF7F1FCAB6813B100221A60DA80D0
S214013A2018F050FD00242B79A34200DC38BD204657
S214013A30FFF786FC0134F6E79412002070B52A4C95
S214013A400546A06818B114F091FB0023A360FFF7A8
S214013A50DDFF002017F022FB55B9032025712560F4
S214013A60E58214F0CFFA207917F018FB28B970BD5B
S214013A70022020F0E7F8A06048B9A068002525716B
S214013A80256060BB002017F009FB0720EFE7002642
S214013A90032025712660E68214F0B4FAB542E2DD11
S214013AA005EBC5010901334689B20122032014F052
S214013AB05BFA06460028E0D1032014F0D3FA206012
S214013AC00028DAD090226A4331461FF09DFB237905
S214013AD0B342C8DD3046FFF733FC0136F7E714F092
S214013AE045FBA560CEE700BF9412002030B5174B0A
S214013AF0826A1B681206597925D51C79028F436B99
S214013B001203B2FBF3F2631AB2FBF3F2B0F89C3085
S214013B1003B1013BD0F8A05005B15B101B02B3FB0B
S214013B20F2F35B180BD090F895200F2A07D91209EB
S214013B30B3EB820F4FEA8201ACBF5B1A00239C42B3
S214013B40A8BF1C46E1B2417630BD00BF6814002014
S214013B50084B9A7E82420AD91B684FF4A47202FB74
S214013B600030836A13F0100F08BF00207047002052
S214013B70704700BFAC120020084A09491368C31AEF
S214013B80D810002B01FB00F005DB937E8342D8BFE3
S214013B904FF0FF3070474FF0FF307047AC120020F7
S214013BA0199C8FC170B504460E4614F099FF314634
S214013BB0054604F1300017F062FD2046FFF7DCFFF2
S214013BC001218140054817F05AFD4FF4807005F039
S214013BD099FE2846BDE8704014F088BFD012002038
S214013BE0F329F8B5744E04460D4626D1338D6BB9CC
S214013BF0A36813F4601F00F0BB80238F626BF32D64
S214013C004FEA0313B3FBF2F39FB22DD1204617F010
S214013C10D8FDB4F89C70002F40F0B380A36A13F06F
S214013C20800F0CBF3E23082384F877302046FFF729
S214013C305DFFF32D36D1012057E07369590640F137
S214013C408F80836A1A0740F18B803369436000F1E5
S214013C50400119F06CF8338D002BC9D0238F626BAD
S214013C601B01B3FBF2F39FB2618FB4F89C209BB2A9
S214013C705B1A9A427EDC736994F836019B074CBF47
S214013C80002102211AF079F8726940F20223934367
S214013C90BCD1A4F89C70204617F094FD2046FFF78F
S214013CA025FF0127A36A1807C5D5628F002AC2D04F
S214013CB013F4C05FBFD1726912F00C0FBBD140F292
S214013CC002239343B7D1D4F8A430002BB3D1A18FEC
S214013CD0204619F0DBF9002855DD638F0133984241
S214013CE051DC0128A7D0013880B2236BA4F87C00F0
S214013CF0590409D54FF4804104F1300017F0C7FC90
S214013D0000212046FFF74EFFB4F87C20A38F94F8DD
S214013D1070101344A387B4F89C309B1AA4F89C3007
S214013D2094F86F3002FB01332522B3FBF2F102FB5C
S214013D30113384F86F304FBBA36A1A0702D41F4BA6
S214013D401B6898472046082119F05AF82046022198
S214013D50FFF728FF20460121BDE8F84003F046B9E9
S214013D60318D238F626B00293FF442AF1B0178E748
S214013D70338542E7737F002B86D094F83601032102
S214013D8080E7012752E7608F0130ADE7204617F044
S214013D9075F9A18F204619F003F8A36A1B0705469B
S214013DA002D4064B1B689847002DCBD02046BDE8B1
S214013DB0F84017F0ADBD00BFAC120020E0120020A5
S214013DC0074B002210B55A77202204465A6117F095
S214013DD0A2FC84F83601204617F0FEFD10BD00BF98
S214013DE0AC120020012810B50C462AD0022830D08B
S214013DF000283DD191F8953060F3071381F895308E
S214013E000846FFF7DDFFA36A1B07204616D503F019
S214013E1063FD042001F0C4FB50B3164A937F3BB305
S214013E20D37F0133DBB2D37792F821209A421FD891
S214013E30BDE810404FF0806005F064BD03F020FF40
S214013E40E7E703F0C5F9844212D1BDE8104003F05C
S214013E5037BD91F89530C3F30312013262F30713AD
S214013E6081F895302046F321BDE81040FFF7B8BE33
S214013E7010BD00BFAC12002010B501F0F1FB124BD3
S214013E80FB2210F0020F1A770CBF01220322410712
S214013E90197E48BF42F0040262F3030119761A7EC6
S214013EA0C2F3030161F307121A764FF4417100223F
S214013EB0DA76DA8319845A621A611A85034BBDE8E9
S214013EC010401B68184700BFAC120020D812002013
S214013ED02DE9F8434B4C0546A06818B114F046F995
S214013EE00023A360022014F08DF85FFA85F8002005
S214013EF017F0D2F8404617F02AFC0646002867D18C
S214013F00404617F02FFC0746002861D1002D74D0DB
S214013F1005EB850105EBC101C90089B233460122D3
S214013F20022014F021F800284FD102204FF4A47982
S214013F3084F81A8014F096F809FB05F73A463146DC
S214013F4020601FF061F92368324603EB0901681E01
S214013F50824232DB002DA7F5A472D8BF00220021D1
S214013F6099502846636017F097F888BB404617F0CB
S214013F70E0FB68BB404617F0E2FB074640BB002D5E
S214013F8016DD02201FF05EFE0223A060C371837956
S214013F90C3F102020C33D2B2394618441FF034F989
S214013FA0A3689A79134401211A7B61F301021A73FB
S214013FB0FFF762FF3046BDE8F88309FB02FC0132D9
S214013FC043F80C1001F5A471C2E7C4E90077A7769F
S214013FD00020002517F0BBFB002017F0C3FB284686
S214013FE0C4E90055A57617F0A4FB284617F054F847
S214013FF0022014F007F80726DCE7A57625602B4695
S214014000AFE700BFAC120020014B987E704700BF9F
S214014010AC120020014BD87E704700BFAC120020C6
S214014020F8B5284D14F05CFD6C681CB914F05EFD03
S2140140302046F8BD23686B60EB7E4FF4A47601330F
S214014040EB76012714F052FD3246002120461FF080
S214014050DBF804F128006761402117F010FB2B8B79
S214014060A4F8443194F83731A4F8866067F3030363
S21401407084F837314FF6FF73A4F87A302B7F84F833
S214014080423144F29023A4F8403194F88530072257
S21401409062F3030384F885300B4BC4F8883003F1D0
S2140140A0CE5303F59813C4F88C3041F61B33A4F8AD
S2140140B090301B2384F89230002104F1080018F098
S2140140C0ECF8B5E7AC1200204801480170B504468B
S2140140D017F0FAFB04F1080000F0ACFE0D4B204689
S2140140E01B6800269847C4E90A6614F0F9FC4FF4E9
S2140140F0A4720546314620461FF086F8064B5A68DC
S2140141002260DA7E5C60013ADA762846BDE87040C5
S21401411014F0ECBCDC120020AC1200202DE9F041BA
S21401412006464FF480400F4601F03AFA044630B98D
S2140141300E4B1D6893F81A807135A04502D80020F1
S214014140BDE8F08155F8493CDA0609D5C3F380038A
S214014150BB4205D10622294630461FF02BF818B17E
S214014160013405F5A475E8E70B20E9E7AC12002059
S21401417008B5B0F894305A1C62F30B03A0F89430DB
S214014180042001F00DFA70B1074A937F0133DBB2C8
S214014190937792F820209A4205D8BDE808404FF060
S2140141A0806005F0AFBB08BDAC12002038B58B7936
S2140141B00B4405469B7D03F00303032B0C4609D1F4
S2140141C001212C3017F05BFA4FF4006105F128004D
S2140141D017F055FA0548A56021461FF055FCBDE8C5
S2140141E038404FF0005005F08DBB00BFB8120020DC
S2140141F0014B1877704700BFAC120020014B187FA7
S214014200704700BFAC1200202DE9F74F1D46164639
S2140142109DF8383080F89B302A469DF83C8052F84D
S214014220103BC0F8283104460F4600F14401B8F1AE
S214014230000018BF0120DDF830A09DF840909DF8E1
S21401424034B005F05DF8204618F0D3FD204617F08F
S2140142508BFA19F098FD49460246204617F07EFA79
S214014260C8230DF106012046ADF8063017F069FAAD
S21401427047F6FF73A4F83031AB88A4F82C31AB793C
S21401428084F82E31DAF80030C4F87130BAF8043008
S214014290A4F8753004F1280ABBF1000F03D00421FD
S2140142A0504617F0ECF9B8F1000F04D04FF4005166
S2140142B0504617F0E4F94FF4607001F071F9C0F35D
S2140142C0C018C3054FEA881848BF48F08008810522
S2140142D048BF48F4807814F003FC4FF482618346AB
S2140142E0504617F0CCF9414604F12C0017F0C7F9F7
S2140142F0584614F0FBFBBB1E012B7AD84FF4002165
S214014300504617F0BCF901212046FFF74BFC04216B
S214014310204618F075FD6B7DC3F3040384F87030F6
S2140143206A8952006263697B2A7B42EA01226287BC
S214014330E97BAA7B42EA012222876A7D84F86F30F4
S214014340C2F3421284F83E2000220523A2870122EE
S214014350A4F87C20A4F89C309DF94410204617F060
S21401436008FA01F077F920F40060C4E90801204654
S214014370FFF7BCFB3B4A3C4BB2F8288007F0FD0731
S214014380B8F1000F68D1002F38D16660E36140F2C2
S214014390C7182046166117F083F9B9F1010FE060DE
S2140143A00AD094F8373169F3030384F8373109F0FA
S2140143B00F01204617F088FB04F10800414617F06C
S2140143C06CFF012002F0B8FD28B963691A075CBFCB
S2140143D043F0040363616B8940F27121013B594349
S2140143E0204617F07CF9204602F0B0FD03B0BDE888
S2140143F0F08F012F87D140F2014185E7E3614FF449
S214014400D7782B8940F271275B0007FB036666604D
S21401441040F6080104F14006504617F030F93146DF
S214014420204618F084FC2B8901335B0031467B4320
S21401443004F13402204601F021F9EB795B003146A4
S2140144407B430122204618F078FC236C20469E0808
S21401445017F026F93044A0E76660E361002FD0D15B
S21401446097E700BFAC120020E53D010070B51D4680
S214014470C36A1B070446164613D408212C3025F4BC
S214014480105517F0FCF825F01005064B2D043340A7
S2140144902D0CC4E9083520464021BDE87040FFF7E1
S2140144A081BB70BD2FCF87F72DE9F04F85B004464D
S2140144B00191084689B34B799A071FD41FF082FAF7
S2140144C0019D70B96B79DB0705D54FF4803104F196
S2140144D0280017F0D4F801A81FF0EFF905B0BDE8E1
S2140144E0F08FA36ADF0309D54FF4803104F1280069
S2140144F017F0CDF86B7943F001036B71019E14F050
S214014500EFFA737931469E0705461ED504F1AC00D5
S2140145101FF0C9FA284614F0E9FADFF8909114F072
S214014520DFFAA36ADD05074614D5D4F8AC3043B1EB
S2140145309A7913441B7B392B03D829FA03F3D8073E
S21401454011D4384614F0D2FAC8E704F1A8001FF0D7
S2140145509BFADFE794F94631022BF2DCD4E92A23F1
S21401456072B9002BEDD004F1AC001FF0C4F905467A
S214014570384614F0BBFA2946204617F053FCCEE71E
S214014580002BF0D194F89280039304F1A80BD4F891
S214014590A86096F807A0B379AAEB030A5FFA8AFA2D
S2140145A0C24527DC58461FF005FAA8EB0A0805465F
S2140145B06B796FF3C3036B71294603A81FF064FA86
S2140145C0D4F8A8302BB15B79990702D1B8F1000F66
S2140145D0DDD1039B002BB4D09B79022B40D8002061
S2140145E01FF030FB014670BB039904F1A8001FF0D1
S2140145F05AFAA6E700201FF025FB054630B90399B5
S21401460004F1A8001FF04FFA03959AE78079B17973
S2140146100C300C314246314428441EF000FEEB7942
S21401462053FA88F3EB71B379727953FA88F3B3715D
S2140146306B7962F300036B7173796FF30003737127
S2140146404FF00008B4E7039B4A79587960F30002FB
S2140146504A715A796FF300025A7103A81FF01EFAC5
S214014660E36A9A0512D50398034600680028FBD131
S214014670DB79C3F14503DBB2032B07D81FF0E2FA5F
S21401468001460028B0D003A81FF0FEF9D4F8A830E0
S21401469013B15B79DB0704D5039A537943F008031A
S2140146A05371384614F022FA039965E77C2C020010
S2140146B070B5036B990786B0044601D517F004F967
S2140146C0236BDA0733D5A66A330723D516F4002FF2
S2140146D014BF032501252046FFF74EFA94F89B30B8
S2140146E005930023049394F83E300393238F02939B
S2140146F0638F0193636BC3F34F030093C6F380028A
S21401470004F17103294680B218F035F930B900205A
S21401471006B070BDB50C05F00205DCE7012104F119
S214014720300016F0B4FF4FF4005116F0A8FF236BCB
S214014730980410D52046FFF71FFAA16AC0B2C1F34C
S214014740403117F056FE0028E1D04FF4005104F135
S214014750300016F09CFF236BD90409D500212046B2
S214014760FFF7A2FE4FF4805104F1300016F08FFFE0
S214014770236B5A0512D52046FFF7FEF994F89B5095
S2140147800023C2B21946284617F09BFF0028BED068
S2140147904FF4806104F1300016F079FF236B5B075C
S2140147A011D52046FFF7E8F9616B238F628FC1F3BD
S2140147B04F0180B218F0BFF80028A8D0042104F1F8
S2140147C0300016F064FF236B1E0709D5204618F04B
S2140147D0A3FE00289BD0082104F1300016F057FFF5
S2140147E0236BDD0618D52046FFF7C6F9E16A11F4FA
S2140147F0805180B200F0C580002118F031F9002800
S21401480085D04FF4805104F12C0016F040FF1021A2
S21401481004F1300016F03BFF236B580615D52046F1
S214014820FFF7AAF994F877300093D4E9082380B209
S21401483018F0F9F800283FF46AAF002384F87730BF
S214014840402104F1300016F022FF236B190516D51E
S2140148502046FFF791F900230093B4F89830B4F896
S214014860962094F89A1080B217F076FD00283FF44F
S2140148704EAF4FF4006104F1300016F008FF236BD1
S21401488013F4804532D19A0516D52046FFF774F900
S21401489094F8371194F8772001F00F0180B200F0F8
S2140148A03FFD00283FF433AF84F877504FF4007192
S2140148B004F1300016F0EBFE236B1B0616D52046DE
S2140148C0FFF75AF9B4F88C30009394F89130B4F8A5
S2140148D08A2094F8901080B218F0F4F800283FF47B
S2140148E016AF802104F1300016F0D1FE236B9E0630
S2140148F012D52046FFF740F994F8771080B218F0E9
S214014900C6F800283FF403AF002384F8773020214F
S21401491004F1300016F0BBFE236BDD0508D504F16B
S21401492030004FF4807116F0B2FE204618F031FCCC
S214014930236B180408D504F130004FF4004116F03B
S214014940A6FE204617F0BCF8236BD90308D504F160
S21401495030004FF4803116F09AFE204616F0F9FE2C
S214014960236B9A0308D504F130004FF4003116F09A
S2140149708EFE204616F0FBFE236B9B0704D4012017
S214014980C6E618F084F83AE700221146204616F0EB
S214014990ECFE204616F0EBFE2046FFF7EDF894F805
S2140149A0771080B218F029F900283FF4B0AE022142
S2140149B004F1300016F06BFE2046FFF787FB024B32
S2140149C01B689847DBE700BFD8120020134AF8B5EA
S2140149D0002302F1240151E8004F41E80035002D83
S2140149E0F7D1012734B9BDB10D48294616F047FE67
S2140149F02046F8BD94FAA4F0B0FA80F007FA00F663
S214014A0024EA0604FFF7A4F80028EBD0FFF750FECF
S214014A100028E7D13543E5E70120EAE7AC1200209C
S214014A20D01200202DE9F74F04460190002860D0EF
S214014A30C579314F0C35054414F052F84FF0000893
S214014A400090464640464FF4A47ABA7E5FFA88F94B
S214014A504A4517D93A680AFB09FB5A44916ACB06BC
S214014A6044D5B2F89420C2F30B02002A3ED0E27974
S214014A70C2F14502D2B2032A15D802201FF0E2F88D
S214014A80044640B900230098FB8314F02FF8304603
S214014A9003B0BDE8F08F014601A81EF0F5FFE579E9
S214014AA00C35254400200422012312FB003300218B
S214014AB005F82090E9543B685B4402FB005CB3F8C0
S214014AC094308CF80230032312FB00320136A954CD
S214014AD03B685B440130B3F8942061F30B02A3F802
S214014AE09420E3790433E371C0B2F6B208F1010809
S214014AF0ABE70646CBE700BFAC120020F7B5684629
S214014B0004F0F2FB134E00254FF4A477B37EAB42BC
S214014B1001DC03B0F0BD346807FB0544A36A03F06B
S214014B201803102B13D10522694604F145001EF027
S214014B3041FB60B10121204618F04CFB38B9012039
S214014B401FF080F8014610B1204601F067F90135E3
S214014B50DCE700BFAC1200202DE9F74F13F0C0FFD1
S214014B60424BDA6800920022DA6013F0BFFF009B26
S214014B7013B903B0BDE8F08F68461EF0BCFE82791B
S214014B808768019002F10C0404440146A07A10F0F3
S214014B90200F14BF032002200A3202448A71FA6AE7
S214014BA052050FD5E07AA27A42EA0022384617F07B
S214014BB027FB38B901A81EF080FE3D21384617F0C4
S214014BC011FAD4E7BA6A94F80AB0019912F400729D
S214014BD00BF0030013D003288A79EBD10A44127B29
S214014BE0392AE7D8224B23FA02F2D307E2D54A79CB
S214014BF042F002024A71384600F018FEB7E7032871
S214014C00F5D0487962F341004871084694F8069059
S214014C1094F905A01EF0D6FE019DAC79063CE4B2DF
S214014C200646AC713846FEF7A7FF0C3405EB0408C0
S214014C300BF0030BC0F3032343EA0B13F6B288F819
S214014C40033088F80200A8F804602B4605F804A093
S214014C5088F801905A796FF341025A711B68002B4C
S214014C60F8D1284617F0DCFB81E700BFAC12002024
S214014C707C2C020030B5D368C4688BB01BBA0D46D5
S214014C80C1780293002361F30703817861F30F2350
S214014C90417861F31743916809BA0391816809BAAB
S214014CA007915168126809BA12BA049105920178FF
S214014CB0426861F31F6312BACDE9082324BA069449
S214014CC006AC00942346802202A9012014F011FBB1
S214014CD00028F6D1DDE90810DDE9063200BA09BA86
S214014CE012BA1BBA28606960AA60EB600BB030BDCF
S214014CF0F8B5094F044600260CB90748F8BDA17956
S214014D00E5796D1AEDB20C312144B8192A461EF028
S214014D1086FA2E442468EFE7E8120020F8B5094F1A
S214014D200446002604B9F8BDA079E5792D1AEDB23E
S214014D300C30B91920442A461EF071FA2E44246814
S214014D40F0E700BFE8120020104B1A7842F0F0029C
S214014D501A701A7C42F0F0021A7493F8202042F07E
S214014D60F00283F8202093F8302042F0F00283F816
S214014D70302093F8402042F0F00283F8402093F868
S214014D80502042F0F00283F850207047F8130020BC
S214014D900368054A23F07F6323F4002302EAC14235
S214014DA013430360704700BF0000F80FF8B544884E
S214014DB01E4E04F00704072C054628D113F090FE7A
S214014DC00022110106EB0217735C1B090F2B0AD098
S214014DD00132062AF5D1164A13880133138013F0DF
S214014DE085FE1920F8BD2B687B801123735494B27D
S214014DF013F07CFE18F043FF06EB0413D8602B6813
S214014E0023F4E02343EA04432B600020EAE723016E
S214014E10F15CC1F30312013202F00F02052A28BF2A
S214014E20002262F30711F154E4E700BFF8130020F3
S214014E30DE1E002038B5448804F00704072C05461A
S214014E400FD013F04DFE2401064A135D43F0F00324
S214014E5013552B6843F4E0232B60BDE8384013F06C
S214014E6045BE38BDF81300202DE9F047458805F00A
S214014E700705072D0746894637D01D4C4FEA05180A
S214014E8004EB051A14F8086018F0F9FE3609DAF88A
S214014E900C3006EBC50604EB4606C01A708014F803
S214014EA0083003F00F02042A9EBF013262F30303A7
S214014EB004F80830B9F1030F14D114F8081004EB04
S214014EC00514A01C01F00F0118F064FD044613F050
S214014ED007FE3A68074B134023433B60BDE8F047A3
S214014EE013F004BE4FF6FF74F1E7BDE8F08700BF8C
S214014EF0F81300200000FF7F064A9268824208B538
S214014F0007D0427922F0030242F00302427104F014
S214014F1061FD08BD5814002010B5064C20461EF051
S214014F20CCFC201D1EF0C9FC04F10800BDE81040B1
S214014F301EF0C3BC5814002010B502201EF082FEDD
S214014F40034C606002201EF07DFEA06010BD00BF15
S214014F505814002008B5FFF7DFFF034B0022DA6084
S214014F60BDE80840FFF7E8BF58140020014B586819
S214014F70704700BF58140020014B9868704700BF67
S214014F805814002038B50C4CE3681BB1E368984709
S214014F900023E36023686BB107481EF0ACFC0546AE
S214014FA040B123681BB14FF0004004F0ABFC28462B
S214014FB017F03CFE38BD00BF5814002010B5064C53
S214014FC0E0604FF0004004F09DFCE3681BB1E3682D
S214014FD098470023E36010BD5814002038B5837944
S214014FE0034404465B7B13F0300F437923F003033D
S214014FF008BF43F00103437113F072FD21460546D5
S21401500005481EF041FD4FF0004004F07BFC2846A9
S214015010BDE8384013F06ABD58140020F7B5144FA8
S2140150207C68A3790C331C4400F01AFB6679E6B160
S21401503016F0020519D136EA000016D1E378B4F865
S2140150400920B4F80710A07901962479009401F09C
S21401505003FB002808BF0C25B8682A4642F2410126
S21401506003B0BDE8F04017F06FB91125F4E700BFB3
S2140150705814002010B50D4C626893790C331A440D
S2140150801179D078B2F80730B2F80520003918BF88
S2140150900121003818BF012001F0DAFD42F2420179
S2140150A00246A068BDE8104017F04EB9581400201B
S2140150B010B5084C6068837918440F3000F09EF9EB
S2140150C00023A0681A46BDE810404FF6284117F0A5
S2140150D0F9B800BF58140020242816D80F2805D880
S2140150E002280CD8B0FA80F040097047084B1038F7
S2140150F080B2C34003F0010383F001007047053816
S214015100012894BF0020012070470120704700BF8E
S2140151102D2011002DE9F04F95B0FFF727FF867976
S2140151200C3642F2360330F806809845054600EB09
S21401513006040ED1FFF71AFF02211EF095FBA37895
S2140151407F220233A370AA550023202262702377A0
S2140151506377E0780121FEF72BF900230646002845
S21401516000F0D780CDE91233237A8DF84A30E37AFE
S2140151708DF84E30A388E288ADF8482013F0100071
S214015180B4F80920ADF84C2003F0050306D093B11E
S214015190E37D012B51D00025122614E07BB3E37D7D
S2140151A0657E012B37D16B1EDBB2022B09D800F0CE
S2140151B057FA012338E04FF48043DDE91212914299
S2140151C020D900251126FFF7D7FE01233246414696
S2140151D0ACB217F077F8002DCCBF0534053C24B2ED
S2140151E0002E40F099800A2394FBF3F4E4B2FFF713
S2140151F0C3FEC3791844C47215B0BDE8F08F4FF6EC
S214015200FF73DAE71F29DCD99A42DAD8E37D657E97
S2140152100028BED1C5E7032BD3D16B1EDBB2022B10
S214015220CFD800F01DFA04230342CAD0032D08BFCD
S21401523004252840C0B20028C3D0E07815F031FF1D
S21401524020B1A088FFF748FF0028A4D0334A237F67
S2140152501278002A54D0042B9DD8637F042B9AD849
S214015260A388DB0653D418F08EFD0121C82208401E
S21401527003F0B0FE94F91630B4F804E0677EE188D6
S21401528094F80C9094F815A094F818B003EB8303E7
S214015290B0EB430F4FEA4302637B0F93A37B10935C
S2140152A004F10F031193637F0546E07DC8BF15B275
S2140152B0B4F809200C93237F0B93E37E032808BFE1
S2140152C00420032F08BF0427003B18BF01230A93BD
S2140152D0A37ECDF80C90CDE90873119B02931FFABB
S2140152E085FC109B0193CDE9060BCDE904AC0F9B21
S2140152F0009330465FFA8EF315F08FFF064662E79D
S214015300002B7FF45EAF637F002BA9D059E7002006
S214015310ABE70546072656E7002468E7551F002039
S214015320F8B5074601200D4616461EF08BFC0446CE
S214015330C0B106220C2116F0D8FF691EA379C9B2A6
S214015340032998BF084A03F10C03234498BF525C13
S2140153509F8088BF00222046DE70DA719A71FFF7BF
S214015360CBFD0120F8BD00BF474B0300F8B5FFF7A2
S214015370FDFD83791844B0F80F60B0B2FEF7E8FB84
S2140153800446C0B116F008FD0138C0B2032814D88F
S2140153900B4B1C5C0027FFF7EFFD054604233A463E
S2140153A042F2300116F08EFFAB790C33E818C68056
S2140153B004724472F8BD0227EDE700242746EAE7A7
S2140153C0474B03000B4610B50649074C062200283A
S2140153D008BF214618461DF0EDFEB0FA80F04009E0
S2140153E010BD00BF571F00205D1F0020024B1A682A
S2140153F002609B88838070475D1F002013B50D4CAB
S21401540028B1036823608388A38002B010BDFAF731
S21401541033F8CDE900019DF80230A370BDF80530E0
S214015420BDF80020A4F803309DF807302280637190
S214015430EBE700BF5D1F002010B5044613F050FBDC
S214015440064B22681A60A2889A80054A137843F0B0
S2140154500103137013F04AFB012010BD571F0020F3
S214015460561F0020024B1878003818BF01207047DD
S214015470561F0020024B1A6802609B888380704783
S214015480571F0020024B186908B104F03BBA704759
S214015490300D002010B53D4A002302F1100151E8FD
S2140154A0001F02F1100C4CE80034002CF5D140EA44
S2140154B00104A10201D501F0B5FD220101D503F0D9
S2140154C0CBFA002C01DAFFF75DFD630001D501F090
S2140154D063FBA00001D5FFF73FFBE10007D5FEF710
S2140154E057F820B92A484FF0805117F0F3FB6201B4
S2140154F007D516F01CFD20B925484FF0806117F03E
S214015500E9FBA30105D518F037FCFFF7F7FA15F00C
S214015510CDFDE00108D516F010F9072804D11C4886
S2140155204FF0807117F0D6FB610201D515F0B8FD7A
S214015530220201D515F0A8FDE30207D516F0FBF807
S21401554020B913484FF4801117F0C4FBA00507D506
S21401555000F03AF920B90E484FF4007117F0BAFB83
S214015560E10507D5FFF732FA20B909484FF48071F3
S21401557017F0B0FB620503D516F0A2FE16F0A1FEE9
S214015580230501D517F0AEFB10BD00BF300D00207E
S214015590400D00200146014817F09CBB300D00204D
S2140155A0014B1B6818407047300D0020044B10B5A6
S2140155B0D3E9064204430A43C3E9064210BD00BFCD
S2140155C0300D002070B51E4D2B68002B044603DA03
S2140155D0FFF7C0FC002031E01A4E4CF20C0000210F
S2140155E0FFF7E4FF0023336024B163682B60A368F0
S2140155F003B133604FF00040FFF7CCFF33680BB9BF
S214015600114B3360114B1248AB6000232B7312F021
S214015610E9FDFFF799FB2046F6F7D2F970B92CB1F0
S214015620B4F90E10B4F90C0002F016FF18F0AFFB37
S21401563003F02CFE03F0B2FD0028C9D070BD00BFF8
S214015640300D002068140020F10C00208554010064
S214015650340D0020014BD3E906017047300D0020C0
S214015660054B9B69DA054CBF032001201B0548BF8B
S21401567040F00400704700BF300D0020F8B5174613
S2140156801C4606460D4603F085FB1C4BBA7A53F8BA
S214015690222053F820301A44194B9C4224D9194B26
S2140156A09C4214D9184B93FBF2F3002BB8BF03337B
S2140156B0013C9A1004EBA304B4FBF2F371682A6868
S2140156C0A1EB930102EB430271602A60F8BD0F4B18
S2140156D00F49A3FB04435B0902FB03F303F6C31361
S2140156E0A1FB0313DB0AE9E702FB04F303F57433BA
S2140156F0084A8F33A2FB03231B0CDFE79C4B0300F6
S2140157004C6210001366660640420F001F85EB517F
S2140157105917B7D183DE1B43024B1A680260186023
S214015720704700BF70140020024B00221A6000F080
S214015730FBB900BF701400202DE9F843064616F0A9
S21401574061F80446002835D045784DB913F0C8F9FC
S214015750237863701B4B1B686360257013F0C6F9D2
S2140157604FF00108677837B923781BB34FF4007000
S21401577004F0C8F81EE097FAA7F5B5FA85F508FA19
S21401578005F55FFA85F9636833B90E4B27EA050517
S21401579065701B686360E5E79B681BB963681B68F7
S2140157A06360F0E7494630469847012805D16368AB
S2140157B01B6863600120BDE8F8830228EED1002053
S2140157C0F9E700BF7014002070B50E4E0025FEF7F5
S2140157D01BFCA84201D8012012E03068FEF7B8F998
S2140157E050B93468FEF710FC0134B4FBF0F303FB48
S2140157F0104434600135EAE7FFF79EFF0028F0D138
S21401580070BD00BF6C14002010B5837903440446B4
S2140158101B7B392B96BF044AFF21D15C1EF024F86E
S214015820A0790C30204410BD4B4B03002DE9F34109
S21401583005460C46019115F0D5FF830605D501A84E
S2140158401EF03BF802B0BDE8F081019FBE790C3630
S214015850BB5D392B18D8164A12F80380B8F1FF0F32
S21401586012D038461EF0AEF8013840450CD1114B27
S2140158701E6896B9A379234421461A7B284602B0AE
S214015880BDE8F04117F01EBB01981EF016F8BA5D90
S2140158900199284617F016FBD4E773680BB93668EA
S2140158A0E7E72146284698470028F8D0CAE700BF10
S2140158B04B4B03007014002037B504460D462021DB
S2140158C015F092FF2946204615F0FBFF21460120E0
S2140158D017F09FFB2146002017F09BFB0120044A8E
S2140158E000900023214617F025FB03B030BD00BF12
S2140158F09DCD020073B50C461646054617F0FBFC17
S21401590080F001002946C0B215F063FFC368012C80
S2140159109A7907D032462146284602B0BDE8704043
S21401592017F0EFBC13441022DB8A00922946034A83
S214015930002017F0FFFA204602B070BD03D3020024
S21401594037B5044617F017FD0321204615F06AFF08
S21401595000250346044A00952146012017F0EAFA7D
S214015960284603B030BD00BFE9D102002DE9F34758
S214015970074602200E461EF065F90546002846D069
S214015980B3790C3333440021B3F80480B3F806A08E
S214015990B3F8089017F04CFA2846FFF735FF0221B6
S2140159A00446384615F03EFFA4F804806081A4F84A
S2140159B006A0A4F8089018F026F908F10108B0FB33
S2140159C0F8F303FB1800022360806370AB79B371B0
S2140159D0EA79F27103F10C00D21AD2B229183044D6
S2140159E01DF01DFC3946012015F0F3FE1022C6609D
S2140159F0638900923946074A012017F09BFA384618
S214015A00294617F013FA002002B0BDE8F0870720F8
S214015A10FAE700BF03D302002DE9F34104460D4621
S214015A200146012015F0D5FE01210746284617F04C
S214015A30FFF92846FFF7E8FE064600F10108404652
S214015A4003F052FCD6F80130C7F812307379BB75F3
S214015A500221204615F0E6FE29460746F08020463C
S214015A6017F0E4F920230093044A3B46214601201F
S214015A7017F060FA002002B0BDE8F081CFD2020034
S214015A807FB504460D460146012015F0A2FE50E8FA
S214015A90003F43F4806340E80036002EF7D12046ED
S214015AA017F029FCD8B3204615F0A4FE430715D5F8
S214015AB0334632460DF10F01204616F054F99DF893
S214015AC00F30062B0AD8284612F050FB012200237D
S214015AD02046FEF7CBFC002004B070BD0E21284600
S214015AE017F0A6F92846FFF78FFE0646FFF7B2FD28
S214015AF0C6F80510FFF7AEFD2946C6F80100204698
S214015B0017F094F90321204615F08CFE0022034677
S214015B1000922146034A012017F00CFADBE7082120
S214015B20DDE700BFEDD1020010B5054C054A064978
S214015B30204617F04AFB2046BDE81040FFF7ECBDB3
S214015B4074140020B5D30200B55C0100F7B58B795B
S214015B500C33CE18CB5C023B04460D460F2B00F2ED
S214015B60A080DFE803F0089E9E9E9E739E829E9E06
S214015B702C689E9E9E4F12F0B3FF71780746204612
S214015B8015F09FFE2021204615F02EFE214601200D
S214015B9017F03FFA2146002017F03BFA0123009345
S214015BA000231846404A214617F0C4F9284612F049
S214015BB0DDFA384612F09AFF012003B0F0BDB38833
S214015BC07288717816F0B5F8204615F013FE830733
S214015BD008D42946204617F0CEFB0121204617F0AF
S214015BE00FF9E9E72146012015F0F3FD2F4B8268F6
S214015BF09A4203D12146012017F0DBF9284612F01C
S214015C00B5FAEAE77778B678084612F0AFFA162FB3
S214015C1005D132460321204617F0BDFDCCE72146CB
S214015C20012015F0D6FD8368002BC5D0324603212E
S214015C3020469847C0E70146012015F0CAFD0746F1
S214015C402846767812F092FABB68EDE70146012005
S214015C5015F0BFFD07462846767812F087FABB682E
S214015C60002BA9D032460421E2E70146012015F0B7
S214015C70B0FD0F4B82689A4203D0284612F076FA9E
S214015C809AE7D6F80120D6F805302046FEF7EEFB57
S214015C90284612F06BFA2146012017F08AF90221F4
S214015CA09CE7002089E700BF6BD30200E9D1020020
S214015CB0EDD102002DE9F3410C46054617F01BFB1A
S214015CC0A37900286BD00C33E61814F80380B8F1DA
S214015CD0010F41D0B8F1080F39D0B8F1000F51D1FA
S214015CE07189284617F014F9B188738872788B4247
S214015CF094BF0746002709290B4638BF0923013BF5
S214015D009BB29A420FD8002A08BF0027F38832892F
S214015D10084617F01CF840B9204612F027FA012071
S214015D2002B0BDE8F0814746F0E7002FF4D02946DF
S214015D30002015F04EFDC46073891022013B0092CD
S214015D401B4A9BB22946002017F0F4F8E7E72146E4
S214015D50284617F06EFAE2E7F188284617F0D8F8D9
S214015D600746701C18F021F80028D5D0002FD3D094
S214015D702946002015F02DFD2023C4600093F388EA
S214015D800C4ADFE72146284617F0F2FD0028C6D167
S214015D902146284602B0BDE8F041FFF7D7BE2344AE
S214015DA01B7B0E2BD3D02146284617F0D0FDEDE7FE
S214015DB0F558010087D2020038B504460D4615F0A5
S214015DC019FD42070BD4204615F014FD830706D4AF
S214015DD029462046044ABDE8384017F08BB92846C4
S214015DE012F0C4F9002038BD4159010038B5054606
S214015DF00C4615F0F7FC00F01800102806D12146D5
S214015E002846054ABDE8384017F074B9204612F016
S214015E10ADF90C2038BD00BF6D590100014A17F0DD
S214015E2069B900BF195A010070B505460C4601460E
S214015E30012015F0CEFC0646284615F0DBFC0207CD
S214015E4004D5204612F092F9002070BD33685B0538
S214015E50F7D4284617F04FFA40B121462846FFF7F7
S214015E60ABFF18B91DF0EEFE044630B121462846B8
S214015E70034ABDE8704017F03DB90720E5E700BFCB
S214015E80815A010073B504460E4615F0ABFC00F0CE
S214015E90300010284FF0020031D11DF0D3FE054628
S214015EA078B3437943F002034371022116F0C0FF31
S214015EB02846FFF7A9FC29464670204616F0B6FF8D
S214015EC01621204615F0FDFC2021204615F08CFCFD
S214015ED02146012017F09DF82146002017F099F879
S214015EE0204617F03CF90121204615F09BFC03469D
S214015EF001200090044A214617F01CF8002002B049
S214015F0070BD0720FBE700BF17D202002DE9F04362
S214015F1087B004460E4615F06DFC00F4C060B0F57F
S214015F20C06F06D102201DF08DFE054610B9072070
S214015F3054E000252146012015F04BFC96F806801A
S214015F4008F10C08B044814608F10F0300F1120273
S214015F5008F11F0153F8040B42F8040B8B42F9D1E8
S214015F600321304616F064FF3046FFF74DFC0A2247
S214015F70074608F1050101301DF02CF90C210DEB47
S214015F80010003F01FF903AB03CBC7F80B00C7F8FA
S214015F900F10059BC7F8133007F10B020DB30A214A
S214015FA0284616F045FF2846FFF72EFC29462046D0
S214015FB016F03CFFC9F80C604FF48071204615F0CE
S214015FC013FC0321204615F02DFC002503460D4A3F
S214015FD000950120214616F0ADFF284607B0BDE822
S214015FE0F08307F113032046012116F051F82046ED
S214015FF0314616F01BFFC9F80C50204616F064F81F
S214016000DFE700BFF7D30200F0B589B00D460446BE
S21401601017F0EBF9AB79002800F0A3800C33EA18EF
S214016020EB5C033B082B00F23881DFE813F0090034
S2140160303601360184003601360136015D007E00E8
S214016040D2F80100D2F80510B2F8097003AB03C309
S21401605002F1130301210B32204616F019F8042130
S214016060284616F0E5FE2846FFF7CEFB0C2106462D
S21401607005A803F0A7F805AB03CB3346C6F8010025
S214016080C6F80510079A43F8092F0021721C20460E
S21401609015F0FEFF2146002015F09BFB03AA0346E0
S2140160A0478303CAC3F81200C3F816102046082116
S2140160B0FDF778FD4FF40071204615F095FB20465C
S2140160C016F002F82946204616F0B0FE03212046B7
S2140160D015F0A8FB03460020714A0090214616F0F1
S2140160E029FF012009B0F0BD0B21284616F0A0FEBD
S2140160F02846FFF789FB2946204616F097FE12F040
S214016100EFFC4FF440710546204615F06DFB4FF449
S2140161108051204615F070FB284612F0E7FC4FF43C
S2140161208061204615F06BFBDBE7284612F01EF86F
S2140161304FF40071F5E70621284616F079FE284649
S214016140FFF762FB204615F01FFE2946204616F093
S2140161506DFE204615F0DEFF2146002016F029FFD1
S214016160BFE72B441B7B043B072BBBD801A252F88D
S21401617023F000BF95610100BB6101001D620100B3
S214016180E5600100E5600100E5600100E5600100F1
S2140161903362010020464FF4007115F025FBAA7901
S2140161A00C322A4402F1090320460132002115F07F
S2140161B06FFF284611F0DAFF93E74FF48060FFF790
S2140161C0EFF9B0B14FF40061204615F00DFB002742
S2140161D02046CDE90577FDF7CFFC0646204615F0AB
S2140161E0FFFA0095034605AA3946B0B216F0ADFC93
S2140161F077E72146012015F0ECFA00F1120120465E
S21401620015F09DFF0621284616F012FE2846FFF7D8
S214016210FBFA2946204616F009FE62E7284611F0E9
S214016220A5FF2146012016F0F4FE204615F072FF68
S21401623057E712F055FC4FF400710646204615F05C
S214016240D3FA4FF48051204615F0D6FA304612F0B4
S2140162504DFC4FF4C061204615F0D1FA2946204680
S21401626016F0E4FD2146012015F0B3FAC268054692
S21401627082B193790C331A4402F1130301210B32D4
S214016280204615F005FF204615F01EFFE96820465A
S21401629016F0CCFD0023EB6023E7002022E700BFC9
S2140162A0F7D3020010B5074C07492046002216F026
S2140162B08CFF2046FFF730FABDE810400120002190
S2140162C0FFF774B9801400200960010038B505464F
S2140162D00C4615F087FA00F01800102806D1214662
S2140162E02846054ABDE8384016F004BF204611F09E
S2140162F03DFF0C2038BD00BF0D5F010038B58B791E
S2140163000C460C331944E35C142B054603D0152BBD
S2140163100FD0002038BD013117F03FF9152128466E
S214016320224617F082F92146284616F07FFD012005
S214016330F0E70146012015F04CFA0B4B82689A42B1
S21401634003D0204611F012FFF1E7A17921440D3167
S214016350284617F022F9204611F008FF29460120A9
S21401636016F027FEE3E700BF7FD6020037B50446E6
S2140163700A460D46142117F058F92946204616F00C
S21401638055FD0321204615F04DFA302203460092B2
S2140163902146034A012016F0CDFD002003B030BD92
S2140163A07FD6020010B5074C0749084A204616F06A
S2140163B00CFF2046FFF7B0F9BDE810402020002171
S2140163C0FFF7F4B88C140020FD62010083D60200AA
S2140163D073B5ADF800208DF802301E460446009BCA
S2140163E0019301A80D46114617F0C1F89DF8063035
S2140163F0B34203D1BDF804308B4205D0284611F0D4
S214016400B5FE122002B070BD204615F05BFB9DF86C
S2140164100230827A9A4209D18288BDF800309A42C7
S21401642004D1284611F0A2FE0020EBE7694620467B
S21401643015F004FE024A2946204616F05BFEE1E707
S2140164406D6301002DE9F04116461A43BDF8188028
S21401645007460C461D4605D120461146BDE8F041CB
S21401646017F062B94146204616F03EFD78B1214646
S214016470384615F0AEF940238674C5742146069356
S21401648038464346034ABDE8F04116F053BDBDE821
S214016490F08100BFE1D70200F7B505460E4601467A
S2140164A0012015F096F9036813F0F00F03D0294682
S2140164B0012016F0AEFD284615F06BFCB3790C33BF
S2140164C033445F789B781F400378C3F3030000EAE8
S2140164D01310384017F002F9044668B9284617F039
S2140164E006F9384017F0FAF8044628B9284615F098
S2140164F053FC01F0A7FF04462846002115F0E4FAF4
S2140165001721304616F094FC3046FFF77DF93146E8
S21401651044708470284616F089FC0321284615F03D
S21401652081F94022034600922946034A002016F0CC
S21401653001FD03B0F0BD00BF97D7020008B581B2D8
S214016540074815F0AAFE012000F0F6FC30B9054A0E
S214016550536919075CBF43F00403536108BD00BFCC
S214016560A014002098140020012383400649DB4331
S21401657001F1240252E8002F1A4001F1240C4CE8E4
S21401658000200028F4D17047981400200123074A00
S21401659003FA00F002F1240353E8003F034302F13B
S2140165A0240C4CE800310029F4D1704798140020DF
S2140165B0044A536A4FF0804043F40023536203F0C9
S2140165C0A1B900BF9814002038B51E4C4FF0101327
S2140165D0E3624FF4E063238647F6FF73A4F8603066
S2140165E094F86730012262F3030384F86730164A91
S2140165F0164B0025C4E916326562FFF731F84FF4F1
S2140166008073A4F84830124BE361124B84F85600AD
S2140166101A68656113785278A4F8BC5013445B106D
S214016620294604F108006376A4F8B45015F035FE47
S214016630294604F1940015F030FEBDE8384017F005
S214016640C6BB00BF9814002055555500D6BE898E8E
S21401665067DA0200681400202DE9F0411F4C9DF80E
S2140166601C609846636A0F46D907154633D460B353
S2140166700120FFF78BFF626A9DF8183084F854609A
S21401668022F4C07242EAC312052E626207D102F0FA
S21401669019F868B96D00ADB2BD4228BF3D4694F801
S2140166A054309A0715D413F0040F14BF032601269D
S2140166B094F86730A78566F3030384F86730E585A9
S2140166C084F830800120BDE8F0810120FFF74CFFFF
S2140166D0D1E70226ECE70020F5E700BF981400207A
S2140166E0024B586AC0F38000704700BF9814002020
S2140166F010B51D4CFFF7F4FF636A13F0010313D1C5
S214016700A8B994F8663094F83110253BDBB2013312
S214016710DBB2032B28BF002341FA03F2D207F6D5DA
S214016720253384F8663018E094F8543010B194F8A4
S2140167305520134303F00503052BE2D101F0C2FFF8
S2140167400028DED194F8673003F00F02012A05D144
S214016750032262F3030384F8673010BD012262F35B
S214016760030384F86730CCE798140020024B586A7C
S21401677000F00100704700BF98140020F8B52F4CB8
S21401678040F27123E36018B1636943F0100363615B
S21401679017F075FAE28DE66C236DA78D151F40F292
S2140167A071214D43AE4218D2A3F5967301FB073310
S2140167B0181AE76823893B4483420EDA636951431A
S2140167C043F01003891B63618142D4BF21612061BC
S2140167D0BDE8F840194800F0B9BB40F271277A438A
S2140167E0A2F5AF722261FFF783FFA28D236D07FB2F
S2140167F0023363602365AE424FF00003104AE36440
S2140168000DD3FFF76DFF136838B19A791B7B617E54
S2140168100B4493420DDC6376DAE71A78F6E7FFF766
S2140168205FFF136838B1DA79197B637E5B1A93428E
S214016830F1DA6276CCE75A78F6E700BF98140020C2
S2140168406814002038B50E4C054680B10320FFF7CA
S2140168508BFE002384F845300123A4F8463004203B
S214016860FFF782FEBDE838401020FFF77DBE052009
S214016870FFF77AFE0123A4F8B83084F8B650EEE7A5
S21401688098140020274B70B55A6A0D4609B31607AF
S21401689047D503F1450603F1460428B3D1061FD5B3
S2140168A02388012B1CD95B0823800420FFF75CFE9C
S2140168B01020FFF759FE17F0A6F92388B0FBF3F274
S2140168C002FB1300307055B30320BDE87040FFF79C
S2140168D04BBE940625D503F1B60603F1B804DCE7F2
S2140168E00420FFF753FEE3E7D20314D5B3F84610AE
S2140168F0B3F8482091420ED22288520092B22280EA
S214016900B3F84830934228BF134623801020FFF780
S2140169102BFE0420CDE71020FFF738FEF9E705200F
S214016920D3E770BD9814002070B54A4A05465168F1
S2140169301068AC79127A8AB06B4603C30C3408200F
S2140169401A702C44FEF72CFE20B10122A11D284608
S2140169501CF096FFA3798DF80F30A37A03F00F038E
S21401696003F128026A44002112F8282CADF8102001
S214016970CDF82110ADF825108DF82010062B08D87B
S214016980DFE803F0044F07075F074B000D20FFF712
S214016990FDFDA37AC3F380138DF81230E368CDF8BA
S2140169A01330238AADF8173000231A460DF1130170
S2140169B00DF1120014F088FBE3798DF819304FF4CD
S2140169C07F43ADF81A307F238DF81C3063798DF83C
S2140169D01D300023ADF81E30AB791233AB711C218C
S2140169E028461CF0AAFFAB792B4403AC0C3309AE46
S2140169F0224603CAB24218605960144603F10803DE
S214016A00F6D110681860294613481DF03DF84FF07E
S214016A10804002F077FF0AB070BD0D20FFF7A4FD9D
S214016A20B7E7D4F81230CDF82130E38AADF8253037
S214016A30EB79063BEB71A37AC3F3C0138DF82030D4
S214016A40A7E7064B5B6A9B0444BF42F00102ADF820
S214016A5010209EE7854B0300B814002098140020F0
S214016A6070B583790C33C4182379DA0702D44FF052
S214016A70FF3070BDA37AE27A03F00F05082DF6D831
S214016A80062D01D92846F4E7911F1F29EFD8012DBD
S214016A901FD10C2AEBD1244E736A13F0060F01D1D5
S214016AA0DB05EFD414F01DFB20B914F011FB002810
S214016AB0E8D1DCE7A37A96F83020B2EBD31FC3F314
S214016AC0C010D4D104F1120100F00100FEF77AFCE7
S214016AD0EDE7042DD6D11449144A486A0240002A2B
S214016AE0C5D0C96B0029CDD08A790C3288188A5C4A
S214016AF0C3F38013B3EBD21F08D014F0F2FA0028C8
S214016B00C0D114F0DCFA0028BCDBB0E704F10C01BC
S214016B10062208301CF04EFB044614F0E2FA002868
S214016B20B0D1002CAED0ECE7981400200800040089
S214016B30F0B5184C606B87B000B3A76BBE790C3606
S214016B40FDF71AF80223FF21BA5DCDE90431BD191C
S214016B50D20995F823305B090393AB8B02936B8BB9
S214016B6001932B8B0093002105F1080380B215F0E9
S214016B7002FF606BFDF7AAFA00236363A06B11F0B6
S214016B80F5FA0023A363636A23F00403636207B084
S214016B90F0BD00BF9814002013B5154C11F0A0FFEE
S214016BA0236A01930023236211F0A0FF019BA3B97E
S214016BB0636A1A0406D515F0F6FBA0B1636A23F4DE
S214016BC000436362636A1B0305D5FFF7B1FF636A7F
S214016BD023F40023636202B010BD01A81CF08BFEF3
S214016BE015F04CFCE2E74FF0804002F08BFEE9E73F
S214016BF09814002038B50E4D044601F05DF8E86B98
S214016C0018B111F0B3FA0023EB6315F056FB0948EF
S214016C10FEF710F9AB6B0BB1FFF7CAFC044821462F
S214016C2000F0E4F9BDE8384003481CF046BE00BF5A
S214016C3098140020A0140020B8140020034B586AB2
S214016C4010F0050001D1FFF7D5BF7047981400205A
S214016C5070B53B4C636A164603F0010270B95AB12F
S214016C6011F03EFF636A23F0010305466362FFF7F6
S214016C70E5FF284611F03AFF002070BD002AFBD13F
S214016C809B0704D5E36BBBB10120FFF7DBFD94F84E
S214016C90303003F0FD03012B16D011F021FF05461D
S214016CA0C6B10E20FFF772FC16F0E9FF42F2107330
S214016CB003FB0600A06210E002201CF0C3FFE063A5
S214016CC00028E1D10720D8E7FEF7CCFB0028E4D165
S214016CD01220D2E70E20FFF747FC0020FFF756FCF4
S214016CE0636A13F00403C4D1E364E38D40F27122B6
S214016CF0023B5343E260236116F085FF0323B0FB9A
S214016D00F3F303EB4303C31A253384F86630FFF726
S214016D10EFFC16F0B4FF60602065B4F8BC000028F4
S214016D2008BFF520FFF70AFC064B05481A681378DA
S214016D30527813445B10637600F008F999E700BFB8
S214016D40981400206814002038B51A4C636923F0A3
S214016D5010036361054600F0AFFFB4F8BC302BB9F1
S214016D60A36813F4601F08BFA4F8BC3011480121C2
S214016D7000F03CF9104BE361636A5A0405D485F0D0
S214016D800100BDE83840FFF7F9BCA26A6168521AF3
S214016D90002AF4DA23F0010343F400436362FFF7A9
S214016DA04DFF4FF0804002F0ADFDFFF799FC002843
S214016DB0E5D138BD9814002067DA020008B5FFF760
S214016DC08FFCB0B10B4B586A20F0040210F00100A2
S214016DD05A6203D1BDE80840FFF70CBF00F06CFF14
S214016DE015F06BFAFFF7E4FBBDE808400020FFF75B
S214016DF0ABBF08BD981400202DE9F04F314CA56BB0
S214016E00636BAE7900278BB00C36C4E90D7705EBC2
S214016E100608079383468946D8F824A001F0EAFDC0
S214016E20AA5D08F10806C2F3C01231460DF127002B
S214016E308DF8272014F05DF9CDE904B9636A079847
S214016E40C3F380230393FF2302939DF82730524612
S214016E503946CDE9006308F10E03FDF7D5F928465A
S214016E6011F084F9636A23F02402D907626205D41B
S214016E700120FFF7BFFE0BB0BDE8F08F124B94F870
S214016E8054501A681378527813445B10052D6376B4
S214016E9002D101F017FC40B994F854309A070ED489
S214016EA013F0040F14BF0325012594F86730012061
S214016EB065F3030384F86730FFF746FFDBE7022537
S214016EC0F3E700BF981400206814002010B5074CA3
S214016ED02368DA0607D523F01003236018B9A168E2
S214016EE0012014F0C5F80023A36010BD581500203A
S214016EF0014610B50446022014F0BAF8054B1B688B
S214016F00D90305D463691A075CBF43F004036361C0
S214016F1010BD00BF58150020014BD868DC387047FB
S214016F205815002010B5034BDC6816F0A8FEDC3CB3
S214016F30201A10BD58150020034B1B6813EA0043A6
S214016F4014BF01200020704758150020F8B5002313
S214016F5003604369044658070DD5204650F8081FBC
S214016F60C90C01F4FC7141F00501FDF711FF6369DD
S214016F7023F00403636163692589D90603D516F0F6
S214016F807EFE28446060184E606831462D1A51F81E
S214016F90043F8BB923600C60B3684BB1617E5A7EA7
S214016FA0914219D26269D2060FD50020FFF78EFFF3
S214016FB0BDE8F84015F0B3BE5A681F892A44D21BB3
S214016FC0002AE7DA19461B68E3E75A681B69134487
S214016FD01B1A002BECDBE8E71A895B68D31AE26818
S214016FE00344D342E4D5E0E75815002038B50B4DED
S214016FF0AB680446A342084601D1FFF767FF6B68FA
S214017000074A1BB1A342196804D11160BDE8384094
S21401701015F085BE1A460B46F3E700BF581500204B
S2140170205C1500202DE9F341634E33685C0700F1DF
S2140170308A80B368002B40F0868056E8003F43F014
S214017040040346E80032002AF7D17468BCB116F092
S21401705016FE01AA804601462046276916F06BFDFA
S21401706008B9204622E063692568D8065CBF019B03
S214017070FF1AA5B96368DC371F44C6E9024756E81C
S214017080003F23F0040346E80035002DF7D1B4682D
S214017090002C4BD102B0BDE8F04101F017BD01AAAA
S2140170A04146284616F047FD18B92846FFF720FF47
S2140170B0CBE76B6928896A68D90648BF08EB0002E6
S2140170C0DB07A2EB000005D401992B695B1AE9687E
S2140170D05B1A18446368D919091A002919DD8F4209
S2140170E004D9E168C01ADC3181421DD96069C10743
S2140170F011D42169D5F80CC00B442189A3EB0C03EC
S2140171005B1AE1689B1ADC318B4204DD6A606746D4
S2140171102C462D68ADE7697E637E9942F9D2C30697
S2140171209FD5EF686A60F3E70746F2E7A36813F4B2
S214017130601FC3F3C24009D1336843F010033360C4
S214017140214613F095FF02B0BDE8F08104F108076F
S2140171503846FDF72BFE336843F0100333602146B3
S214017160F8B913F085FFA36813F4601F4FEAD34103
S214017170C3F3C24517D0013DEDB201F4FC712943BA
S2140171803846FDF705FE03213846FDF76DFE75B15D
S214017190A268237E1344120C9BB212041343A3600D
S2140171A0D1E72846CDE703213846FDF75DFE384690
S2140171B0FDF740FEECE700BF5815002008B5034B6D
S2140171C0996809B113F054FF08BD00BF5815002097
S2140171D0014B9868704700BF581500200A4B70B5E0
S2140171E09C6884420FD12146012013F041FF666856
S2140171F0258916F044FDAD1BC54221464CBF002033
S214017200022013F035FF70BD58150020054B1B6892
S2140172101B6A13F0100003D013F0030018BF0120FF
S214017220704700BF681500202DE9F341344B9C6878
S214017230A5790C356719635D03F04F036355838D9C
S2140172400622103B064688467A700D2B32D8DFE8B8
S21401725003F054315007310C313131313131310CB9
S214017260635D6FF30303635524E0625D006A0123E7
S21401727063F30302625510F4006F4FF00C027A704C
S21401728006F12E0107F108020CD001924FF0FF32F1
S2140172900092C0F380201A4613F01FFF635D43F08F
S2140172A08003E0E7D6F82E30BB608B889380336A84
S2140172B05B05F3D4B28D635D62F345136355B91C68
S2140172C0304616F030FD635D60F386136355A3798F
S2140172D07A7802331344E371B38D03F01403142B4D
S2140172E004D0B8F1000FC4BF42447A7002B0BDE8C2
S2140172F0F081635D62F30303B5E7635D0222F9E79C
S2140173009412002038B529490B7D4A7D0133DBB242
S214017310B3EB921F04460B7503D303230B750020B2
S21401732038BD016AC90234D590F87E200323243A79
S21401733092FBF3F303EB4303D21A2532D2B2A18DAB
S21401734094F87F30B4F9340084F87E2011F01001EF
S21401735003F00F0323D116F011FD01F095F8B4F9EF
S2140173607820824204F1700504D0A4F8780001F078
S21401737033FD6881284601F0F3FB002211461046D2
S21401738013F078FE94F87E00002116F0F6FC01203A
S214017390C6E75B001A4102F003022532CFE7024638
S2140173A01946002001F016FED7E700BF9412002010
S2140173B01F4B2DE9F04104461860006C1D4E1CF071
S2140173C001FB01462046FFF72FFFA38D03F01403B0
S2140173D0142BB36814BF226C00221A602046FFF7F4
S2140173E091FFFFF713FF144B051E144808BF1846FC
S2140173F001F0ECFC6369676803F0100816F03FFCC7
S2140174006D000346627EE8B2B8F1000F03D1FF1AA1
S214017410B7F59B7F07D5114601F082FCB068BDE841
S214017420F04101F051BC616816F02FFCF6E700BF91
S2140174306815002094120020CD7401001977010010
S21401744070B50546FFF7E2FE104B114E041E1148BB
S21401745008BF184601F0BAFC2846FFF753FF054659
S21401746060B133686000597E00F0FE0001F058FC00
S214017470094BBDE87040986801F026BC01F0A6FCF7
S21401748030682946BDE87040FCF760B8CD7401004D
S214017490681500201977010094120020034610B5E4
S2140174A0094C052B20680AD0062B0CD1002001F0D0
S2140174B08DFC20680121BDE81040FCF747B8BDE807
S2140174C01040FFF7BDBF10BD68150020032803D18B
S2140174D0024B1868FFF7B4BFFFF7E0BF681500203E
S2140174E00C4B032810B51C680FD1206C1CF06AFAEF
S2140174F001462046FFF798FE074B226C9B68204604
S2140175001A60BDE81040FFF79BBFBDE81040FFF7CB
S214017510C5BF00BF68150020941200202DE9F8436E
S2140175208B790C33CC1806462379DA0703D44FF04F
S214017530FF30BDE8F883E77A252FF8D83C4B9A68E8
S21401754093790C33D118D35CA27AC3F38013B3EBCF
S214017550D21FECD1056AEB064CBF0231043106227C
S21401756004F112001BF026FE0028E0D194F80A90E0
S21401757013F0B7FD05F4C04580F001032A1EC9F3D8
S214017580801904F10C084146DBB218BF01224846B7
S21401759016F085FB014658B1A37A03F00F03032BBF
S2140175A016D1336A9807C2D50C2FC0D10320C0E785
S2140175B013F09DFD0028BAD1A37A03F00F03002D26
S2140175C0EDD0032B85F4C04513D1A904AFD5E8E768
S2140175D0052BACD1306AC207A9D500F01403142BD1
S2140175E00CD004F1180016F0C8FA00289FD0052028
S2140175F09FE7052B9BD16B04ECD498E706F12E058B
S2140176002946C0F3802013F061FD0028E9D1A27A53
S214017610336AC2F38012C3F380239A4287D10622CB
S214017620294640461BF0C6FD0028DAD07FE700BF9A
S214017630941200202DE9F74F4FF0FF310746002442
S21401764001A8019401F060F8019949B13846FFF7A5
S21401765065FF032806D005284BD001A81CF02DF99C
S21401766001203FE0DFF8A8802848DFF8A89001F065
S214017670ADFBD8F800302046597E01F075FBD8F8EE
S21401768000B0D9F80860DBF844001CF09BF9B47927
S2140176900C3406EB040A335D03F0400343F00403A5
S2140176A0054633550AF10201584616F03CFB335D98
S2140176B060F386133355D8F80030D9F808005B6CB0
S2140176C0002DA4BF06358AF80150036001F0FCFACC
S2140176D0D8F800301B6ADB0407D50199384613F049
S2140176E0C2FF002003B0BDE8F08F01A81CF0E5F84A
S2140176F0F7E7019801F0C0F80199384613F05CFFEE
S2140177000028ADD0204601F061FBEAE7E1740100F4
S21401771068150020941200200E4A032810B514683C
S21401772005D0042809D0BDE81040FFF7B7BE617E3A
S2140177300120BDE8104001F0AFBA2046FFF77AFFFE
S21401774030B101F057F92046BDE81040FFF778BE8A
S21401775010BD00BF6815002038B50D460446002050
S21401776001F034FB01F046F929462046FCF738FAC9
S214017770014B00221A6038BD6C1500200123074A10
S21401778003FA00F002F1140353E8003F034302F149
S214017790140C4CE800310029F4D17047AC120020DB
S2140177A0F8B5244F7B6913F4C07F05460C4603D019
S2140177B099063BD401200CE039B15A0705D4D5F817
S2140177C0A43013B90820FFF7D9FF7B699B0601D5C2
S2140177D00020F8BD7B7FAE6A022B06F0080604D9AE
S2140177E016B114B90220F4E7E4B995F8921095F8A9
S2140177F03701063100F00F0000F000FE85B20EB929
S21401780004B16D00FFF78EFBA8420DDB7B6913F018
S2140178101C0FDDD11EB1002CDAD10520D9E7002CD2
S214017820FBD1D5E70320D4E70420D2E7002CCFD044
S214017830C3E700BFAC12002038B5124D6B69044691
S21401784043F400734FF4806128306B6116F0C6F97B
S2140178500121204613F0D3FF00212046FFF7A0FFA9
S214017860014620B12046BDE83840FFF775BF68697C
S214017870617E80F48070BDE83840C0F3002001F0DE
S2140178800BBA00BFAC12002038B50C4B044618608A
S21401789000F5947001F064F92046FCF76DF9C4B266
S2140178A0204613F0F3FB0546204613F0F1FB29466C
S2140178B00246022013F0DEFB38BD00BF6C15002027
S2140178C008B5002001F082FA01F094F8014B00227D
S2140178D01A6008BD6C15002010B50446FFF7D4FFEA
S2140178E0064801F073FA6168226C637E01EB92022E
S2140178F0BDE81040112001F091B900BFC97B01001D
S2140179003F4B37B51C68A26A002350050193D4F893
S214017910A03012D504F1A40001931BF0ECFFC4F8CB
S214017920A00050B194F84631013B84F846314FF43B
S214017930806104F1280016F051F9D4F8A0500DB971
S214017940304B9D6894F94631022B0DDCD4F8A830F3
S21401795013B1A36AD90502D5D4F8AC3023B14FF4DC
S21401796080512046FCF71EF9D4F8A410A36AAA7920
S214017970002902F10C024FEA830314BF0121002102
S21401798003F00C0343EA0113A95C21F01C0143EA4E
S2140179900103AB540DD11B4A02F1140353E8003F17
S2140179A023F0080302F1140040E800310029F3D166
S2140179B002E00320FFF7E2FE284601F085F9019B6D
S2140179C053B15B7903F00A03082B02D12046FCF77A
S2140179D0CFFB01A81BF071FF6B799A070ED5A36A3E
S2140179E01B040BD50820FFF7C9FE4FF4004104F134
S2140179F0280003B0BDE8304016F0F0B803B030BD43
S214017A006C150020AC1200202DE9F04385B0002350
S214017A100446032103A8039300F076FE039D35B9BF
S214017A20F4212046FFF798FE05B0BDE8F083AB7958
S214017A30644F0C331D447B692A79D6074ED4DD0684
S214017A404CBF07200420FFF799FE0026012120469F
S214017A50FFF7A6FE054650B97869617E80F480700E
S214017A60C0F30020400001F07FF9FFF749FF0398BB
S214017A7000F002FFDDF80C807A6998F806305106AE
S214017A8003F10C0308EB030915D458F803303B61E6
S214017A900620FFF773FEA36A1A060CD404F1280227
S214017AA052E8003F43F0800342E800310029F7D155
S214017AB00120FFF763FE4946204613F0A6FE99F81B
S214017AC00430DB077BD5002E52D11DB12946204656
S214017AD0FFF742FE03A800F0F1FCA5E723F0100330
S214017AE001207B61FFF74AFEAE7AF0062FD5022011
S214017AF0FFF744FEA36AAA7A83F00203C2F3800268
S214017B00C3F340039A422FD104F128004FF40061D9
S214017B1016F064F850E8002F42F4806240E8002333
S214017B20002BF7D1A26A82F00202A2627B77AA7AC0
S214017B30A36AC2F3C00203F001018A4285D183F031
S214017B40010316F00306A36218BF01267EE707F1BC
S214017B50140353E8003F23F0040307F1140141E83E
S214017B600032002AF3D1C5E77B7F0133DBB2DDE7C4
S214017B702046FCF701F8C0B213F088FA0646204604
S214017B80FBF7FAFFCDF80480A38F009382B200239F
S214017B903146022013F076FA4FF0FF3103A800F0C9
S214017BA0B3FD03998B790B44DB7D002B8DD02046EA
S214017BB0FCF7FCFA002D3FF437AF294631E7002EDB
S214017BC083D0E9E7AC12002008B5124A0346042B1D
S214017BD010680BD002D8032B18D008BD053B012B2B
S214017BE0FBD8BDE80840F121FFF7B6BDFFF70CFF53
S214017BF0094A02F1140353E8003F23F0200302F17F
S214017C00140040E800310029F3D1E6E7BDE808405A
S214017C10FFF712BE6C150020AC120020164B03387D
S214017C2010B51C68032818D8DFE800F00702181EF4
S214017C302046BDE81040FFF7E7BE2046FFF7FCFDF3
S214017C400E4A02F1140353E8003F23F0200302F129
S214017C50140040E800310029F3D110BDF12120467F
S214017C60BDE81040FFF778BD4FF4806104F12800AD
S214017C7015F0B4FFF221F2E76C150020AC120020DB
S214017C8010B50446FFF700FE054801F09FF8FFF720
S214017C9037FE627E61680220BDE8104015F0F5BF30
S214017CA01D7C0100034B5B6A13F0060F0CBFE2203C
S214017CB0F12070479814002008B5FFF789FA054BA4
S214017CC0834206D100F096FEBDE80840002001F090
S214017CD07DB808BD9814002070B5214C214801F0EC
S214017CE075F894F8673094F8662003F00F030021C6
S214017CF0C82016F043F800F0C7FBB4F960208242B2
S214017D0005D0A4F8600001F067F8A4F862001648F0
S214017D1000F026FF00221146104613F0ABF9666804
S214017D2015F0ADFF0246FFF7BDFFB61AB6F5FA6FBE
S214017D30054609DCFFF7F0F8627EA0F5AF7128462C
S214017D40BDE8704000F030BF6668FFF7E5F8637E77
S214017D50A0F5AF7231462846BDE8704000F05EBF20
S214017D609814002005820100F014002038B500F0B8
S214017D7041FEFFF7D7F840F28A2398420D4C0CDDFE
S214017D80FFF790FF0546FFF7C7F8627EA0F5AF71D3
S214017D902846BDE8384000F007BF15F070FFE36CD9
S214017DA062689B1A0344E3640020BDE8384015F07E
S214017DB067BE00BF98140020F7B5104C94F84550E4
S214017DC006460F462DB1013D84F84550002003B00C
S214017DD0F0BD0B4B1B680220597800F0C5FF94F8E4
S214017DE03030CDE900533A46E06B0323314615F0B7
S214017DF078FEE06B00F068FF0120E8E798140020A9
S214017E0068140020094A02F1240353E8003F43F0B6
S214017E10080302F1240040E800310029F3D1044BA5
S214017E201B680120597800F037BF00BF9814002066
S214017E3068140020438902895B0040F271204343A5
S214017E405B1AD0B24343120AB3FBF2F3024A12683A
S214017E5011445818704700BF9817002030B58C1A87
S214017E60E41A002C08DA124C6468551A1D44B5FB56
S214017E70F4F505FB044421441344CB1A40F2E242D4
S214017E80B3FBF2F39BB242892BB9530040F2712443
S214017E9004FB031113460132B3FBF2F402FB143266
S214017EA002819B1A40F2E24000FB131030BD00BF76
S214017EB0981700202DE97043064618469DF818309D
S214017EC089461446E3B9C31E012B8CBF0225032540
S214017ED0222100F093FA164B5B686D0040F2712880
S214017EE008FB05F581446BB121463046FFF7A2FF3A
S214017EF0ABB201464A463046BDE87043FFF7AEBF17
S214017F000125E5E7738934890133B4FBF3F203FBFA
S214017F101244F37934815B00640008FB03F308FB29
S214017F2004F404EB530404EB09002844BDE8708311
S214017F30981700202DE9F041134E736A5B078046BF
S214017F401BD58B790C33CF18C8B9FD79CC58398934
S214017F50284600F053FA0444B8F1000F11D1033D4E
S214017F60012D94BF032302235B0040F2712202FB22
S214017F70034434647B7986F84430BDE8F0810125FA
S214017F80E4E70123F0E700BF981400202DE9F04F45
S214017F901F46984B9D6B5B6AAC798DB00C341646C8
S214017FA0021E05922A5D069108BF002161F3451263
S214017FB02A55314603F040023846C3F3801A03922D
S214017FC013F091F805EB04080790285D08F1080BFB
S214017FD05946C00913F087F8039B8146002B44D10C
S214017FE0002844D113F07DF880F00103DBB203F0E2
S214017FF0010352463146384615F051FE04900028DA
S21401800000F08A80039B002B33D1B9F1000F75D1A4
S214018010079B002B72D013F055F800286ED0012272
S2140180200AA90DF1270013F060F8002874D09DF816
S21401803027302A5D591E4B424B41B3EBD21F6BD101
S21401804006220AA958461BF0B5F8002864D1336801
S214018050C8F80830B388ABF804302B5D67F3C71354
S2140180602B554FF00009CA4619E00123BFE7039BD1
S214018070BDE7604B5B6A13F400791CD115F804A0C8
S214018080CAF3801A484613F035F83368C8F8083042
S214018090B388ABF804302B5D67F3C7132B55059BEC
S2140180A0544E002B3ED196F8B630002B3AD0013B09
S2140180B086F8B63030E013F002F8002806DA15F834
S2140180C004A04FF00009CAF3801ADBE7002211462C
S2140180D0104613F004F815F804A08146CAF3801A76
S2140180E00028CFD0002302211A4608EB010015F024
S2140180F0D0FC2B5D60F386132B55C3E77A1E5742DF
S2140181002B5D5741B7EBD31F06D1062231465846A1
S2140181101BF050F80028A4D00023049304980DB057
S214018120BDE8F08F15F0ABFD074613F04EFB059B3F
S2140181300093024639469DF8583008F10E00FFF7C5
S214018140B9FE2D4B059A1B680746D9799AB90220C4
S21401815000F00AFEB06B00F0B7FDB36B9A791344DA
S2140181601F63FFF735F8254BC361069BB3B9736AE6
S21401817023F4806315E0002000F0F6FDB06B00F0FC
S214018180A3FDB36B1E489A7913441F6300F01EFECD
S214018190069BC3B9736A23F4806317E0736A43F4DA
S2140181A080637362039B9BB1B9F1000FB6D00023C5
S2140181B01A46514608F1020015F06BFC2B5D60F380
S2140181C086132B55AAE7736A43F480637362EBE761
S2140181D02B5D0022C3F3C01359460AA88DF8283038
S2140181E012F083FF2B5D9DF8282062F3C7132B55F1
S2140181F0DAE700BF9814002068140020B9C2020014
S214018200D18301002DE9F04F042885B01ED005D892
S214018210032800F0CF8005B0BDE8F08F431F012B87
S214018220F9D805384FF0010118BF0120FEF72AFBE7
S21401823015F025FD644AD36C51685B1A034400208F
S214018240D36405B0BDE8F04F15F01ABC03A80025AD
S2140182504FF0FF31039500F057FA039858B1FEF737
S214018260FFFB0828074603D8584B1E5C30070AD484
S21401827003A81BF022FB544B5B6A13F0060F12D0C7
S214018280FFF774FD0FE0072F039C13D14E482A46D3
S214018290214614F008F80028EDD014F00FF810B1BC
S2140182A00120FEF76BFA0121084605B0BDE8F04F44
S2140182B0FEF7E8BADFF81081FEF734FED8F824306E
S2140182C013F00403814645D016F0020342D0A0F510
S2140182D05573002B0DDDA2790C3222440120917AD0
S2140182E00090C1F380130C32C1F34011FFF74EFE2C
S2140182F00546204600F0C0FA21460120FFF71AFE87
S214018300D8F82430D9072FD594F806B003F0800AA0
S2140183100BF10C0B12F0E5FEA34480F001039BF871
S2140183200A00BAF1000218BF0122DBB20BF10C0100
S214018330C0F3801015F0B3FC70B165BBD8F82430DB
S2140183409A0720463BD5F30712D4730739D5FEF7B3
S214018350EBFA90E71D46CCE7BAF1000F04D151467F
S21401836012F0C5FE0028E8D020460FF0FFFE1DE003
S21401837015F04EFD78B1A9F2B249B9F1000F0ADD48
S214018380A0790C3020440C3010F8021CC1F3801187
S214018390FFF712FD0546042F03D1D8F824309907BC
S2140183A0E2D57207E0D52046FEF7BEFA002D7FF42F
S2140183B07AAF60E705B0BDE8F04FFFF723BD042FA5
S2140183C0C3D10FF0D3FE56E7981400208F4B03005D
S2140183D0032808B50AD1074800F0F8FC064B01202F
S2140183E093F94410BDE80840FEF706BDBDE8084015
S2140183F0FFF708BF0582010098140020064B10B550
S2140184005B690C4610B101F03BF8034618795B88AE
S21401841004FB003010BD00BF500D0020084B10B506
S2140184205B690C4610B101F02BF803465A88A2424C
S2140184303BBF1B79A41A0020B4FBF3F010BD00BFAC
S214018440500D00200138C0B203289ABF014B185CBA
S21401845000207047984B03008BB20029054AB4BF31
S214018460053B05331BB20A21108093FBF1F3937091
S214018470704700BFE61E0020024B9B78C01A40B230
S214018480704700BFE61E0020024B1B88C01A00B2D0
S214018490704700BFE61E0020074B186840F20D1318
S2140184A038B9002BC1BF44334522B3FBF2F0C0B24A
S2140184B070470068453BF3E7500D00202DE9F04179
S2140184C0064610F00DFB0746FFF7E6FF3546044665
S2140184D0286818B16CB928461BF0EFF931680A48CC
S2140184E01BF0D2FA384610F001FB00233360BDE8DA
S2140184F0F081D0F800801BF099FB2B68013CC3F893
S21401850000802D68E4B2E3E7500D0020024BDB6BE0
S21401851003B11847FEF752BE500D002010B5064AAB
S214018520C043131D53E8003F0340141D44E80031C7
S2140185300029F6D110BD00BF500D002010B5054A28
S214018540131D53E8003F0343141D44E8003100297E
S214018550F6D110BD500D002070B5194615460646D9
S21401856010461C4615F080FB2A46454D23463046EC
S21401857015F07FFBD5E9062300EA020401EA0306AB
S21401858054EA060313D0630104F0806010D56B68CB
S214018590180623D43B4B234093BB3B4B06F02002EB
S2140185A02340134356D12046314615F059FB70BD82
S2140185B0A4F1080333431CD1EB7A012B42D16B683B
S2140185C0D90743D50323EB726B8C013304206B84EC
S2140185D0FFF79CFF012015F048FBE4E72B1D53E84D
S2140185E0003F23F08003291D41E80032002AF5D11F
S2140185F0DDE7A4F10C03334317D115F036FBDBE7B7
S21401860024F0011323F4A0433343C6D1EB7A012BA4
S21401861018D16A6840F20143934314BF0023032331
S2140186200520EB72FFF772FFBDE7231F334302D12C
S21401863015F01CFBB7E704F17F433343AAD1EB7A6D
S214018640022B0FD0042015F0F5FAACE713F4006303
S214018650BAD1B8E70420FFF771FF4FF0006001F0D0
S21401866051F9A0E76B689A0706D50423EB722B8CA9
S214018670013303202B84ABE713F02003F7D1F5E792
S214018680500D0020015001000DD50155014B986A8F
S214018690704700BF500D002010B5064CA06A1AF0B6
S2140186A0C3F928B9A06A1AF0C1F900F0010010BD9B
S2140186B00120FAE7500D0020014B986A1AF0B8B96C
S2140186C0500D0020024B5868C0F34020704700BF91
S2140186D0500D002010B504464FF40070FFF71EFF42
S2140186E0084B986A1AF0A6F938B10CB9002010BDEB
S2140186F04FF40070FFF722FFF8E7002CF6D00C20AD
S214018700F5E700BF500D00202DE9F04F0468594DE4
S21401871089B006468846002C48D0A77920460C37F3
S2140187201BF050F927440A383C89B8F1FF3FA4EB07
S214018730000402D04445A8BF4446B5F83890B0EBD3
S214018740090713D4002C0EDD6D6B36683D44FF2CF3
S214018750224629463046A8BFFF221BF091F8241A6C
S21401876036680544F3D109B0BDE8F08FA9EB0009DE
S214018770296BD6F800A0A145A8BFA14601EB000BC6
S214018780C846B9F1000F0DD04246FF2A5946504659
S214018790A8BFFF221BF074F8B8EB0008DAF800A0B7
S2140187A08344F1D1A4EB09044F44CBE7A86A03AA9A
S2140187B003211AF09AF8BDF80E700294A146E862F9
S2140187C00A3702AC09E023601B682B602368C3F8F4
S2140187D000902368002F1C4611DD2B68453F002BB7
S2140187E0F1D101201BF02EFA034620600028F1D1BA
S2140187F0019002A81BF061F8019B3360B3E72B1DC3
S21401880053E8003F43F008032A1D42E80034002CD9
S214018810F5D14FF0006001F075F80298BDF8102010
S214018820437943F001034371069B30606B63059BFC
S2140188302A872B638379BDF80E200C3303441C7101
S2140188401A819DF80C20297A9971072ADC711FBFBD
S214018850AB8C0133AB846B8C0ABF012203F1FF336F
S2140188601A714FF00A0118BF6B841AF0FDFF3468C5
S21401887053E700BF500D00202DE9F04187790C37F2
S214018880C41986B0237913F0020805461BD1174E8A
S21401889043F0020323716A46D6E90A011AF029F861
S2140188A02389B06A03336946ADF804301AF023F819
S2140188B0009BEB519DF90E00FFF7DEFD6071B37A68
S2140188C0022B03D8E37106B0BDE8F0819DF81130A4
S2140188D0012B04D0022B04D02BB90423F2E7032387
S2140188E0F0E70123EEE784F80780ECE7500D00205F
S2140188F037B5124B00F00F041B88ADF80430012C7D
S21401890015D0022C15D18DF804400D4D6B6842F23E
S21401891022000340A3420ED0FFF700FE2046FFF7D9
S2140189200DFEA86A01A919F071FF03B030BD20241D
S214018930EBE70024E9E70020F7E700BFC04B0300A0
S214018940500D00202DE9F043124F85B002234FF061
S214018950000881461046CDE902180E461546FB7200
S21401896015F080F90090797AB86A02AB424608F0B1
S21401897045FB044650B94846FFF7BAFF2B46044666
S2140189804246012130463D7315F068F9204605B090
S214018990BDE8F083500D002037B5144B00F00F04EE
S2140189A01B88ADF80430012C14D0022C16D00024FC
S2140189B00F4D6B6841F601000340A34213D0FFF749
S2140189C0ADFD2046FFF7BAFDA86A01A919F034FFEC
S2140189D003B030BD04238DF80430E9E78DF8044078
S2140189E04FF40064E4E70020F2E700BFC04B030049
S2140189F0500D002038B5104CE37A23B10022114601
S214018A00104615F02AF900252846E57215F02DF9CD
S214018A10A06A0122032119F087FEA06A2A460121D5
S214018A2019F06BFF8020FFF779FDBDE838404FF461
S214018A304050FFF783BD00BF500D002008B5FFF77B
S214018A40D9FF044AD38C0133D3840620BDE80840FD
S214018A50FFF75CBD500D0020F8B51B4D6B6859073C
S214018A6004D50420FFF75AFDFFF7E8FF6B681A07E5
S214018A700FD510F035F80646FFF70EFD124F0446E7
S214018A8024B101201BF0DEF80146A8B9304610F0EB
S214018A902DF86B68DB0615D51020FFF73FFD00F0BB
S214018AA001FD78B110F01CF80446FFF7C7FF204619
S214018AB0BDE8F84010F01AB83846013C1AF0EEFF4F
S214018AC0E4B2DDE7F8BD00BF500D002010B500226E
S214018AD0084C1046114615F0C0F8A06A08F052FA84
S214018AE015F0C6F820461AF0E8FEBDE8104008204A
S214018AF0FFF714BD500D0020014B986A19F0D6BF40
S214018B00500D002038B5154CA37A8342054610D087
S214018B10431E042B08D8DFE803F0030D11161800D6
S214018B20A06A08F08DFE20B92846A57200F0A8FCC0
S214018B30606138BDA06A15F0A4F8F4E70121A06AC7
S214018B4015F0A1F8EFE70321F9E7FFF7BBFD0028D1
S214018B50EAD0A06AFFF7D0FFE5E700BF500D00207E
S214018B6073B504460F4D408900F094FAA07B287235
S214018B7015F04BF86872E07B002600F00F00FFF757
S214018B80C1FF0096D4E90021A37BA86A19F0ADFFC6
S214018B9032463146304612F06DFA206815F067F815
S214018BA002B070BD500D00202DE9FF4100231A4E82
S214018BB000938DF80C30C0F340134FF001088DF888
S214018BC00E30C0F300130446154686F80B808DF868
S214018BD0048002918DF80D30FFF7DEFE28B10420E7
S214018BE015F028F804B0BDE8F081284615F03AF8EB
S214018BF0717A03466A46B06A08F00CFA2A460746B6
S214018C00C4F380114046357315F027F812F033FA95
S214018C10002FE4D1E6E700BF500D00202DE9FF410B
S214018C201C4E02921D4600230F4601930121039319
S214018C30C3060446F172009705D573691B888DF843
S214018C400D1013440293C4F3401328468DF80E30DA
S214018C5015F008F8717A03466A46B06A08F0DAF940
S214018C6028B1042014F0E6FF04B0BDE8F0812046E8
S214018C70FFF792FE2B468046C4F380120121384648
S214018C80357314F0EBFF12F0F6F9B8F1000FE8D1E6
S214018C90EAE700BF500D002038B50A4D01230C4607
S214018CA0EB72FFF779FE10B1042014F0C3FF2B7BA3
S214018CB0A34204D922460021012014F0CEFF12F06F
S214018CC0DAF938BD500D0020F8B5044612F0D4F993
S214018CD0A179E279114E521A0C3107460123B06A86
S214018CE0D2B2214419F0FBFDE579A379ED1A57FAC2
S214018CF085F524680CB93561F8BDA179E279B06AC9
S214018D00521A0C310023D2B2214419F0E8FDE3795E
S214018D10A2799B1A55FA83F5EBE700BF500D0020A8
S214018D20F8B5104E02230D46F372FFF7E1FD044637
S214018D3020B1BDE8F840042014F07CBF284614F0AA
S214018D4091FF2A46074621460120357314F085FF18
S214018D50717AB06A3B46224608F042F90028E8D10B
S214018D60F8BD00BF500D002038B5094D02230C4652
S214018D70EB72FFF7BDFD10B1042014F05BFF2B7BF7
S214018D80A34204D922460021012014F066FF38BD13
S214018D90500D0020014B587B704700BF500D00203E
S214018DA068B1084B194653F8042F0AB18242FAD229
S214018DB05B1A9B10013BDBB2034A537370470123D6
S214018DC0FAE700BF9C4B0300500D0020014BD8630F
S214018DD0704700BF500D002073B50F4B0F4E9B7DA3
S214018DE0FF2B044615D1ADF804000023B06A8DF8B8
S214018DF003300DF1030201A908F0DCFC9DF80350D5
S214018E00B06A22462946F6F7D1FB40EA052002B0B1
S214018E1070BD034B1D78F3E7E61E0020500D0020C1
S214018E20E01E0020044BC2B2C0F30721986A82B04C
S214018E3002B0F6F73BBC00BF500D002010B50D4C3C
S214018E400021A06A19F0C8FC0B49A06A19F01CFDA4
S214018E50FE21A06A19F007FDA06A08F0C3FA074BC5
S214018E60B3F910208242C8BF18821A8A9A805A8A99
S214018E70DA8010BD500D0020E01E0020E61E002006
S214018E80F0B5154C85B0B4F91070ADF80210ADF818
S214018E900420ADF806304FF0C8124FF08213694631
S214018EA0CDE90223ADF8000002AD04200B46B1F96E
S214018EB0002035F9026BBA42A8BF3A46B242A8BFB3
S214018EC03246013821F8022BF1D103CB034BA060C7
S214018ED0596005B0F0BD00BFE61E0020EE1E002062
S214018EE073B50546F6F75EFC314E0368336083883A
S214018EF0304CB3800023A370238033788DF8013083
S214018F00FF2D18BF1D46A5752B4DA86A0DF103034D
S214018F100DF102020DF1010119F081FD9DF80130FC
S214018F2040B90133DBB20D2B8DF80130EDD90120AC
S214018F3002B070BDA27DFF2A00D0A3758DF8053062
S214018F4033709DF802308DF804300198FFF76AFF00
S214018F50C828A8BFC8209DF803308DF804302082A9
S214018F600198FFF75FFF154B9842B8BF184660821D
S214018F70B4F91000FFF730FFADF804000198FFF7D1
S214018F8051FF2082B4F91200FFF726FFADF8040066
S214018F900198FFF747FF4FF6FF73A38264236082B1
S214018FA01A4618461946FFF76BFF0020C0E700BFB8
S214018FB0E01E0020E61E0020500D00200CFEFFFFE4
S214018FC0034A0346B2F906000BB1FFF75DBA7047D4
S214018FD0E61E0020084B10B5B3F9044030B903EB88
S214018FE04103B3F906309C42A8BF1C46A242A8BF63
S214018FF02246104610BD00BFE61E0020014BB3F905
S21401900012007047E61E0020014BB3F910007047AE
S214019010E61E002073B506460FF062FD0C4D0446B1
S214019020B5F91200B5F91030B042B8BF30469842D3
S214019030A8BF1846FFF7D0FEADF804000198FFF769
S214019040F1FEE880204602B0BDE870400FF04EBD4C
S214019050E61E002073B506460FF042FD0C4D044691
S214019060B5F91000B5F91230B042A8BF30469842A3
S214019070B8BF1846FFF7B0FEADF804000198FFF739
S214019080D1FEA880204602B0BDE870400FF02EBD8C
S214019090E61E0020F0B5C0F3072585B0FE2DADF81D
S2140190A0040027D0144C9DF804700FF019FD637D61
S2140190B0AB4206460ED0114B18689B88ADF80C30B3
S2140190C00F4B029002A9986A8DF8085019F0DCFB44
S2140190D0FF232375237DBB4206D0094B3946986A88
S2140190E019F0C1FB27756575304605B0BDE8F0403F
S2140190F00FF0FCBC05B0F0BDE61E0020E01E00200F
S214019100500D00202DE9F047DFF8449086B0074661
S2140191100E4614460DF10808A9F1100ACDE900988B
S2140191200B4B3A468021504610F018F90028F5D12D
S214019130102C254628BF102530462A4641461AF0EF
S2140191406EF8641B2F442E44E8D106B0BDE8F087C4
S214019150731F002030B589B0202269460D4DFFF7F8
S214019160D1FF6A4604AB144603CC9C422860696072
S214019170224605F10805F6D1074C08AD1A4603CA82
S214019180AA4220606160134604F10804F6D109B0D2
S21401919030BD00BF631F0020731F002010B588B0CC
S2140191A0694620200FF0F4F9044630B96846FFF707
S2140191B0D1FF034B012283F82020204608B010BDC2
S2140191C0631F002070B5134B93F820308CB0054612
S2140191D00C460BB9FFF7E2FF0023CDE90033CDE9DA
S2140191E0023354B91C22214605A804941AF00CF83F
S2140191F004A8FFF7AFFF0CB070BD102C264628BFA1
S2140192001026294632466846FFF77CFF3544A41BE4
S214019210E7E700BF631F00202DE9F84FDFF86890ED
S214019220D9F800B0824688461746BBF1000F28D011
S21401923099F804500026B54207D13D7099F804000C
S214019240A84214BF0120022017E074196110C1EB77
S214019250C1015944C4F34704887900F00100B8EB12
S214019260000003D10622504619F0A4FF002806DBB1
S21401927002D0661CF6B2DEE73C70BDE8F88F2546E4
S214019280D9E70320F9E700BF90170020014B002221
S2140192901A71704790170020F8B5124C05460FF06A
S2140192A01FFC637985F30705AB42064605D100240A
S2140192B030460FF01BFC2046F8BD2068657100277C
S2140192C0277110B10FF0E0F827606379002BEED01C
S2140192D0C5EBC5000FF0BAF820600028E7D1607131
S2140192E00724E5E790170020044BD3F8012002601D
S2140192F05B7903F01F030371704700BF841F0020D2
S214019300F0B5244B002918BF0B4614461268C3F863
S214019310012022795A7100218BB019700125C1F301
S214019320C402CFB2A65C01F0070205FA02F21642A9
S21401933007D01A7802F128066E44013206F8287C16
S2140193401A7001312529EAD11A7828B16946981D83
S21401935019F065FF0BB0F0BD002AFBD005330126DE
S214019360C0F3C405C1B2675D00F0070506FA05F54E
S2140193702F4208D1B1FBF2F502FB15110AAD55FAE1
S21401938081F111F8281C03F8011F01302528E7D1C7
S214019390E0E700BF841F0020034B002818BF0346E8
S2140193A00B449879704700BF841F002082EA12425E
S2140193B01FFA82FC8CEA010393FAA3F31BBA9BB251
S2140193C003EB031363449BB293FAA3F31BBA9BB25A
S2140193D003EB031363449BB293FAA3F31BBA9BB24A
S2140193E003EB03136344154A8CEA030C1FFA8CFC47
S2140193F0A2FB0C23ACEB030203EB52035B0903EB6A
S214019400C30100B503EB81030D4AACEB030300284F
S21401941018BF0246C3F3C401114403F0070ED8B2C5
S2140194204978012303FA0EF3194201BF13780CFBA6
S21401943003F302EB134290795DF804FB4D91CFBA2A
S214019440841F0020064B074A1A60074B074A1A601A
S214019450074B084A1A60084B084A1A6001207047F1
S214019460E4120020D3DD0200E01200200BDE020031
S214019470DC120020D1DD0200D81200200DDE020031
S2140194800528044B08BF03200622013802FB0030E2
S214019490704700BFC24B0300014B986D80B2704706
S2140194A0005008400A4B586800F07060B0F1106F29
S2140194B00CD008D8B0F1E06F08D0B0F1006F14BF3F
S2140194C0002001207047B0F1406FF8E70120704797
S2140194D000400840431C07B5014606D00023CDE9ED
S2140194E00033034A034810F033FA03B05DF804FB77
S2140194F0B9DE0200C018002070B50E4615460446B7
S21401950010B302F073FD08B3236813F4807F114B88
S2140195101CBF01221A70104A1B7814600F4A16608D
S2140195200F4A15601BB902F057FD02F03FFD0EF021
S21401953081FF02F021FC0B4B0B48197802F028FC46
S214019540BDE8704002F08CB9212070BD40F20440A5
S214019550FBE700BFB01F0020AC170020A8170020B3
S214019560A41700204E2000204D8402002DE9F04172
S21401957086B00EF033FF974B974D1A789749112016
S2140195800EF05CFD2B685A685423B2FBF3F20023FD
S21401959092B2512118460EF0E7FC0446002840F02E
S2140195A00B810EF0A5FD10F07DFA044610F07CFA52
S2140195B0844240F2D08010F075FA81B20023012275
S2140195C010200EF0D1FC0446002840F0F580844BB4
S2140195D01968844B186807F08DF900F05FF90446A6
S2140195E0002840F0E9802B681C7F002C00F0B68034
S2140195F0102C28BF10241AF0ACF8621C81B200238C
S214019600D2B208200EF0B0FC0446002840F0D48008
S214019610754A76490D200EF0DBFB06460446002807
S21401962040F0CA800EF05AFA8DF806606E46324651
S21401963006212C2000F008FA60B9304615F026FA0B
S21401964010B1302840F08C803C2000F01BFA2C2012
S21401965000F018FA9DF80630190740F1928096E856
S2140196600300ADF80C10090C02908DF80E109DF851
S214019670063013F0280F07D1DDE90201ADF804101A
S214019680090C00908DF806102B681869002840F028
S2140196908D802B68586900F047F92B6893F82220D3
S2140196A0D20700F18D8010F0E3F902A902460746C1
S2140196B0286814F005FC044600287DD108F034FA29
S2140196C004AA0221322000F0BFF928B9BDF8101013
S2140196D04FF0FF3019F001F910F0ECF904460028BC
S2140196E06AD1012000F0D0FC414B18681AF00DFC3D
S2140196F00446002860D115F090FE044602F038FFBB
S214019700804615F002FA41460246204613F0EBFA6F
S2140197100446002850D12B681B689B050CD4B7F56E
S214019720FA7F09D90FF0D5F9012107460846F7F760
S214019730B7FF38460FF0D1F92B689A692D4B1A609E
S21401974014F00CFC2C4B1860304600F039FD2B4809
S2140197500EF038FB30E010F0A7F92EE704244AE7B4
S21401976004AA01213C2000F06FF940B99DF81030A1
S214019770012B14BF492372238DF806306AE749236B
S214019780FAE7F5F779FECDE90401030C8DF80A3006
S214019790BDF81530ADF80B309DF817308DF80D304B
S2140197A04923ADF808008DF80E3060E715F0B7F8DC
S2140197B0044600283FF46DAF204606B0BDE8F081B0
S2140197C093F8230015F01CFB00283FF46CAF40F221
S2140197D00C44F1E74E200020AC1700204D84020017
S2140197E0101A0020141A002061DF02005DDF02005B
S2140197F0A8170020E4180020E0180020D5940100E6
S21401980002480022032119F049BF00BF7819002041
S214019810F8B5114815F0FDF9E0B914F09FFB0F4DAE
S2140198200D4E286006F10C07286815F0E3F80EF0D7
S21401983091F90446304615F0E8F910B938461AF0A1
S2140198403CF802F059FB08B9002CEDD1BDE8F84010
S21401985015F05AB9F8BD00BF140B0020E01800201F
S21401986008B5054B1B782BB914F00CFBB0FA80F049
S214019870400908BD0020FCE7AF1F002010B5054CCD
S21401988001232370044B1B6803B198470023237000
S21401989010BD00BFAF1F0020E41800200D4B9842FA
S2140198A00DD8023B984210D870B1023B98420ED0B8
S2140198B020F0704020F4604000F590607047064B41
S2140198C09842F5D140F21C4070472120704740F283
S2140198D01B4070470AE000F00BE000F0024B4FF02F
S2140198E080525A60704700BF00ED00E0044A002332
S2140198F052E8000F42E800310029F9D1FBF7CABD52
S214019900EC180020064A52E8003F034342E80031C3
S2140199100029F8D1034B1B6803B11847704700BFF5
S214019920EC180020E8180020034B002814BF02465C
S2140199301A46024B1A607047DD980100E8180020AD
S21401994037B51C68E10705D515F047F816491748DD
S21401995019F0ACFEA20723D501F022FBD0B9144DB5
S21401996001900FF0BDF80446284619F0C4FF019097
S21401997020460FF0BBF8019890B143799B070CD4B1
S21401998001A802211AF099F8019801F0F9FA14F0E9
S214019990D3FFE6E714F0D0FFDEE701F0E5FAF6E7DD
S2140199A0002003B030BD00BF280B0020781900202E
S2140199B0F018002008B505480EF09CF8044B187006
S2140199C0BDE8084001210EF0A5B800BF380B002005
S2140199D0B11F002038B5044648B10FF081F8214682
S2140199E0054608481AF050F828460FF07FF8064B4F
S2140199F0022193F900000EF08DF8BDE83840FFF71C
S214019A003DBF00BFF0180020B11F0020F8B50C4B79
S214019A100C4F04460E4638681968154606F06AFF6C
S214019A20FFF73CFF50B9386833462A4644F4802194
S214019A3007F076F9BDE8F840FFF730BFF8BD00BF84
S214019A40101A0020141A0020F8B50C4B0C4F0446CF
S214019A500E4638681968154606F04CFFFFF71EFFDC
S214019A6050B9386833462A4644F4802107F068F92D
S214019A70BDE8F840FFF712BFF8BD00BF101A00207E
S214019A80141A002038B50A4B0A4D1968044628688E
S214019A9006F030FFFFF702FF40B9286844F4802142
S214019AA018F01DFEBDE83840FFF7F8BE38BD00BF10
S214019AB0101A0020141A00202DE9F043134B0E460D
S214019AC01968134B8DB005461868174606F012FF45
S214019AD080B9009733460A2202A9284607F052F9B0
S214019AE00DF1080904464FF00008444505D1002C45
S214019AF0EFD120460DB0BDE8F08359F8041B284687
S214019B0018F0EDFD08F10108EFE700BF101A00207C
S214019B10141A0020F8B50C4B0C4F06460C46386854
S214019B20196806F0E7FEFFF7B9FE054648B9E243B5
S214019B3016FA82F2386842F4802246F48021FFF752
S214019B40BBFF2846F8BD00BF101A0020141A0020DB
S214019B50034B00221A609A80FF229A71704700BF59
S214019B60D41F0020064A1379834207D912680123BD
S214019B708340134214BF0120002070470020704725
S214019B80F4180020054A03461068002208B91A6036
S214019B907047C10748BF01324008F7E7F4180020B4
S214019BA0014B1879704700BFF4180020102A2DE9E0
S214019BB0FF4706460F46154623D8DFF84C80DFF8E8
S214019BC04CA000244FF00109D8F8002009FA04F34C
S214019BD0134213D046EA042040EA0A006A46E9B274
S214019BE080B2FFF731FF48B92A463946684619F070
S214019BF0E1FA18B960B204B0BDE8F0870134202C50
S214019C00E2D14FF0FF30F6E7F41800200080FFFFA6
S214019C102DE9F3411D4E054601460622304619F050
S214019C20C9FA20B996F9060002B0BDE8F081002411
S214019C30EF1CA0462046FFF795FFD8B13B88CDF82C
S214019C4000806946ADF80330E0B2BB788DF8053088
S214019C5016F0CAFF21280DD0A8B903222946684666
S214019C6019F0A8FA30B92B683360AB88B38060B2BC
S214019C70B071D9E70134202CDCD12B683360AB8876
S214019C80B380FF23B3714FF0FF30CDE7D41F002020
S214019C90034B93F90630013301D1FFF759BF7047E3
S214019CA0D41F0020F7B5044614F053FF631C39D1C6
S214019CB014F0F9FE4FF400410846FFF749FFFFF79D
S214019CC029FF4B4B4B480025214620221D6019F0E9
S214019CD09BFA284602F0F2F9474D0446FF267CB966
S214019CE03720FFF7CFFE424A0C2143F6FF70FFF7FD
S214019CF08DFE404A20213820FFF788FE002017E01D
S214019D0094F97530013305D02B7843B913212046D9
S214019D1015F085FB204602F0D1F90446DFE784F80A
S214019D207560F7E72046FFF71DFF18B940F20640B9
S214019D3003B0F0BD6B4606220021204614F042F91E
S214019D4000283CD0492368468DF8063014F0AFFE53
S214019D502A484FF47F4140EA04200840FFF7DAFE24
S214019D602349E3B201229A400B6823EA02030B60FF
S214019D70234B93F90630A34201D1FFF7E9FE0B7995
S214019D801C4A0020013B0546C1B2994221DBFF2651
S214019D900020D65402F092F9174F0546002DA2D0A6
S214019DA095F97530A34205D13B78EBB913212846C6
S214019DB015F035FB284602F081F90546EEE76B46BD
S214019DC006220121204614F0FDF80028C0D0722397
S214019DD0B9E75656A64200D025B1551895F9015057
S214019DE0555401250130CFE785F87560E2E700BFDD
S214019DF0F4180020B41F0020B21F00200080FFFFCF
S214019E00D41F00202DE9FF41354C064601A8FFF777
S214019E10B9FE2379019A93421ED86279012A40D16C
S214019E2000274FF0FF383D4610E02368EB40D90786
S214019E300BD5082202AB114668B214F0C3F820B164
S214019E40039B43453CBF2F469846013523799D42E7
S214019E50EBD378B2FFF726FF236813F0010529D06C
S214019E60002501220135202D18D002FA05F71F42E0
S214019E70F8D13B432360A368194A013373610C216F
S214019E8043F6FF70A360FFF7C1FDA8B1236823EA7C
S214019E9007032360A368013BA36073614FF0FF359E
S214019EA019E0022AFAD10F4A134413F9010D421C94
S214019EB0FBD0CFE70127DCE722790A4C013AD2B280
S214019EC02146601C19F086F96DB222462021382001
S214019ED02570FFF79BFD284604B0BDE8F08100BF62
S214019EE0F4180020B41F0020F0B54A4C89B00025B4
S214019EF001AA04213F202570FFF7A6FD00B10195B8
S214019F002570454C019E22460C2143F6FF70FFF753
S214019F109BFDC0B10D23A380019B2560032BA5608B
S214019F2011D803AD2A46142143F6FF70FFF78CFDC6
S214019F3048B995E8070084E8070022460C2143F655
S214019F40FF70FFF763FD019B042B06D004210DEB88
S214019F5001023F200191FFF759FD304A20213820A8
S214019F60FFF772FD28B12D4820224FF0FF3119F07E
S214019F704BF9237903225B00B3FBF2F3284A1370F3
S214019F80FFF7E6FD002523799D420DD3012E06D865
S214019F903D20FFF777FD002523799D4215D314F068
S214019FA088FD002009B0F0BD2368EB40DB070AD529
S214019FB06FB2082203AB1146384614F003F810B905
S214019FC03846FFF76FFE0135DDE72846FFF7CAFD85
S214019FD0F0B16EB202AB04220C21304613F0F2FF50
S214019FE004280AD1029BC3F300238DF80C3001220A
S214019FF003AB0C21304613F0B7FF0023CDE9033342
S21401A000CDE90533102203AB0D21304613F0ACFF2A
S21401A0100135C1E7B21F0020F4180020B41F00204C
S21401A020B31F0020F8B5114B04461879104B0022D7
S21401A0301D46D1B2884205D913F9017BA74202F128
S21401A040010604D10B4B1B788B4202D9F8BD324670
S21401A050EFE70749481C19F0BDF82C70BDE8F84039
S21401A060034A20213820FFF7D1BC00BFF418002096
S21401A070B41F0020B31F00200149024819F016BB87
S21401A080480B0020781900200A4B1022DA8228217A
S21401A0906422C3E906124FF6FF721A8402225A603E
S21401A0A0002283F82B200F2283F82D0083F82C2022
S21401A0B0704700BF0019002038B502F0B9FD40B95D
S21401A0C0094B1A6893F82A10243203464824994209
S21401A0D000DC38BD04FB03F55559ED0601D4013308
S21401A0E0F5E70120F5E700BF0019002038B5124C4E
S21401A0F094F82B30F3B1626812F001051AD104F11D
S21401A100080004F0EDF8636843F004036360FFF7AA
S21401A110D3FF78B194F82C3008484EF660225343AA
S21401A1204FF482712A460DF077FE18B9636843F042
S21401A1300103636038BD00BF0019002078190020B4
S21401A14022F00042052A10B50DD0B2F5827F13D059
S21401A150032A06D1114A536823F00203536002F022
S21401A1606FFD002010BD0D4A1B88118D9942F8D154
S21401A170002313850120F5E7084B5A6893F82B4016
S21401A18022F00102012C5A60F4D102F09FFAFFF787
S21401A190ADFF204602F09EFDECE700BF001900204F
S21401A1A0004870470F190020044890F82B1000F162
S21401A1B00F020830012918BF104670470019002009
S21401A1C0F0B4827912F0280F034626D0144A0168AB
S21401A1D0C2F80F108188A2F813108179517592F890
S21401A1E02A6011680025AE4207DC5368F0BC43F0D4
S21401A1F004030320536002F06DBD4C6A14F4404F13
S21401A20008D1186808609F889879887144F0080416
S21401A2108F804C6201354831E5E72120F0BC70475C
S21401A220001900204379024A9B09D05C704700BFA1
S21401A230F44B03000B6810B503608B888380FF2AFC
S21401A240044602D10723A37109E0032A08D8054B67
S21401A2509B5C8371072B02D1FFF7E4FFA07110BD51
S21401A2600023F0E7F84B03008379024A03F0070363
S21401A270D05C7047EC4B030010B582798B79094CA2
S21401A28002F0070203F00703A25CE35C9A4206D1E0
S21401A290062218F08FFFB0FA80F0400910BD0020AA
S21401A2A0FCE700BFE44B03007FB5134B03930E4658
S21401A2B005460446A0B115F0BAF978B90022314630
S21401A2C0204615F0E9FA022807D10123009303AAD4
S21401A2D004233146204613F04CFF0DB104B070BD87
S21401A2E0204615F073F904460028F7D015F09FF9BB
S21401A2F00028F5D1E2E700BF0100FFFF2DE9F04F8E
S21401A30097B08346099115F0D8F8099883790C33EC
S21401A310C518C45C19F056FB1E2C099F064624D8A6
S21401A320012C26D9C54BE340DA0722D5384697F8E3
S21401A330068019F047FBBBF80A2083B29A4228D25E
S21401A34014F0010240F0A18004F07F03522B00F0CC
S21401A3509C801E2C00F09980099B009321460423C3
S21401A360584614F0F2FD21240CE004F07F03522B32
S21401A370DCD02146009706230022584614F0E5FD5E
S21401A38041F20614584615F09DF8204617B0BDE870
S21401A390F08F4744013B3A7B1E2A9BB242D8012AE2
S21401A3A0CED9023A1C2ACBD801A151F822F000BF1F
S21401A3B041A4010041A3010045A4010041A30100FD
S21401A3C03BA4010041A3010031A4010041A3010007
S21401A3D041A4010041A3010045A4010041A30100DD
S21401A3E049A4010041A3010031A4010041A30100D9
S21401A3F077A4010041A3010041A3010041A301008C
S21401A4007BA4010041A301007FA4010041A3010038
S21401A41041A3010041A3010041A3010041A30100A2
S21401A42083A40100522A26D0D22A89D10D2B05E019
S21401A430062B0FD0142B83D10CE0052B80D909E015
S21401A440022BF8E7042BF6E7032B7FF679AFDB0741
S21401A4503FF576AF022C00F0F380DBF800309B6806
S21401A4609F0516D40BF1440019F027FA099BCBF887
S21401A4704430002486E7012BE0E7032BDEE7012BBF
S21401A480D9E7002B7FF45CAFE4E709A819F015FAC9
S21401A49069E71E2C584600F0928315F0C8F8074667
S21401A4A0002840F08280584615F0BCF800287CD081
S21401A4B004F07F03522B00F0BC80082C68D1B6B2A2
S21401A4C0152E14BF02201020691D15F096F80028DD
S21401A4D05ED0DBF81430D80749BF23F0010343F000
S21401A4E00103CBF8143039465CBFCBF81430012198
S21401A4F0584615F0B3F809980D9014F094FCB0F88E
S21401A5000180B0F8039004460D9819F05BFA1528FF
S21401A51014BF0225102505342146284603F0B6F857
S21401A52021460390284615F068F80490B8F1000F0C
S21401A53000F04481C84500F241810D9A02210920AC
S21401A54014F094FCBBF80A70023FBFB282463E4646
S21401A55040464FF0FF35039A494615F04FFB044637
S21401A560002800F06D8115F01CF9002800F08581A7
S21401A57001222146584615F0BEF903468DF82E00F5
S21401A580002800F020810D9A009222460821A4E0BE
S21401A590DBF8143013F001063CD023F00103CBF8AE
S21401A5A014300021584615F059F81E2C63D8032C98
S21401A5B066D9231F142B63D801A252F823F000BFDB
S21401A5C095A8010081A6010081A9010081A60100CC
S21401A5D0F7A4010081A6010067AA010081A6010077
S21401A5E085AA010081A601009BAA010081A601009F
S21401A5F08DA6010081A601008FAB010081A6010096
S21401A60081A6010081A60100ABAB010081A6010075
S21401A610B5AB010043F00103CBF8143001215846D5
S21401A62015F01CF80096122332462146584614F0BF
S21401A6308CFC09A819F041F91BE700BF54554541A8
S21401A640099D934C284614F0EEFB2188B0F8016072
S21401A6502A46584614F08EFC2388BBF80A10B342EB
S21401A66028BF3346172BB8BF1723ABF80A30584616
S21401A67014F00FFFFDE6522C00F09082D22CD8D0B9
S21401A680099B009300220623214626E0099F3846AF
S21401A69014F0C9FB0546B0F80180B0F803A03846AF
S21401A6A019F090F9152805F105010CBF2046022086
S21401A6B002F0ECFFB5F8053004900793B8F1000FEF
S21401A6C007D0D04505D815F0F0FB50B900971023F8
S21401A6D001E00097012342461021584614F035FC4C
S21401A6E0C7E63A460221112014F0C0FBBBF80A3037
S21401A6F003939E1E063B9BB20590B6B244464FF0AE
S21401A700FF350893049A5146204615F077FA81469C
S21401A71068B3079A514615F0BEFA0446484615F046
S21401A72040F840B94FF6FF739C4201D00134A4B201
S21401A7305445E7D91BE04FF00003ADF834300DAABD
S21401A7400CAB4946584615F073F9039ABDF83430F8
S21401A7500690053A9A42089AD8BF1346002DADF8DE
S21401A760343009DB9D4202D1EB1CB34208DB691C85
S21401A7701CD100970A23AEE7351F9D42A8BF1D4690
S21401A780042211A93846ADF84490ADF8464019F0B8
S21401A79057FB06992A46384619F052FB043E4FF6F7
S21401A7A0FF73761B9C42B6B2C0D1E0E7059B043529
S21401A7B05D703946584601F075FD5AE60D9B0093CB
S21401A7C001234246E2E6049B13B1204614F0CDFF76
S21401A7D0204614F0FEFFD8B1002D54DC0DA819F068
S21401A7E06CF8082358468BF81C3050F80C2B92F85E
S21401A7F070208DF844208DF8483011AA002340F2CD
S21401A8000251ADF84640ADF84A3018F08BFF30E6FD
S21401A810ADF844000DF12E0311AA2146584615F055
S21401A82007F9BDF844300590BB4228BF3B46002DD2
S21401A830ADF844300ADBAB4202D16B1CB34209DBF4
S21401A8406A1C0D9B1FD100930A23BAE7B51E9D42D1
S21401A850A8BF1D4602220CA90D98ADF8304019F08C
S21401A860EFFA05990D982A4619F0EAFA023E4FF6D4
S21401A870FF73761B9C42B6B2E2D0601C80B2814563
S21401A880BFF469AEDCE702350D998AF8015091E70D
S21401A890DE0C0020DDF82490484614F0C4FAB0F827
S21401A8A00180B0F803300493B8F1000F41D0984509
S21401A8B03FD84A460221052014F0D8FABBF80A40D0
S21401A8C00590023C4FF6FF77A4B24546BA462946A4
S21401A8D0584615F06EFA5045064649D04FF40062C8
S21401A8E02946584615F007F800283CD1304615F0A1
S21401A8F0F8FA00280CBF02231023574503931ED0F5
S21401A900304615F0EEFA0690384615F0EAFA069B40
S21401A910834203D1039B0133A34211DB384615F072
S21401A920E0FA059B013058701946584614F0F6FABD
S21401A9309FE5CDF80090012342460421CDE6374637
S21401A9400DF146013046ADF8445002F0F5FE039B8A
S21401A95011A99A1C484619F073FA039B023CE41AA3
S21401A9605545A4B2DAD0049B0135ADB2AB42AED2A6
S21401A9704FF6FF739F42D1D1CDF800900A23DBE753
S21401A980DDF82490484614F04EFAB0F803A0B0F86B
S21401A9900530B0F8016003930746484619F012F8EF
S21401A9A0C51FADB20024102D0C9458D82A46F91DA7
S21401A9B00DA818F034FC002E53D0564551D84A46FF
S21401A9C00121072014F052FAA046074633460A240E
S21401A9D09A45049307D9BBF80A00394614F029FAB8
S21401A9E00328049B04D8B8F1000F1AD039469CE717
S21401A9F0ADF84430039BADF848300DAB13930BAA6A
S21401AA000DF12E0311A95846ADF846A0ADF85050E9
S21401AA1015F06DF90A280446E5D0BDF82C3030B1A2
S21401AA201E46CDF8009023463246062155E6ADF87F
S21401AA303030BDF82E30ADF832300CAA0423BBF806
S21401AA400A00394614F000FABDF82E304FF6FF72B0
S21401AA509342CBD001339BB24FF00108B8E70424F0
S21401AA60DFE70124DDE7099C0A238BF81C3020462A
S21401AA7014F0D9F923460022B0F80110584613F015
S21401AA8048FCF6E4099C204614F0CDF90C238BF81B
S21401AA901C30B0F803202346EEE7DDF8248040465C
S21401AAA014F0C1F90546404618F08CFF0023441EF9
S21401AAB0BBF80AA08DF8343061D014F001075ED1DE
S21401AAC020460DF0C3FC064600285ED00AF1FF338F
S21401AAD02246691C039318F0A2FB424601210F206F
S21401AAE014F0C4F9B1460490002C04DC30460DF095
S21401AAF0CBFC049919E739F8025B0122294658462E
S21401AB0014F0F9FE023C8DF8340068B9284614F0BA
S21401AB106AFD10B1284614F028FE284614F059FEA6
S21401AB2060B180238DF8343030460DF0ADFC9DF8D1
S21401AB303430CDF800802A460E21CEE50DAB2946ED
S21401AB4011AA584614F074FF9DF834300146002BC4
S21401AB50EAD1039BBDF84420DB1B9A42C2BF0AF12F
S21401AB60FF33DB1BADF84430BDF84420404619F0F6
S21401AB7067F9BDF844309842B8D31F44B4E70423BC
S21401AB8000258DF834302E46CEE71123F8E7099AD2
S21401AB90B5F80110584613F05AFC6AE4099AB5F85C
S21401ABA00110584613F0AEFC63E40999584613F0B9
S21401ABB0E8FC5EE46978584613F04EFD39E513F07B
S21401ABC06BFD36E57FB5174A1368064623F0080382
S21401ABD042F60520136015F04CF8054650B168465C
S21401ABE002F046FC002014F0F1FC044620B9294688
S21401ABF0FFF75AFB04B070BD102204F1210168462C
S21401AC0018F0D8FA38B10121204614F027FD6369FF
S21401AC1023F0010363611EB13146204615F0FAF8B0
S21401AC202046E0E7E419002007B5837801916A46DB
S21401AC30082104488DF8003018F074FD03B05DF863
S21401AC4004FB00BF78190020054B0022C3E903224C
S21401AC50C3E905221A70DA614FF6FF725A8470470B
S21401AC6054190020014B1860704700BF501900208E
S21401AC700D4B827813B55A60B0F8032091B21029B3
S21401AC8010D040F60344A1420CD041795B8C8DF87C
S21401AC900210ADF804200548ADF800306A460521DB
S21401ACA018F040FD02B010BD54190020781900209C
S21401ACB073B5837901900C33C418C35C132B0ED87B
S21401ACC0042B10D9053B0E2B0DD8DFE803F01E0C24
S21401ACD00C1E0C0C0C0C0C161A0C0C0C2300302B36
S21401ACE013D03E2B1BD0FAF747F9019B834202D0C3
S21401ACF001A818F0E2FD02B070BD2046FFF7B8FFCC
S21401AD00F1E70F4BE2785A60EDE701A9204602F021
S21401AD10F9F8E8E701A9204613F0FAFEE3E7094E41
S21401AD200025019B3BB156F8043B01A9204601359D
S21401AD3098470E2DF5D101A818F0BFFDD3E700BF47
S21401AD4054190020FC4B030007B500F013F920B19D
S21401AD5003B05DF804EBFFF7ABBF00F017F9019005
S21401AD6018B1054B1B681BB1984703B05DF804FB8F
S21401AD7001A818F0A2FDF8E750190020024610B10C
S21401AD80022804D070470348032118F087BCFFF758
S21401AD90DBBF00BF78190020024B1A78024B53F82C
S21401ADA02230184754190020344C030010B50446CD
S21401ADB00120FFF7F1FF034B1C70BDE81040002097
S21401ADC0FFF7EABF5419002010B50621044642F2E7
S21401ADD0050013F0B7FD2368C0F80330A388A0F878
S21401ADE007300648FAF7EAF813F0F0FD407920B18B
S21401ADF013F0ECFD407940F4805010BD27C50200E9
S21401AE0010B5062104464FF6284013F09BFD236833
S21401AE10C0F80330A388A0F807300648FAF7CEF842
S21401AE2013F0D4FD407920B113F0D0FD407940F401
S21401AE30805010BDB150010038B505460C4669B9C1
S21401AE40022142F21B0013F07DFDB5F86E30A0F82A
S21401AE5003300D48BDE83840FAF7B0B8122142F287
S21401AE601A0013F06FFDB5F86E30A0F803302146D6
S21401AE70053004F1100351F8042B40F8042B9942D5
S21401AE80F9D10248E6E700BF71C70200ADC702006C
S21401AE90014818F030BD00BF641900202DE9F341C8
S21401AEA00D46B0F86E10019240F6FF73994205D137
S21401AEB001A818F002FD02B0BDE8F0811146134664
S21401AEC001229BBB1E4818F0DFFDFFF7E1FF044699
S21401AED00028F0D018F076FD6379A66803F0010823
S21401AEE06FF30003074663710421204618F0AEFE97
S21401AEF043798179B6F86E208660044668F30003CC
S21401AF000C314371DB436254084403F00103C2F37E
S21401AF10032242EA031242704780224630462946FF
S21401AF2013F0FBFD2046FAF759F8CEE75C799860F6
S21401AF3024F0030414435C7100221B68C1E700BFC0
S21401AF406419002070B5074C0546206800B970BD2D
S21401AF508368AB4204D106680DF008F92660F4E771
S21401AF600446F2E7641900200146014818F08CBD3A
S21401AF7068190020014818F0BEBC00BF68190020FF
S21401AF800146014818F080BD60190020034BD868BF
S21401AF9018B103F10C0018F0AEBC7047541900202C
S21401AFA0044BDA6822B95869003818BF0120704787
S21401AFB001207047541900200138C0B20A289ABFF0
S21401AFC0014B185C002070473C4C030007B506484F
S21401AFD018F091FC042101900DEB010018F06DFDB5
S21401AFE0019803B05DF804FB7C190020F7B51868DA
S21401AFF010F0020003D0164E316811B9012003B0DB
S21401B000F0BD0024042223460DEB0200019418F043
S21401B0104AFCBDF80630DB0702D4FFF7D7FF04462B
S21401B0200C4F002557F8043B23B1BDF80400214618
S21401B030984748B13368002BE0D0074B022193F9BB
S21401B04000000CF067FDD9E70135062DEAD1F1E7DE
S21401B0507C19002080190020DB1F002010B509484C
S21401B0600CF048FD084B09491870002420200C609C
S21401B0700DF0C6F8064BC3E90044C3E90244C3E930
S21401B080044410BD580B0020DB1F00207C19002053
S21401B0908019002070B5084E002596F82A30ECB2CB
S21401B0A0A34200D870BD204601F0AAF910B120468F
S21401B0B001F0CCFC0135F0E70019002013B5C37A86
S21401B0C00093B0F80930D0F80520D0F801100078C8
S21401B0D001F04EFC0446034800F01CFF848002B0D9
S21401B0E010BD00BF2002040337B5FF230DF1070092
S21401B0F08DF8073001F0C6FC044604489DF8075059
S21401B10000F008FF8480857103B030BD2003040180
S21401B11038B54B795B0705460C460CD414212046FE
S21401B120054A13F0FBFC2179204613F0A8FD10B95F
S21401B130A3791C44257438BD644C03008378132B13
S21401B14010B50C4608D1054B1B6803B1984720463D
S21401B150BDE8104018F0B1BB10BD00BF9819002023
S21401B16010B500210446007813F0A8FC48B16178B8
S21401B170207814F08DF80446034800F0CBFE848056
S21401B18010BD0224F8E700BF2002560110B5417831
S21401B190007801F02BFC0446024800F0BBFE8480D8
S21401B1A010BD00BF20025602024B00201870024B51
S21401B1B018707047DD1F0020DC1F00202DE9F043CA
S21401B1C083780D2B91B00D464FD109AC821C00F14E
S21401B1D01A03264610685168274603C708329A4262
S21401B1E03C46F7D113883B801C21284618F065FCA5
S21401B1F0BDF826402F6814F00C043ED1384618F0EE
S21401B200E1FBA0F10208A0450DDA4FF0FF34002360
S21401B2109C428DF81C301EDBA31C0122394607A870
S21401B22018F041FB17E0631C0122394605A818F007
S21401B2303AFB9DF81430012BE9D02346012239460A
S21401B24007A818F030FB9DF81C3013B101331C44DD
S21401B250D9E78DF81C3001F0E5FC012808D002285A
S21401B26043D050B9284618F028FB11B0BDE8F0834A
S21401B2709DF81C3013F0010FF4D09DF82F0000F05C
S21401B28067FC07469DF8300000F062FC0DF11C09D2
S21401B2909DF828200DF12901804605A8FEF7CAFF72
S21401B2A09DF836200DF137014846FEF7C3FF134BD4
S21401B2B01B78DB071ED405A812F07DFE044605ABFD
S21401B2C0CDE90145CDF8009042463946304600F0BA
S21401B2D017F82B68002BC5D0CDE9004505AB4246D3
S21401B2E03946304617F069F8BCE79DF81C3013F074
S21401B2F0030FC1E74FF0FF34E1E700BFDC1F00207A
S21401B3002DE9F74FB0F802C00C9F9DF934A0DDF887
S21401B31038B01CF0100F06461C4633D05FFA8CF589
S21401B3201CF0080F184614BF05F0080505F00F05B8
S21401B33014F091F88146384614F08DF896F90F30DE
S21401B340019380465A4613487678042113F02BFD64
S21401B350019BA0B105712268C0F80520A288A0F85B
S21401B360092080F80B9080F80CA0437386733B6825
S21401B370C0F80F30BB88A0F8133080F8158003B0F2
S21401B380BDE8F08FCDE90DAB0C9703B0BDE8F04FEB
S21401B39013F0A9BBA04C030010B50021421D037990
S21401B3A00446084618F079FD024648B161882088AF
S21401B3B013F008F80446034800F0ACFD848010BD85
S21401B3C01A24F8E720020A0230B5044685B0007850
S21401B3D014F0F6F8A0B10DF10E030193E378009393
S21401B3E02379B4F80110621D13F0A5F90446054847
S21401B3F0BDF80E5000F08EFD8480C58005B030BDCE
S21401B4002524F4E720040A0313B50446007814F053
S21401B410D7F870B10023CDE90033E278B4F8011013
S21401B42013F0C2F90446044800F074FD848002B0AB
S21401B43010BD2524F7E700BF20020A0473B5B0F853
S21401B4400140C678051D007814F0BAF860B12146AF
S21401B45000962B46002213F04BF90446034800F0F1
S21401B46059FD848002B070BD2524F7E720020A0F3B
S21401B47008B50649064818F019F90649064818F0AD
S21401B48015F906480CF0B0FF002008BD700B00202F
S21401B490A0190020800B00209C190020680B0020BA
S21401B4A0014813F0B2BB00BF140B002030B5114B9E
S21401B4B0994285B00D46144619D193000FD503A9BC
S21401B4C002A80CF03DFD0823E1B20193039B009313
S21401B4D00022029B41F00051284618F0CAF806489F
S21401B4E013F02BFC00B10471012005B030BD002023
S21401B4F0FBE700BF9C190020144D030022F0004218
S21401B500B2F1A04F08B504D1034813F016FC012090
S21401B51008BD0020FCE700BF184D030070B5FFF71B
S21401B520BFFF90B1FEF73CFE002604462046FEF71C
S21401B5309BFE0546064800F0EDFC86802268C0F8B2
S21401B5400620A2884281057370BD024C0226EDE7F3
S21401B55020090115F04C030008B501F0D5FBBDE844
S21401B56008400249024818F0C5B800BF900B0020F9
S21401B57078190020F8B50E4E05460020307100F00F
S21401B5809DFD012704466CB16DB994F872306BB11C
S21401B590377113F0B7FA2046132113F040FF6468A1
S21401B5A0002CF2D1F8BD204613F03DFF6468EAE7AF
S21401B5B0FE1E002038B50A4C00232360A3800368D2
S21401B5C02360207813F027FF054630B90548064961
S21401B5D018F06CF8608801F0ADFB284638BD00BF56
S21401B5E0FE1E002078190020900B002022F0004259
S21401B5F0B2F5887F2DE9F0471C4600F0E2800ED8B0
S21401B60040F203139A423CD040F209139A4200F0EA
S21401B610C2800E2A00F0B3800020BDE8F08740F219
S21401B62007239A424AD0B2F5037F59D040F2062347
S21401B6309A42F1D120684C30FEF716FE2568A488A0
S21401B64095F8736095F870A095F9759095F87680E1
S21401B6500746604813F071FB0028DDD0EB6C4360B1
S21401B660B5F850300381731E5E425E418772C67222
S21401B67080F80CA080F80D9080F80E80A0F80F409E
S21401B680CAE7207800F00CFD0028C5D0524894F88F
S21401B6900090B4F80280A788E688257A648913F0BA
S21401B6A04CFB0028B8D080F80490A0F80580A0F8DC
S21401B6B00770A0F80960C5728481ADE7207800F0B4
S21401B6C0EFFC0028A8D060782578FFF775FC0446C3
S21401B6D0424813F032FB00289ED0057144719BE767
S21401B6E0A578012D1DD0022D2BD0C5B9E37894F88D
S21401B6F0008094F904706679394894F90640023B53
S21401B700DBB2022B9ABF374AD55C012513F015FB35
S21401B71028B180F8048045718771C67104720120D2
S21401B7207BE7E37894F8008094F9047066792E48F4
S21401B73094F90640023BDBB2022B9CBF294AD55C3A
S21401B740E4E7E378294894F80180277894F904908F
S21401B750667994F90640023BDBB2022B96BF214A7A
S21401B7600125D55C13F0E9FA0028D8D0A0F80480AA
S21401B7708771C57180F8089046728472CFE72346B8
S21401B7801B4813F8014B0822002113F0E7FA0028A2
S21401B790C5D00471C3E7174894F800806788A68867
S21401B7A0E588248913F0C9FA0028B8D080F8048007
S21401B7B0A0F80570A0F80760A0F80950A0F80B40A3
S21401B7C0ADE70D481C7813F0B8FA00283FF424AF13
S21401B7D0047121E7704D03006C4D0300644D0300B6
S21401B7E05C4D03001C4D0300584D0300604D0300E3
S21401B7F0544D0300504D0300684D030010B500780A
S21401B80000F04EFC40B1132113F009FE0446034834
S21401B81000F080FB848010BD2524F8E72002060591
S21401B82070B5144606460C4A20460D46142113F000
S21401B83075F92179204613F022FA58B9A3790C3309
S21401B8401C44064BA6711B79A5801BB1BDE8704050
S21401B85013F059B970BD00BF4C4D0300FE1E002009
S21401B860024B1A68024B00205A607047A41700204A
S21401B870140B002010B5FDF779FE044630B90448D4
S21401B88013F099F9044608B9FDF7BAFF204610BD32
S21401B890140B002073B522F000421C4640F20A63E6
S21401B8A09A4208D8B2F5C06F08D8042A48D00D2AA3
S21401B8B04ED0032A1ED0002002B070BD6FF4C063C4
S21401B8C01A44092AF7D801A353F822F0B5B90100A2
S21401B8D063B9010087B9010097B90100ADB901004C
S21401B8E0B7B80100CDB90100E3B9010003BA010000
S21401B8F051BA010001A8F3F7A1FD5748BDF804406D
S21401B90013F01BFA0028D6D000234371C3710372CB
S21401B9104372C372037343738373C3737F23072214
S21401B92083746FF031030271C37404222C23827175
S21401B930037525226FF01E03827204824375BAE7EF
S21401B9404648246813F0F9F90028B4D08480B2E799
S21401B9502346042253F8044B4148002113F0FEF914
S21401B960F2E7207800F09CFB0028A4D03D4826781A
S21401B97094F90150A47813F0E0F900289BD00671E1
S21401B9804571847197E72478374813F0D6F9002873
S21401B99091D004718FE725783448646813F0CDF9A7
S21401B9A0002888D00571C0F8054084E7257830481E
S21401B9B06468F3E72F482578646813F0BEF9002819
S21401B9C03FF479AF0571A0F8054074E72A48257859
S21401B9D0646813F0B2F900283FF46DAF0571447145
S21401B9E069E76378254824780D2B96BF244A0125FC
S21401B9F0D55C13F0A2F900283FF45DAF04714571E0
S21401BA0059E763781F4826780D2B98BF1C4A4FF0DC
S21401BA10000198BFD55C6368A27888BF012513F042
S21401BA209DF908B1067145716378012B3FF643AF66
S21401BA308DF804301348247801AB0122002113F05D
S21401BA408DF900283FF437AF01230471437132E7C3
S21401BA5024780D4899E700BFB84D0300B04D0300A8
S21401BA60B44D0300984D0300A04D0300A44D030000
S21401BA709C4D0300944D0300904D03008C4D030034
S21401BA80744D0300884D0300844D030002481422C0
S21401BA90002117F0B9BB00BFA419002070B51C4CDB
S21401BAA005460DF01DF863795B0706460ED4142192
S21401BAB02046184A13F032F82179204613F0DFF8B1
S21401BAC020B13046BDE870400DF010B8A3790C33B4
S21401BAD023442DB91A79FF2AF3D001321A71F0E7FF
S21401BAE0012D05D15A79FF2AEBD001325A71E8E7C8
S21401BAF0022D05D19A79FF2AE3D001329A71E0E747
S21401BB00032DDED1DA79FF2A1CBF0132DA71D8E7BC
S21401BB10A4190020AC4D030010B504460A4813F0E2
S21401BB2074F860B10948002113F0F5F848B182793C
S21401BB30024414610179BDE8104013F0A0B8022058
S21401BB4010BD1A20FCE700BF140B0020A84D03000F
S21401BB500428024B28BF0020185C7047BC4D030028
S21401BB6038B50546084800F051F9044648B900F0D2
S21401BB70A3F904461DB1054B1B689B792B7000F099
S21401BB80B3F9204638BD00BFC84D0300C0190020D8
S21401BB902DE9F84380460D489DF820900F4616463D
S21401BBA01D4600F033F978B9094B1C6884F8048007
S21401BBB0C4F80570C4F80960A4F80D5084F80F9015
S21401BBC0BDE8F84313F02CB8BDE8F883C04D030078
S21401BBD0C419002038B5054606480C4600F016F98B
S21401BBE038B9054B1B681D715C71BDE8384013F010
S21401BBF017B838BDD84D0300C419002038B505461E
S21401BC0006480C4600F002F938B9054B1B681D7151
S21401BC105C71BDE8384013F003B838BDD04D030061
S21401BC20C419002010B50446054800F0EFF830B9F5
S21401BC30044B1B681C71BDE8104012F0F1BF10BD2B
S21401BC40E04D0300C419002038B505460C460748E8
S21401BC50012100F0EBF838B9054B1B689D80DC80AC
S21401BC60BDE8384012F0DCBF38BD00BF004E03000F
S21401BC70C41900202DE9F04107460E460F48154627
S21401BC8001211A46DDE9063800F0D0F8044690B9DD
S21401BC900B4B1B681F71A3F80560DD7100F00CF9F2
S21401BCA00446B8F1000F04D0064B1B68DB88A8F8E1
S21401BCB0003000F019F92046BDE8F081F84D030088
S21401BCC0C4190020C019002070B5064608480D4664
S21401BCD0144600F09BF848B9064B1B681E71A3F882
S21401BCE00550DC71BDE8704012F09ABF70BD00BF10
S21401BCF0F04D0300C419002038B505460C46074828
S21401BD00012100F093F840B9054B1B681D71A3F89B
S21401BD100540BDE8384012F083BF38BDE84D03004A
S21401BD20C419002070B505460B480E4600F06EF8A3
S21401BD30044678B900F0C0F8084B04461B6825B1E4
S21401BD40D3F806202A605A89AA800EB11B7B33706D
S21401BD5000F0CAF8204670BD084E0300C019002046
S21401BD60044A0346106810B102789A4200D170471F
S21401BD700069F8E7BC19002008B512F01AFFFFF7B2
S21401BD8085FE024B00221A6008BD00BFBC190020C8
S21401BD9038B5104D104A0446284618F0D8F84FF426
S21401BDA08270A0470D4B01461860287818B14FF4F1
S21401BDB0827218F0CFF84FF48270A047084B014604
S21401BDC01860287828B1BDE838404FF4827218F020
S21401BDD0C1B838BDDE1F0020104E0300C419002074
S21401BDE0C0190020084A136833B94178036141F04D
S21401BDF00101417010607047197802789142FAD0BB
S21401BE0003F110021B69EFE7BC19002010B50446C8
S21401BE1016F0D4FA28B9034B22681C60024B1B6843
S21401BE201A6010BDB8190020C41900202DE9F84F7A
S21401BE3004684FEA042A98460AF4E06AC4F3072322
S21401BE404AEA030A0AEB0209B9F5807F83460F46E0
S21401BE50154603D91D263046BDE8F88F16F0AEFA12
S21401BE6006460028F7D1124B24F47F44C3F800B0ED
S21401BE7024F0C7040F4B44EA19244FEA09291B682A
S21401BE801FFA89F944EA090443F8044B53442A4645
S21401BE904146184617F0C3F9012F04D1FF2DD9D812
S21401BEA000F8015CD7E7022F08BF20F8025CD2E752
S21401BEB0B8190020C419002008B5074B1A68074BAB
S21401BEC052F8040B1968064B49681B689847054BDE
S21401BED01B68988808BD00BFC4190020B819002047
S21401BEE0A00B0020C0190020024B00221A6016F099
S21401BEF067BA00BFB8190020054B186808B1C368B7
S21401BF001BB1003818BF012070470069F6E700BF73
S21401BF10BC19002010B5034C23681860FDF7AEFC71
S21401BF20206810BDC0190020F8B504460D4601462C
S21401BF300020174612F03EFEF2F75AFA194E78BB69
S21401BF40194B1B681C603368187058709870D8704D
S21401BF50204612F009FE18B165B94368220E2BB9C6
S21401BF600F250DE05979914204D008331D68002D44
S21401BF70F8D1F5E73846A84733681B684BB9012561
S21401BF8024F47F4020F0C70040F40070FFF7C2FFA2
S21401BF9085803268012052F8041B12F00BFEF8BDB2
S21401BFA01425EDE7C0190020C4190020094B802292
S21401BFB083F8012383F8042383F8052383F80623F3
S21401BFC083F8072383F8082383F81D23A02283F828
S21401BFD0222C704700E100E0034AD2F8B03043F06B
S21401BFE05403C2F8B030704700400E40054BD3F8FA
S21401BFF0E80010F480501CBFD3F8EC0000F00100FC
S21401C000704700BF0081E00F1C4A136870B50446F4
S21401C0100D466BB393F87D10586811F0040129D1D1
S21401C02010608C22184693F8706017F0EDF880F8CF
S21401C03070602268C0F85A20A288A0F85E20A27913
S21401C04080F8602003462868D864AA79A98883F80E
S21401C0505220FF2283F8752083F8762040F6FF727F
S21401C060A3F86E20064AA3F85010116859601360B1
S21401C070184670BD1A1D0346CBE700BFCC19002039
S21401C080C8190020054A0346106800B97047B0F881
S21401C0906E209A42FAD04068F7E700BFC819002020
S21401C0A0054A0346106800B9704790F870209A4216
S21401C0B0FAD04068F7E700BFC819002010B9024B54
S21401C0C01868704740687047C8190020114A002355
S21401C0D02DE9F0418C2113608046024601200BF0C9
S21401C0E043FF044620B90C4E05463060A84502D8E9
S21401C0F02046BDE8F08101200BF0B4FF07468C22F4
S21401C1000021013517F080F887F8705037603E1D22
S21401C110ECE700BFC8190020CC19002010B5012398
S21401C1208B4090F8711021EA030149B2044680F869
S21401C1307110002949D112F0EFFC204614F07FFD62
S21401C140102104F1180017F0CBFE2046FEF7FAFE88
S21401C15004F1380017F0B1FB204614F0D1FC214A57
S21401C16013681BB19C42596830D11160A368590508
S21401C1700BD51A0509D443F40063A18994F870001D
S21401C180A36004F17802FFF74BFB002363602046AF
S21401C19017F0B4FA12F041FE94F870304FF4807242
S21401C1A0B2FBF0F242430344B3FBF2F102FB11335C
S21401C1B0DBB2591EC9B2FD29F5D884F870300023C8
S21401C1C06360094B1A6852B91C6010BD1A465B6859
S21401C1D0002BCBD09C42F9D163685360C6E7131D90
S21401C1E05268F0E7C8190020CC19002010B5084C99
S21401C1F0206830B9074BBDE81040186001200BF0ED
S21401C20001BF436890F871102360FFF787FFEFE7DF
S21401C210C8190020CC19002090F8743003F00B03E5
S21401C220013BDBB20A2B9ABF014AD05C0020704763
S21401C2301E4E03001FB5014690F870308DF804308D
S21401C240FFF7EAFFB1F86230ADF80630B1F86430B6
S21401C250ADF80A30B1F866308DF80C00ADF808304C
S21401C26001AAB1F86C300548ADF80E3040F2031162
S21401C27017F058FA05B05DF804FB00BF78190020E6
S21401C28007B590F870308DF8051001AA40F2072125
S21401C29003488DF8043017F045FA03B05DF804FB47
S21401C2A07819002038B50A4B1B6804460D462BB199
S21401C2B043699B0702D513F00AF930B120682A4674
S21401C2C00421BDE8384014F0C9BBA3699D6138BD9F
S21401C2D0D0190020014B1860704700BFD01900200C
S21401C2E0024B1868003818BF01207047D01900208B
S21401C2F013B50446019120B901A817F0DEFA2120F2
S21401C30012E008460029FAD017F05CFB80B200283C
S21401C310F2D0094B01991B6820464BB1984728B9C2
S21401C32001992046FDF7EAFF02B010BD0020FBE7A9
S21401C33001F0D2FAF3E700BFD019002038B5436AFE
S21401C3405904044615D4134A92F82B20012A03F403
S21401C35000430FD1826A92040CD4002B01460CBF15
S21401C3605320142011F063FE18B9636A43F00803E2
S21401C370636238BD002BFCD1074D20462946FDF7E8
S21401C3807BFF0028F5D12868AA88AB792060A280B7
S21401C390A371EAE7001900200F1900202DE9F041EA
S21401C3A0164D85F82A0038B300EBC000C100002303
S21401C3B0012204200BF0D8FD044650B904200BF0EE
S21401C3C051FE48272860A04695F82A30A34203DC90
S21401C3D000242046BDE8F0812E6807FB046614227F
S21401C3E00021C6F8188006F1340016F00DFF30461D
S21401C3F012F090FE0134E7E72860E9E70019002013
S21401C400074B93F82A20824281BF1B6800EBC000CD
S21401C41003EBC003586A8CBF00F001000020704790
S21401C4200019002008B50146FFF7EAFF40B1054BA9
S21401C4301B6801EBC10103EBC103586AC0F3C020BE
S21401C44008BD00BF001900202DE9F04F384A93B00F
S21401C4505168074610680FAB03C39068354A1860E9
S21401C460146807EBC70304EBC30412AAE37B94F832
S21401C4702E8094F82F6002EB430333F80C1C636A9A
S21401C480DA0447D4012641F01001B04694F80D9025
S21401C49094F83150C3F3404A5B0348BF4AF0020A9E
S21401C4A08BB289F00809B8F1010F0B9304F1070B61
S21401C4B0D4E90723C9F3C00994F9324009D0B8F189
S21401C4C0020F06D0B8F1040F14BF4FF000084FF06A
S21401C4D00308012E05D0022E03D0042E14BF002619
S21401C4E003263846CDE90C23FFF79CFF0121CDE951
S21401C4F00760CDE90051CDE90548CDE903BADDE98C
S21401C5000C230B99CDF80890384601F08DFB13B03B
S21401C510BDE8F08FA26A950648BF41F0200150069B
S21401C52048BF41F04001DA0348BF41F00401ADE7DE
S21401C5302A4E03000019002070B50C4B93F82A60B0
S21401C5401C6800218E4202DCFF25284670BDCDB254
S21401C5502846FFF755FF28B1E37B012B02D1636A1A
S21401C560DB06F2D401314834ECE700BF00190020A5
S21401C570014B93F82A0070470019002070B5044655
S21401C5801546FFF73DFFB8B10E4A136804EBC40425
S21401C59003EBC403E6005B6A13F010040FD0C3F389
S21401C5A000330B7013683344DB7B5A1E042A04D80D
S21401C5B0033B18BF01232B7070BD0023FBE7204609
S21401C5C0FAE700BF001900203F4A70B5146800EB77
S21401C5D0C00304EBC3040646636A5B0704D5002365
S21401C5E01A46194601F002FC636A9D0706D53046D5
S21401C5F0FFF72AFF636A23F002036362636A180780
S21401C6000CD5A2792146C2F3C002304601F08CFB5C
S21401C6100546E8B9636A23F008036362304612F000
S21401C62025FF0546A0B9626AD10611D5D30404D503
S21401C630304611F0FAFC40B11BE01206E37B09D448
S21401C640E37B626A023B012B15D9616A48071FD456
S21401C650284670BD03F0FB03012BF6D02169304656
S21401C66001F088FB636A256123F08003636200287A
S21401C670E6D00546ECE7D305E7D56169304601F01B
S21401C68097FB00236361636A23F480736362D2E7D6
S21401C690E37BA28D012B03D1A2B1802A28BF802281
S21401C6A011F0400F94F830304FF0010118BF01230C
S21401C6B0304601F09BFB0028DBD1636A23F00403BC
S21401C6C06362C5E74022EBE7001900202DE9F0413F
S21401C6D0114D0024482795F82A30A34201DCBDE815
S21401C6E0F081E6B23046FFF78BFE98B1286807FB6B
S21401C6F004F84044436ADA060CD55B040AD4FFF713
S21401C7001DFE2B68434430465A6A42F006025A62BE
S21401C710FFF75AFF0134DEE7001900202DE9F04F3C
S21401C720DFF84892D9F8004000EBC00304EBC304DD
S21401C73004F1100A89B0804650460E46174617F097
S21401C740BCF804F114031846029317F0B6F800205B
S21401C75017F078FA0546002800F00381012F40F211
S21401C760726718BF1F27012EA6735CD0022E0CBF5E
S21401C770062604260221284612F0F0FC012128464E
S21401C78012F0ECFC3146284612F0E8FC284617F079
S21401C79019F986B2B91B012300930A2242F6072330
S21401C7A089B2284612F02AFD0644B6B2B91B042304
S21401C7B00093122242F6042389B2284612F01EFD87
S21401C7C00644B6B2BB1B012B069503932DDC002352
S21401C7D099F82B20002A00F0A480504617F06DF837
S21401C7E0636A256143F080026262DB0400F1AB807C
S21401C7F099F82B00002840F0A68017F023FA07903E
S21401C800002800F0A080394612F0B3FC002800F0A2
S21401C810A4800298079D17F050F8636A656143F497
S21401C820807363628FE00526A4E7002017F00AFAFA
S21401C83007900028CBD0BB1E9B1B02211FFA83FB4F
S21401C84001F014F88345064611D22BF001018AB295
S21401C850411A07A8049217F057F9049A16460222BD
S21401C8603EB90798F0B907A817F027F8AFE70322F3
S21401C870F6E7711C06980492C9B212F06FFC049A8E
S21401C8800698114612F06AFC079906A817F0B6F941
S21401C890002017F0D7F90790002836D0ABEB060337
S21401C8A01FFA83FB5B46022B38BF02239A1E92B205
S21401C8B00F2A31D91021049200F0D8FF049A82423F
S21401C8C003461FD222F00F018AB29346411A07A8E7
S21401C8D017F01AF95B460622591C06980493C9B24A
S21401C8E0059212F03BFC059A0698114612F036FCAA
S21401C8F0079906A817F082F9049BB21C13449BB251
S21401C9003EB965E740B10722E6E707A816F0D5FF6E
S21401C910334602339BB25BE707A816F0CEFF3346D9
S21401C920EEE7039AD11A89B2284612F022FC06468F
S21401C930504616F0C2FF636A256143F080026262C8
S21401C940002E3FF452AF606A10F010000AD0404645
S21401C95009B0BDE8F04FFFF737BE07A816F0ADFFE8
S21401C960F1E71A2009B0BDE8F08F00BF00190020DA
S21401C97070B5054614461E46FFF742FD30B3144B0C
S21401C980186805EBC50500EBC500426A93050BD494
S21401C990A1F120054FF6DF739D4217D8A4F12005BB
S21401C9A09D4213D8A14211D8C3698B4202D1036AB2
S21401C9B0A34204D0C0E9071442F0020242629DF885
S21401C9C0103080F830308685002070BD2120FCE7CD
S21401C9D000190020044A116800EBC00301EBC301F3
S21401C9E0CA7B12F064BC00BF00190020F8B50546EA
S21401C9F00C46FFF705FD28B3052923D8124E3368E8
S21401CA0005EBC50203EBC203D700186916F0DAFF7F
S21401CA101F2817D833683B44586916F0D3FF1F28E0
S21401CA2010D8012C0ED0231F012B0BD931683944A5
S21401CA3022464B6A23F482534B622846BDE8F840EF
S21401CA4012F035BC2120F8BD0019002010B50446AF
S21401CA50FFF7D6FC90B10A4A106804EBC40300EB5A
S21401CA60C300436A23F0500343F00403436212F009
S21401CA7047FB2046BDE81040FFF7A6BD212010BDAC
S21401CA800019002070B50546114890F82A40036841
S21401CA900022944201DC1A2016E0596ACE0714D40B
S21401CAA093F83960760710D40A4CD0F80F00A688A0
S21401CAB0186041F00901A0799871D4B29E8059623C
S21401CAC02046FFF7C1FC2C7070BD01324833E0E709
S21401CAD0001900200F19002070B5FFF72DFDFF2863
S21401CAE0044615D00B4D03B2286803EBC30300EBD5
S21401CAF0C300DE00436A23F01003436212F000FB1A
S21401CB002968314420463431BDE87040FEF700BB49
S21401CB1070BD00BF001900208378122B2DE9F0416B
S21401CB200F463CD10B689A790C321344DD781E7996
S21401CB300DB145F480553046FFF762FCD0B1DFF801
S21401CB406480D8F8004006EBC60304EBC304636AAE
S21401CB5023F01003636295B9A0692246314608F1B5
S21401CB602E0300F089F9A5612222294608F12E003C
S21401CB7016F04AFB3846BDE8F04116F09EBE204648
S21401CB8012F0BEFA636A5A0603D523F040036362C5
S21401CB90F0E704F134013046FEF7BAFAEAE7BDE8F9
S21401CBA0F08100BF0019002073B5144D144C6A685B
S21401CBB0236802F0800103F002030B431BD05306E7
S21401CBC054BFA67A0126FDF7EFFA0196837983F022
S21401CBD00803C3F3C0030093E388A288217A607A2E
S21401CBE000F0DEFF40B9236823F0020323606B6880
S21401CBF023F080036B60002002B070BD0019002096
S21401CC00D4190020064B0121A3F108020020C3E934
S21401CC10000043F8081C4FF0101353605172704720
S21401CC20DC190020014B187B704700BFD419002087
S21401CC30024BD87A003818BF01207047D41900205B
S21401CC4070B5224E716811F002013AD1204D2B6861
S21401CC50580706D5084600F0C9FF2B6823F00403E1
S21401CC602B602B68726803F0080302F0040213437A
S21401CC7010D0FDF799FA83791A071FD5FEF7C0F889
S21401CC800446C8B92B6823F008032B60736823F0A9
S21401CC9004037360FFF788FF044668B9EB7A5BB15B
S21401CCA02B685B0708D40121084600F09FFF50B9A6
S21401CCB02B6843F004032B60204670BDFEF784F812
S21401CCC0DEE71124F8E70446F6E700BF0019002066
S21401CCD0D4190020032805D10A4A136843F0080333
S21401CCE0136008E0012808D1064BDA7A42B11A68C7
S21401CCF042F008021A60FFF7A3BF10F0FD0FEBD059
S21401CD0000207047D4190020094B10B50020586246
S21401CD10FFF7D4F904461CB9BDE81040FFF766BA20
S21401CD20204641F2160112F0FCFA6468F3E700BFF0
S21401CD3000190020A0F11B03E02B10B5044618D8FB
S21401CD40042142F2240011F0FDFD6FF06F034371E0
S21401CD5042238371A0F803400748F8F72FF911F032
S21401CD6035FE407920B111F031FE407940F4805013
S21401CD7010BD2120FCE700BF0FC9020037B50D46E4
S21401CD80044612F0F5FA6988204612F03BF86A7EEE
S21401CD902B7E43EA0223A4F862306A7F2B7F43EAA4
S21401CDA00223A4F86430EA7EAB7E43EA0223A4F8A9
S21401CDB066301B23A4F86C302D4BDA8B1B8CA4F841
S21401CDC06A30022384F87230A4F86820204611F0F5
S21401CDD0A2FE204613F00EFF94F87330022B15D1F5
S21401CDE001F056F970B194F9753001330AD1A36890
S21401CDF0052143F480532046A36003B0BDE83040CC
S21401CE0012F00DBB0021204611F0FFFF0021204645
S21401CE1000F02CFA288C4FF6FF73984225D000F0CC
S21401CE20C5F9009400F0B0F96A46ADF8040040F286
S21401CE300621104816F076FC002240F20221204618
S21401CE4016F02CFC2046FFF7F5F9204613F0DEFE1F
S21401CE50204600F079FEA36823F48043A3600121F5
S21401CE60204612F0E4FA03B030BD0020D9E700BF37
S21401CE700019002078190020F7B504460F4616461B
S21401CE80991D5A7968461D46FDF7D4F92CB96946AD
S21401CE903046FFF7B9F80446A0B140F20323A4F8E0
S21401CEA0723084F876703368C4F85A30B388A4F8C0
S21401CEB05E30B37984F8603029462046FFF75EFF7E
S21401CEC003B0F0BD032140F2064011F03BFD6B8834
S21401CED0A0F803300D2343710148F8F76FF8EFE728
S21401CEE0F3C7020007B54FF4887190F87030044814
S21401CEF08DF8043001AA16F015FC03B05DF804FBAA
S21401CF00781900202DE9FF410378302B04460E46A0
S21401CF1039D006D8052B25D0082B41D004B0BDE862
S21401CF20F0813E2BFAD183780C2B4BD8022BF5D906
S21401CF30033B092BF2D801A252F823F0D5CF01000A
S21401CF4011D101001DCF01001DCF0100A9D00100A4
S21401CF501DCF01001DCF01001DCF01001DCF010017
S21401CF60FDD00100B0F80300FFF78CF828B1617915
S21401CF7009B141F4805112F0D4F9304604B0BDE84D
S21401CF80F04116F09ABCB0F80300FFF77BF80028D2
S21401CF90F3D0A17809B141F4805112F01BFAECE705
S21401CFA0B0F80300FFF76EF80028E6D0627990F833
S21401CFB0743022B143F0010380F87430E9E703F0DE
S21401CFC0FE03F9E7212B00F0B880292B1FD0202B78
S21401CFD0D3D0A3E78088FFF755F80028CDD0E278B4
S21401CFE0002ACAD1E179A27942EA0122A0F8622098
S21401CFF0E17AA27A42EA0122A0F86420227A617AD2
S21401D00042EA0122A0F86620FFF714F9B5E7C778CF
S21401D0103C2F00F1020502D1FFF75EFDADE790F867
S21401D0200680B8F1000F23D1544A546AC2F824800E
S21401D030CFB147F480572946204612F099F9E760A8
S21401D04084F8728001AA40F201212046CDE9014709
S21401D05016F068FBA36843F48063A360414620464C
S21401D060FFF75CF889E729462046FFF787FE84E745
S21401D070408C4FF6FF7398420BD000F097F840B102
S21401D080FDF792F82B460246FF210020FFF7F4FE3B
S21401D09073E73B4B223455F8042B43F8042BA54287
S21401D0A0F9D12A881A8068E7B0F80300FEF7EAFF8C
S21401D0B000283FF462AFB4F8053090F87020A0F86D
S21401D0C06C308DF80420ADF80630227AE37943EA15
S21401D0D00223ADF80830A27A637A43EA0223ADF858
S21401D0E00A30227BE37A43EA0223ADF80C3001AA28
S21401D0F040F20911234816F015FB3EE78088FEF73B
S21401D100C1FF00283FF439AFA179FFF7B9F834E73A
S21401D1108088FEF7B7FF00283FF42FAF90F87030F5
S21401D1208DF80430D4F80630CDF80530D4F80A303E
S21401D130CDF8093001AA0E21DCE78088FEF7A2FFB0
S21401D14000283FF41AAF90F870308DF80430E37879
S21401D1508DF80530A3798DF80630E3798DF8073020
S21401D160237A8DF80830637A8DF80930A37A8DF822
S21401D1700A3001AA4FF40371BCE700BF0019002072
S21401D1802E1900207819002050B1074B1B68C31ACE
S21401D190807A0C22B3FBF2F340EA032080B2704798
S21401D1A04FF6FF70704700BFA40B002009490B7AA9
S21401D1B009680246FF2B01D10020704703EB4303A9
S21401D1C001EB830031F82330C3F30B039342F4D011
S21401D1D0C37AEFE7A40B002008B5054B054A19787A
S21401D1E0054816F0B4FE054BF7221A8008BD00BFAD
S21401D1F04E200020364E0300E01F0020DE0C0020EB
S21401D20010B5044670B30068836CA34222D16368EC
S21401D21083641549224616F04DFA04F10C0016F007
S21401D2206DFA04F1440016F048FBFFF759F858B1BF
S21401D230A06948B1143016F040FBA069183016F00A
S21401D2403CFBA0690BF020F92046BDE810400BF02E
S21401D2501BB91346002BDCD05A68A242F9D162688A
S21401D2605A60D6E710BD00BF5FF50200F8B5054667
S21401D27048200E4616F070FE2A4F0446387818B13C
S21401D2804822214616F066FE8CB1FFF729F898B1C0
S21401D2901C2016F061FE0146A061387810B11C22F0
S21401D2A016F058FEA3692BB920460BF0EDF80024C2
S21401D2B02046F8BD00221A700321284611F0A5FD6C
S21401D2C0AB6C6360AC641723268100266381164924
S21401D2D0256022462677666428460AF0B9FD03F0E3
S21401D2E0FFF93246014604F10C000AF0B1FD0223B3
S21401D2F02374FEF7F5FF18B90C4B1B78002BD7D01B
S21401D3000B4B19881729D3D9204611F00DFE00289A
S21401D310CED11221204612F0E7F8636943F00203EA
S21401D3206361C5E7E01F00205FF50200DF1F0020F4
S21401D330DE0C0020F8B5054610B3002920DB114CA1
S21401D3402468247E8C421BDD3F2919DC01F003068C
S21401D35000EBA101760091F831400327B74002F0B7
S21401D360030224EA0704B240224381F8312013B1B4
S21401D370002112F073F92846BDE8F84012F0CBB947
S21401D380F8BD00BFEC19002070B5164600221A70D1
S21401D39032800A7A0D46072A4DD8DFE802F00409E2
S21401D3A00D111A1E304AE86830F8023B338043E01C
S21401D3B0EB68981D5B88F9E7EB68981D9B88F5E795
S21401D3C0697B1E4B12F097F90222188032801846AC
S21401D3D032E002231A4833802EE01A4C2B7B23704E
S21401D3E02B88E889013363702B8801331B12E11CFB
S21401D3F0A37000F0A1F90330308020461CE0124CE7
S21401D400A889EB89A370020A1B0A20706270E37078
S21401D41000F006FA58B1C3681A88022A07D19A782A
S21401D4202271DB78637106230748338004E0042306
S21401D430FAE780221A70002070BD00BFFA1F002094
S21401D440464E0300E71F0020E11F0020054A064B59
S21401D4501860136843F001031360044B828B1A8033
S21401D460704700BFE4190020EC190020041F0020BB
S21401D4702DE9F04F504E37688FB0002317F008079C
S21401D480CDE90433CDE9063305460DD04B4B0146B5
S21401D49003F1100253F8040B41F8040B9342F9D13F
S21401D4A000200FB0BDE8F08F10200AF0DBFD044627
S21401D4B000287ED00DF0D1F80220F5F78DFA01464E
S21401D4C02046F5F7B1FA00286DD1802204A920463E
S21401D4D0F2F790FD002866D1B946394B1B68D9880A
S21401D4E0BAB2914219D829462046F2F7D9FD20460C
S21401D4F0F5F77EFA214610200AF0D6FD2F4B294675
S21401D50005F1100251F8040B43F8040B9142F9D1CE
S21401D510336843F008033360C2E71A68ADF80E902B
S21401D5201FFA87FB4FEA0B1802EB0B1B58460192BA
S21401D53012F0D9FC8246584600F046F920B3AAF507
S21401D54020539BB2032B019A02D9BAF5245F1DD151
S21401D55032F80830ADF820300DF10E0259460DF1C3
S21401D5600D030020ADF822A0FFF70EFFBDF80E2038
S21401D570014609A815F053FEBDF80E2008A904328D
S21401D5802046F2F77BFD70B90137A6E70AF5564348
S21401D590FF339BB2042BF7D832F80830ADF82030B1
S21401D5A0ADF822A0E8E7014640F2074000F014FE7D
S21401D5B09DE71A2075E700BFE4190020FC1F002034
S21401D5C0EC190020144B1B6813F0040370B50146D8
S21401D5D006D0124B1C68E389002290B2834209D818
S21401D5E00F4A1468E589002290B285420AD84FF6A0
S21401D5F0FF7006E0A56835F812508D4202F101026F
S21401D600EBD170BDA66836F812608E4202F10102B7
S21401D610EAD1034498B2F4E7E4190020E81900209F
S21401D620EC190020094B1B685B070AD5084B1A68E2
S21401D630D389834203D9936833F810007047C01A20
S21401D64080B2044B1B689B68F6E700BFE419002014
S21401D650E8190020EC19002038B504680949054688
S21401D6600C22204615F0A6FD50B90749022204F106
S21401D6700E0015F09FFD18B90C342C60022038BD41
S21401D6801020FCE7494E0300574E03002DE9F743EF
S21401D690102801910BD0022804D04FF6FF7003B07A
S21401D6A0BDE8F083019B1888FFF78CFFF7E701A818
S21401D6B0FFF7D2FF0228F5D01028EED11B4B019FB1
S21401D6C01E6816F0040608D0194BD3F80080B8F887
S21401D6D016600024A5B2AE421AD8164BD3F80080C5
S21401D6E0B8F816900025ACB24C45D6D2D8F8100042
S21401D6F0102200EB0510394615F05CFD01350028B7
S21401D700F1D1A0196FEA40406FEA504080B2C6E7F7
S21401D710D8F81000102200EB0410394615F04AFD27
S21401D72001340028D6D145F40040B8E7E4190020BA
S21401D730E8190020EC190020020408B51DD5124B8B
S21401D7401B685B07C0F30E0013D5104B1A68D38A0B
S21401D75098420CD2136903EB001000F1100350F845
S21401D760042B41F8042B9842F9D1102008BDC01AA9
S21401D77080B2074B1B681B69EDE7FFF753FF087084
S21401D780000A48700220F1E7E4190020E819002099
S21401D790EC1900200B4B1B6870B51D68044642F659
S21401D7A00306A5420AD2204629B912F09CFBB042D4
S21401D7B006D1103402E012F0A0FB08B1204670BD7D
S21401D7C0103CEEE7EC190020437ADA0702D5C3F3E2
S21401D7D080007047034BC2881B881A4214BF012081
S21401D7E000207047041F00200A4B1B68DB0708D582
S21401D7F070B1094B1B68DB88834234BF00200120CF
S21401D800704728B1054B1B88834294BF0020012036
S21401D810704700BFE4190020EC190020061F002005
S21401D82070B50246FFF7E0FFE8B10F4B1968CD88E7
S21401D830954209D302F1805001380B68040103EBCD
S21401D84000101B5B93420ED0002398B2854201D88C
S21401D850002008E00E681C0106EB0310345B9442BE
S21401D86003F10103F1D170BDEC1900202DE9F3415C
S21401D8700025184F01900E46A8463A68D188ABB2EB
S21401D88099421DD91468ABB204EB0314B4F9043001
S21401D890002B1CDA2046FFF797FFC0B1E1680B8822
S21401D8A09E4214D132460198023116F0C9FAE36855
S21401D8B01B8882B2934207D0114601A816F024F9BC
S21401D8C0404602B0BDE8F08143441FFA83F80135B3
S21401D8D0D3E700BFEC19002037B58B7901910C33E3
S21401D8E0CD180A46C95C11F00103044629D01D294A
S21401D8F00AD101211E2011F0B9FA0146204611F085
S21401D9000DFB012003B030BD032916D10E4BB5F82F
S21401D91001201B884189934228BF1346172BB8BFA5
S21401D9201723438111F0B5FD636923F00203636198
S21401D93040F20941204611F0D4FD01A815F0BDFFC3
S21401D940DFE71846DEE700BFDE0C002038B5124BD5
S21401D95042891B888B4228BF0B46172B0446B8BF4B
S21401D96017234381114611F094FD636923F00203E6
S21401D9706361A3699D693DB100229A6129462046EB
S21401D980BDE83840FEF78EBC40F20941204611F052
S21401D990A8FDA3691D7038BDDE0C00200148FEF706
S21401D9A099BC00BFE906020008B5002142F20E004C
S21401D9B010F0C8FFBDE808400148F7F7FFBA00BFFE
S21401D9C0DFC8020038B590F87230032B04461546BE
S21401D9D006D1FFF7E9FF012384F87230002019E031
S21401D9E0C9B9012B2DD9032140F2064010F0AAFF38
S21401D9F0B4F86E30A0F8033045711348F7F7DEFA35
S21401DA0010F0E4FF8378002BE5D010F0DFFF80787C
S21401DA1040F4805038BDA3B102214FF6044010F007
S21401DA2091FFB4F86E30A0F803300848F7F7C6FA4D
S21401DA3010F0CCFF4379002BCDD010F0C7FF407912
S21401DA40E6E70220E6E700BFF3C7020029C80200A6
S21401DA50F8B507460E4642F213000E2115461C463F
S21401DA6010F070FFB7F86E30A0F80330BDF818302C
S21401DA70A0F80B30BDF81C30A0F80D30BDF82030F2
S21401DA80A0F80F30A0F80560A0F80750A0F80940EC
S21401DA900648F7F793FA10F099FF807820B110F056
S21401DAA095FF807840F48050F8BD00BF6BC8020037
S21401DAB0F8B50D4607461C2142F219001C461646CB
S21401DAC010F040FFB7F86E30A0F803302B68C0F8AE
S21401DAD005306B68C0F80930A0F80D6023460F309A
S21401DAE004F1100253F8041B40F8041B9342F9D1C9
S21401DAF00648F7F763FA10F069FF807820B110F056
S21401DB0065FF807840F48050F8BD00BF1BC7020057
S21401DB1070B506460D4642F27A000421144610F00E
S21401DB2011FFA0F80360457184710648F7F746FABD
S21401DB3010F04CFF407920B110F048FF407940F4D6
S21401DB40805070BD6DCC020010B50221044642F231
S21401DB50300010F0F7FEB4F86E30A0F803300F482E
S21401DB60F7F72CFA10F032FF437963B910F02EFF65
S21401DB70C088FEF787FA044628B110F027FF017A1D
S21401DB802046FEF77DFB10F021FF407920B110F012
S21401DB901DFF407940F4805010BD00BF6D53010059
S21401DBA0F8B507460E4642F24100082115461C46C6
S21401DBB010F0C8FE9DF81830C3709DF81C30037134
S21401DBC047718671A0F80750A0F809400648F7F794
S21401DBD0F5F910F0FBFE407920B110F0F7FE407920
S21401DBE040F48050F8BD00BF1D50010038B5054611
S21401DBF00C4642F24200062110F0A4FE00234371B7
S21401DC008371C3710372C57004710648F7F7D6F9BC
S21401DC1010F0DCFE407920B110F0D8FE407940F4D7
S21401DC20805038BD755001002DE9F04106460F467B
S21401DC3042F23600192115461C46DDF8248010F004
S21401DC4081FE2B0AC371230A83729DF81830037371
S21401DC509DF81C308571447243732D0C9DF820305D
S21401DC60C670240C87800572C4728373D8F800309E
S21401DC70C0F80F30B8F80430A0F813309DF82830FB
S21401DC8043759DF92C3083759DF83030C37500239C
S21401DC9003769DF8343043769DF83830C376867621
S21401DCA00648F7F78BF910F091FE407920B110F095
S21401DCB08DFE407940F48050BDE8F0811551010099
S21401DCC038B505460C464FF61940052110F03AFEC8
S21401DCD0C57044600648F7F771F910F077FE407991
S21401DCE020B110F073FE407940F4805038BD00BF7B
S21401DCF0C7C4020038B505460C464FF61A40052142
S21401DD0010F020FEC57044600648F7F757F910F08A
S21401DD105DFE407920B110F059FE407940F4805004
S21401DD2038BD00BFF7C4020070B50D460646012196
S21401DD30DAB1FFF7C5FF0446A8B9072142F235005C
S21401DD4010F000FEC6702B684360AB88038108485C
S21401DD50F7F734F910F03AFE437923B110F036FEA6
S21401DD60447944F48054204670BDFFF7C3FFE2E7D0
S21401DD7087C6020010B50A460446042142F237005F
S21401DD8010F0F5FD03230371002343718371C47002
S21401DD900648F7F713F910F019FE407920B110F094
S21401DDA015FE407940F4805010BD00BF7BC50200CF
S21401DDB010B50A460446042142F2380010F0D7FD99
S21401DDC003230371002343718371C4700648F7F778
S21401DDD0F5F810F0FBFD407920B110F0F7FD407921
S21401DDE040F4805010BD00BFC7C50200F8B5064616
S21401DDF00F4642F23900062114461D4610F0A2FDD8
S21401DE0001238471240A0371C7704671C4710572B7
S21401DE100648F7F7D3F810F0D9FD407920B110F095
S21401DE20D5FD407940F48050F8BD00BF13C602000E
S21401DE300148FCF717BF00BF3DDE01002DE9F04F9A
S21401DE40867987B00C3605900546805BC0F30B00DB
S21401DE50FEF718F9044618B905A815F02EFD4EE090
S21401DE6090F87230022BF7D1AB5B059AC3F30B0126
S21401DE7003F44053B3F5805F9060A95342D15379C0
S21401DE806FF300035371836B002BE5D0042105A8C3
S21401DE9004F1380615F011FE0599304615F0F4FD2B
S21401DEA0A06B002301465A1CA9BBDBB2012B01D98A
S21401DEB015F05BFEA06B15F085FD03281FD9D4F87D
S21401DEC0389099F80670484615F07CFD0C3709EB3A
S21401DED0070539F80770A0F10408474522D9524FC3
S21401DEE0D4F838A007F1100957F804BB5346424648
S21401DEF029462046D8474F4510D00028F4D007B011
S21401DF00BDE8F08F383015F0D8FC059A537943F008
S21401DF1001035371BAE709681346C4E70028EED136
S21401DF2030469AE7A06B15F04DFD04378742F7D3CC
S21401DF306988A1F140033F2B0BD80421304615F028
S21401DF40BCFDA26B6988204612F0D2FD0023A363B4
S21401DF50D5E705290BD0062961D00429E0D1304642
S21401DF6015F0ABFDA16BA06CFEF7C2F9EEE72946F2
S21401DF70204612F0BBFD02460028D1D12B79122B88
S21401DF8006D0132B36D06979204612F087FDC7E7F5
S21401DF9094F87330022BF6D029898B1F9BB240F67A
S21401DFA07A40834224D86A89931F9BB283421FD842
S21401DFB091421DD8AB89B3F5FA7F19D2EF89A7F143
S21401DFC00A0080B240F6764C604511D8B4F86A0073
S21401DFD00290B4F86800CDE900702046FFF738FDDE
S21401DFE0021E18BF01226979204612F013FD97E739
S21401DFF00122F8E794F87330012B03D169792046A2
S21401E00012F04CFDA3681A048AD523F40043A360DA
S21401E0102B89012B84D12046FEF764FF80E7A16B94
S21401E020204612F0E5FD91E75C4E03000C4B1A7892
S21401E03001469AB95B689B0710D490F975200132A6
S21401E04018BF012291F8523013F0400005D091F824
S21401E050600010F0400018BFD0B270470122F1E70F
S21401E060F0190020024B586800F00200704700BF0C
S21401E070F0190020024B586800F00800704700BFF6
S21401E080F0190020014B1B68184700BFB00B002099
S21401E09008B50FF067FF02281BBF034B5868002026
S21401E0A000F0100008BD00BFF019002007B50246B9
S21401E0B00846042802F0010113D9B1B903200C4B1C
S21401E0C05A6002F08003019302F04003009302F0CD
S21401E0D0200302F0040200F0C1F9002003B05DF84D
S21401E0E004FB0029EBD00328E9D12120F6E700BF85
S21401E0F0F019002038B50D490D480AF0F3F9044629
S21401E100054688B90B4B0C4A1A600C4A5A600C4AF1
S21401E1109A600C4ADA6000F0F3F9032104462846B7
S21401E120FFF7C4FF084B1D70204638BDEFBEADDEBD
S21401E130BEBAFECAB00B002051E40100C5100300B0
S21401E1409DE40100B1F90100F019002038B504463C
S21401E15003200AF07BF90546D0B194F870300370BD
S21401E16094F8753043702046FEF756F82A46A87094
S21401E17040F20261074815F091FA074B2046DB682A
S21401E1800121984794F97500BDE83840FBF780BD3A
S21401E19038BD00BF78190020B00B002070B50546C9
S21401E1A008200E460AF052F9044680B195F8703000
S21401E1B00370074B466000212846DB6898472246D5
S21401E1C00448BDE8704040F2016115F067BA70BDC1
S21401E1D0B00B00207819002038B5054608200C46FB
S21401E1E00AF034F9024638B1C0E900540D21BDE801
S21401E1F03840024815F052BA38BD00BF78190020E1
S21401E20038B5054608200C460AF020F9024650B1FA
S21401E21095F870300370446040F20561BDE83840FF
S21401E220014815F03BBA38BD7819002013B50446ED
S21401E2300191114612B301A904200AF0A9F9019B24
S21401E240104AB3FBF2F102FB1133019345F21802B7
S21401E25001AB0021204612F098FE08200AF0F6F8DD
S21401E260024648B194F870300370019B436040F257
S21401E2700461054815F012FA02B010BD01AB45F273
S21401E2801802E8E740420F007819002010B504464E
S21401E29001200AF0DBF8024648B194F870300370AA
S21401E2A0BDE81040024840F2036115F0F7B910BD11
S21401E2B07819002038B5054608200C460AF0C6F83D
S21401E2C0024650B195F870300370446040F2076121
S21401E2D0BDE83840014815F0E1B938BD781900208D
S21401E2E0014B5B68184700BFB00B002010B50F4C00
S21401E2F02068D0B10023037780F83D3080F85E3087
S21401E30020219F3015F0ECFD206860215F3015F06C
S21401E310E7FD206821211D3015F0E2FD206821214E
S21401E320BDE810403E3015F0DBBD10BDF8190020E9
S21401E330F0B50D468FB006461446324920222846CF
S21401E34014F038FF70B930492022204614F032FF0D
S21401E35040B92E4B1B681B7D002B51D040F2034069
S21401E3600FB0F0BD366C202206F15101284614F09C
S21401E37021FF38B9202206F17101204614F01AFF58
S21401E3800028EBD068460CF04DFC06AA2B4605F19A
S21401E3902007154618685968164603C60833BB4257
S21401E3A03246F7D12021284615F08CFD2022294639
S21401E3B068460BF06CFC224602F120062C461068DB
S21401E3C05168234603C30832B2421C46F7D12021C6
S21401E3D0284615F077FD2022294602A80BF057FCA7
S21401E3E0012104A80BF023FC084B18686946C030CD
S21401E3F0F4F7CEFB044668460CF043FC002CADD186
S21401E4000020ADE7A04F0300804F0300F81900205D
S21401E41000F0C003402B07D1094B1B6873B100F015
S21401E4203F0053F820007047802B01D1054BF4E7DD
S21401E430054A0648C02B08BF104670470348704778
S21401E440001A0020FC19002035130300D1E6010054
S21401E450014B1B68187A7047F819002010B50E4C4E
S21401E4600039246818BF0121003B18BF0123A3749B
S21401E4709DF808302070003A18BF0122003B18BFF3
S21401E4800123E3749DF80C302174003B18BF01236F
S21401E4906274237510BD00BFF819002001280AD048
S21401E4A002280ED098B90B4B1A68936943F0010302
S21401E4B0936100207047074B1A68936943F0020383
S21401E4C0F6E7044B1A68936943F00403F0E721204A
S21401E4D0704700BFF8190020024B034A1A6000205B
S21401E4E0704700BF001A00203C4F0300024B034A4E
S21401E4F01A600020704700BFFC190020144F03006B
S21401E50070B51F4D286838B94FF4907015F024FD8A
S21401E510286058B91A2431E0C0300CF0B6FBFFF77A
S21401E520E5FE28684FF4907115F0DAFC2B68154863
S21401E5304FF0FF310022D9600326102119721E7098
S21401E54011491A7783F83D2083F85E201A829A745F
S21401E5509A6109F07DFC044680B92868C0300CF049
S21401E5606FFB28683146C030F4F7DAFD30B1224639
S21401E5700549044815F09EF840F20744204670BD50
S21401E580F8190020041A0020FB0E03002DE9F043C1
S21401E590DFF838911F46D9F8003015461A7F022A4F
S21401E5A08BB080460E461DD103F15F0403F17F0256
S21401E5B054F8041B46F8041B9442F9D103F19F0258
S21401E5C054F8041B45F8041B9442F9D1BF3354F8A0
S21401E5D0042B47F8042B9C42F9D1B8F1000F66D101
S21401E5E0002442E09C6914F001041BD0334B03F174
S21401E5F0200253F8041B46F8041B9342F9D1304B12
S21401E60003F1200253F8041B45F8041B9342F9D189
S21401E6102C4B03F1200253F8041B47F8041B9342CA
S21401E620F9D1DAE704A80CF0FDFA02A80BF078FAA3
S21401E630D9F80000244B009404AA02A9C0300CF0BB
S21401E6403FFA0446A8B104A80CF01BFB02A80BF085
S21401E6506CFAB8F1000F03D00821404612F048FECC
S21401E660214640F20740FFF7B7FD20460BB0BDE854
S21401E670F0833146202204A80BF01FFB29462022F6
S21401E68006A80BF01AFB2022394602A80BF015FB50
S21401E69004A80CF0F6FA02A80BF047FA304620213F
S21401E6A015F010FC2021284615F00CFC95E70022F9
S21401E6B045F21601404612F058FC91E76C4E0300F5
S21401E6C08D4E0300AE4E03004F0D0300F8190020D7
S21401E6D045F20603994210B504463CD00DD840F2E7
S21401E6E0032399421AD045F20203994211D040F20F
S21401E6F00123994212D048202CE045F21703994293
S21401E7003AD045F21A0399421CD045F20C039942BD
S21401E710F1D10521204612F0EBFD1AE0174894F8D6
S21401E720701014F09CFF94F87330012B14BF8020F6
S21401E7304020FFF76DFE4FF4A0410346002220461D
S21401E7409847D8E7C02112F0F5FB07212046FFF7CE
S21401E75025FD002010BD93791A44517C41F4905157
S21401E760FFF71CFD94F87330012B14BF8021402164
S21401E770204612F0DFFBECE70220EBE7041A00204C
S21401E780B1F5A04F2DE9FF410446154600F0E9809A
S21401E790A1F5A043DE1F042E00F2EA809279066CF2
S21401E7A00C32083B96F86C711544032B03D8DFE84E
S21401E7B003F0307987D5F9072ED56F1D6F481022E3
S21401E7C0394614F0F7FC002865D096F97A013B46E5
S21401E7D0102203210FF0C8FB06460FF0C3FB0228E8
S21401E7E011D194F87330012B0DD13B4604F1180278
S21401E7F0153553F8041B42F8041BAB42F9D1A36844
S21401E80043F48073A3601021384615F069FB002796
S21401E81037E017F001070ED10027226C92F86C3111
S21401E82023EA070382F86C31204612F01FFE00200F
S21401E83004B0BDE8F0810FF095FB02280DD0206CE6
S21401E8406B4690F97A01102203210FF0BBFB0028DA
S21401E850E2D01021684615F043FB206C05F105084F
S21401E860434690F97A010A2202210FF07DFBD5F882
S21401E8700530A362D5F80930E362B5F80D3023867A
S21401E8800646002EC9D000213046FFF7A5FC082118
S21401E890204612F02DFD2046082112F029FD40F2F7
S21401E8A00340C5E7BA07B7D5053596F97A010621BB
S21401E8B02B4610220FF058FB102106462846A4E7E7
S21401E8C0BB07A9D50FF04EFB02280DD0206C6B4676
S21401E8D090F97A01102206210FF074FB00289BD0D4
S21401E8E01021684615F0FCFA697989B96B1D0A464C
S21401E8F013F8010F60B90132062AF9D194F85210C3
S21401E900206C81F0080104F14C03C1F3C00107E05B
S21401E9100039206C05F106034FF0060218BF0121ED
S21401E92090F97A010FF020FB226CD2F8743143F093
S21401E9304003C2F874316B89ADF804306B79064632
S21401E940002BD5F8060000900CBF492372236846B9
S21401E9508DF80630022710F0A8F892E707F00407B2
S21401E9605BE712F015FA236C002283F878215BE747
S21401E97004B0BDE8F041FFF7ABBE00BF704F030027
S21401E980F0B5B1F5A04F8DB0054608D045F2130499
S21401E990A14244D00DB0BDE8F040FFF799BE046C2B
S21401E9A00023CDE90833CDE90A3394F87931042BF5
S21401E9B00DF1200C2CD11F4B1B6893F85E205AB129
S21401E9C003F13E0267464E33106851683E4603C661
S21401E9D008329A423746F7D104F22113069305F11D
S21401E9E05303059305F15A0304932379039363793B
S21401E9F00293A37904F1E102CDE900C304F21111F7
S21401EA0004F1D103284612F086FF00200DB0F0BDB8
S21401EA10013B022B9CBFD4F848310893DCE7016C1C
S21401EA2001F2211112F0D0F94A21284612F082FA99
S21401EA30EBE700BFF8190020F0B545F20E06B1422B
S21401EA408DB0044613460BD045F21303994260D0AD
S21401EA50B1F5A04F76D112F09BF900200DB0F0BDB4
S21401EA609979026C0C310B44591D02F2311215339F
S21401EA7051F8040B42F8040B9942F9D1256C102287
S21401EA8005F2311105F2211014F094FB20B90B2187
S21401EA90204612F02DFCE0E70023CDE90833CDE94E
S21401EAA00A3395F87931042B0DF1200C2AD1284B25
S21401EAB01B6893F83D205AB103F11D0267462D33BA
S21401EAC0106851683E4603C608329A423746F7D167
S21401EAD005F5AE73069304F15A03059304F1530347
S21401EAE00493EB7A03932B7B02936B7B05F1D102A4
S21401EAF0CDE900C305F2111105F1E103204612F03C
S21401EB000AFFAAE7013B022B9CBFD5F848310893C0
S21401EB10DEE7056C102205F5AE7105F2311014F032
S21401EB2049FB0028B3D1D5F874319B0742BF94F84E
S21401EB30743043F0020384F874304B21204612F0FF
S21401EB40F9F98AE70DB0BDE8F040FFF7C1BD00BF97
S21401EB50F819002073B545F21406B14204461AD0DE
S21401EB6045F21906B14221D0B1F5A04F28D112F0D5
S21401EB700FF9216C01F5A273019301F1D103009302
S21401EB8001F1110201F1E1032046513112F064FF57
S21401EB90002002B070BD036CD3F844210B4BB2FBCE
S21401EBA0F3F103FB1121FFF72BFBF1E713781BB9F8
S21401EBB00C2112F09DFBEBE7492112F0BBF9E7E7C8
S21401EBC002B0BDE87040FFF783BD00BF40420F00B2
S21401EBD02DE9F04F97B01C46DDE92098544B229F53
S21401EBE0154604AA06468C4603F1100B9246186891
S21401EBF059689646AEE8030008335B457246F6D17F
S21401EC006B4620226146504612F0A9F8834600283A
S21401EC1071D1484B089365238DF824300DF12503F7
S21401EC2005F11002184655F8041B43F8041B9542DB
S21401EC30F9D1102115F046F90DF1350304F1100252
S21401EC40184654F8041B43F8041B9442F9D11021CA
S21401EC5015F038F999F8063083F00803C3F3C003BA
S21401EC608DF84530D9F80030CDF846300621B9F890
S21401EC700430ADF84A300DF1460015F023F998F846
S21401EC80063083F00803C3F3C0038DF84C30D8F880
S21401EC900030CDF84D300621B8F80430ADF85130CB
S21401ECA00DF14D0015F00EF900238DF854300124B6
S21401ECB0239B8DF85340352208A9684612F04FF879
S21401ECC08346C0B92398102115F0FCF83B4635223F
S21401ECD008A968468DF8204012F041F8834650B9DD
S21401ECE0B27C0146C2F11002384614F08DFA1021AA
S21401ECF0384615F0E7F81021684615F0F1F8352189
S21401ED0008A815F0EDF81021504615F0E9F8BBF10A
S21401ED10000F06D00821304612F0EAFA17B0BDE817
S21401ED20F08F5A4645F21201304612F01EF9F5E709
S21401ED30CF4E03000062746C2DE9F04194B0074693
S21401ED4006A80C46984615460BF06CFF02A80AF07A
S21401ED50E7FE0CAB04F1200C1E46206861681A46DB
S21401ED6003C2083464451346F7D12021304615F016
S21401ED70A9F82022314606A80AF089FF2A4633461A
S21401ED802035106851681C4603C40832AA4223463F
S21401ED90F7D12021304615F095F820220DEB020020
S21401EDA031460AF074FF2021304615F099F801210A
S21401EDB00AA80AF03CFF2022414602A80AF067FF93
S21401EDC004A80AF0ADFE002104A80AF030FF1C4B8F
S21401EDD01868002301931B4B009306AA02AB04A9F3
S21401EDE0C030F3F741FE0446A0B104A80AF09DFE28
S21401EDF006A80BF046FF02A80AF097FE214640F24D
S21401EE000740FFF7E9F90821384612F071FA14B005
S21401EE10BDE8F0811A99202204A80AF04EFF04A842
S21401EE200AF083FE06A80BF02CFF02A80AF07DFE6E
S21401EE30224645F21501384612F097F8E7E700BF7B
S21401EE40F81900204F0D030045F20D039942F7B55E
S21401EE50044627D00DD8B1F5A04F1DD045F20403C6
S21401EE60994200F08F80204603B0BDE8F040FFF7DE
S21401EE702FBC45F21103994200F0A68045F2150316
S21401EE809942F0D1006C90F87931052B06D8DFE86D
S21401EE9003F0503A423A555011F07AFF00273846AF
S21401EEA003B0F0BD93790C331A44561D02F12505C3
S21401EEB02A463146FFF73CFA074620B10B21204689
S21401EEC012F016FAEBE7236C3146113351F8042B96
S21401EED043F8042BA942F9D1236C01F12002313306
S21401EEE051F8040B43F8040B9142F9D1216C01F15E
S21401EEF0F103009301F1310201F191032046113132
S21401EF00FFF71AFFCAE72046452112F013F82046FC
S21401EF10FFF7BCF9C2E72046452112F00BF8364B45
S21401EF201B68D9684B1C5A425A412046FFF77EF9A6
S21401EF30B4E74621204611F0FDFFAFE72E4B1B68D4
S21401EF4093F85E5065B100F11102002100F5AE7034
S21401EF50019000913E331146204612F017FA9DE7C4
S21401EF601021E13012F01CF800283DD0082120467F
S21401EF7012F0BEF9294640F20740FFF72DF940F29C
S21401EF8007478CE79179036C0C310A44511DC13354
S21401EF90153251F8040B43F8040B9142F9D1256C54
S21401EFA0102205F1C10105F1B10014F003F920B9F1
S21401EFB00421204612F09CF970E7D5F8743143F02D
S21401EFC00103C5F8743169E70B4B056C196810220B
S21401EFD04E3105F5AE7014F0EDF80028E8D1102199
S21401EFE005F1E10011F0DCFF216C2046E13111F062
S21401EFF007FF47219EE700BFF8190020F8B545F244
S21401F00016039942044600F062810BD8B1F5A04F71
S21401F0100ED045F2030399420ED02046BDE8F840D3
S21401F020FFF756BB45F217039942F6D1022002E0DC
S21401F03011F0AEFE0020F8BD9379056C0C33D6189E
S21401F040F379DF0708D4FFF70DF828B1052120462C
S21401F05012F04EF92120EEE79F4F327A3B681B7A79
S21401F0609A4201D20621F2E7D6F80530C5F80B30F0
S21401F070B6F80930A5F80F300223AB7294F9523076
S21401F08094F85210002BA6BF81F00803C3F3C00307
S21401F0900123AB7094F8603083F00803C3F3C00318
S21401F0A06B70337A102B28BF1023A374F379D8071B
S21401F0B02BD5AB79DA0728D5737A2A7A134085F8E7
S21401F0C06D31B37A6A7A134085F86C3195F97A31E5
S21401F0D001331ED0206C90F86C319B0719D481F057
S21401F0E0080190F97A0104F14C030622C1F3C0012C
S21401F0F00EF03AFF68B140F21B412046FFF74EF88A
S21401F100A3685907A6D50821A1E7002385F86D3124
S21401F110DAE73B68F079597C00F0080229B112B1B0
S21401F120AA79120703D4032191E7002A79D0AA7994
S21401F130110776D5D5F8741141F00401C5F874119C
S21401F140B5F86C1121F4807121F00101A5F86C115C
S21401F15093F81CC0B179BCF1020F02D019B3022199
S21401F16075E789B1012283F83D20DA7CB2B9042221
S21401F17085F87921A27C0F2A27D994F8742042F0C9
S21401F180080284F8742020E093F85E20002AE6D076
S21401F190DA7C83F83D10002AE1D1E8E793F85E2097
S21401F1A0002AE4D1DBE7024312F004023FD0727971
S21401F1B04A491878052A28BF032202EB82020A442C
S21401F1C0125C85F87921002AD4D1197C95F8792129
S21401F1D009B1002AA7D0206C042A00F5A6703AD1FE
S21401F1E003F11D022D3352F8041B40F8041B9A420A
S21401F1F0F9D1D5F8743195F8792103F004017ABB79
S21401F20023F00203C5F87431E27400295AD0216C48
S21401F210204601F1910301F171025131FFF7B6F970
S21401F22008E71A7F012A05D1B2791AB1042285F8B6
S21401F2307921CAE7420703D4AA7912F00402F6D06C
S21401F240727927491878052A28BF032202EB820221
S21401F2500A44125CEBE71022002113F0D5FFC8E741
S21401F26043F00203C5F8743149B90123013AE37446
S21401F270032A3FF6DFAEDFE802F010181025A37C64
S21401F2800F2B85BF94F8743043F00803012384F8EC
S21401F290743088BF0223E374B9E72046452111F094
S21401F2A049FE2046FEF7F2FFC4E62046452111F04E
S21401F2B041FE3B68D9684B1C5A425A412046FEF72C
S21401F2C0B5FFB7E64321204611F034FEB2E611F051
S21401F2D0CFFD4221F7E700BFF8190020E04E0300FA
S21401F2E0F94E0300F8B50446FEF7A0FE266C054667
S21401F2F028B394F975305F1C0BD086F87A31FEF787
S21401F300B1FE0721012011F053FD024618BB1A2158
S21401F31011E02046FAF776FD86F87A01236C93F918
S21401F3207A310133EBD1FEF79DFE90B1A3685D07FC
S21401F33009D441F205212046FEF730FF07E0FF23FE
S21401F34086F87A31EFE70521204611F0D1FF00203B
S21401F350F8BD0025D5E7867931490C360968831949
S21401F36091F800C083F801C091F81CE0281E18BF70
S21401F3700120BEF1010F0DD183F802E0D870487C60
S21401F38000B3D87800071DD4A3685B07DBD441F22D
S21401F3900321D0E78F69BEF1020F07F002070ED1F5
S21401F3A091F85EE0BEF1000F09D04FF0010E83F830
S21401F3B002E0D870002FE2D140F00800DEE74FF0FF
S21401F3C0000EF4E7BCF1030F07D0096911F0FF1F27
S21401F3D01EBFD97841F00401D97094F874108F07D4
S21401F3E008D5D978480705D4BCF1030FCFD041F032
S21401F3F00401D970002D18BF0325102119715D7104
S21401F4009D71216C9059C1F803009888A1F80700F6
S21401F4109B794B722046062111F020FB012097E7CD
S21401F420F8190020F0B545F20E06B1428DB004463B
S21401F43015460ED045F21306B1425CD0B1F5A04F89
S21401F44040F0BD8011F0A4FC236CD3F87431190789
S21401F45057D5236CD3F8742112070CD4AA790C3231
S21401F46015446A1D03F22113153552F8041B43F89F
S21401F470041BAA42F9D1256C0023CDE90833CDE956
S21401F4800A3385F8783195F87931042B0DF1200C83
S21401F4902AD14D4B1B6893F83D205AB103F11D024A
S21401F4A067462D33106851683E4603C608329A42B5
S21401F4B03746F7D105F5AE73069304F15A03059363
S21401F4C004F1530304932B7903936B790293AB797D
S21401F4D005F1E102CDE900C305F1D10305F21111F1
S21401F4E0204612F018FA0CE0013B022B9CBFD5F81F
S21401F4F048310893DEE7056C95F8783123B1012B86
S21401F50054D000200DB0F0BD102205F5AE7105F205
S21401F510211013F04FFE20B10B21204611F0E8FE1A
S21401F520EFE7D5F874319B0742BF94F8743043F087
S21401F530020384F87430012385F878310023CDE97D
S21401F5400833CDE90A3395F87931042B0DF1200CF7
S21401F55025D11D4B1B6893F85E205AB103F13E027C
S21401F56067464E33106851683E4603C608329A42D3
S21401F5703746F7D105F23113069304F15303059389
S21401F58004F15A030493EB7A03932B7B02936B7B70
S21401F59005F1D102CDE900C305F1E1039EE7013B88
S21401F5A0022B9CBFD5F848310893E3E705F23111E9
S21401F5B011F00AFC8821204611F0BCFCA1E70DB031
S21401F5C0BDE8F040FFF784B8F819002045F21403AF
S21401F5D0994213B504462BD00CD8B1F5A04F13D0E1
S21401F5E045F20E03994232D0204602B0BDE81040E3
S21401F5F0FFF76EB845F219039942F5D1137813BB9C
S21401F6000C2111F075FE10E011F0C2FB216C01F522
S21401F610A273019301F1D103009301F1510201F1AB
S21401F620E1032046113112F017FA002002B010BD96
S21401F630036CD3F84421114BB2FBF3F103FB112108
S21401F640FEF7DEFDF1E7872111F074FCEDE7917915
S21401F650036C0C310A44511D03F22113153251F883
S21401F660040B43F8040B9142F9D1226CD2F87431A1
S21401F67043F00803C2F87431D7E700BF40420F00D9
S21401F68030B545F21003994285B0044600F0A680D5
S21401F6900CD8B1F5A04F27D045F20503994228D0E2
S21401F6A0204605B0BDE83040FFF712B845F2110319
S21401F6B0994200F0B08045F212039942F0D1016CF4
S21401F6C091F8793113B1043B012B03D8D13120468F
S21401F6D011F096FB236C93F87931042B40F2DF800E
S21401F6E0052B03D1862192E011F052FB002005B0D4
S21401F6F030BD9179036C0C310A44511DE13315324A
S21401F70051F8040B43F8040B9142F9D1206CD0F860
S21401F710743113F0040354D090F87931042B22D1BC
S21401F720604B1B6893F85E5065B100F11102002131
S21401F73000F5AE70009101903E331146204611F05F
S21401F74025FED3E71021D13011F02AFC58B108214B
S21401F750204611F0CDFD40F207402946FEF73CFD5C
S21401F76040F20740C3E7216C91F8793101F1E102DB
S21401F77013B1043B012B12D801F21113039301F5C7
S21401F780A673029304F15A03019304F15303009301
S21401F79001F1D103F1312046FFF71AFAA6E701F588
S21401F7A0AE73019391F87801D1F84831C34003F064
S21401F7B0010343F080030093134601F15102113116
S21401F7C0BCE780F8783100F1E102009300F5A671FC
S21401F7D000F5AE73204612F0B3F987E7056C1022E8
S21401F7E005F1B10105F5AE7013F0E4FC20B104217A
S21401F7F0204611F07DFD79E7D5F874319B0742BFAD
S21401F80094F8743043F0020384F87430882120465B
S21401F81011F090FB6AE7056C95F87931042B05F534
S21401F820AE701ED11F4B196810224E3113F0C2FC68
S21401F8300028DCD1102105F1D10011F0B1FB216CBB
S21401F84001F21113039301F5A673029304F15A030F
S21401F850019304F15303009301F1E10201F1D10395
S21401F86098E70146102205F1B10013F0A3FC002829
S21401F870BDD105F1D101204611F0C2FA216C91F8F3
S21401F88078310133DBB2142B81F87831D8D0D1F836
S21401F890743123F00103C1F874318421B7E787215D
S21401F8A0B5E700BFF819002045F215039942F7B5F0
S21401F8B0044651D00CD8B1F5A04F19D045F20D032E
S21401F8C099421BD0204603B0BDE8F040FEF700BFCA
S21401F8D045F216039942F5D1016C01F1F10300934B
S21401F8E001F1310201F191031131FFF725FA01E02F
S21401F8F011F04EFA0027384603B0F0BD93790C3369
S21401F9001A44551D02F1250632462946FEF710FD1A
S21401F910074620B10B21204611F0EAFCEBE7236CE9
S21401F9202946113351F8042B43F8042BB142F9D17F
S21401F930236C01F12002313351F8040B43F8040B18
S21401F9409142F9D1216C204601F1910301F1710236
S21401F9505131FEF71BFECDE711F08AFA236C93F8BE
S21401F9607931052BC6D8DFE803F0190311111E19EA
S21401F9702046822111F0DEFA0C4B1B68D9684B1C1D
S21401F9805A425A412046FEF751FCB3E720468221EF
S21401F99011F0D0FA2046FEF779FCABE7832120462A
S21401F9A011F0C8FAA6E78521F9E700BFF81900208B
S21401F9B0204B1B689B6913F0040310B5044610D155
S21401F9C041B180F8773090F870101B48BDE81040C0
S21401F9D013F045BE90F87330012B03D183685807A6
S21401F9E005D410BD022B02D183685907F9D494F9C6
S21401F9F0772094F87730002AF3DBB3B9012384F833
S21401FA00773094F877305B08EBD04FF47A72534333
S21401FA1094F870100848002208F0FEF994F8773040
S21401FA2063F07F0384F87730DBE75A06E9D45B009E
S21401FA30E5E700BFF8190020041A002030B545F2AA
S21401FA401E03994289B00446154610D845F216039E
S21401FA50994213D845F20103994200F09F8145F27D
S21401FA600C03994222D0B1F5A04F00F09D812A46A1
S21401FA70204609B0BDE83040FEF72ABEA1F5A043F6
S21401FA80173B072BF3D801A252F823F075FB0100B0
S21401FA906FFA01006FFA01006FFA010059FD0100CB
S21401FAA06FFA010025FD01005FFB010090F9773038
S21401FAB0002B02DB8268530707D52046092111F087
S21401FAC017FC41F2092009B030BDAB792B44A04D9B
S21401FAD05B7C2D686D7C03F00801D5B121B903214B
S21401FAE011F006FC2120EEE713F0040F03F00103EA
S21401FAF008D042F00802826093B9A36843F020035D
S21401FB00A36013E0002BF8D0836843F010038360F2
S21401FB10F3E7580744BF42F00802A260DB0703D5AB
S21401FB20A36843F01003A3600029E6D1A3688949BE
S21401FB3043F00403A3602246204608F089F9022117
S21401FB4020460FF062F947F23053002245F21A01BF
S21401FB50204608F061F9A3689D0540F18980A368F5
S21401FB60580740F1858094F8700009B0BDE8304030
S21401FB7010F0D2BF90F87430D9074DD590F9753092
S21401FB80013342D094F9131001291DDCA2689306B3
S21401FB900DD56F4B15071B6801D4187C38B1187F3B
S21401FBA010B91878032802D09B69980734D5012923
S21401FBB00AD0674B11071B6801D41A7C22B11A7F41
S21401FBC052BB1B78032B27D10023CDE90433CDE9A3
S21401FBD006330EF0C7F9022801AB35D1A06AE16AF7
S21401FBE0228E03C31A8094F97500BDF80450421C96
S21401FBF037D00EF0FFF9002833D1204641F2060136
S21401FC00FEF7CCFA41F206005DE78368DA0616D401
S21401FC10FEF728FA0028B5D04D4B1B68197F02293C
S21401FC2032D1DA7C82B393F85E306BBBA3685B0794
S21401FC3020D5204611F05CFB41F2022043E7FEF797
S21401FC40F5F90028E4D0E7E794F975000A220221C5
S21401FC500EF0B8F90028C6D1CDE90100ADF80C00C8
S21401FC60C1E704AB2A460DF106012046FDF720FF49
S21401FC70002028E7204641F20221FEF78FFA0121F3
S21401FC802046FFF795FED7E7204611F015F9A5683F
S21401FC9060B96D0705D50821204611F029FB1A2009
S21401FCA011E71A212046FEF779FAF8E715F0040560
S21401FCB008D0FEF7DFF9C8B194F975102046FEF7B3
S21401FCC0F9FAD5E722462349204608F0C1F8022171
S21401FCD020460FF09AF847F230532A4645F21A01A9
S21401FCE0204608F099F8A3685807E2D494F97530CD
S21401FCF0591C06D048F2080040EA032080B2F9F702
S21401FD00C1FE226CD2F8743143F02003C2F874317C
S21401FD102046FFF7E7FA0028AAD04121204611F035
S21401FD2009F9A5E7FEF7A6F900285FD0236C002B9A
S21401FD305CD0A268520759D5D3F87431980655D4C9
S21401FD402B78002BD2D10521204611F0D1FA8FE76E
S21401FD50F81900208B0F030090F87430D90706D4E9
S21401FD60402111F0E7F829462046FEF717FAA36866
S21401FD705A077FF57DAF204645F21A0113F06FFC56
S21401FD8020461B49224613F095FCA36823F03C034A
S21401FD90A36002212046FCF7C1F969E7024614492F
S21401FDA0144808F055F863E745F21A0113F057FCBA
S21401FDB0A36823F03E03A360236C2BB193F97A0169
S21401FDC0431C01D0F9F76EFF22462046084913F07E
S21401FDD071FC22460649074813F06CFC20460221B6
S21401FDE0FCF79CF9204611F0F2F841E702206AE69A
S21401FDF08B0F03007819002045F21E0399422DE966
S21401FE00F3410446154611D845F21603994214D813
S21401FE1045F20103994200F0188345F20203994224
S21401FE2000F09880B1F5A04F00F015832A462046D1
S21401FE3002B0BDE8F041FEF74BBCA1F5A043173B6D
S21401FE40072BF3D801A252F823F000BF6DFE010084
S21401FE502DFE01002DFE01002DFE0100070402000B
S21401FE602DFE010011000200EBFF0100914E3368E8
S21401FE701A7F022A11D1DA7C7AB193F85E3063B91F
S21401FE8041F20221FEF78AF920460121FFF790FD93
S21401FE9041F2022002B0BDE8F081A3685D0701D5FA
S21401FEA00220F7E72046FEF7C1F833681A78051EE8
S21401FEB018BF0125032A07D0196911F0FF1F6AB27E
S21401FEC024D042F0040503E094F87420900725D46A
S21401FED09A6992071FD41A7F012A1CD045F008059B
S21401FEE002210B2010F064FF0246E0B1837903443F
S21401FEF006215D7394F97530013302BFA36843F0A0
S21401FF000203A360204610F0A9FD0CE094F87410DB
S21401FF108907D6D4DCE75B7C002BE1D041F20321D4
S21401FF202046FEF73BF9A368634943F00403A36048
S21401FF302246204607F08CFF022120460EF065FF80
S21401FF4047F23053002245F21A01204607F064FFBB
S21401FF5000209FE783685F0703D490F97730002B72
S21401FF6005DB236C53B1D3F87431DE0606D5204683
S21401FF70092111F0BDF941F209208BE7204610F066
S21401FF809BFF28B90821204611F0B2F9212081E70C
S21401FF90206CD0F8743143F01003C0F87431AB799B
S21401FFA00C332B445A68C0F803201A89A0F807209E
S21401FFB09B7A4372236C0122DA70A26812F004065F
S21401FFC010D122463C49204607F042FF0221204636
S21401FFD00EF01BFF47F23053324645F21A01204617
S21401FFE007F01AFFA3689805B2D5236C002BAFD093
S21401FFF0D3F87431D906ABD594F97530013320D0D6
S21402000094F87430DA071CD5A36843F00203A360A1
S214020010236C002B3FF444AFD3F87431DA067FF535
S2140200203FAF9F063FF53CAFFEF724F820B3A36828
S2140200309E0721D42B78FBB90521204611F058F9EA
S21402004086E7FEF717F894F9751040B14B1C02D1FB
S214020050A3689F07DCD42046FEF72CF978E74E1CEF
S214020060D6D094F87430D807D2D408460DF0C2FF22
S2140200700028CDD0052186E794F97530581C06D0A5
S21402008048F2080040EA032080B2F9F7FBFCA368B6
S214020090256C084FEA7923F00203A360D5F8743181
S2140200A043F02003C5F874313B681B7A934205D9A6
S2140200B0062168E7F81900208B0F030094F9521006
S2140200C094F852300029A6BF83F00803C3F3C00396
S2140200D001236B7094F86030102A83F0080328BF5F
S2140200E01022C3F3C003AB702046A274AE79FDF7AC
S2140200F09DFF002836D0F10734D594F97530D4F830
S21402010040805A1C24D088F87A3106F00D063B68E7
S2140201109A69900704D41A7F012A01D0310701D4C4
S21402012006F0F7061A78032A1FD01B6913F0FF1F82
S21402013001D046F0040694F874309A071BD573076C
S21402014019D40321204611F0D3F840F20340A1E669
S2140201502046F9F757FE88F87A01236C93F97A312C
S2140201600133D2D106F00C06D1E71B7F002BE2D179
S21402017006F0FB06DFE70721022010F019FE0190C9
S2140201800028E2D090F806C03A680CF10C0C00EB9E
S2140201900C0113784B70137F012B06D0022B45D12E
S2140201A092F85E30003B18BF01238B70CE7010238E
S2140201B016F001060B711BBF2B7A6A7A4E7103F09A
S2140201C0030318BF4B71236C14BF02F003023246BE
S2140201D08A7183F86D214A7983F86C2150F80C20D5
S2140201E0C3F80A208A88DA818A791A7406B3206CE0
S2140201F090F86C1111F002061AD194F8521090F988
S2140202007A0181F0080104F14C030622C1F3C00111
S2140202100DF0AAFE60B13146FDF7DEFF204608214A
S21402022011F066F801A813F048FB8EE70023BCE73E
S214020230019E002E89D0FDF715FF95F806C078B10D
S2140202401CF0010F04D0236C93F97A31013307D1E5
S2140202500521204611F04CF8304607F087FF95E658
S2140202603B68597C0CF0080229B112B16A7B100770
S21402027003D40321EDE7002A75D06A7B110772D5F5
S214020280D5F8741141F00401C5F87411B5F86C1173
S21402029021F4807121F00101A5F86C11187F6979AB
S2140202A002280BD071B942EA0C0212F0040248D1BD
S2140202B085F879211B7C002BDBD10DE021B993F860
S2140202C05E209ABB0221C4E7012283F83D20DA7C35
S2140202D092BB042385F8793132460621204610F077
S2140202E0BDFB95F87931206C042B52D13B6800F5A2
S2140202F0A67003F11D022D3352F8041B40F8041BAE
S2140203009A42F9D1D5F8743195F8792103F00401AF
S214020310002A45D123F00203C5F87431E27400299D
S2140203204AD08121204610F005FE11E683F83D10E2
S214020330DB7C002BC6D1CCE793F85E30002BC8D10D
S214020340C0E72A7919785348052A28BF032201EB09
S214020350810101448A5C85F879211B7C002BBBD085
S214020360002AB9D185E71A7F012A02D16A79002AC2
S214020370AFD11CF0040F03D16A7B12F0040297D0AF
S2140203802A7919784448052A28BF032201EB8101FD
S214020390DFE71022002100F5A67012F035FFB1E764
S2140203A043F00203C5F8743141B90123032AE3740A
S2140203B012D9042A7FF4CCAD8421B3E7A37C0F2B99
S2140203C085BF94F8743043F00803012384F8743030
S2140203D088BF0223E374A4E7012A07D020468221BD
S2140203E010F0A8FD2046FDF751FFB1E52046822118
S2140203F010F0A0FD3B68D968481C424242412046A4
S214020400FDF714FFA4E590F87430D90706D440210E
S21402041010F090FD29462046FDF7C0FEA3685A0755
S2140204207FF596AD45F21A01204613F018F91B49DE
S2140204302246204613F03EF9A36823F00403A36085
S21402044002212046FBF76AFE82E50246134914485B
S21402045007F0FEFC7CE545F21A0113F000F9A368EA
S21402046023F03E03A360236C2BB193F97A01431C5D
S21402047001D0F9F717FC22462046084913F01AF96C
S21402048006490748224613F015F9204610F09FFD4C
S214020490D6E700BFE04E0300F94E03008B0F0300C1
S2140204A078190020184622F0004240F20A439A4287
S2140204B02DE9F04120D8B2F5806F01D800203EE049
S2140204C06FF480642244092AF8D801A353F822F074
S2140204D017050200230502004305020091050200EB
S2140204E065050200AD050200CF050200D705020031
S2140204F0BD040200EF0502006FF4A0615318042B3E
S214020500DCD8A2F20252032A79D8DFE812F08A0077
S2140205109200B700CB000578448864480EF00DFCC4
S2140205203EE005784468826900F1080300216048CD
S2140205300EF014FC10B10571C0F805400120BDE8AC
S214020540F081067845880479826900F10803002163
S21402055058480EF003FC0028F0D00671A0F80550AB
S214020560C471EBE7047907784688C588A4F11B03B3
S2140205705942594100F1080289004F480EF013FC17
S2140205800028DBD00771A0F80560C4710581D5E7A5
S214020590057844884269031D002148480EF0DEFBB8
S2140205A00028CBD00571A0F80540C7E70678458835
S2140205B0848800F10802002141480EF0F4FB00286E
S2140205C0BCD00671A0F80550A0F80740B6E705783B
S2140205D044683C48A2E704783A480EF0AEFB00288E
S2140205E0ACD007234371002304718371A6E7047815
S2140205F035480EF0A2FB0028A0D004719EE70778CB
S21402060046880579C48800F1080200212F480EF0BA
S214020610CAFB002892D00771A0F80560C571048154
S2140206208CE7077846880579C48829480EF085FB4A
S214020630EFE787684588047906787FB1C78800F1B6
S2140206400802002123480EF0AEFB00283FF476AFE6
S2140206500671A0F80550C47107816FE71D483B4636
S2140206603A4639460EF07AFB00283FF467AF067129
S214020670A0F80550C471077247725FE790F80080D1
S21402068047880679C588048913480EF056FB002869
S2140206903FF454AF80F80480A0F80570C671058157
S2140206A044814BE7057844680C4837E7F04F03006F
S2140206B0EC4F0300E84F0300E04F0300E44F030053
S2140206C0DC4F0300D84F0300C04F0300D44F030093
S2140206D0D04F0300CC4F0300C84F0300C44F0300A3
S2140206E000487047A504020030B585B004460846A7
S2140206F0039111F053FF830708D410F0010003D0D2
S21402070003A813F0DAF8012005B030BD03998B79FF
S21402071003F10C0288188A5C013A1C2A00F2E8806F
S214020720DFE802F00FE689E68CE695E69CE6A4E6AC
S214020730ACE6B3E6BAE6C2E6E6E6C4E6D2E6D4E657
S214020740DD0003790BB103F588534278023A162A84
S214020750D6D801A151F822F0B5070200010702001F
S214020760BF07020001070200CB07020001070200D2
S214020770D707020001070200E30702000107020092
S214020780FB07020001070200EF0702000107020052
S2140207900708020001070200130802000107020010
S2140207A001070200010702001D08020001070200FD
S2140207B02D08020017212046FDF7C8F8A0E7002200
S2140207C0114620460FF012FD9AE71A4600212046EF
S2140207D00FF0B9FD94E70022114620460FF024FFE1
S2140207E08EE70022114620460FF00CFE88E71A46D6
S2140207F0002120460FF0F9FE82E71A460021204625
S2140208000FF0D6FE7CE70022114620460FF0FFFFCF
S21402081076E71946204610F063F871E70093002346
S2140208201A461946204610F065F869E7194620462A
S21402083010F0B2F864E7B0F80110BCE702338B712F
S2140208400A460023417820460FF0D0FC5BE70133CE
S2140208508B71002220460FF076FD54E702338B712F
S2140208604278002320460FF0DFFE4CE701338B71FF
S21402087000231A4620460FF0C5FD44E701338B716C
S214020880002220460FF094FE3DE701338B710022D2
S21402089020460FF0AAFE36E702338B714278002319
S2140208A020460FF0B4FF2EE70021B3E705338B7125
S2140208B0B0F80320B0F80100002300930B4601466F
S2140208C0204610F017F81EE70021B0E703338B71BD
S2140208D00A46B0F80110204610F07DF813E70333FD
S2140208E08B710A46B0F80110204610F07DF80AE730
S2140208F0002009E770B508F0F3F81F4B1E6C05469A
S2140209000EB1EEF777FCEEF7C7FD1C4C8302A3F59B
S21402091080532360EEF7C0FD8302A3F50063636095
S21402092000F072FA20680821043011F08AFE23686B
S2140209301B68834202D0206811F092FE606808218C
S214020940043011F07EFE63681B68834202D0606842
S21402095011F086FE2268636852685B689342084A12
S21402096094BF0023012313700EB1EEF753FC284602
S21402097008F0BCF8002070BD00000E40081A0020E7
S214020980020D00202DE9F041164B93F90020164B7C
S21402099053F822500C3506462C46204611F078FEB7
S2140209A0E0B908F09DF8A17980460431201D11F0C7
S2140209B048FE0746404608F099F82368BB4202D133
S2140209C0A388B3420BD0A379033303F4FE73083330
S2140209D01C4485EA0403B3F5006FDED300242046E8
S2140209E0BDE8F081020D0020081A0020431E2DE902
S2140209F0F74F9BB24FF6FD7293420646884643D89F
S214020A00234B93F90020234B53F8225008F068F842
S214020A10214BD3F840900C350746B9F1000F01D0B0
S214020A20EEF7E8FB2C46EA464FF6FF7B204611F02F
S214020A302FFEE8B9A38886EA030218EA020F0CD151
S214020A4094E803008AE80300DB43ADF80430ADF80F
S214020A5006B00199201D11F0F9FDA379033303F4C2
S214020A60FE7308331C4485EA0403B3F5006FDDD336
S214020A70B9F1000F01D0EEF7CDFB384608F036F894
S214020A80002003B0BDE8F08F41F21200F9E700BF84
S214020A90020D0020081A002000000E402DE9F84F33
S214020AA0DFF8C4902F4A99F9003052F8238083F079
S214020AB0010308F10C0A52F823603046EEF732FCC6
S214020AC006F10C07D346584611F0E2FD054648BB30
S214020AD09BF806100BF10400043111F0B2FDDBF8AE
S214020AE0003083420DD09BF80640033404F4FE74B3
S214020AF008345C4484EA0A03B3F5006F12D2A346B4
S214020B00E1E75C46384654F8041B11F09FFD9BF85B
S214020B1006200332B5EB920F07F1040705F1010533
S214020B20F0DDE7E7D8F80410341D0131204611F055
S214020B308DFD012106F1080011F088FD08212046EE
S214020B4011F07FFD0146304611F080FD99F8003025
S214020B50404683F0010389F8003011F081FD3846E3
S214020B60BDE8F88F081A0020020D00202DE9F04F8C
S214020B709A46431E85B016469BB24FF6FD729342C6
S214020B808146009100F2C380624B93F90020624BCB
S214020B9053F8227007F0A4FF604BD3F840800C375E
S214020BA00546B8F1000F01D0EEF724FB3C4620467E
S214020BB011F06EFD0190002841D1A17904F1040BD9
S214020BC00431584611F03DFD2368019A98422AD115
S214020BD0A388E188994526D1CAB2964212D13246F6
S214020BE004F108015046019312F0E4FA019B48B959
S214020BF0B8F1000F4FD1284607F078FF002005B065
S214020C00BDE8F08F94E8030002AA82E80300DB4303
S214020C10ADF80C304FF0FF33ADF80E30039958465E
S214020C2011F014FD0246A379033303F4FE7308336E
S214020C301C4487EA0403B3F5006F1FD302BB002EE1
S214020C40D6D006F1080B04EB0B035F40B7F5006F36
S214020C5024D3FFF723FFC0F30A0304461BB19B44C9
S214020C60BBF5006F1AD9B8F1000F01D0EEF7D2FA31
S214020C70284607F03BFF40F21B40C0E7002A96D00A
S214020C80B8F1000F01D0EEF7C5FA284607F02EFF9E
S214020C9040F20340B3E7EEF7BDFAACE7009BADF8CF
S214020CA00C9046EA0323ADF80E3004F1040B04F16F
S214020CB0080303990093584611F0C8FC06F103098D
S214020CC0009B4FEAA9090027B90008B94F4513DB74
S214020CD0311D584611F0B5FC0146204611F0B6FC0F
S214020CE00446B8F1000F01D0EEF794FA284607F052
S214020CF0FDFE002C82D0CBE71A1D18465AF80110CA
S214020D00009211F0A3FC009A01371346DCE721207B
S214020D1075E700BF020D0020081A002000000E40F2
S214020D200846194608B580B21346CAB20021FFF734
S214020D301DFF024B002818BF184608BD06E000F04B
S214020D4073B5084616461D460DF1030201AB0DF1BA
S214020D50020180B211F0ABFC044658B99DF803308C
S214020D60AB4209D301992A46304612F058FA204679
S214020D7002B070BD014CFAE7014CF8E70BE000F058
S214020D8011E000F02DE9F74F90461D4ABDF830906D
S214020D900D4692F900101B4A52F821600C369FB29B
S214020DA034464FF0000AC24526D2204611F070FCA7
S214020DB010BB07F095FEA17901900431201D11F0B9
S214020DC040FC8346019807F091FE22685A4508D1F6
S214020DD0A388BB4205D34B459CBF45F8043B0AF1AA
S214020DE0010AA179033101F4FE7108310C4486EA46
S214020DF00403B3F5006FD6D3504603B0BDE8F08FB8
S214020E00020D0020081A002001480121ECF77EBEE0
S214020E1000650A00084B10B540F201141C60986089
S214020E200120586011448A4202D1D869C04310BDDD
S214020E3012F8010B9861F6E700C001401046044A1A
S214020E401368591E033102D80021116018477047F3
S214020E50C00B0020034B1868034B002808BF184637
S214020E60704700BF181A00201C500300014811F0FA
S214020E7081BD00BF201A002013B50B4C0229226048
S214020E8005D10A4811F076FD002002B010BD00938D
S214020E900A46074B0146054811F04EFD003818BFBA
S214020EA001204000F1E700BFC00B0020201A0020FE
S214020EB03D0E0200014811F070BD00BF201A00204E
S214020EC00148002111F08BBD201A002008B5064B00
S214020ED01B68013305D0FFF7EDFF80F00100C0B2BA
S214020EE008BD0020FCE700BFC00B0020F8B50D4689
S214020EF010B900242046F8BD0E4F3E68002EF8D1E9
S214020F0000F0A2F804460028F3D0386000F0E8F8B3
S214020F10204611F01EFC38B130463E6000F0E0F884
S214020F20204611F011FCE4E7002DE3D02046A84746
S214020F30E0E700BF1C1A0020024B1868003818BFF2
S214020F40012070471C1A002038B50C4605F050F8F0
S214020F50A3780B4A13705A1E55425541A8420CD02C
S214020F60012B04D02846BDE8384005F029B82046B3
S214020F7004F0F8FF0028F5D038BD0020FCE700BFDB
S214020F800C200020024B00215B680846184700BF71
S214020F90D40B002010B50446FFF75CFF0C4B1A1A60
S214020FA053425341A34201D1012010BD094B1B6895
S214020FB03BB9094A064B002C08BF1346074A136082
S214020FC0F2E711F01EFF0028F3D00020EDE700BF85
S214020FD0F44F03001C1A00201C500300181A0020AD
S214020FE010B511F0F8FF044618B9034B01215B68EF
S214020FF09847204610BD00BFD40B002010B511F054
S214021000F3FF20B9024BBDE810401B68184710BD1D
S214021010D40B002010B511F015FC20B9024BBDE828
S21402102010401B68184710BDD40B0020431E033324
S21402103006D8044B984228BF1846642838BF642056
S214021040704700BF40420F00F8B5054607F041FD65
S2140210500F4B1E68074626B9384607F03EFD344653
S21402106011E0B4688CB194F810C01CF0010F0CD1DA
S21402107095E80F004CF0010C84E80F0084F810C0CD
S214021080384607F02AFD2046F8BD3668E3E700BF7B
S214021090C80B002038B505460C4641B10B6833B183
S2140210A01B68013303D0CB680BB18B684BB911F0C8
S2140210B0A2FDBDE838404FF492724121002000F0B4
S2140210C0CBB9084601F040F80023044A85F8DC3024
S2140210D0C5E92343C2E9003338BD00BF900D0020A6
S2140210E010B5044618B9054B054A136010BD04F046
S2140210F0A5F8D4F89830002BF6D1F4E73127030090
S214021100C40B002010B50C4604F0D6F8054B00219F
S2140211105B68032098471CB105F0F2F80128FBD162
S21402112010BD00BFD40B002008B502460868FFF7C2
S2140211307DFF08604868FFF779FF48608868FFF718
S21402114075FF8860C868FFF771FF0B69C860581C96
S21402115003D00B48834228BF03460B614B69581CD9
S21402116003D00748834228BF034688694B61FFF7CE
S2140211705DFFBDE808408861104604F07FBE00BFF0
S21402118040420F002DE9F84FD0F8903006460F4641
S21402119013B1038B8B4244D0D6F88CB0BBF1000F50
S2140211A042D0DBF80830002B3ED0DBF80C100029CA
S2140211B03AD0D6F8A0A0BAF1000F38D04FF0000906
S2140211C04D46C84601E0DBF8083005EBC50203EBE6
S2140211D082040135E389BB4214D8238ABB423046D7
S2140211E010D3B4F91220B6F924309342A04653DD48
S2140211F096F8D010EEF7DAF9337D834281464BD962
S214021200DBF80C108D42DED3B8F1000F3ED000237F
S214021210424619463046D0473783C6F8908086F84D
S214021220D9900020BDE8F88F0320BDE8F88FD1469C
S2140212305446524647F6FF7504EBC40803EB88088B
S214021240B8F80E30BB421BD8B8F81030BB4217D3E2
S214021250B8F91220AA4207D14FF0FF093783C6F821
S214021260908086F8D990DCE796F8D0103046EEF7F4
S2140212709DF9337D834281464246EFD9DBF80C1056
S2140212800134A14204D9DBF80830D5E70120C9E7CA
S214021290002AFBD09046E1E7A046B8E72DE9F047E2
S2140212A082B004468946164604F0F8FF3B4D08B164
S2140212B000236B602B68D4F88CA0D4F890700BB126
S2140212C053454BD04FF00008C5F8089005F018F8C3
S2140212D0012836D12B68DAF800103A6813B118687C
S2140212E0884246D0204611F052FEC5E900A7D4F83F
S2140212F0A0508DF80760002D42D000220DF10703A2
S21402130011462046A847204604F0CEFA0546B8F114
S214021310000F00D08EB1B5FA85F040F2DE324009F9
S214021320332100F099F83146204604F079FC1C4B34
S21402133005461B68394620469847284602B0BDE84F
S214021340F087012003F0B8FF164B00215B680320EC
S214021350984704F0D5FF0128FBD1BBE76B68002B4A
S214021360B0D0BB42AED1AB68994514D04FF001085D
S214021370AAE7696811B109689142B6D05968B1E71F
S214021380217D94F8D930994228BF19463246204624
S21402139004F05EFAB7E70025CFE700BF900D002005
S2140213A0C40B0020D40B0020F8B505460E4607F005
S2140213B090FB314607462846FFF7E4FE044620B176
S2140213C0384607F08AFB2046F8BD04F04FFF224657
S2140213D031462846FFF762FF0446384607F07DFB93
S2140213E02046F8BD13B50446694611F060FA204659
S2140213F011F064FDFF28024606D09DF80010204634
S214021400EEF754F902B010BD0048FBE70080FFFF7C
S21402141007B54FF400730A49ADF806300DF106021F
S21402142011F061FABDF80630B3F5007F05D1022847
S21402143008BF002003B05DF804FB0120FAE700BFF6
S214021440381A0020024B1960024B1860FEE700BFF4
S214021450CC0B0020381C002008B550B90548064BB6
S21402146001601A60054B1A68054B1A601868FFF788
S214021470E9FF08BDCC0B00203C1C00201C1A0020F3
S214021480381C0020054B1B680BB918467047834270
S21402149001D01B69F8E70120704700BF441C0020FA
S2140214A0094A13680BB918467047834207D11B696D
S2140214B01360064A1368013B13600120704703F16C
S2140214C010021B69EEE700BF441C0020401C0020EF
S2140214D02DE9F74FDFF83081DFF83091064607F046
S2140214E0FFFA98F800B001900123BBF1000F06D076
S2140214F089F8003003B0BDE8F04F07F0F7BA404F66
S21402150088F8003089F800B011F0B7FA08B111F087
S214021510B2FA3D683B4965B9DFF8F4A0DAF8002074
S2140215203B68AA424FF000042FD836484FF0FF31EE
S2140215303BE06B7D8BB12B68B34202D09A1B8A428A
S2140215400BD96A6813442B60AB68003A18BF0122B5
S214021550003B18BF01236A75AB752D69DBE7907DEA
S21402156020B1107D88429CBF014614461269002AAB
S214021570F5D1002CD9D0D4E90001A275411AD4E9DC
S2140215800232204698470135C8E71A46FF21EEE7A1
S2140215905A7D4AB11A68B24224D0921B824221D89E
S2140215A0914201D311461C461B69002BF0D15CB157
S2140215B02046FFF775FF38B13B682361DAF8003042
S2140215C03C600133CAF800303B685A7D6AB911F0B4
S2140215D050FA064699F80030002B93D1019888F805
S2140215E0003087E71C460021DEE7186800F0D4F8D2
S2140215F0044611F03EFA0646002C83D1EAE700BF05
S214021600441C0020FCFFFFBF0E2000200D200020FF
S214021610401C002038B5054608B31822002111F0F8
S214021620F3FD07F05DFA02462846FFF72BFF20B1CE
S214021630104607F05BFA022038BD0A4B1C6854B904
S21402164009491D600B682C61013310460B6007F0D8
S2140216504DFA2046F0E704F110032469EFE7012073
S214021660EAE700BF441C0020401C002038B50446B0
S214021670FFF708FF07F034FA05462046FFF702FF99
S214021680637D23B9284607F031FA032038BD0023CC
S2140216906375064B1B68A34203D111F0EAF9FFF704
S2140216A017FF284607F022FA0020EFE7441C002026
S2140216B02DE9F84FDDF82890DDF830B0984604465C
S2140216C00D46FFF7DFFE924607F00AFA074611F0CC
S2140216D0D0F906462046FFF7D5FE637D23B12046A5
S2140216E0FFF7C4FF0023A375BAF1010F23D175B922
S2140216F0B8F1000F21D1B9F1000F03D05A46314696
S2140217002046C847384607F0F1F9002019E035446C
S2140217100D4BAA1B9A4210D8012363759DF82C30F4
S214021720C4F80890C4E900582375C4F80CB03046D3
S214021730FFF7CEFEE6E7AE42EAD1384607F0D6F924
S2140217400120BDE8F88F00BFFCFFFFBF2DE9F04186
S21402175007468846FFF796FE07F0C2F93D6806463A
S21402176011F087F97B7D7BB185420DD0094B2C1A8F
S2140217709C4209D8304607F0B9F9B8F1010F08BF04
S21402178025462846BDE8F081304607F0AFF9002529
S214021790F7E700BFFCFFFFBF08B50023044A19465F
S2140217A003F028FF10B1012818BF032008BD00BFB0
S2140217B03D2A03002DE9F74F15460E2200900F46EC
S2140217C02A70EBB11C4C5B68A3428CBF0024012438
S2140217D0DFF868904FF000084FF0060AD9F80010BC
S2140217E05FFA88F30AFB03F3CA185079012809D96D
S2140217F02878A0F10E035842584103B0BDE8F08F96
S2140218001C46E5E7A042CE5EB2F902B0117902D0DC
S21402181008F10108E2E700980191002211F0F2F8BF
S2140218200028F5D001992970B7F90020B242EFDB03
S2140218305A45EDDC0020E0E7FFC99A3BD00B0020BA
S214021840014911F01CB900BF01640200014911F000
S21402185016B900BFD563020070B5164E032833785A
S21402186004460D461ED023FA04F202F00102AA42F2
S2140218701DD053B10122A24023EA0203A5402B4306
S214021880DBB233704BB1012070BD2DB10A4B012083
S2140218901B6898473378EDE73570074B00201B68C6
S2140218A09847F0E79A07DED003F0FC03E9E700204A
S2140218B070BD00BF0F200020841C002038B50446EF
S2140218C00D46FFF739FB60B104F0FEFC48B9012D66
S2140218D007D8012011F095FB0D4B1B6823B15B68FE
S2140218E098470C4B1C7038BD08F0B6F80A4B1A68BD
S2140218F0801A1860F0F7DAFB084B1B684FF47A720E
S21402190002FB003011F016F8012004F0E5FCE8E7CF
S214021910081D0020040D00207C1C0020801C0020D6
S214021920F8B5124F05460C4607F0D3F83B78064644
S21402193033B1012D04D01CB90D48F0F78BFA3C7078
S21402194021462846FFF788FF0A4B1B7804463BB918
S2140219503B782BB911F03DFB10B1074B1B6898473B
S214021960304607F0BAF82046F8BD00BF1020002027
S214021970581C00200F200020D40B0020054A0B46DE
S214021980117831B100211170034A1878526801218A
S2140219901047704710200020D40B0020124B02394B
S2140219A0012910B518701ED8FFF7C6FAD8B104F090
S2140219B08BFCC0B104F0E6FAA8B90C4B1C6834B133
S2140219C023689847BDE81040002011F01ABB10F0BB
S2140219D0AFFF074B186008F03FF8064B186020462A
S2140219E004F07AFCEEE710BD040D0020081D00206E
S2140219F0801C00207C1C002038B5044680B107F00D
S214021A0068F8012104460846EFF74AFE0121084617
S214021A100A4A07F08FFF2046BDE8384007F05DB857
S214021A2007F057F8214605460120EFF739FE012058
S214021A30024A214607F07EFF2846EDE7685003007B
S214021A40F0B5324D85B007F044F82B78044623B142
S214021A502F48F0F7FFF900284AD1F0F78DFA02AACC
S214021A6003A911F0A0FA0346002832D011F0AFFA0B
S214021A70029B98421ED10020264B03991B68264ED5
S214021A809942307021D9C91A00270123CDE900777F
S214021A901F482B70214A334607F095FF00282FD1A6
S214021AA01F4A1378D90717D4204607F016F80020E5
S214021AB005B0F0BD11F089FA029B98421ED0154B74
S214021AC0154A1B680393002010700121FFF7C4FE1D
S214021AD0EAE720462B70E8E731780029E4D103F0E4
S214021AE0FE031370002BDFD10E4B1B689847DBE713
S214021AF0204606F0F2FF032005B0F0BD0220BBE749
S214021B00032320462F703370F3E700BF1020002017
S214021B10581C0020781C0020030D00207D190200AE
S214021B200F200020841C002038B5134D06F0D1FF8C
S214021B302B780446C3B9114A11491370114B124A45
S214021B401A601248124A5A60EFF724FE11491248E8
S214021B50EFF720FE114B124A1A60124B1B68124B0B
S214021B6002221A6001232B70AFF30080204606F093
S214021B70B4FF002038BD00BF112000201020002036
S214021B8070500300D40B0020411A0200481C0020AB
S214021B902119020078500300501C0020841C0020EB
S214021BA0F919020000300E40781C00200D4BD3F8C5
S214021BB0E020D20314D50C494FF48032C3F8E82053
S214021BC0C1F8EC209A6BD1B2C2F3072299679A67E2
S214021BD004229A6700229A679A679A679A679A67B0
S214021BE0704700BF0010084000100846F8B50C4CBD
S214021BF00D461746064606F06CFF0123A362042331
S214021C0027606660A560C4F8E830064B4FF4807221
S214021C10C3F8802106F061FF0DB10223A362F8BD6E
S214021C200010084000E100E0054B1860054B012259
S214021C309A6540F6FF72196358635A65704700BF8B
S214021C408C1C0020001008402DE9F04F042A83B0B7
S214021C50054639D90B7883614B7883618B7883612B
S214021C60CB7883610068D5F808B06E6800F007008C
S214021C700123063003FA00F808F1FF3909EA0B07D8
S214021C80A2F1040AA8EB0702924501F1040446F009
S214021C9000560DD8F0192146524611F0C0FA0AEB4A
S214021CA00B0248EA09031A40AA6003B0BDE8F08FA7
S214021CB02146F019019211F0B2FA019AA118AAEB84
S214021CC0080230463A44E8E7013A032AEDD8DFE84C
S214021CD002F00B08050211F8013B836111F8013B83
S214021CE0AB6111F8013BAB610B78AB6103B0BDE8A9
S214021CF0F08F00BF38B50C46104B1546014668B14A
S214021D000122C3F8B8200E482246FFF79DFF1DB1F8
S214021D100A4B0422C3F8B820002038BD64B1D3F8B9
S214021D209C20A24284BF0122C3F8B820C3F8984080
S214021D300222C3F8B820EAE70122FAE700100840B8
S214021D409010084010B506F0C4FE184B1849012240
S214021D509A65C3F888201A66164A5A660722C3F896
S214021D6084200A80144900220A804FF4A021C3F876
S214021D70E81003F1C0630446C3F8EC100F4B1A6078
S214021D800F4BD3F888305B020AD50E4B18680E4B01
S214021D904FF48002C3F88820416BA43001F0AAFAFF
S214021DA02046BDE8104006F098BE00BF001008406E
S214021DB00A1F0020E80E0020081F0020881C0020B2
S214021DC0004008401C1A0020004008440D4B072221
S214021DD01A800D4B00221A800C4B0121C3F8B81052
S214021DE0C3F890204FF40052C3F89400C3F8B4200E
S214021DF0074BF0221A6403F10073A0221A64FFF75D
S214021E00A1BF00BF0A1F0020081F002000100840C4
S214021E10000008442DE9F041044688B1394E3A4F95
S214021E2006F057FE3388394A03F07801032C05463C
S214021E3003F07F0C114453D13C6824B906F04DFEE2
S214021E400320BDE8F08124F00104386820F0010088
S214021E50A0424AD100223A6022886FEA42426FEAE2
S214021E6052428C42228036D1294CDFF8B8C02788ED
S214021E70ACF180083A46083A92B201F10800604591
S214021E8028BF4046082A04D9B0F900E0BEF1000F88
S214021E9036DB22803B440C8888781E499B1ADBB2CC
S214021EA0C4F30C04CC6300F007003380CB66C1F8A1
S214021EB08420FFF77BFE04280DD1174BD3F8883019
S214021EC0164B1868164B4FF48002C3F88820416BF5
S214021ED0A43001F00FFA284606F0FFFD0020B0E716
S214021EE0601E012898BF0C46AFE709486244008886
S214021EF0A21A48BF803208389042ADDC28469DE7D9
S214021F000146B8E7081F0020881C0020E80E0020C3
S214021F100A1F002000100840004008401C1A00203B
S214021F2000400844680F00200E490F4B0A881B88A1
S214021F300E481344073B03F07803034408329878AC
S214021F4092B20A8000F0070009490428C1F88420EA
S214021F5004D101F540514A681203FCD4054A1360C5
S214021F60704700BF0A1F0020081F0020E80E00204E
S214021F7000100840881C002010B5054C206828B1C7
S214021F80C30701D4FFF746FF0023236010BD00BF3E
S214021F90881C0020084B4FF48032C3F8EC2003F173
S214021FA07C43C3F8E420D3F88030C3F30C03782BC9
S214021FB001D8FFF7FBBD7047001008442DE9F8432F
S214021FC004460E4606F085FD504B514D1A882D8864
S214021FD08146504802F07801032C02F07F03014448
S214021FE017D14D4C24688CB92A44073A02F078027D
S214021FF084180344E31A48BF8033AB4210DB4846DA
S21402200006F06BFD00242046BDE8F88324F00104A8
S214022010EFE7012C02D0022CEBD1083D0C46E8E794
S214022020002E41D08C423D4942D1D1F83C800A6B09
S21402203002F00702063201279740D1F88020C2F349
S2140220400C029A4247DDB4F900302588002BD6DB15
S214022050A378C5F30C0503F007037A1EA5EB080563
S2140220603A43052B337005EA02052CD82DB2E84315
S21402207040F236420421C00FFFF7EEF97580E3788E
S214022080274A337412687B1E03EA0803D118B1602C
S214022090A9B213FA85F5BD4289BFFF1A0023B7809D
S2140220A0F2609CBFB180F360484606F016FDAAE7D0
S2140220B0A4F10802824238BF04F17802B2F8008026
S2140220C0C8F30C08B3E7174BDB6C003B18BF0123C1
S2140220D0A5EBC305CAE78B6B7A1EA3EB08033A434C
S2140220E01A40114B15B25B686AB9C3F30363D91E73
S2140220F04B424B41DB0033700B4B7280D3F890306F
S214022100C3F30723BCE70823F5E700BF081F002038
S2140221100A1F0020E80E0020881C0020001008403D
S2140221208C1C00200000084000400840431C08D0D9
S214022130044AD2F83C311B0C1B0480B20343C2F89B
S2140221403C31704700400840054BD3F8B400431CAE
S21402215014BFC0F380700120A6223121FFF77CB99C
S2140221600081E00F034B1A689B8802608380002080
S214022170704700BFE00C00200F4B0628D3F88831CA
S21402218004D183F40013C3F340507047022805D1EC
S21402219013F4400F0CBF01200020704750B9074AC5
S2140221A0D2F8D40010F0010005D083F48003C3F304
S2140221B0805070470020704700400E400081E00FBC
S2140221C00C4A5288B2F5E16F94BFC8225A2210B563
S2140221D094BF7824502490428CBF172210220A7093
S2140221E0054A0346107818B19C422CBF00200120F5
S2140221F010BD00BFE00C0020080D002013B5234BD5
S2140222001B780E2B04463ED00DF10701FFF7D8FFD0
S2140222101E2C8CBF1E4C1F4C9DF807304FF001023F
S2140222208CBF01210021C4F8082170B1194A4DF66D
S2140222300174C2F804411B0202F1007243F44043E7
S214022240C2F80431144AA2F8D430134A134C92F856
S214022250D83023F00103034323F0020343EA410389
S214022260DBB282F8D83024786CB923F0040343EA50
S214022270800323F00803B2F8D440A2F8D64043EA1B
S214022280C10382F8D83002B010BD00BFE00C0020B7
S2140222900040084600400844001F00211420002089
S2140222A0084B094AD3F88831DB4303F4FE1343F4A0
S2140222B00053B3FA83F30E33A3EB4313013B1370BD
S2140222C0704700BF00400E40070D002002280CD0C9
S2140222D0062802D020B100207047054B18787047B8
S2140222E0034B18780430C0B270470720704700BF0F
S2140222F0070D00202DE9F7433A4E3B4F96F8009023
S21402230015463A4AD2F8C820B9F1020F0446884662
S21402231007EA02071AD147EA006788F80000002396
S21402232072882B60B2F5E16F94BFC8225A2227F456
S2140223307F57944227F008079ABF380A00F47F5066
S21402234043F6C870384303B0BDE8F083284A1278D3
S214022350904228BF144604EB83030B70F4B1013C91
S214022360E4B24FF030632B606A4601A9204610F0B3
S21402237066FCDDE9002347EA03671E4B98F8001067
S2140223801B7847EA823747F47F5747F008073BB97E
S2140223900029194B18BF4FF07F43C1E7164BE2E7FF
S2140223A0164B1748B9F1060F08BF03462AB900298B
S2140223B0114B18BF4FF07F43B2E7B2FA82F2C2F176
S2140223C01F02D2B29B5CDBB239B15A1ED2B2FD2AD0
S2140223D005D81B0643F00403A2E7074BA0E74FF01D
S2140223E07F439DE7E00C00203F00C0E0001F002175
S2140223F0070D0020152000200400000BB883E00F14
S214022400B083E00F2DE9F3410446C820FFF7F6FE3D
S2140224102B4B2C4E18780E2801D0FF2C05D1FF240A
S2140224203470204602B0BDE8F08102282DD1072C78
S214022430204628BF072001284FF0000301AA0DF10D
S214022440030138BF0120FFF755FF05461E4B1F4FFD
S214022450DDF80480C3F85881C7F8C8509DF80340D9
S21402246034702046FFF7CAFE194A4FEA082303F4DF
S214022470E063127843EA1863A7F8D030002AD0D176
S214022480C7F8CC50A7F8D230CBE7A0B9052C32BF9C
S214022490002701270420201A3B4601AA0DF103015A
S2140224A0C0B2FFF727FF4FF48003054637B1094A4B
S2140224B0C2F80831CAE700273846ECE7064AF7E7CB
S2140224C0E00C0020090D002000400840001F0021FB
S2140224D014200020004008460040084408B501F0D9
S2140224E059F8094B094A002818BF1A46136823F4FC
S2140224F07F115B0803F4FE130B431360044B4FF08B
S2140225000072DA6108BD00BF004108401841084069
S2140225100040084008B501F03DF8064B4FF40012A3
S21402252028B1C3F800214FF000621A6208BDC3F852
S2140225301821F8E700400844014B1868704700BFAE
S214022540901C0020436C012B38BF01232DE9F04775
S2140225509A46464B464F9B69464E474D03F4E073F8
S214022560A3F5C07280464548514251410268524521
S214022570434A0FD114788C420CD198F8D0C03C78DC
S214022580A44507D198F815C03478A44502D1A88886
S214022590BDE8F087B3F5C07FC0F800A011704AD13D
S2140225A0D8F8944024B12368082B58D994F83840B8
S2140225B00F21204610F025FBBAFA8AF3002852D0E3
S2140225C0B0FA80F29B1A002BC6BFD840C3F10F099F
S2140225D04FF00F09504501D909F1FF39234B20046A
S2140225E0C3F8BC0003F1806340F6FF72C3F8B8205C
S2140225F003F100734FEA0921C3F8B81010F032FB5A
S214022600A88000F045FD09F01F094FF4FA7304FA9A
S21402261009F45C4341F66A03B0FBF3F00A23B4FB09
S214022620F0F45C43174B1C6098F8D0303B7098F877
S21402263015303370ABE798F8D030062B06D1124B24
S2140226401B78002B0CBF9624C824B1E7022B08D0B7
S2140226500D4B1B78002B0CBFB424F024A8E70024F3
S214022660A6E73224A4E74FF00F09B7E70060084058
S214022670060D0020050D0020E00C0020DC0B0020DB
S21402268017200020901C002015200020FF290DD0C6
S2140226900F4B1048C3F850010B04090501F0F871FE
S2140226A003F4E0230B430C49C1F85031FF2A0DD046
S2140226B0074B40F2F711C3F85011130103F4F873F5
S2140226C002F007021343044AC2F850310020704752
S2140226D0004008440000F70100400846F8B5134BD6
S2140226E0134E1F68134D384600F040FF3378C4B2CD
S2140226F0A34201D12B78A3B1092C14D80E4B012C7E
S214022700195D05D10D4B1B78022B01D141F040011A
S21402271001F00F0238460909FFF7B8FF00233470AC
S2140227202B700020F8BD0024FA21F1E71C1A0020C5
S214022730132000201220002080500300E00C00200E
S21402274038B5044600F04CFC142200212E4810F046
S2140227505BFD2E4B25781A782D49521B18BF012295
S2140227600A7022681A60C820A2889A80FFF746FD7F
S214022770284BD3F8C820284BFF211970274B28492D
S214022780062D03EA0203274A1AD14FF4EE40C2F896
S21402279024014FF48A42C1F82421012243F08043E7
S2140227A0C1F820211B4AC2F8C8301E4B0322C3F8C8
S2140227B05821FFF793FF1C4B01221A70002038BDE8
S2140227C0022D4FF007000ED1C2F80C010620C1F808
S2140227D00C011649C2F808114FF4404143F00303B6
S2140227E0C2F80411DEE7C2F80C010520C1F80C019C
S2140227F0C020C2F8080143F08043812243F004035C
S214022800C1F80821CEE700BFC81F0021E00C002057
S21402281012200020001F0021090D00202800C0A061
S214022820004008460040084416200020C100400030
S214022830014B1870704700BF152000202DE9F047A5
S2140228402D4C2E4B236000F023FC4FF4FA73074600
S2140228504FF47A76B0FBF6F629482A4A7343190EE5
S2140228601B02181841F10001002304F0AFF9A0F58D
S21402287080730546A36220B966222B21FEF7ECFD83
S21402288001254FF47A726A434FF0000A5346500805
S214022890310204F09BF91C4B19601C4BB7F57A7F8A
S2140228A04FEA05688946044618604FEA152505D2A0
S2140228B076222B215046FEF7CFFD01264FF47A737F
S2140228C0A8FB030103FB05117308C01841F10001C0
S2140228D00023324604F07AF90D4B023419600D4B90
S2140228E049F10009A408186044EA8974024B013CC5
S2140228F01C63BDE8F08700BF0050084002110100CB
S21402290020A1070040420F00A01C00209C1C0020B3
S214022910981C0020941C0020044B4FF00052C3F871
S21402292080211A60024B01225A60704700E100E0E3
S21402293000500840074B4FF00052C3F88021C3F8FE
S2140229408020BFF34F8FBFF36F8F034B04225A6072
S214022950704700BF00E100E00050084010B5044692
S214022960A242A2EB0000A3EB010104D2034B1B6BB5
S21402297001331844013901F0030110BD005008402C
S21402298038B502010A4B01259D500A4A4FF480735E
S21402299083405366044606F09CF8074A1378A5401F
S2140229A023EA05031370BDE8384006F096B800BF68
S2140229B00051084400500840182000202DE9F04736
S2140229C01546044688461E4606F083F8022D00F099
S2140229D0B880074606F084F86C4B6D4AD3F8189018
S2140229E092F815A0DA6D5FFA8AFA520744BFD3F856
S2140229F018900AF1010A06F079F8664B664A1B68D7
S214022A0011684FEA8A7CA3FB093213F1004301FBEB
S214022A1009CCD8F800304CEB020C012D04BF013370
S214022A206344ACEB030C08BFC8F80030BCF1804F1F
S214022A300AF0030AC0F09880584AD2F800C0584AF2
S214022A40D2F800E0514A23F04041106B4FF00048A4
S214022A500022ECFB01820EFB012282424FEA9373B4
S214022A6081BF01330130121A03F00303A3EB0A03FA
S214022A70914588BF4549DFF848C184BF096B03F119
S214022A80FF3303F003030CF80430A2EB0900A3B1F2
S214022A90F10742BF434B41F61F71D966B30742BFE7
S214022AA0404B4149D966710742BF384B002119672E
S214022AB0330742BF354B00211965344B04F1100130
S214022AC003EB041E0901CEF80C2111225A50374995
S214022AD09A694FF0010EA2EB090A0EFA04F8D3F82F
S214022AE05C900A785FFA88F848EA020282450A7021
S214022AF026D34FF48072A24019EA020F20D11CF8A6
S214022B00040000283FD10DB3F0071A6608D5254BFE
S214022B10274941F61F7240F20110DA66C866DA6685
S214022B20B10706D51F4B22491F4A2248DA66C866F5
S214022B30DA66720742BF204B01229A60330719D425
S214022B40384605F0CAFF0120BDE8F0871B4824017D
S214022B5040F804E05A6605F0BCFF14490B7823EAF5
S214022B6008030B7005F0B9FF384605F0B6FF0020E3
S214022B70BDE8F087212000F0A5F9044B4FF480321F
S214022B805A603846DDE71A663846DAE700500840EB
S214022B90D41C0020941C0020981C00209C1C0020A2
S214022BA0A01C00200050084400001F1F1820002010
S214022BB00050084600000101004008400051084449
S214022BC019200020024B1878003818BF01207047E1
S214022BD0182000201030034B0001185800F00100A6
S214022BE0704700BF005008401030044B01F46001EB
S214022BF0000141F003011950704700BF0050084021
S214022C0038B505F06DFF084B084A9D69547DDA6DAC
S214022C10520748BF9D69E4B248BF013405F066FF1B
S214022C20284604F0030138BD00500840D41C00209A
S214022C3038B50B4B03EB001210300001D2F80C41F2
S214022C401D58FFF7DDFFAB0706D5844200D90139D0
S214022C50204601F0030138BD844238BF0131F7E750
S214022C600050084008B5222000F02CF9024B4FF421
S214022C7080225A6008BD00BF00500840064B1B6801
S214022C80434303EB8171054B1B68A3FB003013F132
S214022C90004341EB00007047981C0020941C002063
S214022CA00D4A10B5146820F0404301464FF000422A
S214022CB00020E4FB0320094A126802FB0300084BCB
S214022CC01B6B98424FEA917104D901330131C01A45
S214022CD001F0030110BD00BF9C1C0020A01C0020B8
S214022CE000500840F8B5064603F0EEFA044608B16E
S214022CF0FFF720FE084D094F00232B6130466B611B
S214022D00AB617B75FFF7CCFFC9B27975A8610CB1D0
S214022D10FFF702FE0020F8BD00500840D41C002039
S214022D203B4B082270B501210546C3F8C820394836
S214022D30394CEAF7EBFE394B1D702378013B012B29
S214022D400CD8237CE07B01229A400C21302313FB13
S214022D50001303F1884303F520431A60304B002228
S214022D605A677DB92F4A4FF6FF71D16702F100729A
S214022D70F821D1675D672C4B4FF08042C3F8942050
S214022D80002070BD636853B300F082F9626800EBFE
S214022D905203B3FBF2F3013B1B0243F0F80326781F
S214022DA02049224A022E1CD0032E1D484FF6FF75DC
S214022DB021D0012E27D143F00203CD67D367072324
S214022DC04367237CE07B01229A400C21302313FBCD
S214022DD0001303F18C4303F520431A6011E0F82335
S214022DE0DDE743F001034FF6FF70C867D3670C4B6D
S214022DF005225A67E5E743F00503CD67D36701234B
S214022E0043670B4BB8E7CD67D3670023F8E700BFED
S214022E1000400E4600350A00A41C00201E2000209A
S214022E20000008400000084400400844000008462D
S214022E3000400846F8B5064604460FCE1C4F3D46EF
S214022E400FC533682B601B4B1B480822C3F8C820EB
S214022E500121EAF75BFE194A00235367A37BE17A56
S214022E601B0443EA0123217A0B4393673B78032B27
S214022E701BD8DFE803F01402080E617B207B0023D8
S214022E800422EBF71BFF217CE07B00230422EBF7F6
S214022E9015FFA17A607A01230422EBF70FFF084B95
S214022EA01878BDE8F840FFF73BBF0120F8BD00BF29
S214022EB0A41C002000400E4600350A000000084010
S214022EC01E200020044BD3F89430002BBCBF034BCB
S214022ED0C3F88000704700BF00400840000008406A
S214022EE04FF0006318B1034AC2F894307047024AA2
S214022EF0FAE700BF004008460040084408B5064B03
S214022F0006491A684FF00450920010F088F9BDE89E
S214022F10084000F0A5BD00BFC0500300C450030027
S214022F2007B501A8ECF78AFA134B144AC3F84421F2
S214022F3048F2E672C3F838214FF40862C3F8342127
S214022F400F4AC3F8A0200F4A4AF63F41916002F5A5
S214022F5080424FF0C07191620022C3F8FC200A4AF8
S214022F60C3F89C20094B7F225A6203F10073232286
S214022F705A6203B05DF804FB00400840C0E65351B5
S214022F807A27000F00300840806D63030030084443
S214022F900F4B002210B5C3F88820C3F88C20C3F864
S214022FA090200C4A0121D1605A6812F0706FFBD152
S214022FB04FF00452DA67012402F5FD52C3F880404E
S214022FC01A66054B1B689847044BDC6010BD00BFB1
S214022FD00040084000400846E00B0020004008443D
S214022FE0034BFD22C3F8C8200122C3F8CC20704749
S214022FF000400E4638B5FFF7F3FF1B4B1B481C4C30
S2140230001C490222C3F8C8201B4B1A6842B102EAC6
S2140230100005A54204BF5D68156008338B42F4D1F3
S214023020164B0222C3F8C820154B164AD3F83C1199
S2140230301160154AC3F8942000F04AFBFFF770FFB0
S214023040124B0322C3F8D820A3F500530122C3F87B
S21402305094204FF46072DA604FF04072C3F8F820A2
S214023060C3F8102138BD00BF00400E460000FFFF27
S21402307000000840B081E00F0080E00F00400E44E0
S21402308000400840E40B00200048F00000600846BC
S21402309008B5EAF7B1F8044BD3F81031C3F30823A6
S2140230A00133B0FBF3F008BD00400E4070B5044695
S2140230B018B1284D2268531C00D170BDC2F30063BC
S2140230C0110C35F8130011F0FE0F93B243EA0043D9
S2140230D0606818D00434CAB2022A216808D9D4E932
S2140230E00160033AC3E9001698600C340C33F3E728
S2140230F004D16268C3E900120834DBE7012AD9D199
S21402310004341960D6E7120F072AF5D8DFE802F072
S2140231100704090D1013181DC04303F180631860DD
S214023120EAE71A6842401A60E6E703F1C063F6E788
S2140231300FF0C6FDE0E70122824003F1C063F2E72A
S2140231400122824003F18063EDE71A6830EA020248
S214023150FBD1D1E78A500300024B0122C3F8942028
S214023160704700BF00400846024B0122C3F8942075
S214023170704700BF00400844024B4022C3F8942028
S214023180704700BF00400844024B4022C3F8942018
S214023190704700BF0040084608B50C4B1B68D3F8C2
S2140231A0943023B11A68022A01D9186A08BDFFF7BB
S2140231B06FFF074B1B6D024698B20028F6D0C3F38A
S2140231C00743D2085343B3FBF0F0EFE71C1A002084
S2140231D000600840064B5B68C3F30363984206D15F
S2140231E0044A936B23F0F00343EA0111916370479C
S2140231F000400840001F00212DE9F0470E460FF060
S21402320049FDDFF8B090DFF8B0A08046002505F053
S21402321060FCD9F80430C3F30363012B07460BD1D5
S214023220711C1AD00FF036FDA0EB0805384605F0E3
S21402323054FCAE42EBD80DE0052BF1D00B2BEFD0B1
S214023240023B012B0CD9013602D00FF023FD384683
S21402325005F043FC1648BDE8F08705F03EFCD6E7CD
S214023260DAF808301A04C3F389140FD4013602D0F0
S2140232700FF010FD384605F030FC24B2A4F1C80069
S2140232806FF4FF739842B8BF1846E4E7731C03D086
S2140232900FF000FDA0EB08056FEA84546FEA945421
S2140232A0384605F01AFC14F5007FC2D0E6E700BFE8
S2140232B000FEFFFF0040084000700840024B01225B
S2140232C018619A60704700BF00200840084910B590
S2140232D0D1F8703140B11C464A68D1F870319C4230
S2140232E0F9D1C2F30362027003F00F0010BD00BFF3
S2140232F000400840094BD3F8883001F0800103F4FF
S21402330080030B4309D1064B4FF400129A61837F68
S2140233101BB1044B0122C3F8F82070470040084056
S214023320006008440060084610B505F0D2FB084B62
S2140233301B6804463BB1984728B1002200204FF490
S214023340806100F0BFFC2046BDE8104005F0C5BB1A
S214023350B81C00202DE9F0411F4CDFF89080069F34
S2140233600646A2FB03502C1960F1000E9C46A045AF
S2140233704FF0000373EB0E0E07D24FF4B4720E2119
S2140233801846FEF769F802201BE00029FBD0C6F3B8
S214023390130601EB5C04B4FBFCF4A4FB0646E40C47
S2140233A044EA46340D4E34600D4C22600D4A91427A
S2140233B009D10D4AA5FB025302FB00339B093B6071
S2140233C00020BDE8F081C4040A46E80444EA553108
S2140233D003F0FCFB3860F3E700C9E876BC1C00206B
S2140233E0C01C002000F049020A3BB2DF0046C3239D
S2140233F038B5164D2B780C4623B9154B1B6D03F0CA
S2140234003F032B70134BD3F894305B051CD5124B3D
S214023410B0FBF3F040F24D534343A3F546430C3B57
S214023420584300F5C91000F5556028B940F21B3222
S2140234302B21FEF711F801202B78084A5343B3FBE1
S214023440F0F30020236038BD0220FCE72220002093
S214023450003008400040084000366E018096980012
S21402346070B5374C374B256B374C1B682468ED021A
S2140234704CBF1B191B1BB3F1804F04D8002B3AD14B
S214023480324E1C460AE0B3FA83F4314EC4F102040B
S214023490E340304DAB4201D901345B0803EB5605DD
S2140234A0B5FBF6F52C4EB34234BF002601262403A4
S2140234B0013D44EA86242C430C60D8B1B3FBF0F1FC
S2140234C0642400FB11336343984288BF01F1FF3145
S2140234D04808013801390728204D214C4FEA51038C
S2140234E011D9002129700621C4F894101B0243EA60
S2140234F00013136070BDB3FA83F4D4F10204134EC2
S214023500C6D50024C5E71029EBD068B10121297081
S2140235100621C4F89410134909780029E6D0124906
S2140235200224C1F89440E1E7012914BF01210021D9
S21402353029704FF00601C4F89410ECD1D6E700BF0C
S21402354000300840C01C0020BC1C0020E06735008C
S214023550C0CF6A003FBE4025401B5F131F200020DD
S214023560004008442020002000400846084B5B6BC1
S21402357003F00700C3F3C20213F0380F18BF50431C
S214023580C3F3821213F4E07F18BF5043704700BFA4
S21402359000300840034BD3F8380180F01000C0F327
S2140235A00010704700400840174B4FF4002210B539
S2140235B0C3F89420154C164BB0F1804F88BF1C46BA
S2140235C0144BDA6CD2071DD51B6F134A04F5F4248C
S2140235D004F59074B4FBF2F4033CE4B203F0070380
S2140235E0A34202D02046EBF7C7FA0C4B1B784BB12E
S2140235F00B4B4FF47022C3F8942003F1007324049B
S214023600C3F8944010BD00BF00400846E06735008E
S214023610C0CF6A0000300E4040420F00212000203A
S214023620004008447FB50446E9F722FE1C4B0646D6
S2140236302C3358680093A37922683146FFF78AFE36
S214023640054648BBA379012B14BF1649164910221A
S214023650C1F83821206815495843FFF7C9FE03AA66
S21402366002A93046FFF7FCFE0F4A43F6FF53C2F8A4
S214023670A4300C4B0299C3F8A4104FF4EE61116308
S214023680039A1A632068FFF78FFF094BA2881A6213
S21402369003F5405300229A63284604B070BD00BF6B
S2140236A000300840004008460040084450300840B9
S2140236B00000084008B5044B01221A70034B186834
S2140236C0FFF772FF002008BD21200020C01C00204A
S2140236D0024B4FF48062C3F89420704700400846BD
S2140236E00D4BD3F80421D3F8B030D2B2FF2A03D060
S2140236F043F30743591C01D190221923074903EBD0
S214023700D37302EB6302022381F84630232381F847
S214023710472081F8453070470081E00F001F0021E6
S21402372040B10368012B05D90069034B002808BF86
S21402373018467047004870479050030038B5054653
S21402374014480C46FFF7ACFA2DB1C30103EB550340
S214023750B3FBF5F32360104A5368D80217D40F4B15
S2140237601B68D2F8A810C3F3810311F4806203F138
S2140237700103C9B218BFDA00FF2906D00649D1F8FC
S214023780AC10490501D502EBC302626038BD0022C7
S214023790FBE700BF40420F00000008400020084040
S2140237A0084B1A68C117A2FB000310F1807002FBD7
S2140237B0013343F10003400E40EAC310803820EA8A
S2140237C0E0707047C81C0020174B072270B5C3F87C
S2140237D08420FFF75DFC154B154A164EC408010BF4
S2140237E00546E005C01841F10001002303F0EEF99A
S2140237F0114B18604EF66020FFF7D2FF4042C6F823
S2140238009C000E48FFF74CFA024658B1E3015008F6
S21402381018184FEA15714FF0000341F1000103F04A
S214023820D5F9706770BD00BF00400840B2E60E00D2
S21402383065CD1D00001F0021C81C002040420F005D
S2140238402DE9F843054608469846FFF769FF1646EF
S2140238500746002D00F0A98018F0050F5DD02C69F0
S214023860002C00F0A480FEF767FE4FF47A735C43E8
S214023870201A7B68A0F6AC50C01AFFF791FFAC8BFB
S2140238803062002C00F09680FEF756FE4FF47A73F4
S2140238905C43201A7B68A0F6AC50C01AFFF780FF84
S2140238A070614A4BEC68D3F80090002C00F08580DB
S2140238B0FEF742FE4FF47A735C43241A7B68A4F642
S2140238C0AC54E41A3B68E41A414B1A68E117A2FBAF
S2140238D0044314F1807402FB013343F10003640EC7
S2140238E044EAC314803C3B4BB4613B4CD3F884306F
S2140238F0F36123684BB148460FF084FB28B1236876
S214023900D9F84800324639469847AC69FEF714FEA5
S214023910014620460FF035FAF06218F0020F29D061
S2140239206B684FF47A7058435BB13B6803F51C53DF
S21402393010331844AB7F002B46F2A81308BF0023AF
S2140239401844FFF72DFF6B69B062002B38D07868F9
S2140239504FF47A7202FB0300AB7FA0F50350002BF4
S214023960A0F1100046F2A81308BF0023C01AFFF702
S21402397017FF706218F0040F17D0A86818B34FF438
S2140239807A735843A0F503501038FFF709FFF0602A
S2140239902B684FF47A70584323B13B6803F51C53E7
S2140239A010331844FFF7FCFE3061BDE8F8834CF292
S2140239B0503062E74CF2503070E74CF2503483E7F6
S2140239C047F23050D3E747F23050DEE71C1A0020A9
S2140239D0C81C0020001F0021C41C0020064BD86D06
S2140239E0DB69C0F3011203F01F03000C02FB0000A8
S2140239F001331844704700BF0060084010B50846FF
S214023A001C460FF04EF9094B0246D3F8F800FFF7B2
S214023A1087FE0368A018002B054AA8BF4FF4FA7267
S214023A201A44044B92FBF3F2104410BD001F00210F
S214023A300CFEFFFF18FCFFFF074BD3F8D8304FF6FB
S214023A4004014FF605029BB28B4208BF1346034A97
S214023A5001209365704700BF0081E00F00500840C8
S214023A6070B5194C0FCC86B001AD0FC5C8222368BD
S214023A7016482B6000210FF0C7FB7C220021144859
S214023A800FF0C2FB134B144AC3F8F020FFF728FED0
S214023A90124B1B782BB101AD0FCD0B4E0FC62B6808
S214023AA023600F4B0F4AC3F8DC2F0F4AC3F8E02FF0
S214023AB00E4AC3F8E42F02F1957202F27112C3F8AD
S214023AC0E82F06B070BD00BFC81F0021381F0021B6
S214023AD0BC1E0021001F00213F00370016200020D8
S214023AE0001000210200620209C805780708DC06F9
S214023AF00A4B197801F0FF0229B100211970084912
S214023B009202C1F8A020597801F0FF0229B10021E3
S214023B1059709302024AC2F8A4307047232000204C
S214023B2000000846074BD3F8E40E074BD3F88C3058
S214023B301A0103D4054B1B6E1B0401D500F58070D9
S214023B40704700BF001000210040084000000840F7
S214023B5008B504F0BEFF0F4B1A78B2B90E4A1268C7
S214023B6012F4843F11D10D4A1021C2F894101B782A
S214023B706BB9094B1B68DB0509D4084B2022C3F836
S214023B809420BDE8084004F0A8BF054AECE7044BC1
S214023B90F4E700BF27200020680F002000400844FA
S214023BA00040084610B504F094FF0E210446032098
S214023BB0FFF710FB044B40F2012220465A62BDE892
S214023BC0104004F08ABF00BF00000840044B0022E9
S214023BD01A70044B197811B11A70FFF7B9BF704703
S214023BE0262000202720002008B504F072FF244B70
S214023BF04FF08052C3F88020BFF34F8FBFF36F8F12
S214023C004FF48072C3F88020BFF34F8FBFF36F8FDD
S214023C100222C3F88020BFF34F8FBFF36F8F1022AC
S214023C20C3F88020BFF34F8FBFF36F8F2022C3F8F5
S214023C308020BFF34F8FBFF36F8F4FF00052C3F851
S214023C408020BFF34F8FBFF36F8F8022C3F8802090
S214023C50BFF34F8FBFF36F8F4022C3F88020BFF3AE
S214023C604F8FBFF36F8F4FF00042C3F88020BFF331
S214023C704F8FBFF36F8FBDE8084004F02EBF00BF22
S214023C8000E100E008B504F024FF0D4B4FF080522F
S214023C901A604FF480721A6002221A60002283F8B9
S214023CA0012310221A6020221A604FF000521A6076
S214023CB080221A6040221A60BDE8084004F00DBF58
S214023CC000E100E070B5084C01232370074B1E6824
S214023CD0074BD3E9005332401940284001F0F4F96B
S214023CE00023237070BD00BF25200020D01C0020BA
S214023CF0680F00202DE9F047DDF820A003EA01084E
S214023D00099B06460D4602EA000703EA0A09BAF1CB
S214023D10000F40F04981031F0B4300F00F81052876
S214023D2071F1000380F0E38050EA010300F05C8149
S214023D30431E0B4300F01D81FFF756FFAB4AD2E944
S214023D40004323EA050324EA06043C4343EA080741
S214023D50A74BA84D1E68DFF8EC8226EA0A0646EA5A
S214023D6009061E60C2E90047FFF7F2FE14F02A4F6A
S214023D7014BF48F202034FF40043B0079E48C26ED7
S214023D8048BF43F4005383EA020122EA0302EA66CA
S214023D909A4A81660B40D366C4F38042120321031B
S214023DA048BF42F48072E30648BF42F40052A506BA
S214023DB048BF42F4007260069148924DD0F80C3229
S214023DC048BF42F48062210648BF42F4006282EA9B
S214023DD0030123EA0203C5F80C328B4BC0F8081223
S214023DE00A40C7F34025AD04C3F80C22E20448BFDC
S214023DF045F48035A30348BF45F48015A00748BFA5
S214023E0045F4001514F4001F06D0D8F800000FF091
S214023E1028F908B945F40025E1027C497C4848BFE8
S214023E2045F40035FA0648BF45F480050A6A73076A
S214023E3048BF45F0040585EA020323F001031A4051
S214023E4002621D40CB61734B73481D62734B744A0A
S214023E5016F0010F18BF1A46836E7D0748BF42F45C
S214023E600012704D82EA030123EA0203AB666E4B30
S214023E7041660A4000F500509A66C16B04F00103E1
S214023E8005F5005581EA030221EA0301E96382632C
S214023E901A40664BDA63D8F80020200248BF644B0B
S214023EA092F8E92058BF634B610748BF43F480632A
S214023EB022B114F4C06F18BF43F480735E485F4C9F
S214023EC0D0F8EC10320748BF43F0004383EA010201
S214023ED022F4A0221140C4F8EC101340C0F8E820E7
S214023EE0574ABDE8F047C2F8EC30FFF7CBBEA0F564
S214023EF080630B4306D020F48063A3F500730B4364
S214023F007FF41AAF04F0E5FD3849D1E9003223EA1E
S214023F10060322EA050242EA08023B43C1E90032EE
S214023F20484A126892F8E9200AB313F4C06F1ED00A
S214023F30434B4FF48072C3F8EC2014E004F0C9FD42
S214023F402A4AD2E9003123F004033B4341EA08013E
S214023F5057EA0807C2E9003114BF394A374A4FF414
S214023F608063C2F8EC30BDE8F04704F0B6BD334BD0
S214023F70DFE704F0AEFD1D4AD2E9003123F001036B
S214023F803B4341EA0801C2E900312F4A57EA0807D3
S214023F904FF0010315BF93632C4902F1C062CB6355
S214023FA014BFD3639363DEE750EA01037FF4C4AE23
S214023FB0BAF1010F7FF4C0AE04F08BFD0C4A136811
S214023FC023F0010343EA09031360134A4FF48063A4
S214023FD0B9F1000F04D0536602F1C0629366C2E7DD
S214023FE010498B665366BEE7BDE8F087680F00206F
S214023FF0D01C0020000008440000084000000846CC
S214024000006008400060084400600846004008401F
S214024010004008440040084600500840041C500077
S2140240200418500000500844005008460070084625
S2140240300D0A0A09090A0A09001008400010084475
S214024040001008461C1A0020007008400070084441
S214024050024B5868C0F3C000704700BF680F0020CC
S214024060024B186800F00100704700BF680F00207E
S214024070024B5868C0F3C030704700BF680F00207C
S21402408010B50446FEF7B6FFFFF7AEFD04F14C008E
S214024090FDF79CFEFEF77CFFFEF7D0FBFEF73CFC2E
S2140240A0FFF792FB1049114AD1F8F810072304F1E2
S2140240B0A400FFF7C5FB4FF440010020FEF794FD75
S2140240C04FF400110120FEF78FFDFFF7B5FC20B973
S2140240D040F2E7221421FDF7BFF9FFF7EBFABDE83D
S2140240E010400120FEF71CBE001F00216C1F00219D
S2140240F0084B8022C3F8882003F17E430822C3F8C7
S2140241008820054AD2F8BC3E23F02003C2F8BC3E03
S214024110704700BF004008460010002108B504F0B2
S214024120D8FCFFF7E5FF034B01229A60BDE8084082
S21402413004F0D3BC00400840F0B583B006461446EF
S21402414002F0C2F8002800F09B80514BDD6815F0A3
S214024150060540F0958004F0BCFC23790095022BFE
S21402416007463ED1237B022B35D00320FEF732FDD5
S21402417018B9484B5B685B047FD5A37B257B464911
S214024180A2680192003B18BF0123012D0B705DD07F
S214024190424A434C002313702278002A61D13C4ED7
S2140241A00420FEF7EDFBF36E23F0F85323F4F81326
S2140241B043F0506343F48033F3662A46022301A990
S2140241C00420FEF7FBFB002852D0364B012130229A
S2140241D02170C3F89420384604F07FFC002003B018
S2140241E0F0BD0320FEF7F6FC002846D12279D6F869
S2140241F0AC30012A226838D0D51A254B2A4A0095B7
S214024200DA6600221A67627B284B002A0CBF01225C
S21402421000221A70264B264AD3F8BC3E0CBF43F047
S214024220200323F02003C2F8BC3E0320FEF7A8FBBF
S214024230174B204ADA662279012369460320FEF7E5
S214024240BDFBF8B11C4B01221A708BE72379022BB7
S2140242509ED0009BD6F8AC100B4413440025019365
S21402426096E72370FFF774FC99E79A42C5D3C3E733
S2140242700320FEF785FB0C4BF366384604F02DFC54
S2140242800320ACE7384604F028FC0120A7E700BF6D
S2140242900050084000400840292000202620002028
S2140242A027200020004008460000010128200020A8
S2140242B000100021010C01002A2000202DE9F34104
S2140242C00D46074604F005FC1B4BDFF878800024F9
S2140242D01C70FFF70DFF194BC8F86C30C8F8704019
S2140242E006466879431E5842584101F08DFC40F656
S2140242F00143C8F870302A792968D7F8B430012A01
S21402430001D1994200D3CC1A04230DEB03010320FA
S2140243100194FEF753FB50B9094B88223046C3F886
S214024320882004F0DAFB012002B0BDE8F0813046B6
S21402433004F0D3FB0020F7E72A200020000001014A
S2140243400040084400500840F8B5194C054620784D
S214024350B0FA80F040F206423E214009FDF77CF8B2
S21402436055B96078B0FA80F0BDE8F84040F20642EF
S2140243703E214009FDF770B80E4F0F4DD7F8A0301A
S2140243804FF44066C3F381232370C5F8A0606078BB
S214024390B0FA80F040F206423E214009FDF75CF892
S2140243A0D7F8A430C3F381236370C5F8A460F8BDC0
S2140243B0232000200000084000000844F8B50B4CFB
S2140243C00B4DD4F888300B4F0423C5F88830D4F848
S2140243D088305B0300D4F8BD0426C7F88860022044
S2140243E00EF06EFCC5F88860F1E700BF004008409A
S2140243F000400846004008441C4B70B5D3F888605D
S2140244001B4D03F18063A822C3F8882010221A608D
S214024410184A194B93666B66FFF76AFB174B1B78B5
S21402442013B90320FEF7ACFA00242C67FFF7C6FF89
S214024430134A144BD2F8E41E0B40C2F8E43E124B69
S2140244400422C3F88820114BB206C3F8C44008D52C
S21402445003F580739B6CB3F5817F22BF034B8022EA
S2140244609A60BDE8704001F0C9BD00BF0040084038
S2140244700050084000500844100000022A20002085
S21402448000100021DF0000FF00400844001E00214B
S21402449010B549B918B3144A53681B0E13F00E0F21
S2140244A01DD113689A061AD4FFF77CFB0E4C002027
S2140244B0FEF70CFF032801D0092806D1D4F88C3069
S2140244C0DB03F4D4636F0C2BF1D9FFF777FF074BAE
S2140244D00122DA6003F17E430422C3F88820044BEB
S2140244E04FF4C0625A6210BD0040084000400846C1
S2140244F00060084408B503210920FEF76BFE024B54
S21402450020229A6008BD00BF0040084038B5054624
S21402451004F0DFFA0446FDF715FC35B1FFF756FB4B
S2140245202046BDE8384004F0D8BA084B1B78002B6A
S214024530F6D0074B1D78002DF2D1FFF747FB2A462F
S2140245404FF480400021FFF7BDFBE9E7262000205C
S214024550252000202DE9F84F564B0646D3F8883022
S2140245600D461446002A40F0A28013F0A00F14BF96
S2140245704FF001094FF00009DFF854814E4F01F069
S2140245803DFDA023C8F888300320FEF7F9F9042081
S214024590FEF7F6F94FF0000AFFF718FB474BFB66EB
S2140245A0C7F870A0FFF70AFF454BD3F8BC2E42F0BF
S2140245B02002C3F8BC2EFF22C8F800203D4A4FF462
S2140245C080719160D3F8E42E3E494FF0040B1140FF
S2140245D0C3F8E41EC8F888B0C3F8C4AEFB6813F08C
S2140245E0060F04D0FEF73EFB5846FEF7C9F9B9F1AE
S2140245F0000F08D0344B4FF40062C3F88820334BC8
S2140246004FF400425A6666B1304B5B6C180701D411
S214024610FFF7C8FAFFF76EFF0420FEF7B1F9FFF7BF
S21402462067FA244BDA68D1073FD55A6812F0706FE2
S214024630FBD1274B274AC3F88820274A936B23F0DF
S214024640F003936315B12046FFF760FF234BD3F8C0
S214024650B4305A1C01D05B0002D51D4B0122DA6031
S2140246601CB31A4BDA6E9A66124A136A23F00103D7
S214024670D3611B4BD3F80C22C3F80822A3F5405390
S214024680DA6F9A67A3F50053D3F8EC20C3F8E82054
S21402469003F5C043DA6B9A63A3F50053114A5A66D0
S2140246A00B4B4FF60842C3F88820BDE8F88F4FF050
S2140246B0000961E700400840005008400000010180
S2140246C000100021DF0000FF0040084600000840FE
S2140246D00040084410003000001F00210081E00F57
S2140246E0006008405000F0029A4B196EDA6E2DE90F
S2140246F0F04F01EA0209C3F8689003F5805385B0CB
S214024700D3F8E060D3F8EC201640C3F8E86003F56F
S214024710A043D3F80012D3F80C2201EA020AC3F827
S21402472008A2A3F5005359691A6A01EA02088A4ADE
S21402473008EA0202DA61894BD3F80022910006D415
S214024740D3F800319A00C3F3407740F1E18004F0D9
S214024750C0F9834BDA68DF6D12F0060F9A6E07EA2D
S214024760020727F4800222F4006214BF4FF0010B06
S2140247704FF0000B5A667B0704D57A4A537D013305
S214024780DBB2537504F0A9F9B9F1000F00F0DF802F
S21402479019F4004427D004F09CF90146FFF7C2F949
S2140247A06F4D0446AA69AB699A42FCD0AA69934245
S2140247B0FCD0FFF7B7F9A04240F0AC80084604F000
S2140247C08CF9694B1C60694BD3F8885015F4E0529B
S2140247D040F0A28024F07F4424F0DF040CB9FFF7F7
S2140247E00BFE4FF0807419F0020F4FF0000516D042
S2140247F05E4B5F49D3F8883003F46042C1F88820E4
S214024800002A00F09E801D0400F19E8013F4005FD3
S2140248100CBF4FF000534FF000631C430025C9F352
S21402482040394FEA4909534B3340002B4AD016F41D
S214024830206F0AD040F60F0206210020FCF70CFE7D
S2140248400020FFF763FE26F48026F00506D5484BC7
S214024850FF221A6044F4C064FFF7A4F916F0090FA9
S2140248600AD040F6240208210020FCF7F5FDFFF7E7
S21402487041FE414B01229A6216F0106F0CD040F6B0
S2140248802D0209210020FCF7E7FDFFF733FE002288
S21402489011461046FDF72EFA16F4202F0AD040F6DF
S2140248A0350207210020FCF7D7FD0020FFF72EFE79
S2140248B026F48026F10301D5FDF76CFB002EB8BF67
S2140248C049F0080972070DD52B4B5B6A13F4005F9B
S2140248D014BF2A4A2A4A4FF400531ABF536244F4BA
S2140248E000045362730548BF44F0040416F480269D
S2140248F000F0AA80FDF718FB0138062842D8DFE848
S21402490010F021012401210127012A012D012D0188
S214024910BB4639E7044645E70192FFF76DFD144BA7
S214024920019AC3F8882015F4805307D115F4806FD6
S2140249300CBF4FF080544FF0806454E74FF0804431
S21402494051E74FF0007368E74FF0004365E74C46C7
S2140249504D4668E7000008400000F7FF00E100E06F
S21402496000500840D41C0020CC1C00200040084008
S21402497000400844090B0B89001008400010084448
S2140249800010084640F6660203210020FCF764FD8C
S2140249907C4A136ED2F8800003F007030633012127
S2140249A001FA03F3C0F30C001B1A9BB2072B13D9B0
S2140249B0754BD3F8883058020ED47448136B126DB8
S2140249C0C06C58B103F0070306339940C2F30C03D8
S2140249D0C91A89B2072901D844F400746C4B1B78B3
S2140249E0002B31D0674BD3F8E03013F4A02F2BD135
S2140249F0684B694A1B7893B9FB0410D4137873B1D9
S214024A00E308664943EA457383F00103D1F8E41EDE
S214024A1003F001035B0021FA03F3980714D1042084
S214024A20FDF7AEFF5E4B5F49D966FFF7CFF85A4AED
S214024A3013782BB95C4B5D4A1B682340134201D1A5
S214024A4044F4804427F48057BAF1000F1DD01AF4BC
S214024A50805F18BF44F480241AF4807F18BF44F4A1
S214024A6000241AF4005F18BF44F010041AF4007F02
S214024A7018BF44F020041AF4806F18BF44F04004B4
S214024A801AF4006F18BF44F08004B8F1000F3BD050
S214024A9018F4802F18BF45F4007518F4803F18BF2D
S214024AA044F4805418F4801F18BF44F4003418F4F9
S214024AB0001F18BF44F0020418F4003F18BF44F465
S214024AC0801418F4800F18BF45F0100518F4002F54
S214024AD01AD0324BD3F8BC3E13F0C00F14D02A4B78
S214024AE05A68C2F30362032A01D0072A07D1D3F811
S214024AF08C20D10603D4D3F89020120731D54FF478
S214024B000022DA6128F40028002F00F00D81380513
S214024B1040F18180264ADFF888A0D378002B4DD05A
S214024B20013B4FF40061DBB2CAF86410D37033B9AC
S214024B30204B1B78C3B1204B40F60142DA660023B5
S214024B40002266E044F4803422E744F400641FE75F
S214024B5044F480641CE744F4807419E744F00804C3
S214024B6016E744F40014CFE7DAF8703013F4A05FC7
S214024B7015BF4FF4807340F60143CAF85030CAF8A6
S214024B807030DCE700100840004008400000084093
S214024B9027200020262000202820002000100021A8
S214024BA00050084000000101680F0020088D010037
S214024BB0192000202A200020005008460320FDF776
S214024BC0DFFEDAF80C30A848A84913F0060F02BF39
S214024BD0A74B41F61F72DA664FF40063CAF86430D8
S214024BE0DAF80C3013F0060308BFCAF87030C38A2E
S214024BF013F4006260D023F40063C3820B7803F0E0
S214024C00FF0A002B5CD1FEF72DF8FFF7F5FB5346A3
S214024C1020221C431543B9010BD52E20FEF752F96C
S214024C20934A4FF00073936602F17C4245F0080502
S214024C305366FA0608D52B20FEF744F98C4A102351
S214024C40936602F17C42536617F4E00F05D1FB042B
S214024C505ED5BBF1000F00F0AC80B80210D529205B
S214024C60FEF730F9FFF7F4F940B18249824A834BE6
S214024C7053668B6682494968490424D445F0040584
S214024C8017F4800BDFF8F0A129D00420FDF778FE98
S214024C902720FEF717F9FFF7AFFB4FF48003CAF899
S214024CA06430784BD3F8E42E50067CD4764B02223E
S214024CB01A6045F0020528E00B784FF40053A8E787
S214024CC04FF400433CE76A4920208B665366FEF7A2
S214024CD0F9F82D2045F00C05FEF7F4F8D0E7FA02B5
S214024CE04CD50420FDF74CFE2820FEF7EBF8DAF848
S214024CF07030002B3FD1FFF77FFB5D4A5F4B936618
S214024D0002F17C4245F0010553665B4B00221A65B0
S214024D107B0509D55D4A9378002B00F09880013B0D
S214024D209370002349EA03094A4620462946FEF7BD
S214024D30C9FF0EB1FDF720F918F4002F00F08C80A1
S214024D404F4B4FF40022DA6118F0206F00F0888093
S214024D5018F0007F01D0FDF7C1FB18F0006F01D0FC
S214024D60FDF7D8FB002200204FF4006105B0BDE835
S214024D70F04FFEF7A7BFCAF870B0BEE7FB04C4D573
S214024D800420FDF7FDFD424BCAF86C30FDF76AFFC2
S214024D90DAF85C3013F4A00FB7D12A20FEF792F8A7
S214024DA0FFF72AFB7DE7D3F8BC3E990681D4394B40
S214024DB07DE7364A13794BB1013BDBB2137113B967
S214024DC02C4B354ADA6600231C43A1E70420FDF784
S214024DD0D7FD0320FDF7D4FD274B2D4ADA6603F0F4
S214024DE078FE82460DF10F00FEF770FA2B4B1B7809
S214024DF083460BB1FEF7D6FEBBF1030F0ED1DFF8EA
S214024E0080B00020FEF762FA032807D1DBF88C3068
S214024E10DA03F6D4DBF874300C2BF2D99DF80F3097
S214024E20032B06D11E4B012250461A7003F055FE84
S214024E30C9E71C4BD3F8E03013F4A02FF2D1FEF7EB
S214024E40C5FE504603F049FE4FF48043BCE70220FD
S214024E50FDF796FD012365E7B8F1000F7FF474AF06
S214024E6005B0BDE8F08F00BFD41C00202A20002029
S214024E700050084400500846005008401000000247
S214024E80004008400010002100400844192000207D
S214024E9000000101004008460000010D2920002004
S214024EA02620002000100840014B1B68184700BF50
S214024EB0F40B0020034A0123136202F17C42D36101
S214024EC0704700BF004008440B4B10B55C691A6A75
S214024ED01440A2B2DA61E20704D55868C0F3036050
S214024EE0FFF7E8FF630706D5BDE81040042200205E
S214024EF00021FEF7E7BE10BD004008400C4A08B588
S214024F00136BD16B0B409363DB070FD5094B1878F5
S214024F1040F6AC22122100F00100FCF79DFABDE833
S214024F200840002201200021FEF7CCBE08BD00BFCB
S214024F3000700840680F0020044BDA6FD207FCD4DA
S214024F401A6FD96F0A409A67704700BF0030084050
S214024F5070B50D46144603F0BCFD064BD3F8BC6E86
S214024F6074402C407440C3F8BC4E03F0B6FD05EA0C
S214024F70060070BD00100021034BD3F8BC3E9943D7
S214024F800CBF0120002070470010002109490A4A80
S214024F90D1F8EC0010B504230124C2F8EC308C6280
S214024FA04FF400515162410744BF02F10072C2F849
S214024FB0EC3010BD001008400010084437B5204DF4
S214024FC00C4641B90A460721FFF7C2FF1D4B2C6368
S214024FD05C6003B030BD07221146FFF7B9FF1A4BDB
S214024FE007225A60237985F83030637901930121CC
S214024FF001A80EF058F8019BC2B2D34000F00F0091
S21402500040EA031085F83100A27985F83220E27969
S21402501085F833202068686383B1028801218B42B9
S21402502005D82379013B1344084A9361D1E730F847
S2140250301150AA4228BF2A460131F0E71A46F0E785
S214025040001F0021301F0021000008440000084015
S21402505010B5054C237823B101F0D0FB0020207058
S21402506010BD0320FCE700BF2C20002008B501F08D
S214025070AFFB024B01221A70002008BD2C20002034
S214025080431C07D0044B6FF0FF029A6103F10073D2
S21402509010409861704700BF0070084400F0180383
S2140250A0182B0AD003070AD410F0100040F201139E
S2140250B018BF1846034BD86470470020FAE7012051
S2140250C0F8E700BF001F0021344B2DE9F7431E68A6
S2140250D001F4007900F00103174653EA0902054677
S2140250E00C462ED04FF0000803B300230022012006
S2140250F00021CDE90088FEF7FDFD41463046FEF769
S2140251007BF8414670830120FBF7FCFF716B06F1CA
S214025110A400FEF7EFF822490868FFF7B1FF4FF048
S214025120FF330B60337C43F004033374B9F1000F92
S21402513007D0012130460DF0BEFB24F4007405436F
S2140251400C43D6E93E232A40234052EA030103D009
S2140251501449304609688847FB070FD51249134A97
S2140251600868136800211160114A0121117003B109
S2140251709847104B00215B680220984717F00E0FE5
S21402518008D040F2F3123B21002003B0BDE8F04302
S214025190FCF762B903B0BDE8F08300BF1C1A00201A
S2140251A0F80B0020FC0B0020FC1C0020001D002039
S2140251B02E200020D40B0020F7B50446D4E93EC7C3
S2140251C01046DDE908268CEA020587EA0601054054
S2140251D0194085EA0C057940C4E93E5123F40041A2
S2140251E006EA010320F00100002543F400730240A2
S2140251F043F00203CDE90055FEF77CFD237C9A07B7
S21402520017D5D4F8FC309B0513D54FF488112046E9
S2140252100DF051FB237C65F341032374D4E93E234E
S21402522002400B4052EA030103D0034920460968B4
S2140252308847002003B0F0BDFC0B002038B103689D
S214025240044A002B08BF1346034A13607047014BFB
S214025250FAE700BFAB2D0300FC0B0020024B986B55
S21402526000F00F00704700BF001F00210F2938B55D
S21402527005460C460ED801F043F801280CD1074A21
S214025280936B23F00F032343936328460DF0BDFE72
S214025290002038BD0120FCE70220FAE7001F0021AB
S2140252A0014BD86B704700BF001F0021014B002046
S2140252B0D9637047001F002103282DE9F7434CD815
S2140252C0274B13F80080274B1E5C274B13F80090E1
S2140252D003F0FFFB0746FEF7C3FE054640B1002378
S2140252E0CDE900330022002301200021FEF702FD53
S2140252F0FEF7BEFE48B10023CDE9003300220023AC
S21402530000204FF40041FEF7F5FC26B3174B5C6C09
S21402531004F00804164B31465C644046FFF7B8F8C2
S2140253204A4631464046FFF715F9124B5C6465B1B2
S214025330114B1868416BA430FDF7DCFF0F49086873
S214025340FFF79EFE4FF0FF330B60384603B0BDE812
S214025350F04303F0C2BB3446DCE703B0BDE8F0839B
S214025360A05003009C500300985003000000084021
S21402537000000844000008461C1A0020F80B002013
S214025380104AD2F8883013F0A00F16D1D2F88C004B
S21402539010F0040013D10C4BD3F8E43E23F07F4305
S2140253A023F0FF035BB15368C3F30362092A07D0F5
S2140253B0B2F10C0018BF0120704700207047012090
S2140253C0704700BF004008400010002170B50D462F
S2140253D016460BB1FFF7DAFD0A480368026A03F0C5
S2140253E00703063301249C40C2F30C03E41AA4B25A
S2140253F0B44228BF344622462946FCF725FC2046FE
S21402540070BD00BF0010084070B50D46064620B9B4
S214025410194B1B68A3B1032011E000F071FF0128AD
S21402542028D1164B93F90040C4F11C04641BC4F146
S2140254301C03002BB8BF5B42232B0CDD012070BD82
S21402544081EAE173A3EBE173DBB2232BF6D80B4BB5
S21402545019700020F3E7B57403F03BFB084A536962
S214025460E40223F4FF2304F4FF241C43546103F0F4
S21402547034FBEEE70220E2E71C1A00202B20002075
S2140254800070084090F8C23053B9074BDA699202AE
S21402549008D49B6F13F4706F14BF0120002070476E
S2140254A0002070470120704700600840F8B5436B43
S2140254B002EA010523EA01032B434363344A01F05F
S2140254C00B030C4623EA0501516402F100722B40DD
S2140254D061070646536411D50121FFF7D3FF68B171
S2140254E0FEF76CFF15F0040F14BF2A4A2A4A4FF43F
S2140254F00073D361294B0422C3F88820E20606D53E
S21402550015F0100F264B14BF00221B22DA64230666
S2140255101DD52F0616D51F4B4FF400129A6103F1C4
S2140255207E430122C3F8F82003F0D3FA0E21074681
S2140255300320FDF74FFE1A4B40F201225A6238460C
S21402554003F0CBFA294606F1A400FDF7D3FEE005E8
S21402555003D5E90516D5FDF707FEA20503D5AB056B
S21402556013D5FDF711FE14F0600F09D0D6F894108B
S21402557030460DF01BFC0B4B98640B4B80229A6056
S2140255800020F8BDFDF7E8FDE7E7FDF7F5FDEAE7E1
S21402559000000844006008460060084400400844D2
S2140255A000000840001F002100400840014B186818
S2140255B0704700BFF81C002037B5012300240022E4
S2140255C0CDE90034002310461946FEF793FB02206D
S2140255D0FDF7D6F9054D064B21461C6002206B6886
S2140255E098472B6803B0BDE830401847D40B00201C
S2140255F0001D00202DE9FF41022903900C461546A6
S214025600984605D1FFF7D8FF002004B0BDE8F08128
S214025610194E03F05EFA336807463BB1AB4205D03B
S21402562003F05BFA002333600120EEE7134B35608C
S214025630C3F8008001230022CDE900330023104680
S2140256401946FEF757FB0E4B002502201D70FDF78C
S21402565097F922462B4603A90220FDF7AFF9094B1C
S214025660039A1A60084B1B6804469847384603F0AC
S21402567034FA002CC8D1D5E7001D0020FC1C0020FF
S2140256802E200020F81C0020D40B0020044BDB6DDB
S2140256905B055ABF034B1878012000F001007047E3
S2140256A0005008402E200020014B98690DF015BBD3
S2140256B000600840014B98690DF025BB0060084069
S2140256C070B50E4603F005FA054600F03DFE0446A8
S2140256D020B1284603F001FA204670BDFEF76EFEA2
S2140256E0114B3278D3F8E43E022A23F0F00316D0A8
S2140256F0101F42424241520043EA02137278022AC3
S2140257000FD0111F4A424A41520043EA8213064A08
S214025710C2F8E43E054B0422C3F88820D9E70122EA
S214025720EAE70122F1E700BF00100021004008442A
S21402573070B50E4603F0CDF9054600F01DFE044690
S21402574020B1284603F0C9F9204670BDFEF736FEA2
S214025750104B3278D3F8E43E022A23F00F0315D01A
S214025760101F42424241520013437278022A0FD05F
S214025770111F4A424A41520043EA8203054AC2F8CE
S214025780E43E054B0422C3F88820DAE70122EBE761
S2140257900122F1E70010002100400844F8B50E7817
S2140257A090F8D070044630460D46FCF7E5FC00281B
S2140257B044D094F8D030B34208D1AA88636C9A4297
S2140257C004D16A88B4F8D2309A4235D084F8D060D0
S2140257D0AB88A4F8D4306B88A4F8D230AB88636464
S2140257E0FF23637530460DF01CFA04F1D0052075D0
S2140257F02846FCF7A5FF10BB2846FCF7B3FCF0B919
S214025800D4F8903053B194F8D010B94206D0B3F918
S21402581012202046E9F7CAFE84F8D9002046FCF793
S21402582091FE0949A4F8D400084AD1F8F8100123D9
S21402583004F1A400FEF704F80020F8BD01200E23B0
S21402584084F8D030F9E700BF001F00216C1F00214A
S21402585070B5054690F8D0000E280C461DD0FF29DC
S2140258601DD01AB10F4B4FF0FF321A600DF0D9F966
S214025870064695F8D000FCF729FD844228BF044668
S214025880E4B2B44238BF3446E0B26875FCF7BAFDFB
S214025890A0F1FF035842584170BD0220FCE70120E8
S2140258A0FAE700BFDC0B0020C36B012B01D10020FE
S2140258B0704770B5364BD0F89060D3F8F830C0F821
S2140258C0943086B03146058B04460DF041FAB38912
S2140258D08DF80600D6E90121EB1A9BB201FB0322E2
S2140258E068460021ADF804300092FDF79BFE38B9F9
S2140258F0284B228BDA63FCF7F1FE20B106B070BDAE
S214025900022006B070BD227C60F3410222740DF0C4
S214025910E2F9D4F890305969431EDBB20968029165
S214025920FD2B02460BD9CD1C09D91B4B01311B6836
S2140259300CD0D81C07D802A92046029301E002A97F
S21402594020460DF044F9002006B070BDD91C04D8DC
S21402595002A9204602930DF03AF9D4F8FC309B05D2
S21402596004D4237C43F002032374ECE74FF4803123
S21402597020460CF0A0FFD4E93E2302400B4052EA38
S2140259800301E0D00549204609688847DBE700BFE7
S214025990001F002100300840E40B0020FC0B002012
S2140259A038B590F8DC400546ACB103F092F80A4BE5
S2140259B01F22DA61013C03F100731440DC6103F13B
S2140259C07A43D5F8E0201A66D5F8E4205A66BDE890
S2140259D0384003F082B838BD006008442DE9F74F1E
S2140259E006461546084619B9012003B0BDE8F08FF1
S2140259F0002AF9D0032904D80021FCF7DFFA002890
S214025A00F2D082780488037990F805B0C788B0F996
S214025A100000002802F00701C0F2D180A1F1070CB5
S214025A20DCF1000040EB0C00052928738CBFC2F3A2
S214025A3000100020C2F3801C6873900985F810C01D
S214025A4000F00200C2F3C00C40EA0C00C2F340129F
S214025A506874AA74AF820BB996F8CA30013BDBB2FF
S214025A60EB74736BD80600F196800639012900F2B2
S214025A709280544BDB6C544B5A6B1B6B03F0070340
S214025A8006334FF0010909FA03F909F1FF39083C18
S214025A9042F0005804EA0904002318F804A0AB6098
S214025AA0013404EA0904631D03EA09035A1C02EAE4
S214025AB0090218F8037018F80220BAF1800F47EAB4
S214025AC00227727C18BFAAF1320A3BB214BF4FFA01
S214025AD08AFA6FF07F0AC7F30B079AB30020D6F84C
S214025AE09C300BB151469847631C03EA0903E873DE
S214025AF085F80EA018F80310013303EA090318F814
S214025B000320013303EA090341EA022118F80320BD
S214025B10013303EA090341EA024118F803006A7CEA
S214025B20002341EA00613046FDF768FF2860737C77
S214025B30042B03D1022FDCBF013028600423AB7193
S214025B40002052E7D90422D5D6F894209AB11368D9
S214025B50022B10D992F82400FB0008B1B3FBF0F335
S214025B609B45BBD8002BB9D0CBEB0B20B0FBF3F098
S214025B70C043C0B2B3E730460DF056F90190304646
S214025B800DF042F9019BB3FBF0F0C0B2E4E718F85F
S214025B9004004000EDE70023EB730C4BDA68C2F317
S214025BA00723120448BF63F0FF035AB212F1800FB4
S214025BB01CBF323B5AB20023AA732B60BFE70220F7
S214025BC013E700BF000008400010084000700840BD
S214025BD070B50A4B0A4DD3F8EC604FF48064C5F8F2
S214025BE0EC400020FEF792FC4FF400536B65730501
S214025BF044BF044BC3F8EC4070BD00BF0010084021
S214025C000010084400100846082318B1024AC2F8D9
S214025C1088307047014AFAE70040084600400844C8
S214025C20F8B504460E4641B9037C5A0641BF4FF604
S214025C30FF7261F38613828303743C4BD4F894702C
S214025C401B680BB120469847394BA18BD3F88420AA
S214025C5012F4E05F04BF2022C3F810224FF6FF734F
S214025C60994204D0334B1B680BB120469847324DFD
S214025C70D4F894102A68914207D020460DF096F880
S214025C802E4B98642E4B80209860974245D02D4B21
S214025C901B684BB11FB13A68002A40D0BF6839462C
S214025CA020469847D4F8941008460DF097F830B37B
S214025CB02549FDF743FD07272046FCF743FC16B3AC
S214025CC0224B94F9122093F900302149D4F894001B
S214025CD0C3F11C039B1A4A69DB0222F4FF2203F477
S214025CE0FF2313431B4A4B611B4B28600621116797
S214025CF0204601221A700DF088F90020F8BD2046D1
S214025D000CF033FDD4E70D4B0F4AD3F8F81004F12C
S214025D10A4003B46FDF794FDD2E70127CCE71746E1
S214025D20394620469847D4F89410BDE70C1D00204B
S214025D3000600840F41C0020EC1C0020001F00211C
S214025D4000400840F01C00206C1F00212B20002081
S214025D5000700840000008442D200020B1F5007FA6
S214025D6038B50C461BD200F0CBFA0128054618D1EE
S214025D70E8F77EFA002211460220E8F7ADF90A4B50
S214025D800A4A1A6303F10073E40202201C632A46DD
S214025D902946E8F7A1F9E8F73BFA002038BD0120CA
S214025DA0FCE70220FAE700BF00400E4400F80F00AE
S214025DB00248482200210DF027BA00BFE81E002143
S214025DC0002373B583746423C0E92C33C0E92E33F1
S214025DD04FF0FF35C0F8AC30A0F8C0300E264FF6B4
S214025DE0FF73C0E9075580F8D060456485828375E5
S214025DF004461120E7F736FF042834D11B4B5B68B4
S214025E0013F4403F2FD12046FEF73AF92046FFF71B
S214025E10CFFF94F912102046FFF7F6FA144A6023D1
S214025E20536402F5805240F6FF7151625165114A81
S214025E305364114B4022C3F88820626B29462046E1
S214025E40FFF734FB002240F2022310461946CDE942
S214025E500066FDF74FFFFCF723FA204602B0BDE8C6
S214025E607040FBF7D5BA022002B070BD00300E407B
S214025E7000000840000008460040084470B50C6860
S214025E80B0F8D4208D680346013404BFD3F8AC4082
S214025E900C604C68013404BFD3F8B8404C606E1CEA
S214025EA000F1A40038D1D3F8B440CE688C60751CDB
S214025EB038D1D3F8B0500E69CD60013604BFD3F89E
S214025EC0A4600E614E69013604BFD3F8A8604E6125
S214025ED08E69013604BFD3F8BC608E618E693EB30C
S214025EE04132B24238BF32460E688A61C3F8B440C5
S214025EF04C68C3E92E420A69C3F8A4204A690D49D0
S214025F00C3F8A820C3E92B650B4AD1F8F81007237B
S214025F10FDF796FC002070BD02F14104AC4238BF8A
S214025F202C46C2E702F16405B54238BF3546C2E7E1
S214025F306422D9E7001F00216C1F002138B5084DE6
S214025F4004462868003818BF0120621C214600F06B
S214025F5033FC2B68003B18BF0123A370002038BD1A
S214025F60041D002038B5054C054B4178007825689D
S214025F70236000F0D9FB00B1256038BD041D002067
S214025F80AC50030070B502F0A4FD0C4E054600F0BE
S214025F90B7F9012804D0284602F09FFD022070BD02
S214025FA0736813F0706FC3F30364F0D1F36BDB0610
S214025FB0EDD5284602F091FD2046F0E70040084065
S214025FC0074B1B684BB10028064A074B08BF002345
S214025FD01360064B1870002070470220704700BFFF
S214025FE0041D0020081D0020A45003002F200020BE
S214025FF0014B1878704700BF2F20002038B502F0FA
S21402600068FD0B4A13884FF6FF718B4203D102F0EC
S21402601064FD032038BD074C074DE56504F10074A6
S2140260201B04E365118002F058FD0020F2E700BF72
S214026030E60C0020006008440000FFFF2DE9F34153
S21402604005460F461446FFF79BF980B1DFF8188223
S214026050D8F80C30DE0740F1EA8002F03AFD064638
S2140260600320FCF7B7FD38B1304602F036FD0226B3
S214026070304602B0BDE8F081D8F80C3013F0060FB7
S214026080F2D1304602F029FD6A4B4FF400612846F1
S214026090D3F8E48ED3F8C46EFEF76EFF40B1664BBB
S2140260A04FF400720121C3F888200846FBF72AF84D
S2140260B039462846FBF778F95E4BC3F8C46EC3F838
S2140260C0E48E06460028D3D12B7CD80601D4002CB9
S2140260D066D0C4F34000FEF737F914F4807F14BF8D
S2140260E0564A554A4FF002031BBFC2F88830544A3C
S2140260F0C2F8883000211CBFD16093624D4BD3F8A2
S214026100BC7EFEF75BF94F4A14F0040F07EA02035F
S2140261104FF480616BD04C489342C16106D14B4A22
S21402612092F8D03043F0020382F8D030424B042279
S21402613014F0400FC3F8882014BF454A454A40234E
S2140261402046C2F88030FEF7A9FF28460CF0BDFEB6
S21402615040B114F0010F14BF384A374A4FF4807327
S214026160C2F88830A1064CD56B8C4FF6FF7293426C
S2140261700FD0394A3949D26D100CC2F30112088089
S21402618001323749B3FBF2F32F4A3648C8651B047F
S214026190D3652B7C003C18BF012464F304132B74D4
S2140261A028460CF02FFFF0B128460CF08EFED0B138
S2140261B04FF400312846FEF7DFFE431C9BB2032253
S2140261C01F4801A90CF0D8FC9DF8042002F0070332
S2140261D0052B9DF805301DD1120715D443F48073A4
S2140261E01A4AC2F8CC3000200CF008FD40E71C48E2
S2140261F09342C1619AD1154A92F8D03023F0020335
S21402620092E7FFF7FBFEC4E713F0040F09D19DF8EF
S2140262100630E3E703F03002202A05D113F0010F1F
S214026220F4E74FF48073DBE79DF80630D8E70326E1
S2140262301EE700BF00100021004008440040084648
S214026240001008408000004000600846001E002142
S214026250007008460070084400600840E60C002003
S214026260006008440000FFFF0050084008B5094BD4
S214026270D3F8B4305A1C0BD05B0009D40320FFF7C6
S2140262801BF8054B4FF08062C3F894200122DA60B7
S21402629008BD00BF0081E00F00400846054BD3F85A
S2140262A0880003F180634FF40022C3F88820C0F30D
S2140262B0C040704700400840014B024A1A607047CF
S2140262C0F01C0020BD4F0200024BD86800F001000F
S2140262D0704700BF00500840084BDA68D10707D560
S2140262E008B9FCF727BBDB68DA0706D4FCF714BB51
S2140262F0DB68DB0701D40028F8D17047005008405D
S2140263000F4B5B68C3F30363013B0B2B0FD8DFE82D
S21402631003F006060C06060606080A080808022007
S2140263207047042070470520704703207047054BCE
S214026330DB6813F0060F0CBF01200420704700BF75
S21402634000400840005008400A4A5368C3F30363FB
S2140263500B2B08D06FF49050184100F0010080F02B
S214026360010040007047D2F8880010F48030ECD16B
S214026370704700BF004008400C4A5368C3F30363EB
S214026380062B07D8042BD8B20CD8C31E5842584145
S21402639040007047072B07D1D2F8440110F0005096
S2140263A0EBD170470220704700207047004008403B
S2140263B008B5437C033BDBB2072B96BF044A002199
S2140263C0D15CFEF773FFBDE808400120FCF788BDEC
S2140263D0B8500300012310B580F8C2302823C0F855
S2140263E0A83004234374054B044619680CF0BFF921
S2140263F02046FFF7DDFF002010BD00BF646B0300E0
S214026400012310B580F8C2302823C0F8A830022332
S2140264104374054B044619680CF0A9F92046FFF7A9
S214026420C7FF002010BD00BF686B0300F8B5D0F8A8
S214026430E0308B4204460D46164601F0010703D1B2
S21402644090F8DC30202B19D04FB3002E14BFAA23AD
S214026450552393FAA3F31B0B03F4702395FAA5F2C4
S21402646043EA12432364202384F8DC300023C4F872
S214026470E050C4F8E4302046FFF792FA164A17496D
S2140264800F23D365164BDFB15EB90120D865C2F87B
S214026490FC10226CC2F31302C3F8FC20F8BDAA2338
S2140264A0D7E70220D865C2F8FC10226CC2F31302AA
S2140264B0C3F8FC200B4BE5640222C3F8B820EDE7D4
S2140264C00220D865C2F8FC10226CC2F31302C3F88D
S2140264D0FC20002EE2D0EDE700600844FFFF0F002C
S2140264E00060084600100840134A072310B553639D
S2140264F0124C134B89B14421E16240F04000012165
S214026500206359634FF48043C2F8A030C2F8A43027
S214026510C2F8A830C2F8AC3010BD4FF48042E16237
S21402652021635963C3F8A020C3F8A420C3F8A820A7
S214026530C3F8AC20F0E700BF0000084400000840A3
S2140265400000084608B50948E7F732FC084A13680F
S21402655013F4805F08BF12684FF0010304BFC2F352
S21402656003229340B0FBF3F008BD00BFA00914005D
S214026570002004402DE9F74FDFF8ECB08146DBF847
S21402658000A00F46FCF73CFB4FF0FF35CDE90001BB
S21402659000202C46064606F110031B015BF803306A
S2140265A003F00308B8F1010F15D13046FCF740FBA3
S2140265B002460B46DDE90001FCF7D0F9DBF85C3059
S2140265C006F10802D340DB0737D5002F3ED0002560
S2140265D03E602C4640460136052EDCD150B3224F93
S2140265E0396B0131A4FB014164190AF4403341F1CD
S2140265F00001B3F5003F4FF000022FD1FB6A0AF408
S214026600405A013342F10006BAF5805F21D1BD6AD5
S21402661015F5807542F100026E4303FB0266A5FB88
S21402662003323244594304FB0212A3FB04341444DB
S214026630C9E9003403B0BDE8F08FA84271EB040349
S214026640C8D207B13E6005460C46C3E73D463C4607
S214026650C0E7320242EA13621B02E3E7BB6A13F5A3
S214026660807342F10002DDE7005008402DE9F8434E
S21402667002F02FFA274C284DDFF8A8800646607BEA
S214026680030103F1804303F5842300221A64AF6EEC
S214026690AA66D5F800112161217B090441F00301A5
S2140266A0C5F80011013001218140C8F820104FF4CE
S2140266B080716966D8F8081001315964A160022118
S2140266C01964A3680133D8F80810E86D10F48079CD
S2140266D013D18B42F7D13AB1304602F0FEF9C3220B
S2140266E01A214846FAF7B8FE617BA3680B4A0901ED
S2140266F00233A36053500122E3E74FF480736B66C4
S214026700074BAF660122C3F800213046BDE8F843C6
S21402671002F0E3B9D41C0020005008404420044094
S21402672000500844002004400B2870B53CD80229CB
S2140267303AD81E4C207361734FF48A400121E7F762
S214026740E5F9637B227B1A490133143243F4801342
S21402675043F4306341F82230FCF79AFC4608C5073A
S214026760FFF7F0FE002302463146284600F02EFAD6
S214026770090241EA1061C0F3C05040EA41000D4BE5
S2140267802060986A10F5807005D14FF4E1722B21D3
S214026790FAF762FE0220024600230020012100F0E2
S2140267A015FA6060002070BD0120FCE7D41C0020B2
S2140267B000600E400050084028B1044B187B087059
S2140267C0587B1070704707230B70FAE7D41C002022
S2140267D010B502F07EF90446FFF748FF054B022289
S2140267E05A60054B01222046BDE810401A7002F09E
S2140267F074B900BF00500840302000200C490B78C6
S214026800A3B10C4B5A7B0123013293400A4A5362CE
S2140268100A4B4FF08042C3F8802100230B70084BCE
S214026820D3F80C01D3F8041100F0A6B8704700BFE5
S21402683030200020D41C00200020044400E100E0A8
S2140268400050084010B50446FFF77CFE604300F592
S214026850F420034B00F59070B0FBF3F010BD00BFC0
S21402686040420F002DE9F04F85B0FFF7EBFF0446DC
S21402687002F02FF9DFF8F890DFF8F88000210546DD
S21402688002A889F80010FFF775FE354BD8F80860A5
S2140268905B6813F0706F1ED1DFF8C8A0DAF80C70D0
S2140268A017F0060717D1E0B1FCF7F2FB611DA1FB5A
S2140268B000B10191FFF746FE3B4602460199584653
S2140268C000F084F9DDE902B3090241EA1061000230
S2140268D0584599410ED3284605B0BDE8F04F02F060
S2140268E0FCB8FFF7C3FE1F4B02225A60012389F849
S2140268F00030F0E70193FFF7B9FEFFF723FE019B96
S2140269004FEA1B2242EA0362A0FB02B21B0A00FB0A
S21402691003210191FCF7BCFB019902463B4658460F
S21402692000F054F910494A7B1301013403F1804305
S214026930361B03F5842306445E64561C0122B240CD
S2140269400A4EC8F820207262D8F808205B6C241A17
S214026950D31AA342C7D20B69CAF80031BBE700BFFD
S2140269600040084000500840D41C00200020044686
S21402697030200020002004402DE9F74F8B4CDFF832
S2140269803C82637B019104331B01002748F80370A5
S214026990237B874A1B0593604FF400339360854B35
S2140269A002225A60D8F8083005465E1E9B1B002B52
S2140269B040F3CB800137022F4DD9DB220D21002078
S2140269C0FAF74AFD7B4E7C4A4FF080737366236962
S2140269D0C6F80031237B1B0543F400339360637BC8
S2140269E0764A04331B010024D45002F072F8B769C9
S2140269F0D6F85CC0224623464FF4807E02F1100190
S214026A000901715801F00301012910D10EFA02F1B1
S214026A1011EA0C0F0BD106EB0214AF42D4F80C416C
S214026A20C0F09B80A54202D2A74280F09980013234
S214026A30052AE3D1624D2968012940F294802BB1E0
S214026A405A49CA8A1A43CA825A4A136603B0BDE82A
S214026A50F04F02F042B8637B04331B01002248F871
S214026A60032002F036F8534900904FF080734B66CD
S214026A7094F80DC0D8F808604FEA0C1C0CF1804C54
S214026A800CF5842C0136CCF844600B68D80356D536
S214026A90A36822680198F31AA3FB02AE8B6A03F579
S214026AA080796368AEFB0321AAFB03B39B1841F10E
S214026AB00001A9FB032BBAEB020209FB01BB6EEB3A
S214026AC00B0E120A42EA0E620244B2EB192F4FEA8A
S214026AD0192E04D3013341F10001A2EB0E02AEF1EE
S214026AE0040E7245DFF8CC9028BF7246C9F8102013
S214026AF0627DD9F818E0EB18D2B241F10001754573
S214026B00D9F830E084BF02F1FF32D2B2BEF1FF3FC5
S214026B100ED04FF0000A0EF101099E457AEB010BEA
S214026B2008D20132B3EB0903D2B261F10001F4E7F5
S214026B300A44D2B202F0030262751E4A936102232D
S214026B400098CCF8403001F0C8FF1A4AD8F808304E
S214026B50D26DD2017FF52AAF34E7A542BFF464AF07
S214026B6019438BB263E7174A1478142C01BF00242A
S214026B70154E14703470147801341470002B3FF4E0
S214026B8065AF0A4EF48A1C43F4820A4C23660E4C06
S214026B9023780133DBB2022B23707FF457AF002336
S214026BA0013129601370237050E700BFD41C002007
S214026BB00050084600500840005008440020044098
S214026BC0781C0020322000203120002053B94AB918
S214026BD0002908BF00281CBF4FF0FF314FF0FF30DE
S214026BE000F06AB9ADF1080C6DE904CE00F006F8C3
S214026BF0DDF804E0DDE9022304B070472DE9F04732
S214026C00089D0C46002B4ED194468C458646B2FA19
S214026C1082F262D94AB1C2F12003914020FA03F30C
S214026C200CFA02FC194300FA02FE4FEA1C471FFA4E
S214026C308CF6B1FBF7F44FEA1E4307FB141143EA46
S214026C40014304FB06F199420AD91CEB030304F143
S214026C50FF3080F01381994240F21081023C634477
S214026C60591A1FFA8EF3B1FBF7F007FB101143EA2D
S214026C70014300FB06F69E420AD91CEB030300F111
S214026C80FF3180F0FD809E4240F2FA806344023873
S214026C909B1B40EA044000211DB1D3400022C5E9F7
S214026CA00032BDE8F0878B4205D90DB1C5E9000177
S214026CB000210846F5E7B3FA83F1002946D1A3423C
S214026CC002D39042C0F0F180861A64EB03030120DF
S214026CD0002DE6D0C5E90063E3E7002A40F0918084
S214026CE0A1EB0C044FEA1C481FFA8CF70121B4FBF7
S214026CF0F8F64FEA1E4308FB164443EA044307FB32
S214026D0006F0984208D91CEB030306F1FF3402D2C0
S214026D10984200F2CE8026461C1A1FFA8EF3B4FB67
S214026D20F8F008FB104443EA044300FB07F79F42CF
S214026D3008D91CEB030300F1FF3402D29F4200F293
S214026D40B1802046DB1B40EA0640A5E7C1F12006DB
S214026D508B4022FA06F71F4320FA06FC04FA01F3D8
S214026D6043EA0C03F44000FA01F8380C4FEA1349E0
S214026D70B4FBF0FE1FFA87FC00FB1E4449EA0444FB
S214026D800EFB0CF9A14502FA01F20AD93C190EF1E2
S214026D90FF3A80F08580A14540F28280AEF1020E75
S214026DA03C44A4EB09041FFA83F9B4FBF0F300FB9E
S214026DB0134449EA044403FB0CFCA44507D93C19D6
S214026DC003F1FF3068D2A44566D9023B3C4443EA4D
S214026DD00E40A0FB0293A4EB0C049C42CE469C46BB
S214026DE052D34FD055B1B8EB0E0364EB0C0404FA41
S214026DF006F6CB40CC401E43C5E900640021BDE840
S214026E00F087C2F1200320FA03F10CFA02FC24FAFE
S214026E1003F394400C434FEA1C4800FA02FE1FFAA2
S214026E208CF7B3FBF8F008FB1031230C43EA01435E
S214026E3000FB07F1994208D91CEB030300F1FF3669
S214026E402CD299422AD9023863445B1AA4B2B3FB05
S214026E50F8F108FB113344EA034401FB07F3A342AB
S214026E6008D91CEB040401F1FF3613D2A34211D950
S214026E7002396444E41A41EA004138E70446EFE680
S214026E80084605E7C845ADD2B9EB020E63EB070C20
S214026E900138A7E73146EDE7034698E73046D4E7E0
S214026EA0D6467EE7634402384CE706462346084643
S214026EB00EE7023E63442FE7704700BF024B0A46C6
S214026EC0014618680CF001B9140C002008B5064BF0
S214026ED0044613B10021AFF30080044B1B6803B1D4
S214026EE09847204602F052FB00000000501E002089
S214026EF0024B0146186800F02DB800BF140C0020A3
S214026F00024B0146186800F085BA00BF140C002038
S214026F1070B50F4E0C463168054611B900F034FACA
S214026F2030602146284600F02FFA431C03D14FF06A
S214026F30FF34204670BDC41C24F00304A042F8D0DF
S214026F40211A284600F020FA0130F2D1EFE700BFFE
S214026F50101D00202DE9F041CD1C25F00305083553
S214026F600C2D38BF0C25002D064601DBA94204D99C
S214026F700C2333600020BDE8F081314F00F062F848
S214026F803B681C4644BB29463046FFF7C1FF431CFC
S214026F90044650D13C682146002941D1002C44D0F9
S214026FA02368304604EB030800F0EEF980453CD136
S214026FB021686D1A29463046FFF7AAFF013034D001
S214026FC023682B4423603B68002B36D05A68A242C3
S214026FD029D100225A600EE02268521B1DD40B2AC9
S214026FE016D96119A342256018BF5960636808BFA5
S214026FF0396062514B60304600F02AF804F10B000B
S214027000231D20F00700C21AB5D01B1AA350B2E700
S214027010A3426268DED13A60EDE723466468B1E7D0
S2140270200C464968B8E71346CEE70C233360304671
S21402703000F00EF89EE70560DDE75B60FFDE00BF4E
S214027040141D002001480CF0E8B800BF33200020D1
S21402705001480CF0E3B800BF33200020002310B52F
S2140270600446C0E90033C0E9043383608181436685
S214027070C2818361194608225C300CF0C5F80D4BBC
S21402708063620D4BA3620D4BE3620D4B23630D4B04
S21402709024629C4206D003F16802944202D0D033A6
S2140270A09C4205D104F15800BDE810400CF0B4B87B
S2140270B010BD00BF2F310300513103008931030098
S2140270C0AD310300181D0020024A034903480CF0A4
S2140270D010B800BF080C00206F340300180C002004
S2140270E041680C4B994210B5044601D00CF0BFF92A
S2140270F0A168094B994202D020460CF0B8F9E16823
S214027100064B994204D02046BDE810400CF0AFB9B9
S21402711010BD00BF181D0020801D0020E81D0020A5
S21402712010B50B4B0B4C0C4A1A6020460022042169
S214027130FFF794FF04F1680001220921FFF78EFF92
S21402714004F1D0000222BDE810401221FFF786BFEC
S214027150501E0020181D0020C970020001480CF0C5
S2140271605CB800BF3420002001480CF057B800BFBE
S2140271703420002010B50446FFF7F0FF236A1BB147
S214027180BDE81040FFF7F0BF044B2362044B1B68B8
S214027190002BF5D1FFF7C4FFF2E700BFE170020053
S2140271A0501E00202DE9F7431D46574B1F68044624
S2140271B00E46904627B13B6A13B93846FFF7DAFF08
S2140271C0B8F1020F06D0B8F1010F00F29A80002D36
S2140271D0C0F29780636ED90705D4A3899A0502D4B4
S2140271E0A06D0CF01AF8214638460CF040F9616B97
S2140271F041B104F14403994202D0384600F00AF93C
S214027200002363630023A3616360A3891B0603D57F
S2140272102169384600F0FEF8A38923F44A6323F076
S2140272200303B8F1020FA38161D001AB6A4621467F
S21402723038460CF044F9A3891843A0812DBB009D63
S2140272402846FFF755FE0646002852D1DDF8009084
S214027250A94540D14FF0FF35B4F90C3043F0020295
S214027260A2810022A26004F147022260226101226A
S2140272706261626ED60704D4980502D4A06D0BF044
S214027280CDFF284603B0BDE8F083002ED8D03B6A77
S21402729013B93846FFF76EFFB8F1010F08BFA3898E
S2140272A0266004BF43F00103A381B4F90C3013F047
S2140272B00802C4E904651ED0D90741BF00226D4208
S2140272C0A260A56158BFA560626ED20701D49B0575
S2140272D013D50025D5E74846FFF70AFE06460028DE
S2140272E0B8D0A38943F08003A3814D46CFE700259B
S2140272F0B2E7A946F5E7A260E6E7A06D0BF08EFFBF
S214027300E7E74FF0FF35BCE7140C00200B460349B5
S21402731002460868816800F0C7B800BF140C002057
S21402732038B5064D0023044608462B6002F02CF9B9
S214027330431C02D12B6803B1236038BD541E0020C3
S21402734038B5074D04460846114600222A601A46FA
S21402735002F024F9431C02D12B6803B1236038BD26
S214027360541E002038B5074D044608461146002232
S2140273702A601A4602F014F9431C02D12B6803B1A4
S214027380236038BD541E002038B5064D002304463F
S21402739008462B60E5F7BCFF431C02D12B6803B1FD
S2140273A0236038BD541E002038B5074D04460846F3
S2140273B0114600222A601A4602F000F9431C02D146
S2140273C02B6803B1236038BD541E002070B50D4DE6
S2140273D00D4C641BA4100026A64209D10B4D0C4C82
S2140273E00CF02EFE641BA4100026A64205D170BD2A
S2140273F055F8043B98470136EEE755F8043B9847A4
S2140274000136F2E7240D0020240D0020240D002072
S214027410280D002038B50546002941D051F8043C15
S2140274200C1F002BB8BFE418FFF70CFE1D4A1368AA
S21402743033B9636014602846BDE83840FFF708BEDB
S214027440A34208D9206821188B4201BF19685B68DD
S21402745009182160EDE71A465B680BB1A342FAD918
S21402746011685018A0420BD120680144501883427C
S2140274701160E0D118685B68536008441060DAE770
S21402748002D90C232B60D6E7206821188B4204BF52
S21402749019685B68636004BF091821605460CAE714
S2140274A038BD00BF141D00202DE9F04F0D469DB0DB
S2140274B014469846064618B1036A0BB9FFF75AFEF9
S2140274C06B6ED90705D4AB899A0502D4A86D0BF06A
S2140274D0A4FEAB891B0701D52B699BB9294630460A
S2140274E000F026FA70B16B6EDC0704D54FF0FF3061
S2140274F01DB0BDE8F08FAB899805F7D4A86D0BF0E8
S2140275008DFEF3E70023099320238DF82930CDF86A
S2140275100C803023DFF8AC818DF82A304FF0010959
S21402752023469A4613F8012B0AB1252AF9D1BAEB5B
S214027530040B0BD05B462246294630460BF094FEDF
S214027540013000F0A780099A5A4409929AF800304E
S214027550002B00F09F8000234FF0FF32CDE9052379
S2140275600AF1010A049307938DF853301A9354468E
S214027570052214F8011B5348E4F7D2F9049AD8B945
S214027580D10644BF20238DF85330130744BF2B2364
S2140275908DF853309AF800302A2B15D0079A5446A5
S2140275A000204FF00A0C214611F8013B303B092B14
S2140275B04BD9B0B1079214E0A0EB080309FA03F323
S2140275C013430493A246D2E7039B191D1B6803913B
S2140275D0002BBBBF5B4242F0020207930793B8BF81
S2140275E0049223782E2B0AD163782A2B32D1039B5E
S2140275F01A1D1B68039243EAE37302340593DFF80D
S214027600D4A0217803225046E4F78AF938B1049BC5
S214027610A0EB0A004022824013430134049314F87C
S214027620011B29488DF828100622E4F779F900286C
S2140276303FD0264B1BBB039B073323F007030833BD
S2140276400393099B3B4409936AE70CFB02320C4600
S2140276500120A8E700230134059319464FF00A0CCF
S214027660204610F8012B303A092A03D9002BC6D03F
S2140276700591C4E70CFB012104460123F0E703ABA6
S21402768000932A46124B04A93046AFF30080074601
S214027690781CD6D16B6ED90705D4AB899A0502D46D
S2140276A0A86D0BF0BBFDAB895B063FF51FAF0998D3
S2140276B01EE703AB00932A46054B04A9304600F0AA
S2140276C00BF8E4E7DE700300E87003000000000039
S2140276D069320300E47003002DE9FF470F7E0C9E1B
S2140276E0782F914680460C469A4601F1430207D807
S2140276F0622F0AD8002F00F0DD80582F00F0C380DA
S21402770004F1420684F842703AE0A7F16303152BAF
S214027710F6D801A151F823F07177020085770200AE
S214027720017702000177020001770200017702006A
S21402773085770200017702000177020001770200D6
S214027740017702009B780200137802005378020049
S2140277500177020001770200BD780200017702007D
S2140277601378020001770200017702005B780200BC
S21402777033681A1D1B68326004F1420684F84230F0
S2140277800123A8E031682368081D30601E0601D573
S2140277900D6803E05D06FBD5B1F900506168002D67
S2140277A078DA2D20002984F84300A1602DDA5E489D
S2140277B06D420A231646B5FBF3F103FB1157C75D6C
S2140277C006F8017D2F46BB420D46F4D9082B0BD195
S2140277D02368DF0708D5236961689942DEBF302334
S2140277E006F8013C06F1FF36921B2261CDF800A096
S2140277F04B4603AA214640460BF048FD01306FD1A6
S2140278004FF0FF3004B0BDE8F08723F00403236096
S214027810CDE721683368080653F8045B02D44906AC
S21402782048BFADB26F2F4048336014BF0A23082307
S214027830002184F843106668A660002EBADB216831
S21402784021F004012160002DB4D1002EB2D11646DB
S214027850BCE7236843F0200323603448782784F883
S2140278604570236831681F0651F8045B02D45F0630
S21402787048BFADB23160D90744BF43F0200323604E
S2140278801DB11023D4E72848E9E7236823F0200334
S2140278902360F6E724480A23CDE733682568616942
S2140278A0181D30602E061B6801D5196002E06806B6
S2140278B0FBD5198000232361164697E733681A1D05
S2140278C032601E68626800213046E4F729F808B183
S2140278D0801B606063682361002384F8433085E779
S2140278E02369324649464046D047013088D023684D
S2140278F09B0714D4E068039B9842B8BF184681E7FA
S2140279000123324649464046D04701303FF478AF1D
S2140279100135E36803995B1AAB42F1DCEAE700251E
S21402792004F11906F5E700BFEF70030000710300CB
S21402793038B5294B054618680C4618B1036A0BB9C8
S214027940FFF718FCB4F90C30190722D4DA0607D46C
S21402795009222A6043F04003A3814FF0FF3033E050
S214027960580712D5616B41B104F14403994202D023
S2140279702846FFF74FFD00236363A38923F0240301
S214027980A3810023636023692360A38943F008036D
S214027990A38123694BB9A38903F42073B3F5007F4F
S2140279A003D0214628460BF0B0FDB4F90C3013F094
S2140279B001020AD00022A26062695242A2612269D2
S2140279C042B913F08000C5D138BD990758BF626925
S2140279D0A260F4E70020F7E7140C002038B5074D44
S2140279E000230446084611462B6001F0D0FD431CD6
S2140279F002D12B6803B1236038BD00BF541E00209D
S214027A0038B5064D0023044608462B6001F0C4FD37
S214027A10431C02D12B6803B1236038BD541E0020DC
S214027A20C0F3C7537F3B162B07EE900A20F00041A7
S214027A302FDC002B16DB1C491941084226D09FED8D
S214027A401B7A37EE877AB5EEC07AF1EE10FA1DDDB4
S214027A50002804DD4FF4000242FA03F3184420EA39
S214027A60010070479FED117A37EE877AB5EEC07A3D
S214027A70F1EE10FA0ADD002813DBB7EE007A0029D1
S214027A8014BF17EE100A17EE900A704717EE900A08
S214027A907047B1F1FF4FF9D377EEA77A17EE900A47
S214027AA070474FF000407047FFFF7F00CAF24971EF
S214027AB0094A5168C84390FAA0F048B1B0FA80F07B
S214027AC0042805DC012383400B43536040B2704711
S214027AD04FF0FF30704700BF801E0020034B044863
S214027AE000212822C3E900110BF08EBB801E002065
S214027AF0581E002038B50546FFF7DAFF044604484C
S214027B00294600EBC4000BF0D1FD204638BD00BF6D
S214027B10581E0020C3B2042B10B515D80B4A0423F6
S214027B2003EBC003134453E8002F0A4343E8002440
S214027B30002CF8D101220649824051E8003F134347
S214027B4041E800300028F8D110BD00BF581E0020C2
S214027B50801E0020F7B51A4A1A491B4D012608272F
S214027B604FF0040C106800B30B7806FA03F42042B8
S214027B701DD0E04352E8004F044042E8004EBEF1FA
S214027B80000FF7D117FB03C32B4453E8000F43E85B
S214027B9000E4002CF9D1019048B108780B4901AAFB
S214027BA005EBC0000BF0BEFD012003B0F0BD0B7864
S214027BB0506883423ABF0133DBB200230B70D1E731
S214027BC0801E002035200020581E002078563412D1
S214027BD0024B1868003818BF01207047801E00202C
S214027BE010B5044600F07CFF074B1B684BB1DB6800
S214027BF01B1B002BCCBF0024012400F077FF20467D
S214027C0010BD1C46F9E700BF981E002038B5054691
S214027C1000F066FF094B1A684FF0FF341AB900F0FD
S214027C2065FF204638BDD2E903310B445B1B23F0C7
S214027C3000439C42526828BF1C46EFE7981E00206D
S214027C402DE9F84F0C9F9DF82CA00E461546994636
S214027C50804608B103687BB937B129463046B84733
S214027C6040F20340BDE8F88F002DF9D0002EF7DB76
S214027C70284600F009FCF3E700F032FF8346504640
S214027C8000F0F0F90446584600F030FF8CB947B1D0
S214027C9029463046B8470320314600F0BBFB1A207F
S214027CA0E0E7002DF7D0002EF5DB284600F0ECFBCF
S214027CB0F1E7C4F80080DFF878800A9B656100254A
S214027CC0C4E90797A660236184F818A0D8F80030A4
S214027CD06560984709EB000600F002FF0746124867
S214027CE0E6600268114631B1CB689B1B002B13DBA2
S214027CF0CB689E4210D09DB90C4B626004601C6833
S214027D002CB1D8F800309847FFF780FFA0473846D6
S214027D1000F0ECFE0020A5E74B680D461946E2E7A8
S214027D206B6863606C60F2E7981E0020881E002075
S214027D30901E00202DE9F74FDFF884B081460D46ED
S214027D4092461E4600F0CCFEDBF8004001904FF053
S214027D5000082CB9019803B0BDE8F04F00F0C6BE8B
S214027D6023684B451CD12DB1A3682A6823F0004333
S214027D70934215D17EB96368B8F1000F13D1CBF8E0
S214027D8000300D4B1F6887B10C4A12689047FFF708
S214027D903DFFB84709E060695146B0470028EAD07F
S214027DA0A0466468D5E7C8F80430676820460BF03A
S214027DB039FC3C46CDE700BF881E0020901E0020FE
S214027DC0981E0020014B1860704700BF881E0020D6
S214027DD070B50B4B04460E4615461978094A0A48F2
S214027DE00CF0B5F8094A00231360094A1660094ADE
S214027DF02421156007202246BDE8704000F0B4B882
S214027E004E2000201171030036200020981E00200C
S214027E10901E00208C1E00207FB5044618460023C4
S214027E2003930A4B1B680D46164613B9212004B06D
S214027E3070BD03A998470028F8D10090039B3246EC
S214027E40294620460BF021FCF1E700BF8C1E0020DD
S214027E50F8B5054610200F46164600F0F7FA0A4B0C
S214027E600446187818B1102221460CF073F844B173
S214027E700123E3602B682360C4E9017600202C60AE
S214027E80F8BD1A20FCE700BF362000202DE9F84393
S214027E90264FDFF8A880264D38603868FFF7A0FE28
S214027EA030B9244B1B689847BDE8F843FFF7AEBECF
S214027EB000F016FED8F800400646ECB16368C8F833
S214027EC000301D4BD3F80090B9F1000F0CD100F032
S214027ED00DFEA3682C6033F0004311D128680BF026
S214027EE0A1FB00232B60D8E7124B1B689847FFF7CD
S214027EF08DFEC8473046EAE700F0F8FD2C60CCE776
S214027F002368002BEAD018680028E7D0A26832F06F
S214027F100043E3D0D0E90069636921688068C847F6
S214027F200028DBD1002ED9D03046EFE79C1E002079
S214027F30941E0020901E0020881E0020981E0020FE
S214027F4038B504460D4600F0CBFD064B1B683BB128
S214027F50DA6922601B692B60BDE8384000F0C6BDB6
S214027F602360F8E7941E00202DE9F74FDFF88C9087
S214027F70DFF88CB009EB001503314FEA001A4FF612
S214027F80FC770F400024DBF800306A8029F80A707C
S214027F908046EC6002FB07F01646984717FB06F28F
S214027FA092B2034668602A8108B300921148124AC8
S214027FB09BF8041052F8282040440BF0C9FF2146D3
S214027FC02A8968680BF020F9214623469E4206DC81
S214027FD0D1440020A9F8026003B0BDE8F08F6A68B9
S214027FE0E86850505418EC6001333944EEE71A2022
S214027FF0F2E700BF3720002010720300B0170020FF
S214028000A01E002070B50B4E06EB001504466968EC
S21402801039B1094B2A89185C0BF09BFF686800F09F
S21402802033FA06EB04101022BDE8704000210BF074
S214028030EBB800BFB017002037200020044B1960B1
S2140280401A7198600201002102480BF0DDB800BFE9
S214028050A01E0020B0170020014B185C704700BF1E
S2140280603720002070B50A4C04EB00130601DD68C9
S214028070084B185C18B1A25B29460BF06BFF2DB1BA
S21402808034442B68E3606388013B6380284670BDF6
S214028090B017002037200020024B03EB001398781D
S2140280A0704700BFB0170020094B03EB001310B453
S2140280B05A88DC680C600132D9605A80054B185C1D
S2140280C018B15DF8044B0BF046BF5DF8044B7047E1
S2140280D0B017002037200020044A010102EB0013EB
S2140280E0505A10B11B89B3FBF0F07047B01700204E
S2140280F038B5164B164D00241C70164B2C601C60AF
S214028100154B6C6020461C70AC60FFF7E5FF80B232
S214028110A0F10E036B80A0F11403013068812046A3
S214028120EB80FFF799FF0D4D0D4A0446014628469F
S2140281300BF00DFF2146681E0A4A0BF008FF214687
S214028140681C094ABDE838400BF001BF4C200020ED
S2140281500C1F0020C41E00204B20002049200020B7
S214028160547203005D7203006772030070B5044622
S21402817080B300F0B5FC63796FF3820363712379F1
S21402818013F01006054605D010232371BDE8704093
S21402819000F0ACBC03F003030F4931F82320013A88
S2140281A021F8232030462146FFF77EFF0B4B0C4E6C
S2140281B01C681CB90A4B28461C70E7E7237A1BB9D1
S2140281C033781BB92468F4E7012BFBD16368204699
S2140281D09847F7E770BD00BF0C1F0020C41E0020A2
S2140281E04C20002010B5044600F07AFC034B1A68B7
S2140281F022601C60BDE8104000F078BCC41E00205F
S21402820010B5064B1A78541C1C70054B00F0E000A3
S21402821003F8320003EBC203596010BD4B20002066
S214028220AC1E00202DE9F04F4607044689B048BF31
S21402823000F0F704634F049204F00306029100F084
S2140282404FFC07EB860337F826205B889A4204F039
S214028250EF0A81464FEA860831D20020FFF702FF76
S214028260054640B337F826304846013327F826300D
S21402827000F03CFC28460BF0D9FC029B029AAB713C
S214028280049B85F804A01344EB7100F029FC4E4BC6
S2140282901C680746002C40F08C80384600F026FC0E
S2140282A04A4B985D18B1452229460BF053FE2846E4
S2140282B009B0BDE8F08F464B01221A70484600F01E
S2140282C015FC25071DD51F2C1BD904F0E0030393CC
S2140282D000F006FC07EB080337F826805B88DFF819
S2140282E0F89098452CBF00230123019300F0FEFB73
S2140282F007EB86034FF0000B0593364B1B789B4526
S21402830008D384F004005146C0F3800000F082F8DF
S2140283100025C5E799F80030039A1A4204D0D9F826
S2140283200480D8F8003023B90BF1010B09F10809D3
S214028330E3E707935A79D00708D51A79510705D586
S214028340019941B98AEA0202920704D098461B684C
S214028350002BEFD1E5E740460BF0CDFA0579079002
S21402836007A80BF0AAFA2946002000F053F800F0FE
S214028370B7FB059B37F826205B889A4234BF012359
S21402838000230546019309D20020FFF76BFE0790F3
S21402839058B137F82630013327F82630284600F041
S2140283A0A5FB079D002DBCD064E7094B01221A707D
S2140283B0F4E7237A012B02D16368204698472468A3
S2140283C068E700BF0C1F0020C41E002048200020C3
S2140283D04C2000204B200020AC1E0020014B002227
S2140283E01A607047C81E002010B5044600F078FBDD
S2140283F0074A13682BB914602360BDE8104000F0EA
S21402840075BBA34202D01A461B68F3E710BD00BF35
S214028410C81E0020064B70B51C6805460E4604B9F9
S21402842070BD63683146284698472468F7E700BF60
S214028430C81E0020024B034A197803480BF087BD7A
S2140284404D200020747203004E20002038B5C41C54
S21402845024F00304204601F038FB0A4B0546187840
S21402846018B1224629460BF075FD2DB92146022089
S214028470FFF7D0FF284638BD2246002128460AF0DC
S214028480C3FEF7E74E20002010B5044628B1054B80
S214028490187810B121460BF05EFD2046BDE810406C
S2140284A001F031BB4E20002038B50B4C0B4B206838
S2140284B000251D7028B102F048FA2068FFF7E4FF95
S2140284C02560074C206830B102F0AAFC2068FFF74E
S2140284D0DBFF0023236038BDD01E00205020002082
S2140284E0CC1E00202DE9F341224F3B78002B3FD1D2
S2140284F0214B224E1978224A224C30460BF027FD99
S21402850001F0D4FA0546FFF7A1FF01462060307855
S21402851010B12A460BF01EFD236883B101F0C8FA9B
S2140285208046FFF793FF184D01462860307810B159
S21402853042460BF00FFD2B682BB9FFF7B5FF1A204A
S21402854002B0BDE8F081206802F0EEF92868EAF78A
S2140285502BFE002300932A680C49206802F009FAD1
S21402856020B1FFF7A1FF40F20740E9E701233B7085
S2140285700020E5E7502000204E2000204F2000205B
S2140285807E720300D01E0020CC1E00206BAE0200BE
S21402859038B50C4B1B7804460D465BB10A4B224697
S2140285A01868294602F084FA002840F2074008BFFD
S2140285B0002038BD05490648FFF794FF0028EDD095
S2140285C0F7E700BF50200020D01E0020EFBEADDE31
S2140285D0BEBAFECA704708B501F04CFAE3F72CFBA8
S2140285E001F055FAFFF7F6FFE9F7F6F8F8E713B5E4
S2140285F00446694601A8E4F717FB0A22009B93FB90
S214028600F2F3238002B010BDF1F770B908B5E9F7AE
S2140286103DFFBDE80840F3F72DB910B50446E4F770
S214028620DDF92046E3F786FF2046E3F723FB10BD7D
S2140286300120704700B5C3B0F1F7EAF805F0F2FB87
S21402864048B1FFF7F5FF30B101A806F087FA10B976
S21402865001A8FFF7E2FF43B05DF804FB704708B5D8
S214028660E4F766FEE4F7E8F8E4F76AF9BDE80840DE
S214028670E4F7F0BC08B500F06CF8E9F7B1FBE8F7F0
S214028680F5FB00F0E1FDE8F7B5FEBDE80840E4F7CB
S2140286903DB908B5E7F77AF800F029FCE7F786F85F
S2140286A0BDE80840FFF7B2BFE4F70CBB7047E4F73B
S2140286B02DBCFFF7BFBF7047E4F736B901207047FD
S2140286C00120704738B5E4F75BFC0546F1F7C8F8B9
S2140286D0041E18BF2C46FFF7F1FF002818BF2046DD
S2140286E038BD38B5E9F77EF90446E4F73FFC0428BE
S2140286F01ED002284FF0000508BF012405F0D4FB67
S214028700042817D0022808BF0124E4F713F9042826
S21402871012D0022808BF0124FFF7D2FF04280DD08A
S214028720022808BF0124002D18BF0024204638BDA9
S2140287300125E3E70125E8E70125EDE70024F5E753
S21402874082B002AB03E90300012002B07047704713
S21402875070470F207047082808B517D00CDC02288F
S21402876003DC002803DC0E2008BD0428FBD101230D
S2140287700422092105200DE020280FD0402811D020
S2140287801028F0D1012304220E21F3E7012304224C
S2140287900A211846E6F792FA0020E5E701230422AA
S2140287A00821E7E7012304220A21E3E7082808B59F
S2140287B017D00CDC022803DC002803DC0E2008BDE0
S2140287C00428FBD100230422092105200DE02028DD
S2140287D00FD0402811D01028F0D1002304220E21F9
S2140287E0F3E7002304220A210120E6F767FA0020B5
S2140287F0E5E7002304220821E7E7002304220A21F2
S214028800E3E770B5002506462C46052C20D8DFE89F
S21402881004F003070B0F13175B210820E4F7EEFDA5
S2140288200C210820E4F7EAFDD1210820E4F7E6FD52
S21402883080210820E4F7E2FD00210820E4F7DEFDAF
S214028840294608206C1CE4F7D9FDE4B22546062426
S214028850A4F10E03012B05D85A210820E4F7CEFD19
S2140288600134D2E7102C05D1BDE870405D21082006
S214028870E4F7C4BDB31F195DEFE707B520F07F40EC
S21402888040EA81700123019068460093FFF7B9FF22
S21402889003B05DF804FB10B588B0144604228DF8C8
S2140288A004300DEB0203049301234900ADF81430A3
S2140288B002ABADF80C10069303A90223ADF80E2006
S2140288C0ADF81C30E4F720FE50B99DF809309DF84B
S2140288D0082003F0FC0303EB0223236008B010BD5C
S2140288E000233120F9E72DE9F0411D46E52307462E
S2140288F088461646FFF7CFFFC0B9346843F60953D9
S2140289005C43640BA4F5BB54103C3460E0232A4657
S21402891041463846FFF7BFFF40B9296845F2CD53B6
S21402892059434913A1F5374102392960BDE8F08160
S21402893010B588B00423ADF80E304CF6FC13ADF833
S214028940003002234900ADF8143001ABADF80C102C
S214028950069303A908231446CDF810D0ADF81C30B0
S214028960E4F7D2FD38B914B9012008B010BD9DF85D
S21402897004302370F8E70020F7E770B500220546BA
S2140289800E46FFF7D5FF044660B95020E9F70CFB08
S214028990224631462846FFF7CBFF80F00100C0B2E0
S2140289A0000170BD0020FCE7FEE74FF40040704770
S2140289B04FF47A70704700230360704703680B60B9
S2140289C0016070474FF060420123D2F8001E8340D8
S2140289D00B43C2F8003E002070474FF06041012270
S2140289E0D1F8003E824023EA0203C1F8003E00208E
S2140289F07047D0E900031847437810B5012204787F
S214028A000C219A40302313FB0413817803F1804330
S214028A1003F5204319B903F180631A6010BD03F110
S214028A20C063FAE7437810B5012204780C219A4015
S214028A30302313FB0413817803F1804303F52043AC
S214028A4019B903F1C0631A6010BD03F18063FAE737
S214028A504178037801228A4030214B4303F1804358
S214028A6003F520439A617047024600780C213023B2
S214028A7013FB001303F10473517803F5204301EB53
S214028A80C3039B0018689378C0B213B9B0FA80F09B
S214028A904009704710B588B004460E9807900D98A6
S214028AA006909DF8300005900B9804909DF82800DB
S214028AB003900020CDE9013000920B4622460121A8
S214028AC0E4F74CFD08B010BD08B5E5F765F80130CF
S214028AD008BDEFF3108072B6704700B962B67047F1
S214028AE0EFF31180602383F31188704780F31188B7
S214028AF0704784B00B6800934B6801938B680293AF
S214028B00CB680393009B0360019B0360029B036098
S214028B10039B03600023009301930293039304B024
S214028B20704784B003680093036801930368029356
S214028B3003680393009B0B60019B4B60029B8B6058
S214028B40039BCB600023009301930293039304B02C
S214028B50704730B5D1E90223D1E9005405600460BC
S214028B600260036030BD30B50568046802680368B9
S214028B70C1E90054C1E9022330BDFFF7EABF7FB561
S214028B808A0704460B4610D06D4601F11006186897
S214028B9059682A4603C20833B3421546F7D16946D6
S214028BA02046FFF7D6FF04B070BD0091009904B0CE
S214028BB0BDE87040FFF7CDBFFFF7D5BF30B58B07D6
S214028BC085B00C4610D06946FFF7CDFF0D4623460A
S214028BD004AC2A4603CAA24218605960154603F13D
S214028BE00803F6D105B030BD0091009905B0BDE886
S214028BF03040FFF7B8BF10B5FFF7ABFFBDE8104037
S214028C001031FFF7A6BF10B5FFF7ADFFBDE8104065
S214028C101031FFF7A8BF10B5FFF79BFF0C461031C7
S214028C20FFF797FF04F12001FFF793FF04F13001ED
S214028C30BDE81040FFF78DBF00F1424303F58013F5
S214028C40102A10B54FEA43130AD101221A6000F522
S214028C508870FFF74EFF1031BDE81040FFF749BF9E
S214028C6000221A602430F7E7F0B50B46990789B060
S214028C70044615462DD0082A19D16D4603F1100672
S214028C80186859682A4603C20833B3421546F7D114
S214028C90082269462046FFF7CFFF03226B460020D4
S214028CA0013A186003F10403FAD209B0F0BD6E4629
S214028CB003F1200718685968324603C20833BB42DC
S214028CC01646F7D12A4669462046FFF7B5FF072221
S214028CD0E4E70093009909B0BDE8F040FFF7ACBFA7
S214028CE0436823F01F030E290BD8DFE801F00808BB
S214028CF00808080B0B0B080808080B0B0B00194397
S214028D0041607047194341F01001F9E710B5203071
S214028D10FFF707FF102A04D1BDE810401031FFF715
S214028D2000BF10BD30B58B0789B00C46154625D05E
S214028D306946FFF7EBFF082D6A4613D104AD1346CA
S214028D4003CBAB42206061601A4604F10804F6D1F8
S214028D5003226B460020013A186003F10403FAD29C
S214028D6009B030BD08AD134603CBAB42206061604C
S214028D701A4604F10804F6D10722EAE700910099A0
S214028D8009B0BDE83040FFF7C1BF70477047704773
S214028D90E5F724BCE5F7B4BB70B505460E461446A7
S214028DA0FFF797FE2B685C4034405C402C60BDE8C1
S214028DB07040FFF792BE00F1424000F5801040017D
S214028DC001607047E6F76EBACB435B0003F00A0316
S214028DD0C360C160704738B5E6F7AAFB8B7C0446D1
S214028DE00D461BB1036843F080430360EB7C1BB166
S214028DF02B7D43F08003A3652A8A6B7B1343EA89A3
S214028E00134363602B7BD5E901122046E6F74CFB41
S214028E106B7D1BB1236843F480332360AB7D1BB1AB
S214028E20236843F400432360EB7D2A7E1B0712056A
S214028E3002F4E00203F0E04313432366636F23F079
S214028E4030036367626F6B7E134363672B78E3605E
S214028E5038BD38B5E6F76CFB0B8A026843F00103AF
S214028E6013438A7B43EA8223036003680A7D43EA4C
S214028E70427303608B7C04460D461BB1CB7C43F0E9
S214028E80800383652B7B43F480536360D5E901122C
S214028E902046E6F73BFB6B7B0BB11023E3606B7D52
S214028EA01BB1236843F480332360AB7D1BB1236878
S214028EB043F400432360EB7D2A7E1B07120503F072
S214028EC0E04302F4E002134323662B78E36038BDE6
S214028ED003695A06FCD5416303699B06FCD5C06943
S214028EE0C0B2704703695B06FCD541637047F8F76A
S214028EF01BBE242200210AF087B918B124220021C1
S214028F000AF082B9704770B515460E462422002133
S214028F1004460AF079F9C02D0DD0B5F5807F01D050
S214028F20802D0BD12046EA0840F8045B31460AF051
S214028F3076F9002070BD6FF07100FBE76FF01F003E
S214028F40F8E72DE9F04114460F4624220021064692
S214028F500AF05AF9C02C3CD0B4F5807F2CD0802C75
S214028F603AD13460E7F718FA0023436003600446F8
S214028F70FFF7AFFD4FF00808054642463946204641
S214028F80FFF772FE2846FFF7A8FD0523A3602569B2
S214028F9015F00205FBD1FFF79CFD4246311D074640
S214028FA02046FFF7BFFE3846FFF797FD2046E7F755
S214028FB0FDF92846BDE8F0813460E7F7EDF90023B5
S214028FC0436003600446FFF784FD4FF01008054631
S214028FD0D3E76FF07100EDE76FF01F00EAE70129B3
S214028FE02DE9F04705460E4692461F463AD80368D4
S214028FF0802B02D0B3F5807F37D1E7F7CDF9002377
S214029000436003600446FFF764FD2946814651F833
S214029010043B802B14BF10220822204604F180084D
S214029020FFF722FE51464046FFF7A9FD4846FFF7E6
S21402903054FD012E0CBF05230623A360256915F0F7
S2140290400205FBD1FFF745FD394606464046FFF7C7
S214029050B5FD3046FFF741FD2046E7F7A7F928465B
S214029060BDE8F0876FF02000FAE76FF07100F7E7CF
S21402907003699B07FCD17047CA880B68032AF0B5C0
S2140290800DD803EB82018B4205D100230132082A58
S2140290900360FBD1F0BD53F8044B0460F3E7072AE4
S2140290A0D3E90076D3E9025413D8076003F110011E
S2140290B0066003EB820305600460994205D1002333
S2140290C00132082A0360FBD1E4E751F8044B04603E
S2140290D0F3E70760066005600460D3E90441D3E95C
S2140290E006230460016002600360D3E7F0B5CA8815
S2140290F0082A89B006460C460DD1FFF7EAFC21681D
S21402910005463046FFF77FFD2846FFF7E6FC0026B9
S214029110304609B0F0BD12D9FFF7DBFC21680546E0
S2140291203046FFF770FD2846FFF7D7FCE288206836
S214029130083A9200002120300AF066F8E7E769460E
S21402914000252B460F46306841F8040B01330028F1
S21402915018BF1D46082BF6D1AA420EDA294620462B
S21402916000F0F1FC06460028D2D12068AA00394653
S2140291700AF055F80123A380CAE720689200394610
S2140291800AF04DF8C3E7CA88072A38B50D460446E2
S21402919009680DD892000AF042F8E888C0F1080281
S2140291A0920004EB80000021BDE838400AF02CB89B
S2140291B001F1200351F8042B44F8042B9942F9D10B
S2140291C038BD0078C31E5842584170470020704789
S2140291D0704710F1860F12D010F1850F0ADA10F1DF
S2140291E0930F0FD010F1870F0CBF6FF073004FF084
S2140291F0FF307047003818BF0120404270476FF0BA
S214029200710070476FF06F00704700F0EEB800F024
S214029210ECB808B5E7F77EFABDE80840FFF7D9BF15
S21402922007B500230193202201ABE7F7F3FA03B058
S2140292305DF804EBFFF7CDBF08B500F022F9002871
S21402924018BF6FF03B0008BD7047F0B591B01546E9
S214029250169C49228DF8202004F10C060DF12102FD
S21402926054F8047B42F8047BB442F9D12478147093
S2140292704FF48074ADF830409DF85C408DF8324073
S21402928004240694189C059410240022049408AC26
S214029290CDE90234CDE900150B461146CDE90D2283
S2140292A08DF82E208DF82F508DF833200F92E6F78A
S2140292B065FF11B0F0BD1FB5079C02949DF81840DB
S2140292C0CDE9003413460A4601460020FFF7BDFFEB
S2140292D004B010BD1FB5079C02949DF81840CDE956
S2140292E0003413460A4601460120FFF7AEFF04B0DB
S2140292F010BD2DE9F8430746B020914688461E4623
S214029300E7F76EF805460023B9F1800F4360414641
S21402931045F8803B14BF1022082204464FF0050889
S214029320FFF7A2FC7FB131462846FFF728FCC4F8B7
S214029330088008992846FFF741FC2046E7F75AF8C6
S2140293400020BDE8F8838C23C4F808803146A36069
S2140293502846FFF714FC0623A360EAE72DE9FF4739
S2140293608046B020894617461E46DDF830A0E7F74D
S21402937037F80546B9F1800F4FF00003436014BF7B
S2140293801022082245F8843B41460446FFF76CFC4F
S2140293900EB331462846FFF7F2FB4823A3600523A7
S2140293A0A3600323394604F1A000A360FFF7E7FB9E
S2140293B00D9904F18000FFF701FCBAF1000F03D00B
S2140293C051462846FFF7FAFB2046E7F713F8002037
S2140293D004B0BDE8F08731461022684609F014FF53
S2140293E069462846FFF7C9FBD7E708B518B16C22CD
S2140293F0002109F009FF002008BD2DE9F8431546B3
S214029400894680461F46E6F7C7FF0023436003608F
S2140294100446FFF75EFBB9F1100F14BF10220822B4
S21402942006464146204604F18008FFF71DFC294601
S2140294304046FFF7A4FB3046FFF74FFBFFF749FB1A
S2140294403946064604F1A000FFF799FB0523A36000
S21402945023699B07FCD408994046FFF7AFFB3046CA
S214029460FFF73BFB089B03F1100253F8041B45F879
S214029470041B9342F9D12046E6F798FF0020BDE888
S214029480F8832DE9F0411C4600230F46164623605A
S2140294904FF0050825682246711B7819E6F7DEFFAD
S2140294A023681D44B542256006D2B8F1010801D0F2
S2140294B00028EFD1BDE8F0810020FBE713B50223B8
S2140294C00024684600948DF804408DF80530E5F7D0
S2140294D037F9204602B010BD70B50C46154610B9D5
S2140294E0E7F7B8FC38B143682BB12A462146006834
S2140294F0BDE870401847232070BDF7B50D461646E6
S2140295001C4648B103B901AC87685FB123463246B0
S21402951029460068B84706E0E7F79CFC04B901ACA8
S2140295200028F1D1232003B0F0BDF8B50C4615464D
S214029530064658B9E7F78EFC20462946FDF7E6FEB2
S2140295400446002CD4BF37200020F8BDE7F782FC83
S21402955086420746F0D03046E7F770FC294620469A
S214029560FDF7D4FE04463846E7F768FCE9E70EB492
S21402957003B503AA52F8041B0192FFF7D6FF02B006
S2140295805DF804EB03B0704700207047FEE74FF427
S21402959000534B6000207047012070470020704740
S2140295A007B5002001AB0190FFF7A7FF019800283E
S2140295B008BF4FF0FF3003B05DF804FB10B5002083
S2140295C01446FFF789FF204610BD034670B190F897
S2140295D0382090F83C002AB1022803D1012283F8F1
S2140295E03C20704704284FF00102F8D00120704753
S2140295F080F82C10704790F82C00704790F83900CD
S2140296007047037A3022534303F1804303F5622303
S214029610D3F89410D0E903231344994214BF0846A2
S21402962010467047F8B590F8393004460D4681B1B9
S21402963073B990F83A60FFF74CFA012105463046B6
S214029640E8F72EF82846FFF748FA012384F839305F
S214029650F8BD002BFCD090F83A70FFF73AFA29468C
S21402966006463846E8F71CF83046FFF736FA84F81E
S2140296703950EDE72DE9F8430446164690F82C805B
S2140296800D46FFF72DFA94F8382003469AB1FFF7F5
S2140296902DFA94F83B90FFF71CFA0121074648463C
S2140296A0E7F7FEFF3846FFF718FAFFF719FA002227
S2140296B0034684F838201846FFF718FA2E44B542B7
S2140296C004D1236A0121204698473CE094F82D30C5
S2140296D023B3FFF705FA237E0746E3B12046FFF7DA
S2140296E090FFE168D4F830C0013888423EBF206956
S2140296F000F1FF30401803469C450BD013F80129B1
S214029700112A01D0132A21D1A2F111035A425A4139
S21402971084F8342020633846FFF7E8F994F83430AA
S214029720002BCCD0B8F1000F06D02B780A2B03D131
S214029730E3690D2120469847E36915F8011B204688
S21402974098470028BBD00020BDE8F883994282BF24
S214029750236903F1FF335B18CEE7F8B590F838308B
S214029760044603F0FF06A3B9036A3146984701236D
S21402977084F8383094F83B70FFF7ABF9314605466B
S2140297803846E7F78DFF2846FFF7A7F9022384F845
S2140297903C30F8BD026CD36C43F00403D3647047CC
S2140297A0026C10B5044613695906FCD500231A4606
S2140297B094F8491094F84800E5F780FA00231A4610
S2140297C094F84B1094F84A00E5F778FA94F850307B
S2140297D0DA0707D5002394F84D1094F84C001A4681
S2140297E0E5F76CFA94F850309B0707D5002394F8F7
S2140297F04F1094F84E001A46E5F760FA206CC36CD8
S21402980023F00103C364C36C23F00403C364002182
S214029810FFF7DAFA606C0021E4F778F9002010BD51
S21402982008B5006CFFF75EFB002008BD036CDA6C1F
S21402983019B142F00102DA64704722F00102DA64DA
S21402984001229A64704738B50468206C056C15F0DE
S214029850010509D00123836403699B060FD52046C0
S214029860BDE83840FFF779BF042384F83C30237EF6
S21402987033B9C36C23F00403C3640123237638BDD3
S214029880637E23B394F82D300BB384F8355013213E
S214029890FFF728FB236CDA6C42F00402DA64DB6919
S2140298A0DBB2112B0ED1012384F83430237A302216
S2140298B0534303F1804303F56223D3F89430013B0C
S2140298C02363DCE7132BDAD184F83450EEE7C36C5B
S2140298D023F00403C364D2E7013A42EA520242EAA0
S2140298E0920242EA121242EA122230B542EA1242C8
S2140298F00132B2F5807F38BF4FF480725442044082
S21402990015198D4205D31C60039B1D60049B1A60CB
S21402991030BD5200F2E708B5E7F7E8FD08BD10B51E
S214029920FFF7D7F80446E7F72FFE2046BDE81040BB
S214029930FFF7D3B87047FFF72BBA7047704701207E
S21402994070474FF41670E7F737BF00230B70704767
S2140299502DE9FF410D4616461F460446A8B14FF0B4
S2140299600008C0F81C80E8F775FABDF82C300293A0
S2140299709DF828304246CDE90073294633462046F4
S214029980E8F7CEF904B0BDE8F0812220FAE7F0B598
S2140299900D4685B016461F46044690B10023C361A5
S2140299A0E8F758FABDF82C3002939DF828302A467C
S2140299B0CDE90073294633462046E8F7B1F905B0EB
S2140299C0F0BD2220FBE7F0B587B01F4600230D4608
S2140299D016468DF817300446A8B1C3610DF117017B
S2140299E0E8F768FA9DF817207AB9BDF83430029382
S2140299F09DF830302946CDE9007320463346E8F715
S214029A008FF907B0F0BD2220FBE70320F9E7F0B597
S214029A1087B01F4600230D4616468DF817300446BB
S214029A20B0B1C3610DF11701E8F744FA9DF817309B
S214029A3083B9BDF8343002939DF830302A46CDE91A
S214029A400073294633462046E8F76AF907B0F0BDA8
S214029A502220FBE70220F9E738B5FFF741F8054672
S214029A60E8F730FC04462846FFF740F8204638BDA3
S214029A70E8F7B8BC08B5E2F797FEFEF7F0FDFEF78A
S214029A80F9FDFEF706FEBDE80840FEF70DBE08B576
S214029A90FEF70CFEFEF70BFEFEF70BFEBDE80840D7
S214029AA0FEF709BE24207047482070474C207047B6
S214029AB04020704708B501F01FFBECF785FD02F069
S214029AC0D5FA03F005F9002008BD38B50446FFF7BD
S214029AD000F805462046FDF70BFA04462846FEF730
S214029AE0FCFF204638BD70B504460E46FEF7F1FF71
S214029AF0314605462046FDF7E1F904462846FEF7BC
S214029B00ECFF204670BD38B50546FEF7E2FF044678
S214029B102846FDF7F5F92046BDE83840FEF7DDBFDA
S214029B2000220123C0E90023704710B5044648B15D
S214029B30006818B1E188890001F04EFA002201237C
S214029B40C4E9002310BD42F21073994270B5044670
S214029B500D4602D96FF00F0070BDC3888B4201D349
S214029B600020F9E704212846FFF7BDFF0646002835
S214029B70F0D0216841B1E288920009F050FBE188FA
S214029B802068890001F028FAE5802660E8E738B503
S214029B9004460D4619B9FFF7C8FF002038BDC28833
S214029BA08A4207D100689200002109F02DFB0123AA
S214029BB0A380F2E7FFF7B9FF29462046BDE8384002
S214029BC0FFF7C1BF884270B505460E4609D0C98860
S214029BD0C28841B92AB1012383809200006809F045
S214029BE013FB002070BD4C1E8CB90134B6F904304C
S214029BF0AB80A24212D221462846FFF7A4FF0028D5
S214029C00F0D131682868A20009F009FBE9E7336859
S214029C1053F82430002BE8D1013CE5E72868121BF4
S214029C209200002100EB840009F0EEFAE9E770B535
S214029C300C4601210546FFF786FF064688B9EA88E4
S214029C4001469200286809F0DFFA84EAE472A2EB81
S214029C50E472E40FC4EBC4342B68640001341A6067
S214029C60AC80304670BDC388B1EB431F3FBF03686C
S214029C704A0901F01F0153F822003ABFC84000F01B
S214029C80010000207047C188006800F0A9BA70B5CC
S214029C900E4612F0030118BF012101EB92010546A0
S214029CA01446FFF774FF38B9E98828682346324617
S214029CB0BDE8704000F0B6BA70BD13460A46C188C9
S214029CC0006800F0D4BA38B504460D46FFF7DBFF4D
S214029CD0E3882844B0EB431F06D82068E1882A466A
S214029CE000F035FB002038BD10F01F0118BF01211F
S214029CF001EB50112046FFF726FF0028EDD0F2E7D1
S214029D000A46C18808B511B1006800F0E2FA0020E0
S214029D1008BD10B5C38823B9CA885AB9ABB10120A9
S214029D2017E0026802EB830252F8042C002AF3D1F1
S214029D30013BF0E70C6804EB820454F8044C0CB9BF
S214029D40013AEAE79342EAD80FD3013B5A1C01D103
S214029D50002010BD026852F823400A6852F82320F9
S214029D609442DCD803F1FF33F0D24FF0FF30F0E735
S214029D7030B5C38823B9CA885AB9002B3DD136E01C
S214029D80026802EB830252F8042C002AF3D1013B4C
S214029D90F0E70C6804EB820555F8045C4DBB013A0B
S214029DA0EAE7B1F9045003D2B1F90400404226E0D2
S214029DB0B0F90420002A03DD002D0CDA01201EE093
S214029DC0002D08DD3AB14FF0FF3018E003F1FF3303
S214029DD00BD2504213E0013B016851F8235054F86D
S214029DE023108D42F2D9104609E0591CF4D1002006
S214029DF005E0002BD8D09342D3D9B0F9040030BD89
S214029E001FB581EAE173A3EBE173C90FC1EBC13160
S214029E104900019301310123ADF80C10ADF80E3064
S214029E2002A901AB0293FFF7A3FF05B05DF804FB9E
S214029E3090422DE9F04105460F46144602D088426C
S214029E4006D127460123FC88AB803CB9002003E0FC
S214029E50FFF7B8FE0028F4D0BDE8F0813B6803EBBC
S214029E6084034FEA840853F8043C0BB9013CECE740
S214029E7021462846FFF767FE0028EDD12E683A688D
S214029E8023463146304600F098FA06EB08030746AA
S214029E90002FDBD0EA88A24204F1010608D8314638
S214029EA02846FFF750FE0028D6D12B6803EB840322
S214029EB01A68D21943F8042B2CBF01270027344610
S214029EC0E6E72DE9F041D48805460E4690463CB9B1
S214029ED0F188A1420ED26FF009073846BDE8F0813C
S214029EE0D8F8003003EB840353F8043C002BEFD180
S214029EF0013CECE72846FFF726FE07460028ECD191
S214029F00F28894420BD2AE4209D028683168121BFE
S214029F10920001EB840100EB840009F080F9EA88E4
S214029F20F088824207D92B68121A9200002103EBAE
S214029F30800009F069F9D8F80020316828682346BD
S214029F4000F051FA024610B90123AB80C5E7296832
S214029F50EB8801EB84011B1B084600F06DFB002812
S214029F60F2D0B8E72DE9F843B2F804C0B1F90440DC
S214029F701CFB04FC6646734381460D4617461CD5F9
S214029F8011462846FFF7C5FEB0F100080DDB3A463B
S214029F9029464846FFF795FF98B9B8F1000F08BF63
S214029FA00124A9F8044000200BE02A464846FFF7A1
S214029FB088FF30B9644224B2F3E7FFF739FF00287E
S214029FC0EFD0BDE8F8830123FFF7CCBF4FF0FF3395
S214029FD0FFF7C8BF1FB582EAE273A3EBE273D20FA4
S214029FE0C2EBC2325200019301320123ADF80C20BB
S214029FF0ADF80E3002AA01AB0293FFF7E7FF05B0F9
S21402A0005DF804FB2DE9F047012386B01646884228
S21402A0104FF00002CDE90223CDE9042307460D46A0
S21402A02006D102A8FFF7CEFD0446002833D102ADC2
S21402A030B74206D1394604A8FFF7C4FD044650BB12
S21402A04004AEB5F80680B8F1000F2ED1B6F8069029
S21402A050B9F1000F33D14FF0010A09EB0801384677
S21402A060FFF771FD0446B0B901463846FFF7DFFD3B
S21402A070044680B9CDF800903368296838684246AD
S21402A08000F08AFABAF1000F22D1AB88B28813FB2D
S21402A09002F31BB2BB8004A8FFF747FD02A8FFF736
S21402A0A044FD204606B0BDE8F0872B6803EB880324
S21402A0B053F8043C002BC9D108F1FF38C3E73368D4
S21402A0C003EB890353F8043C23B909F1FF39BFE7D0
S21402A0D00123DFE7B8FA88FA4FEA5A1ABDE72DE9F4
S21402A0E0F341CF880546884616463FB1D8F8003079
S21402A0F003EB870353F8043C3BB146B900212846DC
S21402A10002B0BDE8F041FFF792BD013FEDE7791CD2
S21402A1102846FFF718FD044670B941462846FFF761
S21402A12051FD044640B9013E0096D8F80020E98861
S21402A13028683B4600F074F9204602B0BDE8F0817C
S21402A14070B504460D46104600211646FFF758FE27
S21402A150002824DB2A46334621460020E8F7DEF9AB
S21402A160054638B1284670BD324621462046FFF7DE
S21402A1702AFF90B900212046FFF742FE0028F3DBB3
S21402A18031462046FFF7F4FD0028EBDB3246214637
S21402A1902046FFF71BFF0028F2D00546E2E76FF0E5
S21402A1A00905DFE7F7B50E1E044615461F4614DB03
S21402A1B01046FFF725FE00280FDDE9882046FFF748
S21402A1C0E6FC40B9089BCDE900733146E3882A686D
S21402A1D02068E8F7B7FB03B0F0BD6FF00300FAE7BC
S21402A1E00139002901DA0020704750F82130002B8F
S21402A1F0F6D0B3FA83F00131C0EB4110704739B1A3
S21402A20001F18041013900EB81018142034600D20F
S21402A21070471B680A681BBA12BA40F8042B41F84A
S21402A2200439F2E72DE9F0411C4613F0030318BF88
S21402A230012303EB94038B4206460D46904613D841
S21402A24079B18F003A46002108F0DEFF2CB1381BA8
S21402A25022464146304408F0E2FF29463046FFF7E0
S21402A260CEFF0020BDE8F0816FF00700FAE7B3EBFF
S21402A270810F70B504464FEA8105104619D95A1B5C
S21402A2808618002108F0C0FF30462B46C21800216F
S21402A2908B4210D1002070BD22F0030102F00306AB
S21402A2A06158F600F140C9B281B90132AA42F3D12F
S21402A2B0ECE71A46FAE721F0030001F003052058FE
S21402A2C0ED00E84002F8010D0131E1E76FF007000A
S21402A2D0E1E7F8B50546500988420C4602F01F062B
S21402A2E001D80AD136B1A20028460021BDE8F840BE
S21402A2F008F08ABF1F2A02D8F8BD1F2A0FD982008B
S21402A30005EB8003291F05EB8407BB421AD1201AEE
S21402A31038BF0022002105EB800008F075FF002EF2
S21402A320EAD005EB84040022C6F12000AC42E3D05A
S21402A33054F8041C21FA06F3134344F8043D01FAC8
S21402A34000F2F3E753F804CB41F804CFDDE71F2A07
S21402A350F8B503460D464FEA521402F01F0613D90B
S21402A3606FF0030000FB04300A46944202F1FF310C
S21402A37013D3621BAC4288BF00222A4418469200BE
S21402A380002108F041FF034636B103EB84030021A7
S21402A390C6F12007AC4206D3F8BD50F8212043F898
S21402A3A021200A46E1E7186800FA06F20A4343F853
S21402A3B0042B013420FA07F1ECE7F0B500248446BA
S21402A3C020469C4200D1F0BD51F8245052F8247029
S21402A3D02E182CBF01250025BF194CF8247045F114
S21402A3E000000134EDE7F0B50024064620469C4204
S21402A3F000D1F0BD51F824C052F82470ACEB000531
S21402A400AF4294BF4FF0000E4FF0010EED1B46F820
S21402A410245084452CBF70460EF101000134E6E755
S21402A4208B422DE9F04728BF0B469646DE08089A6F
S21402A4300446C91A03F0070875460346B4460020C8
S21402A4400CF1FF3CBCF1FF3F03F1200305F12005B0
S21402A45011D104EB46140EEB46164FEA880C06EBB7
S21402A460880E2546764540F081806444013980F0A6
S21402A4708B80BDE8F08755F8207CA2FB079710EB8F
S21402A480090953F8200C47F1000710EB090043F8BE
S21402A490200C55F81C0C47F10007A2FB00093F18D8
S21402A4A053F81C0C49F10009C01943F81C0C55F866
S21402A4B0180C49F10009A2FB000719EB000953F832
S21402A4C0180C47F1000710EB090043F8180C55F872
S21402A4D0140C47F10007A2FB00093F1853F8140CAE
S21402A4E049F10009C01943F8140C55F8100C49F14B
S21402A4F00009A2FB000719EB000953F8100C47F1FC
S21402A500000710EB090043F8100C55F80C0C47F145
S21402A5100007A2FB00093F1853F80C0C49F100098A
S21402A520C01943F80C0C55F8080C49F10009A2FBB7
S21402A530000719EB000953F8080C47F1000710EB67
S21402A540090043F8080C55F8040C47F10007A2FB73
S21402A550000A17EB000953F8047C4AF1000017EBD7
S21402A560090740F1000043F8047C69E756F8043B0B
S21402A570A2FB0337C318286847F10007C31845F83B
S21402A580043B47F100006DE723681B1844F8043BC0
S21402A5902CBF0120002069E72DE9F347DDF828905B
S21402A5A015464A440F46920000210646984608F091
S21402A5B02BFE002405F1010A4C4502D102B0BDE88B
S21402A5C0F08758F82430009306EB84002B463A4670
S21402A5D05146FFF725FF0134EEE72DE9F04712F06A
S21402A5E0030418BF012404EB92048C4206468846F4
S21402A5F017461D464FEA840AC2EB840919D84A4612
S21402A600002108F001FEA8EB04029200002106EBEE
S21402A6100A0008F0F9FD08983A4606EB0901A84731
S21402A620054618B921463046FFF7E9FD2846BDE83B
S21402A630F0876FF00305F9E730B5054610460022AD
S21402A6409A4200D130BD51F82240241A45F82240E1
S21402A65034BF012000200132F2E74822002108F030
S21402A660D3BD10B50446FEF748FC2046BDE81040B0
S21402A670FFF749BA10B524210120FFF734FA044641
S21402A68008B1FEF736FC204610BDFEF75ABCFEF7B0
S21402A6903ABCFEF7A4BC2DE9F04F502ABFB00646DE
S21402A6A00C46154600F29F8022AF702200213846E3
S21402A6B008F0AAFD0DA8FEF71CFC2BBA26932A4624
S21402A6C03023214628A88DF89F3008F0A8FD05F112
S21402A6D0F8036B44802203F8582C05AA002302F8DC
S21402A6E0013B0133202BFAD14FF4807205A90DA845
S21402A6F0FEF709FC8346002857D11935804601AC7F
S21402A70010220021204608F07FFDA946BA4652468E
S21402A71010232146204600F04BFCB9F1100F2346C9
S21402A72022464FF001010DA894BFA9EB0909A9F131
S21402A7301009FEF754FC0AF1100A8346A8BBB9F1C9
S21402A740000FE4D116AB08EB030C94E80F008CE87C
S21402A7500F009DF88B3008F110080133B8F1300F66
S21402A7608DF88B30CCD14FF4807216A90DA8FEF767
S21402A770CAFB8346C8B906F1300834461EAB1A46F1
S21402A78001210DA8FEF72BFC834670B90DF1780C5B
S21402A7902546624603CABA4228606960944605F1B5
S21402A7A00805F6D11034A045E8D10DA8FEF7A5FBA2
S21402A7B070213846E8F784FD302116A8E8F780FDB8
S21402A7C0202105A8E8F77CFD102101A8E8F778FD0E
S21402A7D0BBF1000F03D030213046E8F771FD584632
S21402A7E03FB0BDE8F08F6FF0370BF8E72DE9F04386
S21402A7F08DB004460E4630220021684608F004FD5D
S21402A800002704F12009E8460DEB070304F11001C6
S21402A810A14206D011F8012D0132D2B20A70002AE6
S21402A820F6D0224601214846FEF7D9FB054638B146
S21402A83068463021E8F744FD28460DB0BDE8F083AF
S21402A8401037302FDFD1731E2F3698F8002013F8FA
S21402A850011F4A40B34208F8012BF6D14FF480722A
S21402A86069464846FEF74FFB05460028E0D108AA8F
S21402A8700CAE134603CBB342206061601A4604F165
S21402A8800804F6D1D4E72DE9F0418469502C94B03F
S21402A8900546884617461E4643D8C4F15003B342BF
S21402A8A03FD3C6F150031B1B93423AD350220021DA
S21402A8B0684608F0A9FC6B6CA86C22466946984765
S21402A8C028B16FF03304204614B0BDE8F081AC69BD
S21402A8D046B16B6CA86C32460DEB04019847002813
S21402A8E0EFD13444B8F1000F07D037B10DEB0400B6
S21402A8F03A46414608F093FC3C442246694668467E
S21402A900FFF7C9FE044638B969462846FFF76EFFC8
S21402A910044608B901232B6150216846E8F7D0FCAB
S21402A920D1E76FF03704CEE710B54C22044600217B
S21402A93008F06AFC04F12000FEF7DBFA4FF0FF3362
S21402A940236142F21073E36110BD10B5044660B194
S21402A9502030FEF7D2FA4C212046E8F7B1FC42F24C
S21402A9601073E3614FF0FF33236110BD0023FFF73E
S21402A9708ABF2DE9F041054688B04FF020080F4601
S21402A98014460021424668461E4608F03DFCAB6966
S21402A990C5E911740BB9C5F818802C69002C05DAC4
S21402A9A0AC692F2C9ABF0134640800244FF48072DD
S21402A9B0694605F12000FEF7A6FA28B90E9A234644
S21402A9C031462846FFF75FFF08B0BDE8F0812DE963
S21402A9D0F04190B0B2F5806FDDF8588005460F461C
S21402A9E016461C465ED8B8F5807F5ED83022002117
S21402A9F004A808F009FC2A69EB699A4201DC6B6933
S21402AA009BB1214642462846FFF7B0FF044628BBC4
S21402AA1005F1200836BB04A92846FFF7E7FE0446E0
S21402AA20A0B92B6901332B6110E0B8F1000FEFD00B
S21402AA302146424604A8FFF72EFE044630B904A972
S21402AA402846FFF7D3FE04460028E1D0302104A8AA
S21402AA50E8F736FC10216846E8F732FC204610B0CC
S21402AA60BDE8F08105F11002AA4206D012F8013DB7
S21402AA700133DBB21370002BF6D06B462A46012157
S21402AA804046FEF7ACFA04460028DFD1102E3446C4
S21402AA9028BF102438462246694608F0C0FB2744E1
S21402AAA0361BB7E76FF03504D8E76FF03704D5E703
S21402AAB007B500230093FFF78AFF03B05DF804FB97
S21402AAC02DE9FF41DDF828801D46164643462A46F4
S21402AAD004460F46E8F706FB48B9CDE90180009523
S21402AAE004F11C033A4631462046E8F7EDFA04B074
S21402AAF0BDE8F081F7B50D460446083568461646A9
S21402AB00FFF70EF800212846FFF77AF9211D0746BF
S21402AB102A466846FFF75AFA044648B9002F0CBF81
S21402AB20002206F0010269462846E7F7C7FC0446FB
S21402AB306846FEF7FAFF204603B0F0BD70B50C4635
S21402AB400546114620461A46FFF73DFA064630B934
S21402AB50043529462046FFF70BF9002801DA30466D
S21402AB6070BD2A4621462046FFF7ABF90028F0D0F2
S21402AB700646F4E710B50446FEF7D7FF04F10800D0
S21402AB80FEF7D3FF04F11000BDE81040FEF7CDBF7C
S21402AB9013F07E0F2DE9F0470C4615460CBF4FF01A
S21402ABA0010A4FF0000A07465246294620461E462C
S21402ABB0C3F34508E7F782FC48BB04F1080952468E
S21402ABC005F108014846E7F779FC00BB08F1FF33B8
S21402ABD0D3F1000848EB0308424605F11801204667
S21402ABE0E7F76CFC98B9424605F120014846E7F7BC
S21402ABF065FC60B9F20921463846FFF77BFF30B99B
S21402AC0004F110000121BDE8F047FFF710B8BDE8D7
S21402AC10F0870346C06920B15B6A002B14BF01208F
S21402AC200220704710B50446FEF77AFF04F10800CA
S21402AC30FEF776FF04F11000BDE81040FEF770BF85
S21402AC4038B50025044600F8045BFEF769FF04F1F8
S21402AC500C00FEF765FF04F11400FEF761FF04F135
S21402AC601C00FFF7DFFF04F13400FEF759FFC4E9CA
S21402AC700F55C4E91155C4E91355C4E91555E565E0
S21402AC8038BD08B1FFF776BF704770B5044658B3B3
S21402AC90436C012B11D00C30FEF747FF04F1140071
S21402ACA0FEF743FF04F11C00FFF7EBFF04F134004C
S21402ACB0FEF73BFF201DFEF738FFA36D8BB920463B
S21402ACC06021BDE87040E8F7FBBA06FB0500FFF717
S21402ACD0D8FF0135D4E91603AB42F6D8FEF713FFC8
S21402ACE0EDE700251826F5E770BD38B504460D4693
S21402ACF0FEF768FF70B905F1080104F10800FEF7D7
S21402AD0061FF38B905F1100104F11000BDE83840C2
S21402AD10FEF758BF38BD08B500211030FFF770F8AF
S21402AD20B0FA80F0400908BD2DE9F041202B8AB028
S21402AD300546884617461E460BD90920E8F74EFAFE
S21402AD4002AB32463946E8F7A7FA044628BB02AFFA
S21402AD5020262C698DF804808DF8056084B90920B8
S21402AD60E8F73CFA224601462846E8F73FFA044648
S21402AD7098B92846E8F766FA044670B901232B61AB
S21402AD80022201A92846E8F76BFA044628B9324699
S21402AD9039462846E8F764FA044602A82021E8F76E
S21402ADA08FFA20460AB0BDE8F0812DE9F043002371
S21402ADB0A3B0064605461F466FF03B0499467269E5
S21402ADC097420BDB002B08BF6FF03C0402A88021E1
S21402ADD0E8F776FA204623B0BDE8F083D5F8288057
S21402ADE0AC69E869CDF80490B8F1010F18BF98462F
S21402ADF0802201AB02A9A04704460028E6D1019BA7
S21402AE0053B102AAF9B23046FFF78EFF0028E2D10C
S21402AE102B6A019A13442B62013714354346CEE758
S21402AE200369013310B504460BD000F0A4F80023E2
S21402AE306361282104F11800E8F742FA4FF0FF3365
S21402AE40236110BD30B54569012D0BDC142404FBCB
S21402AE50050401356362039BA362C4E906124561D9
S21402AE60002030BD6FF03D00FBE72DE9F041202ABF
S21402AE7088B005460F46164676D840F201186B692A
S21402AE80002B6ED02846FFF790FF0446002848D1D4
S21402AE90D5F814E002462B460120A6454FDC0028D2
S21402AEA047D01F2A45D920220021684608F0ACF96F
S21402AEB069462846E8F7E2F9044690BB284600F0C1
S21402AEC05AF8284600F053F80920E8F787F9224690
S21402AED001462846E8F78AF9044610BB2846E8F7F2
S21402AEE0B1F90446E8B9202269462846E8F7B8F9D7
S21402AEF00446B0B90920E8F771F96B462022694684
S21402AF00E8F7CAF9044660B96A690346142105F1EE
S21402AF10200025469A421EDC32466946384608F02C
S21402AF207EF920216846E8F7CBF9204608B0BDE84E
S21402AF30F081B8F10108A2D16FF03B04F1E7D3E942
S21402AF4008C18C4538BF0020996A012908BF6244AF
S21402AF5001341433A1E701FB03FC013340F80C5023
S21402AF60D8E76FF03F04DCE76FF03B04DDE7102222
S21402AF70002108F049B910B50446C0B10368B3B160
S21402AF80806838B11B78092B01D1FEF740F9A0681A
S21402AF90FEF7B9FDE06820B123689978490000F011
S21402AFA01BF820461021BDE81040E8F789B910BD0D
S21402AFB0F0B50024261DB34202D29C4206D3F0BD51
S21402AFC00D5917597D4005513446F3E70D5D165D60
S21402AFD0754005550134F0E710B5044608B1E8F7A8
S21402AFE06FF92046BDE81040FEF78DBDF0B5064667
S21402AFF09DB00F4615461C46D3B901A8FEF705F9C3
S21402B000214601A8E5F7A4F8044658B93A4631465F
S21402B01001A8FEF7FEF8044620B9294601A8FEF765
S21402B020FFF8044601A8FEF7F2F820461DB0F0BD70
S21402B0306FF07304F9E750E8003F0B4340E8003234
S21402B040002AF8D17047C94350E8003F0B4040E859
S21402B0500032002AF8D17047431E032B06D8DFE8D9
S21402B06003F002040204032070470420704770476E
S21402B070CB691847704770470020704770474FF0FB
S21402B08000007047002070477047704700207047E6
S21402B090002070470020704700207047002070474D
S21402B0A070470020704700207047704770470020A6
S21402B0B070477047704711207047002070474FF066
S21402B0C0FF30704700207047704770470020704777
S21402B0D0002070474FF0FF30704711207047002065
S21402B0E070470120704700207047002070470020FC
S21402B0F0704770477047704701F0E4B938B50446A8
S21402B100FDF7EEFCD4E9101205462046E8F7E4F80F
S21402B110E18C228DE060521A40F2712101FB02039B
S21402B12003F59C53083323612846BDE83840FDF7F3
S21402B130DDBC08B52030FFF77EFFBDE808404FF0C3
S21402B1408050EEF7DFBB38B504460D460830E9F707
S21402B15071FE29462046EBF749FFE06E0025E561C1
S21402B16010B1E8F7B3FFE56604F15000BDE83840D9
S21402B17008F0A3BB38B5044619B390F838208AB154
S21402B18090F839300133DBB29A4280F8393009D16F
S21402B1900121FFF7D8FF4FF080712046BDE8384006
S21402B1A0FFF7C7BF236ADA030BD5E36B62689B1A05
S21402B1B0002B06DA01212046FFF7C5FF4FF080611B
S21402B1C0EBE7236A1B0426D402F01DFD1123B0FB15
S21402B1D0F3F303EB0313C01A94F9613085B213FA42
S21402B1E080F0102888BFC5F110056DB2083B2B44CD
S21402B1F084F8613020460121EBF7F8FEE28C6368A2
S21402B2002A4440F2712101FB023363602046BDE806
S21402B2103840EBF79BBE0025ECE72DE9F84F1D46BC
S21402B220C369DDF830809DF838909DF840B09DF8EF
S21402B23050A00F4604469DF848101646002B40F0D4
S21402B240D180EB0600F1BE8005F00303032B08BF96
S21402B25005F0FD0505F0F705BDF83C30A386A80607
S21402B2609DF8540048BF05F0FC05FFF7F5FE47F6CB
S21402B270FF731BF0020F84F83600A4F8783040F013
S21402B280A4801BF0040F00F0A28000F0FD0001284D
S21402B29014BF0323042394F87F209DF8580063F319
S21402B2A0030284F87F20FFF7D7FE47F6FF738A076C
S21402B2B084F83700A4F8883000F18B804B0740F101
S21402B2C08A8000F0FD00012814BF0321042194F8AF
S21402B2D08F30606E61F3030384F88F30FFF7EAFE67
S21402B2E0216C00222046E7F7F7FF40F271237343F2
S21402B2F0984279D804F1200049F6FF71FFF7A3FEC1
S21402B300FF2384F85430BAF1000F03D0236A43F4C3
S21402B31080532362290705D5236A062643F484133D
S21402B32023623746236A6A0723F4C04323620CD497
S21402B33019F0010F1CBF43F400532362236A19F06D
S21402B340020F1CBF43F480432362236AA5852B4366
S21402B350236204F12E03B8F1000F3ED0D8F8002085
S21402B360C4F82E20B8F804209A809DF82C30012BC1
S21402B37003D14FF48061FFF75EFE236A9DF8282012
S21402B38023F4407343EA0223236202F03CFC94F85F
S21402B39060309DF84C2084F85F0023F00F03C0F362
S21402B3A00320034362F3071384F860309DF83430B9
S21402B3B0E7842046268584F82A30FFF79FFE002081
S21402B3C0BDE8F88F01218B4646E7022363E7012397
S21402B3D061E702217BE7012179E7C4F82E80A3F812
S21402B3E00480CAE70C20EBE74520E9E72DE9F7439E
S21402B3F0894617460193044630B901A808F05DFA5B
S21402B400422003B0BDE8F083012920D0022910D0E3
S21402B41089B9C369C3B900F140054FF40036236AFF
S21402B420D9061ED55A0726D501A808F046FA0020E6
S21402B430E7E7406E20B901A808F03FFA0C20E0E7E3
S21402B4401946FFF738FEDCE700F14805E5E7C36971
S21402B45023B900F144054FF48026E0E700F14C05DD
S21402B460F9E79B0707D5B9F1000F04D101A808F048
S21402B47024FA1220C5E704F1200840463146FFF7B9
S21402B480E2FDF80702D5284608F017FA019921B11D
S21402B490284608F0F9FA00230193286808F092FA81
S21402B4A0236AD90605D51F2801DC032F16D02846A5
S21402B4B0DDE740F27262904204DD284608F0FDF9AC
S21402B4C007209EE7B9F1000F08D1BF2806DD9A07CC
S21402B4D004D0284608F0F1F9452092E7D4E9121282
S21402B4E02046E7F7F9FEE3696BB1E38C40F271227E
S21402B4F05343984207D9238D8342EAD300F51C7042
S21402B500B0FBF2F0E084FDF7EBFAE36905467BB1A7
S21402B510BB070DD531464046FFF78DFD6368C3F580
S21402B5207A7602F0ACFBF04202D52046EBF756FEE6
S21402B5302846FDF7DBFA7AE738B50D460446C8B169
S21402B540E90704D54FF400112030FFF774FDAA076F
S21402B55005D54FF4000104F12000FFF76CFD6B07E0
S21402B56001D4002038BD4FF0006104F12000FFF73F
S21402B57062FDF6E74220F5E738B50D460446C8B147
S21402B580E90704D54FF400112030FFF75CFDAA0747
S21402B59005D54FF4000104F12000FFF754FD6B07B8
S21402B5A001D4002038BD4FF0006104F12000FFF7FF
S21402B5B04AFDF6E74220F5E7E8F774B938B5C369FD
S21402B5C004460D463BB1036A13F0010011D194F80C
S21402B5D02430FE2B0CD004F120004FF48001FFF73C
S21402B5E02AFD2B68C4F85530AB88A4F859300120E0
S21402B5F038BD0020FCE7036A10B5044613F4602049
S21402B60030D09A0307D504F1400008F056F9A36C2F
S21402B61023640023A364236A5B0307D504F1440072
S21402B62008F04BF9E36C63640023E3644FF4602193
S21402B63004F12000FFF707FD2046FFF75FFD94F8B0
S21402B640602094F85F3002F00F0143EA01230133D1
S21402B65084F85F3022F00F02C3F303231A4384F800
S21402B6606020012010BD10B50446503008F00CFAD8
S21402B67020464FF00071BDE81040FFF75ABD50E873
S21402B680003F0B4340E80032002AF8D17047C94316
S21402B69050E8003F0B4040E80032002AF8D17047DD
S21402B6A038B50446D0F8A00010B9D4F8A40058B1B2
S21402B6B094F8375108F032F905F00F0581B20631D9
S21402B6C02846ECF79BFE80B2B4F8783040F271223E
S21402B6D0534300F548709842B8BF184638BD38B58F
S21402B6E005460C4602F051FB20B149F640439C4207
S21402B6F028BF1C46EA68A2420BD2B5F87A3040F25E
S21402B70071214B43934238BF1346A34228BF2346B8
S21402B7101A462A6138BD034644309A6A920404D512
S21402B720D3F82821998FEDF741BE93F86F10EDF705
S21402B73033BE00207047012070470020704700206B
S21402B740704701207047C8207047002070470020CD
S21402B7507047704770471120704770477047002047
S21402B7607047704700207047704701207047704747
S21402B770704790F88520531C03F00F03072B28BF51
S21402B780002363F30302034410B580F8852083F890
S21402B7907E1090F885306F2B4FEA131298BF013255
S21402B7A004469CBF62F3071380F88530FFF7E0FF7C
S21402B7B094F83711204601F00F01FFF7CBFF10BDBA
S21402B7C0704770477047002070470020704700207F
S21402B7D0704710B101F1B000704701F1D400704714
S21402B7E0F8307047806A70472830FFF748BF283025
S21402B7F0FFF74DBFC06A70472C30FFF740BF2C30B2
S21402B800FFF745BF00F59C70704708B50B79DB075C
S21402B81002D4FFF7D5FF08BDBDE8084091F9051030
S21402B820FFF7A7BF02290346808F11D0032909D04C
S21402B830012906D11A8F5B6B1201B2FBF3F318448F
S21402B84080B270475A6B4FF47A43B3FBF2F3F6E7D3
S21402B8505B8F073000EB4300F2E770B540F27126CB
S21402B860456806FB01F35643826A1D4412070446E6
S21402B87045600ED500F1400500F134022946E9F78D
S21402B880FDFE3346294620460122BDE8704001F0FF
S21402B89054BA05EB5605456070BD836A590505D452
S21402B8A0D0F8A03013B15B799A0708D4D0F8A40078
S21402B8B000B9704743799B0701D40068F8E7012076
S21402B8C0704780F87710704738B5044601F047FC99
S21402B8D004F1A40007F0F1FF04F1A80007F0EDFF61
S21402B8E004F1AC0007F0E9FF04F1A00007F0E5FF61
S21402B8F02046E8F741F9C4B22046FFF7C7FB0546E3
S21402B9002046FFF7C5FB01462846FFF7BEFB38BDBB
S21402B91038B5836A1B07044613D50246B0F87C3056
S21402B92052F8341F4B4340F271214B4300F1400161
S21402B930E9F7A4FE236C20469D08FFF7B1FE2844D3
S21402B940E060616B40F27125013969432046FFF7DA
S21402B950C6FE20460121EBF749FB636BB4F87C2058
S21402B9605A43636805FB023363602046BDE83840ED
S21402B970EBF7ECBAB0F8303110B5A0F83431044623
S21402B980E8F7FAF8C0B2FFF7DEFE94F8373194F81B
S21402B990362103F00F0304F1440102F0EFF9ECF74D
S21402B9A073FDB4F93021824205D0A4F83001EDF7D8
S21402B9B013FAA4F83201B4F93421B4F930319A42B8
S21402B9C009D0A36A9B0306D520464FF40041BDE882
S21402B9D01040E8F7E7B810BDFFF7CCBF836A0A4607
S21402B9E000F14401C3F34030EDF78ABC10B5A0F86D
S21402B9F07810A0F87A200446FFF752FE2169E0602C
S21402BA002046BDE81040FFF76ABE38B504460D462C
S21402BA103AB94FF4C0212830FFF739FE9DB900200D
S21402BA2038BDFFF79CFE98B128344FF4C02120465B
S21402BA30FFF72DFE1DB14FF40031FFF720FE4FF445
S21402BA408021204601E04FF40031FFF718FEE6E7BA
S21402BA501120E5E72DE9FF41836A9B0304462CD5B6
S21402BA60B0F93081B0F934710020EDF7A9FA8045BB
S21402BA70CCBF0025012502F086F994F83711C822BA
S21402BA8001F00F01EDF7A6FA06462046E8F774F82D
S21402BA90B04594F83711A8EB0707B4BF0026012675
S21402BAA03FB245EA46050023CDE9008502971A46CD
S21402BAB001F00F0180B200F0B7FC04B0BDE8F081DF
S21402BAC0FFF7C8BF86307047F8B504460E46002911
S21402BAD05AD0476B40F271235F43A7F28A277F084A
S21402BAE039463046ECF79AFC94F88E30851FADB294
S21402BAF09D4239463046A8BF1D46ECF78FFC94F8A7
S21402BB008F20B4F88610831F9BB29342A8BF1346B9
S21402BB10F21E012AB4F888202BD8B1F5296F44F218
S21402BB209020B8BF4FF429618142A8BF0146B2F502
S21402BB30296FB8BF4FF429628242A8BF02461B2D66
S21402BB40B8BF1B251B2BB8BF1B2384F8913084F883
S21402BB509050A4F88A10A4F88C203046ECF75EFCCD
S21402BB60831F9BB2AB42A8BF2B46DBB284F892304F
S21402BB70F8BDB1F5A47FB8BF4FF4A471B2F5A47FA7
S21402BB80B8BF4FF4A472DAE71B23EFE770B549009B
S21402BB90466B89B28E4204461FBF4068616340F21C
S21402BBA0712505FB060018BF05FB1100658F1ABF3D
S21402BBB06060012100219542208F17D08342628760
S21402BBC000D02387238F94F83711626B204601F04A
S21402BBD00F011B01B3FBF2F3A4F89C30FFF774FFCE
S21402BBE020460421BDE87040E7F7DCBF8342E8D177
S21402BBF0A36A1B07E6D50029E4D170BDF0B585B06F
S21402BC0004460E4600F186036A4600F18E0718685F
S21402BC105968154603C50833BB422A46F7D1186849
S21402BC2028609B88AB8031462046FFF74DFF9DF883
S21402BC300B2094F891309A4211D1BDF80620B4F840
S21402BC408C309A420BD19DF80A2094F890309A4292
S21402BC5005D1BDF80420B4F88A309A4207D04FF4D2
S21402BC608141204605B0BDE8F040E7F79BBF05B02E
S21402BC70F0BD37B50446BDF8180094F88E508D42D4
S21402BC800BD1B4F88650954207D194F88F509D4256
S21402BC9003D1B4F8885085421DD08DF80610ADF851
S21402BCA0042084F88E1094F83711019D84F88F30A2
S21402BCB0A4F88800C4F84051A4F8862001F00F01C9
S21402BCC02046FFF79BFFB4F88A30A4F88630B4F813
S21402BCD08C30A4F8883003B030BD90F8373170B598
S21402BCE003F00F03044616460D46D9B18B4219D00F
S21402BCF00122FFF732FD294600222046FFF72BFDE0
S21402BD0094F8373165F3030384F8373105F00F01F1
S21402BD102046FFF773FF20464FF48441BDE870408B
S21402BD20E7F740BF19462046FFF768FF002EF2D11C
S21402BD3070BDF8B51D46C36A5B0704460F46164635
S21402BD4010D404212C30FFF79AFC84F89A70A4F8D9
S21402BD509660A4F8985020464FF40061BDE8F8407B
S21402BD60E7F720BFF8BD10B511B190F89A400C70F5
S21402BD7012B1B0F89610118013B1B0F898201A805C
S21402BD80C06AC0F3800010BD4FF400412830FFF7B0
S21402BD9076BC00F5A270704790F8370100F00F00ED
S21402BDA0704770B50446FCF79BFE6568064601F0D0
S21402BDB066FF2D1AB5F5FA7504D53046BDE8704013
S21402BDC0FCF794BE636B94F8701040F271225343F2
S21402BDD0B5FBF3F5A38FAAB29B1AA38794F86F302C
S21402BDE002FB1133252193FBF1F001FB1033002BEC
S21402BDF0B8BF5B1884F86F30B4F89C309B1AA4F86E
S21402BE009C30204600211546EBF7F0F8636B5D4345
S21402BE10636840F2712202FB153363602046EBF73B
S21402BE2095F8CAE72DE9F3474E790446B0074FF076
S21402BE30000358BF06F0010608460D46ADF804306A
S21402BE4054BF01360326FFF71AF9074607F01F0309
S21402BE50002BE36A15BF4FF001084FF000084FF0C1
S21402BE6003094FF0020999050CD59DF8043066F3D4
S21402BE70010368F345138DF80430019A29462046DB
S21402BE8000F08EF9284607F09DFD49468246284670
S21402BE9007F053FD9DF80430AA798DF805A066F3E5
S21402BEA0010368F345130C328DF80430BDF80430F4
S21402BEB0AB529DF80430A9189A066B7948BF8F706A
S21402BEC043F001036B71FCF70BFE0646204629463B
S21402BED050F8A48F07F0D8FD94F84631013384F861
S21402BEE04631A36A1B070CD5B4F87C30012B02D965
S21402BEF02046FFF756FF304602B0BDE8F047FCF793
S21402BF00F5BD656801F0BBFE0746EBF761F98442B2
S21402BF10F1D1ED1BB5F57A7FEDDDB8F1000F03D058
S21402BF20D4F8A030002BE6D1EBF7EAFCE3E708B53D
S21402BF30022007F087FE10B100F045FE012008BD82
S21402BF4010B54FF4407104462830FFF7A0FB204698
S21402BF500021BDE81040E8F7A7BA012310B5A1F109
S21402BF602002C1F1200423FA04F403FA02F2224367
S21402BF708B40D0E9084123400A40134314BF0120F6
S21402BF80002010BDC36A10B5044613F0080012D094
S21402BF900123A1F12002C1F1200023FA00F003FAE6
S21402BFA002F202438B40D4E9080103400A401343DD
S21402BFB014BF0120002010BD10B50C46C9B2FFF711
S21402BFC0E1FF70B1E9F746FBC4F12002A4F12003B9
S21402BFD0E04001FA02F2104321FA03F3184300F09C
S21402BFE0010010BD70B504460E46E9F765FCFCF785
S21402BFF077FD84F87760054602212046E7F7D2FDF2
S21402C00020460021EAF7F2FF2846BDE87040FCF71A
S21402C0106DBD70B504460D46FCF762FD0646EBF7AD
S21402C020D7F8844201D1EBF74BFC3046FCF75EFDB5
S21402C03029462046BDE87040FFF7D4BF0B68C0F81B
S21402C0404031704738B5D0F840310B6040F64805AD
S21402C0509BB2AB420C4604D90B21FFF7ADFF08B9E1
S21402C060258038BD44F290232380FAE708B500F015
S21402C070FBF8E7F701FF00F046FB00F008F8E9F7E7
S21402C08053FBEAF70FF9BDE80840EAF78BB97047A9
S21402C09070B515460E461C46FFF7A2FB2B684EB13E
S21402C0A003606B6843602368C0F825302368C0F8D5
S21402C0B0153070BD83606B68C3602368C0F8293092
S21402C0C02368C0F81930F4E770B50546FFF788FB19
S21402C0D00446FCF705FD4FF4807106462846FFF736
S21402C0E083FB4FF400612846FFF786FB3046FCF7D9
S21402C0F0FDFC002323612375236284F8243028463E
S21402C100FFF770FB802310F0080F14BF237584F826
S21402C110243070BD10B50446FFF712FF20461021EA
S21402C120BDE81040E7F73EBD10B54FF46061044627
S21402C130FFF765FB2046BDE81040FFF701BF7FB55D
S21402C14006460C46FFF74CFB4FF4C06105463046E8
S21402C150FFF752FB4FF400613046FFF750FB4FF4F7
S21402C1608060E9F71DFA224670B969462846E8F764
S21402C17081FD6B4605F1100213F8011B02F8011D42
S21402C180AA42F9D104B070BD6C4602F110061068DE
S21402C1905168234603C30832B2421C46F7D1E8E789
S21402C1A0F0B587B00D46ADF80C20FFF719FB044634
S21402C1B0284607F007FC064600B32846E8F798FD2F
S21402C1C09DF80C3005AF03F0230322463146009358
S21402C1D0019704F12003FDF77DF82846E8F79EFD57
S21402C1E004223946284607F02BFE236A01332362CF
S21402C1F023B994F82430013384F8243007B0F0BD14
S21402C20030B585B00391ADF80820FFF7E9FA044689
S21402C210039807F0D7FB051F002D02DC002005B0AF
S21402C22030BD0398E8F764FD431901939DF8083082
S21402C23003F023030093224604F110032946FDF778
S21402C2403AF80028EAD10398E8F768FD042103A823
S21402C25007F05AFC2369013323610BB10120DEE7A4
S21402C260237D01332375F9E708B54FF40060E9F73B
S21402C27097F940B94FF48050E9F792F940B9BDE812
S21402C2800840EDF7DFB8FFF79EFA0028F2D008BDA7
S21402C290FFF79DFA0028F2D0F9E741F0004141F499
S21402C2A0E0210160704707B501A8019107F005FB80
S21402C2B0002003B05DF804FB70477047002070470B
S21402C2C07047704710B5DC1D043383734379C4711D
S21402C2D023F0030343F003030E2443710123447344
S21402C2E08371C3730182827410BDD31CC3713E2353
S21402C2F043734379827323F0030343F003034371CA
S21402C30001238371C17370470F234373042383731E
S21402C3104379A0F8111023F0030343F0030343719B
S21402C32040F20173C38001230374C2737047D31CA7
S21402C330C3714379417323F0030343F0030343714C
S21402C340012382738371704708B50023FFF7BAFF93
S21402C350BDE80840E8F7D0BD2DE9F8438046022044
S21402C360894617461E4607F06DFCD0B14579A0F8FF
S21402C37010800C2343730823837325F0030540F6CD
S21402C3800133C38045F003059DF82030457180F8DF
S21402C3901290A0F81370A0F81560C373E8F7ACFD0E
S21402C3A00120BDE8F88308B5022007F04BFC30B147
S21402C3B001221121FFF799FFE8F79EFD012008BD33
S21402C3C0F8B50F461646132109221D46FFF78DFFC4
S21402C3D0837904460C331C44A170E77026712B68DF
S21402C3E0C4F80530AB88A4F80930BDE8F840E8F791
S21402C3F083BD70B5064602200D4607F023FC0446B0
S21402C40068B114210422FFF770FF83790C331C44B1
S21402C410A170A4F803606571E8F76EFD012070BD97
S21402C42008B501F099FD08BD2DE9F0410746022046
S21402C4300D4690461E4607F005FC0446E0B109226A
S21402C4402121FFF752FF83790C331C440A22BDF9DF
S21402C450183093FBF2F323729DF81C30637284F853
S21402C4600380BDF92030A78093FBF2F3A671E57135
S21402C470A372E8F741FD0120BDE8F08137B5044616
S21402C48007F0A0FAA3790C33E518C0B23E22E254B4
S21402C490831E6B700D23AB70AB798DF807301C389A
S21402C4A0012BE87609D100231A46E91D0DF1070093
S21402C4B0FEF70AFE9DF80730AB712046E8F71CFD32
S21402C4C003B030BD704710B5E8F750FD83790C33E2
S21402C4D0C4180021E078E6F76BFF6168FFF72CF8D6
S21402C4E00446E8F749FD22460023BDE810404FF611
S21402C4F01941FFF7E7BE10B5E8F738FD83790C332C
S21402C500C4180021E078E6F753FF6168FFF734F8B5
S21402C5100446E8F731FD22460023BDE810404FF6F8
S21402C5201A41FFF7CFBE70B5E8F720FD00218679E5
S21402C5300446FE20E6F73CFF0546EAF7D1F850B17E
S21402C5400C24E8F719FD22460023BDE8704042F2AB
S21402C5500501FFF7B7BEEAF709F90028F0D134441F
S21402C5600F342DB121462846FFF728F80028E7D0D9
S21402C5702046E8F761FF0024E3E72DE9F041E8F7FB
S21402C580F5FC83790C33C4180025E678E8F7EEFC50
S21402C5900768E8F7EBFCA6F1FE035942594105602D
S21402C5A03046E6F705FF22793B462946FEF71EFF90
S21402C5B00446E8F7E1FC2B46224642F23701BDE884
S21402C5C0F041FFF77FBE2DE9F041E8F7CFFC837913
S21402C5D00C33C4180025E678E8F7C8FC0768E8F7C5
S21402C5E0C5FCA6F1FE035942594105603046E6F7FE
S21402C5F0DFFE22793B460121FEF7F8FE0446E8F705
S21402C600BBFC2B46224642F23801BDE8F041FFF75A
S21402C61059BE2DE9F047E8F7A9FC83790C33C41814
S21402C620277994F8038027B9B8F1010F27D0E7F7E6
S21402C63021F905340026BE420ADB0025E8F79CFCF9
S21402C6402A460023BDE8F04742F23901FFF73ABE18
S21402C6502078B4F8015094F80390A0F1FE035942F2
S21402C66059410434E6F7A4FE58B12A464B464146E1
S21402C670E6F7FCFF05460028E0D10136DBE7122587
S21402C680DCE74225DAE710B5E8F770FC83790C336D
S21402C690C4180021E078E6F78BFE80B1211DFEF774
S21402C6A08DFF00280CBF0C240024E8F765FC224608
S21402C6B00023BDE8104042F23501FFF703BE4224D4
S21402C6C0F3E7FE282DE9F8430646894690461F46BC
S21402C6D016D0022007F0B6FA044690B106221221BE
S21402C6E0FFF703FEA5790C3525441223AB7085F8B7
S21402C6F003902E71A5F80580EF712046E8F7FCFB43
S21402C7000120BDE8F883704710B5E9F7E9FF044653
S21402C710FEF7CDFC2043C0B210BD38B5E8F726FCC4
S21402C7208379C17903F10C020244CB1A022000215C
S21402C730B2F8035007F0B1FB044640B9E8F71CFC18
S21402C7400722BDE8384042F21901FFF7DDBD284650
S21402C750E7F7FEF938B12146E9F7B8FD0446E8F7EF
S21402C7600BFC2246EDE72046FBF700FD0224F6E727
S21402C77070B5E8F7FBFB83791844B0F80F60B0B2E7
S21402C780E7F7E6F980B1002100F06EFE0546E8F70D
S21402C790F3FB044602232A4642F21B01FFF792FDF0
S21402C7A0A3791C44668270BD0225F0E770B5E8F7EF
S21402C7B0DDFB83790C33C418B4F803502846E7F738
S21402C7C0C7F9A0B1611D00F04FFE0646E8F7D4FB9C
S21402C7D004460223324642F21A01FFF773FDE3795A
S21402C7E023449D72E3791C442D0AE57270BD02262D
S21402C7F0ECE710B5E8F7BAFB83790C3318444479B2
S21402C800B0F80300E7F7A4F960B12146E9F73AFB6E
S21402C8100446E8F7B1FBE2B240F20641BDE810403A
S21402C820FFF772BD0224F4E770B5E8F79FFB837941
S21402C8301844B0F80F50FCF753F904462846E7F7B9
S21402C84087F980B11621FFF7E4FB00252046FCF7A6
S21402C8504DF9E8F791FB2A460023BDE870404FF6F3
S21402C8600441FFF72FBD0225F0E7F8B5E8F77EFB97
S21402C87084790C3404440546B4F80300E7F768F9F3
S21402C880064640B9E8F778FB0222BDE8F84042F2D5
S21402C8901301FFF739BDAB79E97903F10C022A449B
S21402C8A0CB1A0220002107F0F8FA014618B9E8F779
S21402C8B063FB0722E9E78379033383713046B4F8D2
S21402C8C00D50B4F80F70E9F791FA3A460446294635
S21402C8D03046FFF78BF8E8F74FFB2246D5E738B528
S21402C8E0FCF7FEF80446FFF70FFF00280CBF0C25E6
S21402C8F00025E8F741FB2A4642F20E01FFF724FD27
S21402C900EAF75CFA2046BDE83840FCF7EFB810B507
S21402C910E8F72CFB83791844B0F80F00C0B2E7F7AB
S21402C92067FCE8F729FB0023BDE810401A4642F2EE
S21402C9302401FFF7C7BC2DE9F8438146022088464A
S21402C94017461E4607F07EF9044690B10A220321D6
S21402C950FFF7CBFCA5790C35254400232046EB7067
S21402C960A5F80490A5F806802F816E81E8F7C4FA30
S21402C9700120BDE8F8832DE9F04385B08146022008
S21402C9809DF844808DF80F200E461F4607F05AF990
S21402C9900546002844D022222921FFF7A6FCAC79BE
S21402C9A00C342C4404F10E03002204F11401C4F8E2
S21402C9B00E2030469A806261228300913A460DF13B
S21402C9C00F01FEF782FB9DF84030E37006F001038C
S21402C9D0A3719DF80F30A4F80490E3713B68A3603E
S21402C9E0BB88A38116F0FD0F4FF6FF7304D0032E0B
S21402C9F008BF43464FF0FF08BDF830206283BDF8FB
S21402CA003420A283BDF83820E2839DF83C2084F8C7
S21402CA102020284684F821806384E8F76DFA0120F6
S21402CA2005B0BDE8F083F8B50746022016461D4657
S21402CA3007F008F9044690B10C220421FFF755FCD2
S21402CA40A1799DF818300C31214420468F80C1F818
S21402CA500660C1F80A50CB70E8F74EFA0120F8BD1E
S21402CA6070B5064602200D4607F0ECF8044668B19B
S21402CA7003223021FFF75BFCA3790C3323442046C4
S21402CA80A3F803609D70E8F737FA012070BD70B511
S21402CA90064602200D4607F0D5F8044688B1042261
S21402CAA00821FFF744FCA3790C332344B5FA85F238
S21402CAB052092046A3F803605A719D70E8F71CFAE3
S21402CAC0012070BD2DE9F8438146022088461746AC
S21402CAD01E4607F0B7F80446B0B10B220721FFF74F
S21402CAE004FCA579BDF820300C3525442046A5F86F
S21402CAF00390A5F80580A5F80770A5F80960A5F8C3
S21402CB000B30E8F7F9F90120BDE8F883F8B50746D7
S21402CB1002200E46154607F095F80446A0B10D22EF
S21402CB200521FFF7E2FBA3790C3323442046A3F842
S21402CB300370A3F80D602A68C3F805206A68C3F874
S21402CB400920E8F7D9F90120F8BD2DE9FF410A9C32
S21402CB5016466A4680460F4603F1100E15461868BA
S21402CB6059689446ACE80300083373456246F6D12A
S21402CB7024B9022007F066F8044608B31D22ED2108
S21402CB802046FFF7B2FBA3790C332344A3F80380B5
S21402CB90A3F80D702EB13268C3F805207268C3F888
S21402CBA009200F3304AE2A4603CAB24218605960FF
S21402CBB0154603F10803F6D12046E8F79DF9012051
S21402CBC004B0BDE8F08113B5827901900C321321CE
S21402CBD0815484184FF44072C280E7F723FFA07096
S21402CBE020B901A806F069FE02B010BD800001302F
S21402CBF060700198E8F780F9F6E770B506460220FD
S21402CC000D4607F01FF8044678B104220521FFF707
S21402CC108EFBA3790C33234400222046A3F803603C
S21402CC205D719A70E8F768F9012070BD13B58379D3
S21402CC3001900C33C418C05CE6F78AFF20B901A83D
S21402CC4006F03BFE02B010BD6378019913F0300F78
S21402CC508B7903F104038B714B790CBF01220022FE
S21402CC6062F300034B71E7F71FFCEBE72DE9F04197
S21402CC70E8F77CF983790C33C418B4F803801FFAFA
S21402CC8088F0E6F765FF054600B3A2796179FEF7FC
S21402CC90BCFE0646E8F770F907460223324642F221
S21402CCA07A01FFF70FFBBB793B443846A3F81280A4
S21402CCB0E8F722F946B9A37933B12846FFF76CF8AC
S21402CCC001462846FEF74DFDBDE8F0810226E1E763
S21402CCD000F05FBE50E8003F0B4340E80032002AF7
S21402CCE0F8D17047704770B50E461546E7F7F0F86C
S21402CCF0044648B93046E6F7A1FE044620B928465F
S21402CD00ECF7CAFA044640B10020E7F7E1F8002043
S21402CD10E6F794FE0020ECF7BFFA204670BD4FF40B
S21402CD200010ECF7EFBDEBF7B1BCE8F767BB436862
S21402CD30143B4360A0230B6070471AB94268A2EB0B
S21402CD40530242600A6802EB83020A607047884216
S21402CD5010B518D8052816D9B1F5486F13D8B3F50B
S21402CD60FA7F10D2A2F10A0080B240F67644A042C0
S21402CD7009D801339BB24B435B00B3EBC20F94BF9F
S21402CD800120002010BD0020FCE7C94350E8003F08
S21402CD900B4040E80032002AF8D170470020704766
S21402CDA02DE9F04104460F4600264FF001082146C1
S21402CDB086F00100FEF70DFD4FF48051FFF7E5FF08
S21402CDC0836833B940460EB1BDE8F081012680463D
S21402CDD0EDE7028ABA4206D1002201212046984790
S21402CDE00028EFD1EFE70268D205EBD50022114604
S21402CDF0F4E708B5FEF706FD00230380436008BD8E
S21402CE0070B506460C46FBF76BFE05463046FEF747
S21402CE10F9FC30B103781C4304704FF40070ECF751
S21402CE2071FD2846BDE87040FBF760BEE7F73CBBE5
S21402CE3007B542798DF8071022F0030242F003028A
S21402CE40427140F20332C2800DF10701012206F060
S21402CE5017FD03B05DF804FBF8B5174606460C4608
S21402CE601D46FEF7C7FC020713D502213046FFF720
S21402CE7074F870B111212046FFF7DAFF2046E8F772
S21402CE80C3FC4570877021463046BDE8F840E7F798
S21402CE900BBB2820C5F120024FF08861A5F12003C4
S21402CEA0E94000FA02F220FA03F311431943CB07D2
S21402CEB0E0D40D212046FFF7BBFF2046E8F7A4FC8E
S21402CEC04770E0E770B50C46054607212046164631
S21402CED0FFF7AEFF2046E8F797FC21464670284645
S21402CEE0BDE87040E7F7E0BA38B50C4600210546C3
S21402CEF0FEF798FC241AA4B247F6FE739C4205D9A4
S21402CF0028462821FFF76EF8002038BD0120FCE7EE
S21402CF1038B504460D4601460020FEF75AFC036863
S21402CF209B0505D429462046BDE83840FFF7DCBFFE
S21402CF30002038BD2DE9F04115469DF818801F46A1
S21402CF40FEF747FC0446FBF7CBFDB8F1010F064699
S21402CF5023D154E8003F43F4807344E80032002AA9
S21402CF60F7D105B354E8002F42F4007244E80023D8
S21402CF70002BF7D1FF212046FFF707FF54E8002FCA
S21402CF8048EA020244E80023002BF7D1A560278274
S21402CF903046BDE8F041FBF7A9BD4FF4807120464C
S21402CFA0FFF7F3FEDDE74FF400712046FFF7EDFED4
S21402CFB0E0E773B5064601200C46FEF70AFC00239E
S21402CFC0054600931A4621463046FFF7B3FF6B68C4
S21402CFD063B14FF480712046E6F7E4FD55E8003F62
S21402CFE043F4007345E80032002AF7D1FBF778FDD8
S21402CFF005462046FEF706FC28B103881BB14FF40F
S21402D0000070ECF77FFC284602B0BDE87040FBF7E4
S21402D0106DBD38B505460C46FEF7DBFB83684BB1A3
S21402D020022120460022984721462846BDE838407D
S21402D030FFF7BFBF38BD012938B505460C4608D0F4
S21402D040CC1E012C03D801460120FFF7E2FF012087
S21402D05038BD2221FEF735FC20462946FFF7D9FFC8
S21402D0600020F5E708B5FEF7B4FB006800F0F00014
S21402D07008BD10B5014604460120FFF7F3FF20B9AC
S21402D0802146BDE81040FFF7EDBF10BD70B506465D
S21402D0900C4601460120FEF79CFB31460546002061
S21402D0A0FEF797FB2B680268014643EA0200C005BA
S21402D0B01ED49B0502F4007203D49AB94FF0FF30D7
S21402D0C070BD2B8A1B1B98B27AB1098A091B89B2DA
S21402D0D08842A8BF08464FF6FF73984208BF4FF033
S21402D0E0FF30EDE74FF6FF70EFE74FF6FF71EFE721
S21402D0F00120E5E72DE9F3410446019101460120AE
S21402D1001546FEF766FB214606460020FEF761FB43
S21402D11080462046FEF766FB810606D501A806F085
S21402D120CCFB0C2002B0BDE8F081FBF7D9FC3368DB
S21402D1309A05074603D4D8F800309B0509D501990D
S21402D140301D8D6006F0A0FC3846FBF7CFFC0020B1
S21402D150E8E7FBF7CBFC01992046A847E2E738B59B
S21402D160014604460120FEF734FB05460C3006F065
S21402D170A4FB281D06F0A1FB21460020FEF729FB92
S21402D18004460C3006F099FB201DBDE8384006F038
S21402D19094BB70B5014605460120FEF71AFB06460B
S21402D1A0043006F007FC044670B14FF400713046B6
S21402D1B0FFF7EBFDA36821462846984720B1204694
S21402D1C0BDE87040FAF7D2BF70BD0023C0E9003157
S21402D1D08260704708B50B4601461846FEF7F9FA14
S21402D1E00068C0F3402008BDFFF725BFCB1E012B09
S21402D1F070B504460D46164606D81A21FEF761FBA0
S21402D20040212046E6F7CEFC324629462046BDE8B7
S21402D2107040FFF710BF38B504460D46FEF73DFBDB
S21402D22028B1012D04D122212046FEF74AFB002018
S21402D23038BDF8B58B790B440C46D3F80D60D3F89D
S21402D240113032460746E7F711F909212046FFF763
S21402D250EFFD2046E8F7D8FAA579E8F7FBF90C3592
S21402D260254466F0FF060640C5F80160E8F7F2F9C5
S21402D2703846C5F805102146FFF7D8FD0221384684
S21402D280FFF7BEFDF8BD70B50E4605460146002006
S21402D290FEF79FFA012E044603D0022E11D001207B
S21402D2A070BDC1688B7919440D312846FEF796FB8E
S21402D2B0E068FAF75BFF0020E0602946FFF779FE98
S21402D2C0EDE7C068FAF752FF0023E360E7E738B5F8
S21402D2D00D46044601460120FEF77BFA012D08D1D1
S21402D2E000F112012046FEF779FB21462846FFF799
S21402D2F060FE012038BD08B5FEF774FAC0F3C00020
S21402D30008BDF8B50C460746FFF7F5FF80F00106A4
S21402D310F6B239463046FEF75CFA0546C068012C7E
S21402D320837903D0022C1BD00120F8BD0C33C4181D
S21402D33038462389E288A188FEF728FC618862784D
S21402D340490089B252003846FEF787FAE868FAF7CB
S21402D3500DFF0023EB6039463046FFF72AFEE3E76F
S21402D360FAF704FF0023EB60DEE708B5FEF742FAA1
S21402D37000F0010008BD38B50C4602210546FEF74E
S21402D3803BFA0C212046FFF753FD2046E8F73CFA0D
S21402D3904FF0FF3383700223C3700D2343706FF088
S21402D3A02F0303710523437121462846BDE8384002
S21402D3B0FFF73CBD042910B5044601D0002010BD7D
S21402D3C0FFF799FFC0F10200E8F7EAF80028F5D166
S21402D3D006F038FC014608B90220F0E72046E8F7D6
S21402D3E023FD0028F8D10120E9E708B5FEF7FAF98F
S21402D3F0C0F3C00008BD2DE9F0410F460446904632
S21402D400FFF7F3FF80F00105EDB221462846FEF74E
S21402D410E0F9012F064603D0032F0FD001200BE0C0
S21402D4202046FEF781FE22212046FEF74AFA2846CB
S21402D4302146FFF7EEFD0020BDE8F081C068FAF74E
S21402D44095FE0023F3602046FEF76EFE5FFA88F133
S21402D4502046FEF736FA20462021E6F7A3FB2146B1
S21402D4602846FFF7D6FDD9E737B504460D46FEF740
S21402D470C1F903054CD5022006F0E4FB0190002812
S21402D48048D0204645B3FFF7B0FF50B105210198BA
S21402D490FFF7CEFC0198E8F7B7F901992046FFF7A7
S21402D4A0C5FC20462946FEF74AFE2046FFF79DFFAA
S21402D4B078B94FF400612046FEF799F906210198E3
S21402D4C0FFF7B6FC0198E8F79FF901992046FFF7A7
S21402D4D0ADFC002003B030BDFFF787FF68B10199AD
S21402D4E0032306222046FFF7B7FC2046FEF71CFE63
S21402D4F021462846FFF78DFDEBE701A806F0DDF989
S21402D50020463D21FEF76EFD2046FEF70DFEE0E7C3
S21402D5100C20DFE70720DDE7F7B5014604460020CA
S21402D520FEF757F9054600F112074FF48060E8F758
S21402D53037F850B92046E6F71FFB698B3A4680B2A9
S21402D54003B0BDE8F040FFF7E1BA2046E6F714FB69
S21402D550064620466D8BFEF743F9002203460092EC
S21402D56029463A46B0B2FFF7F0FA03B0F0BD837828
S21402D5701A2B09D81B2383700288B2F5A47F07D220
S21402D5804FF4A473038007E0FB2BF5D9FB23F2E7E5
S21402D59044F290239A42F5D87047F0B5CA798B794F
S21402D5A087B043EA0223ADF80C308B888DF80E3034
S21402D5B0CA788B7843EA02230446ADF8103003A8F3
S21402D5C00B888DF81230FFF7D2FF04A8FFF7CFFFC3
S21402D5D005A92046FEF736FD0B212046FEF7ECFC99
S21402D5E040F6480544F29023002818BF1D469DF8D1
S21402D5F00E30BDF81460BDF81020BDF80C709DF812
S21402D60016009DF81210AF42D4BF00970095FB2B70
S21402D610A8BFFB23B242A8BF32468142A8BF01463A
S21402D6202046FEF726FB07B0F0BD37B51446054682
S21402D6301046FFF7FDFB2046E8F7E6F801A9044688
S21402D6402846FEF7FFFC0B212846FEF7B5FC6FF0D6
S21402D650040363700023A37044F2902240F648034A
S21402D660002818BF1346A4F803309DF80630A4F825
S21402D6700530BDF80430A4F8073003B030BDFFF71C
S21402D680DABC022973B505460C4603D000242046B0
S21402D69002B070BD0521FEF760FC0028F6D0E6F762
S21402D6A0ADFD1B28F2D94FF40040E7F779FF0028BA
S21402D6B0ECD106F0C7FA06460028E8D001A92846AB
S21402D6C0FEF7C0FC9DF80630BDF804203146284619
S21402D6D0E8F77EFE0028D9D10124D8E730B190FAC7
S21402D6E0A0F00123B0FA80F08340D8B2704770B53C
S21402D6F00646FEF77FF880F0400402060546C4F3AD
S21402D700801406D408213046FEF73CFC08B144F0EB
S21402D7100204EB0506D40B213046FEF733FC08B1B3
S21402D72044F00404204670BD2DE9F84304469146B1
S21402D7300F46FEF75FF8C0F340152046FEF729FBBA
S21402D740214680462846FEF744F8494606462046C5
S21402D750FEF7B7F898F80110384601F00F0100F00E
S21402D76046FA062814BF014600212A462046FEF73E
S21402D770B4FA21462846FFF71CFC20212046FEF775
S21402D7803EF856E8003F43F4805346E80032002A4B
S21402D790F7D1BDE8F883F8B50E4604461546FEF7FF
S21402D7A029F8032EC0F340170DD0042E16D0012EF2
S21402D7B012D122212046FEF784F838462146FFF78A
S21402D7C028FC0020F8BDEAB200212046FFF7ACFF95
S21402D7D021463846FFF71DFC0120F3E70C22F3E74B
S21402D7E0012910B504460BD1FEF704F82146C0F312
S21402D7F04010FDF7EEFF0022817C2046FFF794FFE3
S21402D800012010BD2DE9F7430F460546FDF7F2FF4E
S21402D81000F02009C0F340182846FEF7BAFABB7992
S21402D8200C333B445E789B781E400378C3F30300B8
S21402D83000EA13103040FFF751FF044648B9B9F129
S21402D840000F06D12846FFF752FF3040FFF746FF8B
S21402D85004462846FEF7A0FAEAF7F4FDA04223D0D3
S21402D8601CB302212846FDF7DDFF002106462846A6
S21402D870FEF72AF918213846FFF7DAFA3846E7F7AC
S21402D880C3FFB6B244708470A0F8036039462846D7
S21402D890FFF7CCFA00962346224629464046E8F78A
S21402D8A0D1FD03B0BDE8F08300242646E2E770B55A
S21402D8B004460D46FFF7DDFB28B929462046BDE89B
S21402D8C07040FFF79FBF4028294620464FF01603B8
S21402D8D0BDE8704014BF2A222322FFF7BDBA38B52E
S21402D8E005460C46FDF786FF830604D42046BDE8AF
S21402D8F03840FAF73BBC21462846BDE83840FFF7D9
S21402D90081BF73B58C790C340C4406460D46FDF780
S21402D91071FFA278032AC0F3401014D0052A28BF4C
S21402D92000226378032B10D0052B28BF0023B4F8FF
S21402D930031000913146E8F785FD284602B0BDE89F
S21402D9407040FAF713BC0022EBE70023EFE708B5B6
S21402D9508B790B441B7B162B03D0172B05D000208C
S21402D96008BDFFF7A4FF0120FAE7FFF7B8FFFAE7C2
S21402D97008B58B790B441B7B162B03D0182B05D0CE
S21402D980002008BDE8F788FD0120FAE7FFF7B9FF97
S21402D990FAE770471FB54A1E042A03460C465FD8AC
S21402D9A0012902D1008804B010BD022905D10088E1
S21402D9B05B88984238BF1846F5E74A00014601A838
S21402D9C005F02DFC032C07D10023ADF80A304FF6E4
S21402D9D0FF73ADF80C3001E0042CF8D0BDF8062039
S21402D9E0BDF80430934284BFADF80630ADF804208B
S21402D9F0BDF80A30BDF80C20934288BFADF80A2065
S21402DA00BDF80A2088BFADF80C30BDF8043093424A
S21402DA1088BFADF80A30BDF80620BDF80C309A4231
S21402DA2088BFADF80630BDF80820BDF80630934230
S21402DA3084BFADF80830ADF80620BDF80A30BDF850
S21402DA4008209A4288BFADF80830BDF80820BDF815
S21402DA5006309A4238BFADF80830BDF80800A2E793
S21402DA604FF6FF709FE7012804D0022804D030B991
S21402DA70EAF732B9EAF720B90020E9F765B9704744
S21402DA8010B1012803D070470120E9F75DB90020E4
S21402DA90FBE7F7B51F468B1E012B05460C461646BE
S21402DAA013D8FDF70CFB0023CDE90005F01A18BFCA
S21402DAB001201A463946FDF710FB80B1022C0BD125
S21402DAC02846E7F793FC002004E00029F8D0012955
S21402DAD002D0FF2003B0F0BD2846E7F7CBFC0120BA
S21402DAE0F8E770B59DF810600D4600210446817176
S21402DAF006F10C014173111E03F00F00237B18BFC1
S21402DB00012140EAC11003F04003184320732B465C
S21402DB109DF8141004F10E00FFF7BBFF237B60F3A1
S21402DB20861323732B686361AB882383A3790E362F
S21402DB303344E37170BD002313604369F0B513F0FC
S21402DB4010070589044603D00D4445600120F0BD48
S21402DB504668701AB0EB050CF8D513F001000AD12E
S21402DB60D4E90373DB1B13EB0C0FF0D429448E1B92
S21402DB7016606160EAE73846E9E710B541898389AD
S21402DB80C28904460846FFF7E2F8E0B1E279531E7E
S21402DB90072B19D86389934216D922899A4213D839
S21402DBA0237C43B9637C33B9A37C23B9E07C10B9E8
S21402DBB0237D0F2B07D9607D1B3000F01F000B283A
S21402DBC08CBF0020012010BD0020FCE708B5EAF754
S21402DBD011FFBDE808400020EBF7F8B8C94350E84B
S21402DBE0003F0B4040E80032002AF8D17047022876
S21402DBF008D0042803D0012818BF0620704701F079
S21402DC000101C81C7047EBF747BC0A2802D801304E
S21402DC10C0B27047242801D80230F9E7252805D07B
S21402DC20262805D0272818BFFF20704700207047F7
S21402DC300C20704708B5EAF781FCBDE808404FF0B3
S21402DC400060EBF75FBE08B5EBF72CFC20B1BDE831
S21402DC5008401020FFF7EEBF08BD704770477047B8
S21402DC60704770470020704770477047704770478C
S21402DC70704710461946704700200021704704F08E
S21402DC8057BEF3F7E3BD04F00BBF08B5EAF75AFE3A
S21402DC9020B1BDE808400420FFF7CCBF08BDF0B5B0
S21402DCA087B00D468DF80700164602B9A3B39DF855
S21402DCB007002946FDF717FA0446B8B99DF807008B
S21402DCC02946FDF714FA40BB16B39DF80710003933
S21402DCD018BF01210DF10F022846EBF79DFAF8B99D
S21402DCE09DF80F40013418BF012416E004AF01224C
S21402DCF039460DF10700FDF7F8F904464EB19DF8D6
S21402DD000730191E18BF0121002818BF3D46E1E75B
S21402DD100124FDF7D7F900B90124204607B0F0BD6B
S21402DD204FF0FF34DEE737B502460846136A03F4BF
S21402DD30007403F40015DB0505D47CB9E7F756FB3F
S21402DD40204603B030BD4CB9D2F855100160B2F887
S21402DD5059208280B5FA85F46409F1E7019092F9B8
S21402DD605430009300231A4619461846B5FA85F42D
S21402DD70FDF7B3F96409E3E77047704702461946B0
S21402DD800020EBF727B9002070470020704707B540
S21402DD9000214FF0FF336A46084600938DF80430A0
S21402DDA0EBF7AEFA03B05DF804FB38B5054600683B
S21402DDB005F025FC0446287900F01F0005F01FFC3C
S21402DDC02044C0B2012894BF0020012038BD70470D
S21402DDD07047914270B50D4614461E4609D2FFF7AB
S21402DDE012FF641B013490FBF4F303FB140005449A
S21402DDF0ACB23480FFF707FF33880133B0FBF3F28F
S21402DE0002FB1300049B188070BD70477047704772
S21402DE100120704708B5202000F00DFF003818BF1B
S21402DE20012008BD08B5FFF7F5FF20B1BDE80840A0
S21402DE30202000F008BF08BD73B506460D461446FE
S21402DE40D2B100F0F5FEA84218D8304600F005FF21
S21402DE5001460190A0B100232A46204605F023FD84
S21402DE6001A805F02AFD2246022052F8041B00F003
S21402DE70A1FE002002B070BD2220FBE72120F9E7B8
S21402DE802D20F7E708B5F9F7A3FE08B1012008BD73
S21402DE9000F064F8F9F7A4FE0028F7D1EEF72CF8A4
S21402DEA0003818BF0120F2E708B5EBF7D9FC0028C6
S21402DEB00CBF0420012008BDEBF7E0BC0020704731
S21402DEC030B5044687B008461546FEF72EFF1222E6
S21402DED000210DF1060005F097F9A3680293E368A6
S21402DEE00393E38BADF81030238CADF81230ADF807
S21402DEF00450FFF7E3FF029B8DF8140043F410531F
S21402DF00029300F006FE18B1029B43F0040302934C
S21402DF10029B01A843F480330293E7F753FB10F009
S21402DF20FF0516D1A38CADF800300DF10201E38C8B
S21402DF30ADF80230684600F06DFDEBF73BFDFEF7EC
S21402DF40F2FE012104F0DFFBEDF788F8284607B061
S21402DF5030BD40F20C40FAE7EBF73CBDFBF77CBD68
S21402DF60E4F73EB80120704770B50C4606461146E7
S21402DF701D46EBF7F7FD58B144EA06206FEA40402B
S21402DF806FEA50402A4680B2BDE87040EBF73EBDCD
S21402DF9040F2064070BD83791A07014603D5062271
S21402DFA00020EBF703BE9B0602D506220120F8E707
S21402DFB04FF0FF3070478379532B01D1EBF728BE21
S21402DFC0FFF7E9BF70B5064614461D46EBF7CAFDD5
S21402DFD010B90024204670BD41EA06206FEA404090
S21402DFE06FEA50402A46214680B2EBF72DFD002804
S21402DFF0F0D0EEE713B50446EBF7B4FD10B90020F7
S21402E00002B010BD08226B4611462046FFF7DAFF23
S21402E0100828F4D19DF80230002BF0D09DF90300B9
S21402E020013018BF0120EBE77047002070475328E5
S21402E03038B505460C4604D1BDE838400846F0F728
S21402E0404FB90620FAF7A4FA68B96379142D03F0DB
S21402E0503F03637104D0722D08D163F03F036371EE
S21402E060A571002038BD40F20740FBE72120F9E702
S21402E0701FB550F80C4BADF8061094F870408DF8AA
S21402E0800820ADF80A3001AA069B8DF8044040F23B
S21402E0900351039305F046FB10B906A805F00DFCE4
S21402E0A004B010BD2DE9F04186B04FF000080446DA
S21402E0B00E46CDF80C8000F14407154612B303A8AD
S21402E0C005F0FBFB384605F0F8FB84F81C800023BD
S21402E0D0009332462B461821204600F036FF05F5FF
S21402E0E08855204604AA50F80C3B059593F87030E4
S21402E0F08DF8103040F2055105F014FB002006B0F2
S21402E100BDE8F08143691A0710D4A846384605F0E0
S21402E110F2FB03460390C0B903A805F0CEFB3846CF
S21402E12005F0CBFB0023237755B1D0E723F0080395
S21402E130436103A805F0C1FB384605F0BEFB257710
S21402E140204600F07EFF0025CBE7997901F10C020C
S21402E1501A440531B2F80160B2F8032099712046DC
S21402E160314601F093FCCDF80C800028CED005464F
S21402E170D2E72DE9F84F0E469DF828B091469A460A
S21402E180054610B1037C012B60D0284601F095F9B4
S21402E190304601F00EFB002231468046284601F04A
S21402E1A07BFB0746304601F0FDFD42F6052398420A
S21402E1B01CD118F0300F26D1BBF1000F33D018F067
S21402E1C0200F3FD0BA073FD5EB8B002B38D15346F2
S21402E1D04A463146284600F068FF0446E8B9EE8310
S21402E1E040F20A41284601F076F916E0284601F088
S21402E1F019FA0028DDD0284601F029FA0028D8D0DE
S21402E20041F2121409E0B907D6D03146284601F089
S21402E210DFFB0028D0D000F58854284601F052F9DA
S21402E2202046BDE8F88F18F0100F0BD0FB070BD571
S21402E23053464A463146284600F012FF0446ECE7AB
S21402E2400524EAE72124E8E70224E6E70724E7E7CD
S21402E2502DE9F04786B000259DF8389090F81CA06E
S21402E2600F9E057704460F469046B9F1000F09D077
S21402E2700A4600964B46514600F067FE284606B010
S21402E280BDE8F087BAF1080FADF8169026D1458999
S21402E290043DADB29D4232464FF002014FF00900F6
S21402E2A0A8BF1D4600F0E2FD0222814605A93046BF
S21402E2B0ADF8147005F0C4FD2A464146304605F016
S21402E2C0BFFD831C054689F8013031462046EDF72E
S21402E2D0E9FFADF81650BDF81600D0E7BAF10A0FFE
S21402E2E00DF11602CDE9016200930CBF0B210D2140
S21402E2F04346012200F04DFE1A28ECD1CDF80090DC
S21402E30011233A4651462046ADF8169000F01DFEFF
S21402E310E1E7F0B589B017460025012204460E460D
S21402E3200393ADF8165001F0E6FA8DF815000028B2
S21402E33046D1304601F057F910B1304601F015FAD1
S21402E340304601F046FAB8B103A805F0B6FA204600
S21402E350237F50F80C2BADF81A6092F870208DF8D7
S21402E360182040F2025106AA8DF81C30ADF81E7035
S21402E37005F0D8F909B0F0BD0DF115030DF116023E
S21402E3803146204601F054FB9DF8153002465BB933
S21402E390BDF81630BB4235BF0723DB1B8DF81530A0
S21402E3A0D21928BFADF81630039B01939DF815309D
S21402E3B000933146BDF816302046FFF749FFD9E7ED
S21402E3C02A46F1E770B504460D46164601F00BF9EB
S21402E3D040B933462A46214601F058FB08B100F5FB
S21402E3E0885070BD41F20310FBE71FB550F80C4B86
S21402E3F0ADF8061094F870408DF80820ADF80A3093
S21402E40001AA069B8DF8044040F20151039305F0E1
S21402E41089F910B906A805F050FA04B010BD1FB568
S21402E42050F80C4BADF8061094F870408DF80820A2
S21402E430ADF80A3001AABDF818308DF8044040F253
S21402E4400451ADF80C3005F06DF904B010BDF0B50E
S21402E45085B0122703920777022205460E4601F080
S21402E4604AFA044668B103A805F027FA00232B7778
S21402E47000230093324623461221284600F065FD0B
S21402E4800FE0039A937903339371304601F0A1F9B2
S21402E49048B1039B00933A46234631462846FFF787
S21402E4A0E7FD05B0F0BD42F6293001F0E2FBB042CE
S21402E4B020D1039830B903A805F0FFF900232B7783
S21402E4C00D24D5E705F07EFA80B20128F3D1039B2E
S21402E4D09A7913442846197B01F0DFF8044603A80C
S21402E4E005F0EBF900232B77002CC1D1284600F06B
S21402E4F06FFDD6E72246039B3146284601F0C6FA50
S21402E5000446EFE72DE9FF410392042204460D4636
S21402E51001F0F1F9074628B103A805F0CEF904B0D8
S21402E520BDE8F081039A93794FF052080333937152
S21402E530284684F81C8001F04CF9064640B1039B3D
S21402E540009342463B4629462046FFF791FDE6E702
S21402E55042F6293001F08DFBA842039B0BD19A7933
S21402E56013442046197B01F098F803A805F0A5F994
S21402E57000232377D3E732462946204601F086FA5F
S21402E580F6E72DE9FF418B790C330B440446B3F8CA
S21402E5900170B3F8038038460E4601F002F90028EF
S21402E5A058D002223946204601F0A5F90546E8B9B8
S21402E5B0384601F00EF968B116222277B379053390
S21402E5C0B3713946009643462046FFF751FD04B024
S21402E5D0BDE8F081F9F760FD33461B680135EDB200
S21402E5E0002BFAD10635A8421DDC092504F14400A9
S21402E5F005F063F900962B463A461621204600F0AF
S21402E600A4FC092DE3D1204602AA50F80C3B93F84D
S21402E61070308DF8083040F2055141F20913039329
S21402E62005F080F8D3E70121304605F0D4FB014619
S21402E6300028DAD004F1440005F026FAB37905334F
S21402E640B371424633463946204604B0BDE8F0412F
S21402E65000F0CDBC0125C9E713B5044641B94430E4
S21402E66005F02BF9204602B0BDE8104000F0E9BCE8
S21402E6704369182213F00803027706D0002300939A
S21402E6801946FFF7F5FC02B010BD1A46194602B04D
S21402E690BDE81040FFF706BD7FB5C58B04462DB317
S21402E6A042F6052001F0E5FAA84207D100212046ED
S21402E6B000F0D4FF636923F00103636140F20A416C
S21402E6C0204600F00EFF00260DF10E0229462046D7
S21402E6D0ADF80E6001F0E0F8BDF80E200092034699
S21402E6E0022229462046FFF79AFEE68304B070BD52
S21402E6F02DE9F0470E46BDF8209090461F46044688
S21402E70018B941F20110BDE8F087084601F049F851
S21402E7100028F6D06589033DADB24D4509D3CDF844
S21402E72020804B463A4631462046BDE8F047FFF782
S21402E73020BD4920E7E72DE9F34105469846099FA3
S21402E7400C46164600F0B9FE2B7C012B24D0204640
S21402E75001F03FF810B32A7F0C2A21D84FF4A853B1
S21402E760D340DB071CD5002005F06CFAD0B19DF82B
S21402E7702030019000933246434621462846FFF752
S21402E78067FD3FB90024284600F09CFE204602B0F2
S21402E790BDE8F0813880F5E70724F4E72124F2E7A4
S21402E7A00224F0E71A24EEE7F7B504461F460E46A3
S21402E7B0154600F082FE237C012B58D0237F182BAF
S21402E7C02CD063691B0713D5217F16292DD008D8B4
S21402E7D0122914D00225204600F074FE284603B003
S21402E7E0F0BD18291AD05229F4D10023237713E05A
S21402E7F0304600F0EEFF0028E6D12125EBE70023A5
S21402E800237735B1009332462B46204600F09DFB17
S21402E81002E0204600F0DCFB0025DCE72A46314613
S21402E8202046FFF73FFC0546D5E700232377002D59
S21402E830E8D1BDF82430089A00950521172000F08B
S21402E84039FB20B90095112332461221DDE700F08C
S21402E850EEFA626942F00802626182790532034684
S21402E860827131463A46204600F0C1FBD4E70725BE
S21402E870B1E72DE9F041054688B042F6052001F0E1
S21402E880F8F9064604A8EEF7F3FD102205F1210179
S21402E8900DEB020004F08EFC50B10121284600F078
S21402E8A0DDFE284601F097FA6B6923F001036B61DF
S21402E8B042F6030303A90220ADF80C30EEF7E6FE9B
S21402E8C0012407464FF0000820463A464FF6FF71ED
S21402E8D001F094F9044610B908B0BDE8F08100F0E2
S21402E8E060FF0134A4B20028EED0A64203D131461E
S21402E8F02846EBF7D9FC0DF10E0221462846ADF864
S21402E9000E8000F0C9FF03460028DDD0BDF80E20B9
S21402E9100092214601222846FFF781FDD4E708B57A
S21402E920EEF794FD0020ECF74DF9002008BD10B973
S21402E9300120ECF73BBA70470220ECF72DBA002014
S21402E940ECF72ABA38B50C460546E6F70FFB4379CC
S21402E950C47523F0030343F0030343710923837151
S21402E96004F10C03C371A0F81550153038BD2DE91B
S21402E970F3410D4616468046E6F7F8FA05F10C0313
S21402E980C3714379019023F0030343F003034371F9
S21402E990092383710446A0F8158000F11507304656
S21402E9A005F010F80544E57533463BB901A8314633
S21402E9B005F06AF8384602B0BDE8F0815A7922F0CE
S21402E9C0030242F002025A711B68EEE708B5E6F748
S21402E9D0D3FA83790C33184408BD08B5ECF734F93A
S21402E9E0EFF726FAEBF748FBEEF7F6FBBDE8084032
S21402E9F0FFF7A5BF10B50446ECF7D2FA20B92046B9
S21402EA00BDE81040F9F742BA2046F9F73FFAFFF799
S21402EA1093FFF1E773B50E4605F0BDFA044610BB48
S21402EA2042F6072001F025F90546E0B1B6F90030B6
S21402EA30002BCCBF0533053B4FF00A02CCBFB3FB1D
S21402EA40F2F393FBF2F35BB28DF8073001230DF17C
S21402EA5007020021184605F020FA0022034629463E
S21402EA60104601F013F8204602B070BD430803F0CA
S21402EA705503C01A00F03303C0F3850000F03300DC
S21402EA80184400EB101000F00F00704710B5421D3E
S21402EA90441E002114F8010FFFF7E8FF94420144D8
S21402EAA0F8D1084610BD0E2070470E2070470E2083
S21402EAB070470E2070470078EDF770BC13B50C4611
S21402EAC00DF107020DF10601EDF758FD30B19DF884
S21402EAD00600031B5842584102B010BD0120FBE756
S21402EAE07047EEF78FB8704708B5EEF757FF00206D
S21402EAF008BDEFF7FFBAECF7D1BF02F009B802F093
S21402EB0009B87047704770477047EBF749B87047C7
S21402EB10704700207047704770477047F8B5136813
S21402EB201D0A04460F46164604350A46002104F01E
S21402EB306BFBEDB221222046394604F00CFE20463D
S21402EB40294604F091FEA27933681444E360F8BDC6
S21402EB5070477047704770477047704702464FF4D9
S21402EB6082712020FFF768B908B5014600F0380028
S21402EB70EDF7F6F878B1D0E90132407810F0020FDE
S21402EB8008BF1346C1F30741043B53F8040F10B104
S21402EB9002788A42F9D108BD38B505460C4604B952
S21402EBA038BD013C55F824301B69002BF7D0984736
S21402EBB0F5E770477047F8B54378DB07054601D49A
S21402EBC0EDF710F96B786F6823F00C0343F002033D
S21402EBD06B70002657F826402CB905F10C01202050
S21402EBE0F9F70EFB0FE0A3680136002BF2D0984728
S21402EBF004460028EED031463846FFF7CDFF6B7844
S21402EC0023F002036B702046F8BD4078C0F3400044
S21402EC107047437813F00E0F0CBF01200020704798
S21402EC2010B5EDF749F90446EDF75EF9204610BD3A
S21402EC304FF48270704708B5EDF792F8C068003856
S21402EC4018BF012008BD08B5EDF78AF820B1BDE867
S21402EC500840C06804F062BE08BD38B5EDF780F81B
S21402EC60044650B1F9F73CFF054604F10C0004F0E7
S21402EC7042FE04462846F9F739FF204638BD37B526
S21402EC808379019003440446D86800F03800EDF713
S21402EC9067F8054628B901A804F00FFE022003B063
S21402ECA030BD204604F013FEF9F71AFF0199044618
S21402ECB005F10C0004F0E8FE2046F9F717FFEAF724
S21402ECC0DDFD0020EBE72DE9F041044625021F4654
S21402ECD005F4E065C4F3072324F47F441D4324F0BF
S21402ECE0C7048B79EE1944F0800444EA16243602EF
S21402ECF00C33B6B23443CC50084601EB0308114637
S21402ED00FFF7BDFF20B94544EF704046BDE8F081ED
S21402ED104FF00008F9E7427810B50432044601F0D5
S21402ED200400D2B2002140F0290005F04CF818B1D8
S21402ED30837922680344DA6010BD10B50021FFF71C
S21402ED40EAFF044608B9002010BD0179FFF797FFD5
S21402ED500028F8D1A3790C33E018F5E72DE9F04145
S21402ED6017461A4603681C0204F4E064C3F307233A
S21402ED701C4301F0040141F02905043406463B46D3
S21402ED802146284605F089F8804650B1E1B204F0E3
S21402ED90D4FD30683B462A464146BDE8F041FFF7BF
S21402EDA092BFBDE8F0812DE9F34101F0040141F084
S21402EDB02905002407682946064610681460019053
S21402EDC004F085FD019804F0FDFD390201F4E061CE
S21402EDD0C7F30727394380460122043101A804F00D
S21402EDE06EFF30B101A804F068FD204602B0BDE80F
S21402EDF0F0810199306843462A46FFF764FFF5E73B
S21402EE0000207047A0F86E10704701238B4090F8E0
S21402EE107110194380F87110704708B50120F9F790
S21402EE205BF9C0B208BD83790C33184470471438B6
S21402EE30704710B50446A1F1140004F0C3FD201A71
S21402EE4020EAE07080B210BD70B51C460D4616462C
S21402EE50FFF7EFFFA04207D322463146A5F1140082
S21402EE6004F0EEFF012070BD0020FCE770B50646F8
S21402EE700D4614467AB90A462046082104F0A3FF36
S21402EE80044690B92A460821292004F09CFF04462D
S21402EE9058B9204670BD104604F00FFD204604F017
S21402EEA0C5FE08231D44A371E571A3790C331C44E7
S21402EEB02670EEE72DE9F0411646069A0746884682
S21402EEC01D46FFF7D3FF0446F0B114382A463146F2
S21402EED0069004F0B5FF854217D9069B1C7906A852
S21402EEE004F0200404F0E9FC74B942460821292003
S21402EEF004F069FF2A463146069004F0A1FF8542D7
S21402EF0006D906A804F0D9FC00242046BDE8F08104
S21402EF10069A93790C33D418D754F6E711B11439FC
S21402EF20EDF7C0B91A20704738B5002204460D46E0
S21402EF3002200321FFF79AFF014608B1A0F801500C
S21402EF402046BDE83840FFF7E9BFF8B504460F464D
S21402EF5016460521069A01201D46FFF787FF014641
S21402EF6038B14770468005712046BDE8F840FFF785
S21402EF70D5BFF8BD38B50D46032104460846FFF74F
S21402EF8075FFA0F8015001462046BDE83840FFF75D
S21402EF90C5BF73B5054608466C89089E1146641AB5
S21402EFA01A46BDF81830A4B29C4228BF1C46079BDE
S21402EFB000932346FFF77EFF014630B12846348091
S21402EFC002B0BDE87040FFF7A9BF1A2002B070BDBC
S21402EFD010B50121044600221320FFF747FF014621
S21402EFE020B12046BDE81040FFF798BF10BDF7B528
S21402EFF044890193054618460F46164604F0E2FC7D
S21402F000053CA4B2844203DA011B01A804F07CFD8D
S21402F0100521019804F01AFE014628B901A804F059
S21402F0204CFC1A2003B0F0BD83790C33C2181720AB
S21402F030C854A2F80170A2F803602846EDF732F928
S21402F040F0E710B50121044600221920FFF70EFF53
S21402F050014620B12046BDE81040FFF75FBF10BD55
S21402F06073B54489033CA4B2A3420E464FF0000196
S21402F070009105464FF0030128BF23461B20FFF7E9
S21402F08019FF014670B110F80F3CA0F8016001228A
S21402F09062F3071300F80F3C284602B0BDE8704042
S21402F0A0FFF73CBF1A2002B070BD73B54489033C1B
S21402F0B0A4B2A3420E464FF00001009105464FF05F
S21402F0C0030128BF23461D20FFF7F4FE014638B190
S21402F0D0A0F80160284602B0BDE87040FFF71EBFE8
S21402F0E01A2002B070BD4B88042B07D1836C0888A7
S21402F0F05B8998428CBF0020012070470020704731
S21402F10010B50446806920B10021EDF707F8002308
S21402F110A36110BD38B5A0224FF4A073C0E907233F
S21402F12000250723044680F83130C58185711030EA
S21402F13004F0C3FB04F1140004F0BFFB2046FFF703
S21402F140DFFF40F20113E3857F2384F83230A562A5
S21402F15065622046BDE83840FEF766BF07B5012265
S21402F1608DF807100DF1070104F06AFE03B05DF892
S21402F17004FBF7B505464FF428500C4600F079FD1F
S21402F180064600F00EFBB0B3022C02D8002003B0F5
S21402F190F0BD00270DF105030DF106023146384693
S21402F1A0ADF8067000F044FCBDF80620631E9342DC
S21402F1B006461EDC072C1AD9023CADF80640082487
S21402F1C0BDF80630002BE1D00133D9B22846FFF74E
S21402F1D0C5FF21462846FFF7C1FFBDF80620314687
S21402F1E0284604F02DFEBDF806000230CFE7ADF843
S21402F1F006700924E4E74FF0FF30C8E702292DE93C
S21402F200F34104460D461746184603D8002002B0BE
S21402F210BDE8F08100F02DFD064600F0C2FA002897
S21402F220F4D04FF000080DF105030DF10602314649
S21402F2304046ADF8068000F0FBFBBDF80630BDF890
S21402F2402020934228BF13460646AB429DF805008F
S21402F25028BF2B46ADF80630C0B9002BD7D00133F5
S21402F2609AB29542D3D9D9B22046FFF777FF3946EC
S21402F2702046FFF773FFBDF806203146204604F00D
S21402F280DFFDBDF806000230C0B2C0E74046BEE76A
S21402F29038B50446EDF7B4F838B1022905D8204649
S21402F2A00022BDE83840EDF739BA212038BD91F882
S21402F2B039305B0773B506460C4615462DD408460C
S21402F2C0EDF73CF86B1E042B16D8032D14D0A37949
S21402F2D0142B24D0A3697BB90093ADF804308DF8C3
S21402F2E00630EAF761FF6946ECF78EFE18B91A2572
S21402F2F0284602B070BDA061636AE57343F0160348
S21402F3006362EAF7F3FE3046EDF75EF9054600283B
S21402F310EED02046FFF7F4FEEAE70225E8E72125CD
S21402F320E6E7002337B580F8723040F6FF73A0F8A0
S21402F3306E308368C160DA0404460D4610D443F486
S21402F3408063A3606A4640F203212046CDE9004569
S21402F35004F0E8F900212046ECF7E0FE03B030BDE9
S21402F36090F87600EDF736FBA36823F48053E8E7BF
S21402F37073B56E4604464A7930460D460631EAF7BC
S21402F38059FF96E80300A4F85010090C11F0800FFC
S21402F390E06484F8521004F1530312D0012205F1FE
S21402F3A012011846EAF746FF0C352846FFF76EFBB1
S21402F3B028B10122294604F15A00EAF73BFF02B0BF
S21402F3C070BDB4F8501094F85220C4F853009980D7
S21402F3D09A71E9E71FB590F87420019002F00103D4
S21402F3E004468DF808300BB102F002038DF809309E
S21402F3F0204694F875308DF80A30039101F0E2FB4E
S21402F40001AA4FF40171204604F08CF92046ECF76D
S21402F41011FF04B010BDECF759BEFFF7FEBC0A465A
S21402F4200021EEF7CFBA13220121EEF7CBBA82689B
S21402F43038B5C2F380320446B0F86E000D46EEF7D9
S21402F44067FB20B9A3681DB143F40053A36038BD1F
S21402F45023F40053FAE783791A0705D413F0100F42
S21402F4600CBFFF2001207047002070470020704725
S21402F47010B5044660B1806C50B1EDF7C1FEA06CC9
S21402F4800028FAD120460321BDE81040ECF746BE1C
S21402F49010BD43898B4207B50CD050F80C2BADF843
S21402F4A0063092F870208DF8042040F2014101AA3D
S21402F4B004F038F903B05DF804FB436943F0040333
S21402F4C043617047436923F0040343617047406910
S21402F4D0C0F380007047006847F230530022F8F706
S21402F4E09BBC006804F0BBB838B543699B0704466A
S21402F4F00D4603D540F20941FFF7F3FFECF7F0FEA5
S21402F50008B1A3691D70204640F20941BDE83840A3
S21402F510FFF7E1BF07B5027C012A09D00122027477
S21402F52040F20942914206D040F20A4291420ED07F
S21402F53003B05DF804FB50F80C3B93F870308DF87E
S21402F540043001AA4FF4816104F0ECF8F0E750F8B9
S21402F5500C3B93F870308DF8043001AAF4E738B506
S21402F56022F000430D46114640F20322934204461F
S21402F5701AD0B3F5017F09D240F20122934213D08A
S21402F58040F20222934209D0002038BD6FF4816215
S21402F5901344012BF8D8FFF7BDFFF5E700F022F978
S21402F5A02046FFF766F9EFE763699B0704D540F24A
S21402F5B009412046FFF795FF2846FFF759FFE3E784
S21402F5C008B5ECF76DFD00B1806C08BD08B500B15A
S21402F5D00068ECF773FD08B9034602E0836C002B63
S21402F5E0F7D0184608BD10B5044642F62A3000F099
S21402F5F040FB031B5842584110BD022806D108881A
S21402F60042F62A33C31A58425841704700207047C0
S21402F61010B5044642F6293000F02BFB031B584275
S21402F620584110BD90F8200000F0010070471FB549
S21402F63004466846EDF71CFF1022694604F12100D5
S21402F64003F0B8FDB0FA80F0400904B010BD08B56A
S21402F650FFF7EDFFB0FA80F0400908BD70B504462A
S21402F66000F1210591B92846EDF702FF236893F9C8
S21402F6707500FEF7BFFC78B120682B4690F975003E
S21402F680BDE8704010220D21FEF76EBC102200214C
S21402F690284603F0B9FDE9E770BD38B590F820209A
S21402F6A00446002341FA03F0C50703D442FA03F0E6
S21402F6B0C0071ED40133082BF4D101F001052368DC
S21402F6C02A4384F8202093F97500FEF793FC40B194
S21402F6D02346012253F8200B0C2190F97500FEF701
S21402F6E043FC0DB9002038BD00212046FFF7B6FFC7
S21402F6F0F8E71320F7E768B13F290AD800EBA10024
S21402F70001F0030190F831004900084100F00300BF
S21402F71070470020704710B50368044693F97500D9
S21402F720431C0DD0FEF766FC50B12346102253F858
S21402F730310BBDE8104090F975000B21FEF714BCA2
S21402F74010BD10B590F87430DB0706D490F975300A
S21402F750013314BF0F20052010BD847CEEF792FC07
S21402F760844234BF0C200020F6E730B585B004464C
S21402F7706846EDF77DFE1021684604F0A3FB20469E
S21402F780EEF74EF8C2686B46063204AD1C4603CC52
S21402F790AC4210605160234602F10802F6D105B071
S21402F7A030BD08B5EEF73CF808B1EEF70DF8C0B27A
S21402F7B008BD013810B580B2EEF732F8044608B933
S21402F7C0002010BD408800F07FFB0028F8D0207B88
S21402F7D0F7E708B5EEF724F818B1007AC31F5842C7
S21402F7E0584108BD70B50546044655F8213B93F9C5
S21402F7F07500431C04D12846BDE87040EDF738BEBC
S21402F800FEF7F8FB0028F6D02346102253F8310BF9
S21402F8100B2190F97500FEF7D5FB2346012253F81B
S21402F820200B0C2190F97500FEF7CCFB20682B46C6
S21402F83090F97500BDE8704010220D21FEF7C2BB9C
S21402F84001302DE9F04185B228460E46EDF7E8FF75
S21402F85042F60217044642F603089CB12046EDF72C
S21402F860B3FF78B1204600F03EFBB84205D10EB198
S21402F87023883380607BBDE8F081204600F033FBAE
S21402F880404502D14FF0FF30F5E70135ADB22846CC
S21402F890EDF7C6FF0446E0E72DE9F04707460E46B9
S21402F8A090460D4642F6021942F6030A0135ADB2FB
S21402F8B02846EDF7B5FF044678B1EDF785FF60B14F
S21402F8C0204600F010FB484505D1237A072B04D1C9
S21402F8D00320BDE8F0875045E8D141463046FFF7A1
S21402F8E0AFFF431C014604D03846BDE8F047FFF799
S21402F8F002BF0020EDE770B5054608461646EDF74E
S21402F9008FFF044608B9012070BDEDF75DFF0028A1
S21402F910F9D0F00713D4B10734D4720702D5A388FE
S21402F9205B0732D516F0060F31D116F40060EBD025
S21402F930A38813F4006F14BF00200620E4E7A38810
S21402F940DA0743D513F0700F0AD1980610D458067A
S21402F950E1D52B6893F975300133DCD10820D3E763
S21402F9602868FFF7EEFEA388990608D50028CBD1B3
S21402F9702A6892F874209207E9D40520C4E7002882
S21402F980C2D1E4E7A3889907C7D40320BCE7A388BB
S21402F99013F4E06F09D198050FD45B05C5D52B6823
S21402F9A093F975300133C0D1D8E72868FFF7C9FE4E
S21402F9B0A388990507D50028A6D12A6892F874204C
S21402F9C09207EAD4D9E700289ED1E6E702209BE711
S21402F9D038B504460846EDF723FF054608B9012068
S21402F9E038BDEDF7F1FE0028F9D0AB8813F4E04FEE
S21402F9F00CD1980412D413F48040F1D0236893F902
S21402FA007500431C58425841C000E9E72068FFF7DA
S21402FA1098FEAB88990408D50028E1D1226892F8AE
S21402FA2074209207E7D40520DAE70028D8D1E2E767
S21402FA302DE9F0474FF0000983F800900446A2F83B
S21402FA4000900846884616461D46EDF7E9FE07462C
S21402FA5020B901232B700020BDE8F08774B1EDF7C2
S21402FA60B3FE0028F5D04046FFF7D2FD30B10123A1
S21402FA7085F8009004F120003380EDE72B463246ED
S21402FA8039462046BDE8F047EDF77EBC2DE9FF413A
S21402FA9007460846884616460393EDF7C1FE044617
S21402FAA038B903A803F009FF0125284604B0BDE8CB
S21402FAB0F0811FB1EDF788FE0028F2D0237A072BDB
S21402FAC005D8DFE803F017262F381C17172126BBA8
S21402FAD00398002835D13246257A022D62D0032DAE
S21402FAE064D0012D3BD0002F7FD1002503A803F060
S21402FAF0E4FEDAE703A803F0E0FE0325D5E703A851
S21402FB0003F0DBFE0625D0E703A803F0D6FE802529
S21402FB10CBE7E3685D88B54209DA03A803F0CDFEB9
S21402FB200725C2E7E3689A88B242F6D35D8803984F
S21402FB3040B9024609E0022EEFDC039868B9024695
S21402FB40CAE7354603F03EFF82B29319AB42C3DDE5
S21402FB5003A803F0B2FE0D25A7E70225F2E7E06848
S21402FB60039906300023304403F09DFE002FBCD0DC
S21402FB70237A032B39D103A803F09FFE00212046E7
S21402FB80EDF708FE68B30588617B3846FFF7B3FDDC
S21402FB9001220346CDF8008029463846FEF73FFC90
S21402FBA0002582E7E068B3188380D9E7039B9A7939
S21402FBB0D979891AC9B2481E012810D813440229D5
S21402FBC01A7B04BF5B7B42EA0322237B32EA0303EF
S21402FBD08CD1617B01233846EDF7ACFBC6E70D25D9
S21402FBE084E708F1FF35ADB2CEE7039B00933A7F78
S21402FBF0334641463846FEF7F8FBD1E7884270B5F1
S21402FC0004460D46164611D8012838BF0124204660
S21402FC10EDF706FE10B14388B34208D00134A4B211
S21402FC202046EDF7E1FD08B1A542F0D200242046B9
S21402FC3070BD70B50C4616461D460146B8B1B3B146
S21402FC40022C01D0102C12D1E0B2EDF71FFD4FF6B8
S21402FC50FF718842024602D141F20A1070BD304658
S21402FC60FFF7CCFF0028F7D028800020F6E72120F7
S21402FC70F4E707B50023ADF80400ADF8063001221C
S21402FC800DF10603022101A8FFF7D3FFBDF8060017
S21402FC9003B05DF804FBF8B5441C0F461646A4B242
S21402FCA02046EDF7BDFD10B9013CA0B2F8BD00F04C
S21402FCB01AF90546304600F0F2F820B1284600F060
S21402FCC0EEF80028F0D1304600F0E2F820B12846DF
S21402FCD000F0DEF80028E7D10134A4B22046EDF7A2
S21402FCE083FD08B1BC42DBD94FF6FF70DEE72DE993
S21402FCF0F04F87B00D460C8881469A4602208B88C4
S21402FD00ADF8103004A99046EDF7C0FCAB68009041
S21402FD10A888AF89059300F0BBF838B1102F05D13B
S21402FD2005A8EDF799FC022808BF02274FF6FF7BCD
S21402FD3033E0009A2046FFF761FF064680B3AA88A2
S21402FD406988FFF7A8FF04463046FFF72AFD00B38E
S21402FD500DF10F030DF1120231464846FFF768FE19
S21402FD609DF80F302BB1A8F80060184607B0BDE822
S21402FD70F08FBDF81220BA420BD1059901933A468C
S21402FD8003F018FA019B20B9A8F80060AAF8004010
S21402FD90EBE75C4504D00134A4B26988A142C8D816
S21402FDA00A23E2E708B5EDF73BFDBDE8084000F0A0
S21402FDB09AB838B505460846EDF732FD044610B93E
S21402FDC04FF6FF7038BD0DB96088FBE7EDF7FCFC17
S21402FDD00028F9D1F4E770B5044642F60520FFF78D
S21402FDE048FFB0B10021FFF72BFD0546014620462D
S21402FDF0FFF781FC10220646002104F1310003F0D1
S21402FE0003FA3246294620460023BDE87040EDF745
S21402FE1091BA70BD7FB504460D4610220021684691
S21402FE2003F0F2F90026AB575A1C1BD03146204687
S21402FE30FFF761FC002B194604AAB8BFD91C02EBD7
S21402FE40A10100F00302584200F0030003F003038E
S21402FE5058BF43425B0002FA03F311F8102C134317
S21402FE6001F8103C0136402EDDD16B4604F1310517
S21402FE7004AE1A4603CAB24228606960134605F108
S21402FE800805F6D1204604B0BDE87040FFF743BC33
S21402FE90A0F5205001288CBF00200120704742F6B2
S21402FEA00303C31A58425841704708B5030409D4DD
S21402FEB0EDF7B8FBA0F5205080B201288CBF0020D9
S21402FEC0012008BD0020FCE7020408B507D4EDF7C0
S21402FED0A9FB42F60303C31A5842584108BD002044
S21402FEE0FCE7C00B704703464088B3F90230002B8C
S21402FEF001DBEDF797BB0020704708B5FFF7F3FF6D
S21402FF00A0F5205080B201288CBF0020012008BD39
S21402FF1010B504468069143003F0CFFCA069BDE832
S21402FF201040183003F0C9BC2DE9F04105460F46D3
S21402FF3014461E46FFF7ECFF23463A4608210020E9
S21402FF40D5F8188003F0A9FFAA69C8F81400536907
S21402FF5023B1548116820020BDE8F0811A20FBE707
S21402FF6070B50446084603F02DFDA1698A894D89BD
S21402FF7086B212B1521B96420CDA6389581E80B2C0
S21402FF8025B90A78082A04BF043B98B2831B584254
S21402FF90584170BD0020FCE730B504468DB054F8D9
S21402FFA00C0B9DF8405090F870008DF8040042EA61
S21402FFB00142029219462A4603A8079503F02FF932
S21402FFC001AA40F20241204603F0ACFB0DB030BD60
S21402FFD010B550F80C4B86B094F87040ADF80E1081
S21402FFE0ADF8102040F2064103AA01938DF80C40AA
S21402FFF0059303F097FB10B901A803F05EFC06B068
S21403000010BD37B504460D46FFF782FF204640F283
S2140300100941FFF766FAA369204600221A7050F8D2
S2140300200C3B019593F870308DF800306A4640F229
S214030030074103F077FB03B030BD13B501910021F0
S214030040044602F09BFA042200230DEB020120462D
S214030050FFF76AFF02B010BDF0B5044685B00F4641
S2140300601E46154652B983691B78072B30D0082BDA
S21403007014BF15460925002E18BF0D250A9803F050
S214030080A1FCA3699A894AB15B8981B2D21A9142CB
S21403009004DD92B2891A0AA803F036FD204601AAA7
S2140300A050F80C3BADF8067093F870308DF80430BA
S2140300B040F205410A9B8DF80850ADF80A60039399
S2140300C003F030FB10B90AA803F0F7FB05B0F0BD48
S2140300D00B25D0E7B0F80AC0ACF1020C9C452DE91D
S2140300E0F04105460E4617461C4603DDBDE8F041C3
S2140300F002F0EFB983692246198100233946FFF7D8
S21403010013FF044658B9AB6902460E3331462846F8
S21403011002F0FAF9044610B12846FFF7F9FE204626
S214030120BDE8F0812DE9F0438FB0202A0546039100
S21403013017461C460BD941F2041421462846FFF7FE
S21403014060FF03A803F0B9FB0FB0BDE8F083002BF4
S21403015046D10846A2F1060803F034FC5FFA88F895
S2140301601FFA80F94FF6FF764C4510D3AB69DA8851
S214030170B24239D942F60203ADF81430711C022399
S214030180009389B205AB284602F04CF925E02346D6
S2140301903A46039906A803F086FBAB69BDF81860D8
S2140301A09A88B242C7D8DA88B242C4D3BDF81A10C6
S2140301B0BDF81C20B8F1000F09D0CDF800800DF172
S2140301C01E0328463C44FFF7E7FEA4B2CCE79E8016
S2140301D019815A81284602F03EF904460028B0D019
S2140301E041F20A139C42A8D10024A6E72DE9F04762
S2140301F096B01C46836901921B78062B064603D0ED
S214030200102B60D001A81CE001291046039214BFEE
S2140302104FF010084FF00208002C4CD103F0D2FB2D
S21403022008F1020987B24FF6FF75A7420ED8B369E5
S214030230DA88AA4237D8002421463046FFF7E1FE83
S21403024003A803F03AFB16B0BDE8F08723464A46F8
S214030250039904A803F027FBB369BDF810509A88E6
S214030260AA422DD8DB88AB422AD39DF81330282B1D
S214030270E1D0B24642465AF80C3B0DF1120193F810
S21403028070308DF830300DA8ADF83250CDF844807C
S2140302904C4402F0C4FF0CAA40F20441504603F05B
S2140302A041FAA4B2C1E7691C89B2304602F08AF863
S2140302B004460028C4D041F20A139C42BBD0BBE7D5
S2140302C041F20414B8E701291046049214BF12271A
S2140302D0042784BB03F076FB42F6021885B24FF67A
S2140302E0FF71A5420DD8B369DB888B4221D9013152
S2140302F04FF6FF7289B2304602F064F80446A0B1A6
S21403030019E0049923463A460CA803F0CCFABDF844
S2140303103220BDF830109DF83330424507D1B2691C
S21403032002230A323046FFF7D5FE04A889E7282BB6
S21403033006D141F20A1421463046FFF762FEF4E77F
S2140303403C44A4B2CDE7F0B587B0836903911B782C
S214030350022B0546144653D108460491002A47D17A
S21403036003F030FB4FF6FF7687B2A7420DD8A86995
S214030370C288B2422BD8002421462846FFF741FE06
S21403038004A803F09AFA07B0F0BD049904222346A2
S21403039005A803F088FAAA69BDF814109088BDF87A
S2140303A01660814229D3D388994226D8864224D31D
S2140303B09E4222D85069927A837900920C33034482
S2140303C0324628460434FFF7E7FDA4B2CDE7436977
S2140303D04089019098790C300344711C009389B2CC
S2140303E04FF42053284602F001F804460028C7D0ED
S2140303F041F20A139C42BFD1BDE741F20414BBE7A6
S21403040003A8BEE7F0B587B00546039117461C461A
S21403041053B9FFF7A5FD38B10399012322462846B1
S21403042000F084F807B0F0BDA9690B78082B05D84F
S214030430062B44D8032B0FD003A83DE00E2BFBD18D
S214030440039B0593002C6DD1002B6BD009892246A4
S2140304502846FFF7BDFD59E00398059018B3ECB99D
S21403046083794A8909890C33102603440096284663
S214030470FFF792FDAB699988DA88914217D242F664
S2140304800203ADF8103001310223009389B20DEB5D
S2140304900603284601F0C6FF044660B141F20A137C
S2140304A09C4204D101E0002CF8D141F21F042146FE
S2140304B02846FFF7A6FD05A803F0FFF9B2E7039861
S2140304C005907CBB70B303F07DFA0FB386B2B742D8
S2140304D01ED2394605A803F052FC38B905A803F026
S2140304E0ECF91A212846FFF78CFD9BE78379C2189F
S2140304F0023391898371AB69F61B5B8900900022F6
S2140305002846B6B2FFF7A8FDB742E2D92146E9E787
S214030510AA6953891189059A009228460022FFF793
S2140305209BFDF3E705A803F0C8F9EFE7F0B585B040
S214030530064603911F46144632BB084603F042FAAA
S214030540054608B3B1690B784A89082B0BD8062BE6
S2140305500BD9039B09890093304613462246FFF7BF
S2140305607BFD039401E00E2B19D0B1694B89EA1881
S21403057092B2B2F5007F4A8117D82FB10989304667
S21403058001F07AFF044628B100222346114630467E
S214030590FFF738FF03A803F090F905B0F0BD039BFF
S2140305A009893046FFF714FDDBE741F20414EBE755
S2140305B073B5836901911B78082B044615460ED83C
S2140305C0062B0ED9019E20463146FFF7C9FC2A4664
S2140305D0034631462046FFF7A9FF02B070BD0E2B37
S2140305E0F0D001A803F069F9F7E730B587B083695F
S2140305F003911B78092B0546144611D105915AB968
S2140306000091134621460F22FFF726FD2146284672
S214030610FFF7F7FC07B030BD05A803F04EF9F5E782
S21403062003A803F04AF9F5E72DE9F04F9FB0876971
S21403063003913F78052F054616461C4604D8032F1C
S21403064016D810D003A867E0082FFBD108461391ED
S214030650002B00F0C28013A803F02FF9214628468A
S214030660FFF7CFFC01E0FFF75DFD1FB0BDE8F08F9D
S214030670202A0846049148D8002B40F0A880571F2C
S21403068003F0A0F9FFB21FFA80FA4FF6FF780DF1D8
S2140306901C0BA24506D8AB69DA88424500F2878070
S2140306A0002434E02346324604990BA803F0FBF8F3
S2140306B0AB69BDF82C809A88424526D8DA8842452D
S2140306C023D35969F1B9A946BDF82F2059F80C1B55
S2140306D09DF82E3091F870108DF84C10ADF84E2022
S2140306E00DF131013A4615A88DF85030199702F0EE
S2140306F096FD13AA40F20341484603F013F8344428
S214030700A4B2C6E75A89102A09D941F2041421462D
S2140307102846FFF776FC04A803F0CFF8A5E70023E6
S214030720584603F0C0F8AB690DF13101102FCDE93F
S214030730051B93F80A902BD1B9F1020F34D105A803
S214030740ECF78AFF0228DAD14A46DDE9051002F003
S21403075031FD0028D3D12B46BDF82F1053F80C0BD0
S2140307609DF82E2090F870008DF84C00ADF84E10D2
S2140307708DF8502059464A4615A80293CDF8649042
S21403078002F04DFD029B13AA40F203411846B4E75C
S214030790022F09D1B9F1100F06D106A8ECF75CFFBA
S2140307A00228ACD13A46D0E73A465846CFE742F657
S2140307B00303ADF84C3008F101010223009389B21C
S2140307C013AB284601F02EFE04460028A3D041F2C0
S2140307D00A139C423FF464AF99E759B90021AA690A
S2140307E00023938153811181139932462846FFF7DC
S2140307F009FE3AE703F0E6F816B180B28642EDD179
S214030800139A9379D118023389899371E7E72DE90F
S214030810F0438FB01C46836903911B78012B054672
S21403082017465BD10846059103F0CCF8202F0BD969
S21403083041F2041421462846FFF7E3FB05A803F01C
S2140308403CF80FB0BDE8F083002C42D1059803F0C6
S214030850B9F8A7F104081FFA88F81FFA80F94FF6CB
S214030860FF765FFA88F8A14505D8AB69DA88B24205
S21403087020D80024DEE7059923463A4606A803F067
S21403088012F8AB69BDF818109A88BDF81A60914241
S214030890CED3DB889942CBD89642C9D39E42C7D8DB
S2140308A0CDF8008007AB324628463C44FFF774FB7E
S2140308B0A4B2D8E74FF42053ADF81030711C0223CE
S2140308C0009389B204AB284601F0EAFD04460028EB
S2140308D0B4D041F20A139C42CBD0ABE703A8AEE7F1
S2140308E083691B780A2B02D00F3B012B01D8FFF735
S2140308F088BB7047F0B585B01746019383690A9E97
S2140309001A780A3A0446072A42D8DFE802F0044176
S2140309103041410441290198039003F053F885B20E
S21403092003A802F0CAFF26B131462046FFF785FB2F
S2140309300FE0A1697A194B8992B293420BD90A82C6
S21403094001F10E032046098901F0DEFD0146002869
S214030950EBD105B0F0BD0121204601F00FFEF5E70F
S2140309602EB91A8A0198BA420BD04FF48166019BBE
S214030970039303A802F0A1FF31462046FFF741FB8D
S214030980E7E7DA89596903F028F80028EDD1EEE79E
S21403099001A802F092FFDCE738B5826913780D2BC5
S2140309A004460D4612D00F2B01D00A2B12D15369E1
S2140309B033B199790B4402F11400DD6802F07DFF30
S2140309C029462046BDE83840FFF78ABFBDE83840D1
S2140309D0FFF717BB38BD07B5002300921B22FFF7AE
S2140309E03BFB03B05DF804FB07B5836959800092AF
S2140309F000231D22FFF730FB03B05DF804FB4B8892
S214030A00052B05D108880E288CBF002001207047CF
S214030A1000207047F8B505460F46164604210A22FD
S214030A20002003F0D0F90246B8B184790C340319D8
S214030A30052100204FF0060CD870997002F804C008
S214030A4013241C715F7102245870D8719C711E8127
S214030A502846BDE8F840EAF721BAF8BD73B505465F
S214030A60104601920C4602F0ADFF042186B20198AF
S214030A7003F0ECF8024628B901A802F01EFF1A207C
S214030A8002B070BD837901900C33C1184C80C652F6
S214030A9021462846EAF702FA0020F1E72DE9F0415D
S214030AA006468846174604210A22002003F08BF9DF
S214030AB00246B8B185790C35431900240521062072
S214030AC09970DC70505501201871022098715C7083
S214030AD0304683F80580DC711F81EAF7DFF920468C
S214030AE0BDE8F0811A20FBE700207047002070471E
S214030AF007B501A8019202F0E0FE03B05DF804FB1F
S214030B007047002070470F2070470F2070477047CC
S214030B10EDF7E2BCEDF7EABC10B588B0EBF7C0FA28
S214030B20044600284AD090F87200022848D1A368E9
S214030B3013F4407F2AD094F87320012A32D194F913
S214030B407500421C01D1D9052CD594F8743013F0E6
S214030B50010327D1CDE90133CDE90433CDE90633CB
S214030B60ADF80C30FDF746FAA36888B9DA0519D54F
S214030B70A06AE16A228E01AB03C31A80BDF8042083
S214030B8004AB0DF106012046ECF792FF08B010BD4A
S214030B90DB05EDD494F9750001AB0A220221FDF7BB
S214030BA011FAEBE7002345F217021946204600F038
S214030BB0ECF9B0FA80F040094000E7E72120E5E7CA
S214030BC00220E3E738B545F21B020C460B4600212C
S214030BD0054600F0DAF930B92CB121462846BDE8BF
S214030BE03840EDF7DBBA38BD00F036BA01F0C6BBC5
S214030BF001F0CFBB10B504464C30FDF7DCF984F8A2
S214030C0075002046BDE8104001F093BB10B50446BE
S214030C10FDF7A8F902280DD194F8733094F9700003
S214030C20012B14BF0521032184F83210BDE81040C0
S214030C3001F0C7BBA36843F40073A36010BD00F0C4
S214030C40C6B938B503783E2B04460D4604D18378DF
S214030C50052B02D0ED2B0FD038BDB0F80300EBF711
S214030C6011FA20B1B4F80D10621D00F050FA2846B0
S214030C70BDE8384002F021BEB0F80300EBF702FAF5
S214030C800028F4D0B4F80D1004F10F03621D00F031
S214030C90F8FAECE72DE9F04188B06B4614460D46AA
S214030CA0024600F1100C1E46106851681F4603C723
S214030CB0083262453B46F7D11021304603F002F96D
S214030CC004AB224604F110079846106851681C4688
S214030CD003C40832BA422346F7D11021404603F034
S214030CE0F1F81020F7F7BEF90746F8F702F9802265
S214030CF041463846F8F707F9044610BB2B463246FA
S214030D0001213846F8F76BF90446D0B91021284676
S214030D1003F0D8F81021304603F0E2F83846F8F727
S214030D20ECF84046102103F0DBF83046102103F0C0
S214030D30D7F839461020F7F7B7F9204608B0BDE8CC
S214030D40F081214640F20740EDF746FAE2E708B5A0
S214030D501046F7F71DFC003818BF012008BDF7B58D
S214030D6004460D4616461F460220E1F735FE214689
S214030D70CDE900672B468022DFF7AAF9044620B1A7
S214030D80014640F20740EDF727FA204603B0F0BDD0
S214030D9010B545F21A01044602F061FC204647F2FC
S214030DA03053BDE81040002245F21A01F7F734B875
S214030DB010B50A4604460821002003F004F810B1D3
S214030DC0837903441C7310BD38B505460C460D20C5
S214030DD01121FFF7EDFF024688B1837903442146CC
S214030DE00D3304F1100051F8044B43F8044B8142D1
S214030DF0F9D128460621BDE83840FFF72FBE38BD97
S214030E0038B505460C4604201121FFF7D1FF0246EC
S214030E1088B18379034421460D3304F1100051F859
S214030E20044B43F8044B8142F9D128460621BDE81A
S214030E303840FFF713BE38BD38B505460C460320C9
S214030E401121FFF7B5FF024688B183790344214693
S214030E500D3304F1100051F8044B43F8044B814260
S214030E60F9D128460621BDE83840FFF7F7BD38BD5F
S214030E7037B5002205460821104602F0A4FF0446B3
S214030E80C0B10C2301220DF107018DF8073002F0E3
S214030E90D7FF296C20225131204602F0D1FF296C5E
S214030EA020227131204602F0CBFF22460621284637
S214030EB0FFF7D4FD03B030BD10B50446006C30B95F
S214030EC04FF4BE7003F048F8206420B910BD4FF409
S214030ED0BE7103F005F8226CFF2382F87A31A3680B
S214030EE01B0603D5C02313700120EFE794F8733075
S214030EF0012B14BF80234023F5E708B5D0B2EBF7E8
S214030F00CFF828B190F8773003F07F0380F8773076
S214030F10012008BD036C4BB983681B0608D490F800
S214030F207330012B14BF8020402070471878704719
S214030F30C020704770B50446FFF7ECFFEDF768FA7C
S214030F400D460346002245F2010120469847236CCE
S214030F5003B11D702846EDF75BFA4FF4A041034634
S214030F6000222046BDE87040184770B51546044673
S214030F7048B1FFF7CFFFEDF74BFA2A460346204664
S214030F80BDE870401847022070BD114608B51A46E2
S214030F9021F00041FFF7E9FFB0FA80F0400908BDF1
S214030FA008B50B4601461846F7F7F2FA003818BF9D
S214030FB0012008BD10B50446006838B11A2102F0B6
S214030FC08FFF2068F7F760FA0023236010BD10B583
S214030FD00446EDF78BF904F13400FFF7EBFFA36843
S214030FE05A0606D523F04003A36000212046E9F7FE
S214030FF023FF206C38B1042102F072FF206CF7F750
S21403100043FA0023236410BDFF2838B50C46154663
S2140310100BD00B461022062140B2FCF7D3FF102854
S21403102015D1002005B1286038BD0A4637201021A7
S214031030E8F70AFD0028F4D010212046FFF7B0FF9A
S21403104038B9224610213720E8F7E0FCEAE72120EA
S214031050E8E740F20740E5E730B58DB00D460022DD
S21403106008A9FFF7D1FF044648BB01460D220DF140
S214031070030002F0C9F8B5F803206B79ADF8002039
S21403108004A908AA68468DF80230FFF703FE40F26B
S2140310900343BDF810202A80002818BF1C469DF87D
S2140310A01230AB701021684602F01AFF10210DEBC8
S2140310B0010002F015FF102108A802F011FF2046D8
S2140310C00DB030BD38B50446C51C03212846FFF7CE
S2140310D067FFC8B9E27863797AB922791A43F4D0FC
S2140310E003F07F0343F0400363715323A371214648
S2140310F0FF20BDE83840FFF7AFBFFF2AF0D12279C3
S2140311001A40FF2AE1D0EBE740F2074038BD002142
S214031110E9F792BEF0B583685E0689B0044655D5F6
S21403112023F040038360FFF7F5FE802801D04028B4
S2140311306ED194F97560751C04F134071CD1FCF765
S21403114011FF02284ED0636B1A888DF810201A46BA
S214031150042032F8021B090A8DF81110D3F8023066
S214031160CDF812305368CDF816300A2204A9E8F7F2
S2140311701DFD0646701C35D0A368D90532D420461B
S214031180FFF7C8FE802876B222D06B4610220321D2
S2140311903046FCF717FF0546102D56D1606B04A9A1
S2140311A06A460A30FFF776FD29460646684602F089
S2140311B097FE002E49D104A92046E9F73DFE2946AD
S2140311C004A802F08DFE3846FFF7F4FE09B0F0BD22
S2140311D06B46102205213046FCF7F4FE0546002830
S2140311E0D3D0D9E794F87430DA0702D4A368DB05C2
S2140311F02BD5606B04F1180204A90A30FFF74AFDE9
S21403120004A92046E9F718FE10210DEB0100D8E7E4
S214031210636B1A88CAB9882801D04B2815D1591C84
S214031220002211F8010F80B90132082AF9D1226C85
S21403123004A902F5A67203F10A00FFF72BFDA0B17D
S21403124010210DEB010002F04BFE204641F2060191
S214031250ECF7A4FF20460021E9F7EEFD04F1340085
S21403126009B0BDE8F040FFF7A5BE04A92046E9F79C
S214031270E3FD10210DEB010002F032FE04F1340011
S214031280A2E7F8B51D4683685B0604460F46164676
S2140312902DD41A2002F060FE0146606320B9204672
S2140312A0BDE8F840E9F7C8BD034605F1100123F889
S2140312B0027B3268C0F8022072685A60636B2A4663
S2140312C00A3352F8040B43F8040B8A42F9D110216F
S2140312D0284602F005FEA36843F0400213F4407F5D
S2140312E0A26004D02046BDE8F840FFF713BFF8BD60
S2140312F038B504460D4605200221FFF759FD024680
S214031300B8B18379034406215D732046FFF7A6FB35
S21403131045F490512046ECF741FF94F87330012BC7
S214031320204618BF8021BDE8384008BF4021FFF79C
S21403133001BE38BDB1F5A04F70B504460D4616463E
S2140313400AD045F20603994218D03246294620466B
S214031350BDE87040EDF7BCB9836843F08003836053
S21403136090F87330012B14BF80204020EDF750F81F
S214031370002203462046BDE870401847937913447D
S214031380597C41F49051ECF709FFDEE72DE9F04173
S21403139096B015461D9F05AA1C4606460B4601F148
S2140313A0200E9046186859689446ACE80300083344
S2140313B073456246F6D12021404602F083FD0DAB0D
S2140313C02A4605F1200E9C46106851681D4603C543
S2140313D0083272452B46F7D12021604602F072FD93
S2140313E0AEB3336C93F87931013B022B2FD89DF8BB
S2140313F0703043F0800301AA8DF8543004F1100CCA
S2140314002346154618685968144603C408336345CB
S2140314102246F7D11021284602F054FD3B464122CE
S21403142041462846FFF79BFC10210446284602F057
S21403143057FD4121404602F053FD54B11EB1082129
S2140314403046FFF755FF204616B0BDE8F08100236F
S214031450D1E71021384602F035FD002EF3D02246A0
S21403146045F211013046FFF780FDECE72DE9F3471F
S21403147090F87380056CB8F1010F044604D195F813
S2140314806C31002B40F04E8195F8783195F86D91CC
S214031490032B00F2E880DFE803F0027EA6CB19F008
S2140314A0010F73D011210620FFF782FC8246002825
S2140314B000F0388186790C360644771C10213846AE
S2140314C0FFF76EFD014658B120460821FFF710FFCF
S2140314D0002140F2074002B0BDE8F047ECF77CBEBF
S2140314E0A07CC0F11002384401F08EFE95F97A0113
S2140314F03B4610220521FCF737FD58B1002140F288
S2140315001B40ECF769FE0821204602B0BDE8F04711
S214031510FFF7EEBEFCF726FD02280FD1B8F1010F48
S2140315200CD004F11803113657F8042B43F8042B98
S214031530B742F9D1A36843F48073A36052460621E9
S2140315402046FFF78BFA0B210720FFF731FC0746EF
S214031550002800F0E780867995F97A310C36064440
S21403156043F43F43A6F801300821F01CFFF718FDAB
S21403157095F97A01731C0A220421FCF7F5FC00286E
S214031580BCD13A4606212046FFF768FA95F878312B
S214031590013385F8783119F0020F1FD01121082086
S2140315A0FFF706FC0646002800F0BC80817901445C
S2140315B0002301AA0D31FF200193FFF725FD40B15B
S2140315C008212046FFF794FE019940F20740ECF706
S2140315D003FE324606212046FFF740FA95F8783197
S2140315E0013385F8783119F0020F1CD00821092041
S2140315F0FFF7DEFB0746002800F0948086790C365A
S2140316000644E8F7CDFD837983F00803C3F3C003EC
S21403161073700368C6F802308388F3803A4606215F
S2140316202046FFF71BFA95F87831013385F87831B1
S21403163019F0040F12D011210A20FFF7B9FB064652
S21403164000286FD0807930441022AB210D3001F092
S214031650DBFD324606212046FFF700FA95F878317F
S214031660013385F87831B8F1010F08D0236C93F86D
S2140316706C31002B56D195F87831042B52D1A36CDC
S21403168095F97A01313310220B21FCF76DFC78B102
S21403169040F21B412046ECF781FDB8F1010F14BF61
S2140316A080214021204602B0BDE8F047FFF742BC48
S2140316B0A36C95F97A01203301220C21FCF754FC24
S2140316C00028E5D1A36C95F97A01213310220D2168
S2140316D0FCF74AFC0028DBD1082295F97A0104F1CD
S2140316E010031146FCF740FC0028D1D1236C93F875
S2140316F07A2184F87520FF2283F87A21D3F874318F
S2140317005B0603D404F14C00FDF7CFF9FCF72AFC83
S214031710022802BFA36843F48073A3602046ECF755
S21403172015FDBAE702B0BDE8F087EDF729B870B546
S214031730B1F5A04F88B0044615467BD045F21B068C
S214031740B14240F0E38090F87430DA076AD5056C4E
S214031750B5F86C312BB14C21FFF7ECFB002008B039
S21403176070BDD5F874315B074BD5AB79DE0748D52A
S2140317706B7BD80745D5A36C95F97A0131331022D4
S2140317800B21FCF7F1FB38B140F21B412046ECF786
S21403179005FD40F21B40E2E7A36C206C203390F972
S2140317A07A0101220C21FCF7DFFB0028ECD1A36CA5
S2140317B0206C213390F97A0110220D21FCF7D4FB1B
S2140317C00028E1D1206C082290F97A0104F1100375
S2140317D01146FCF7C9FB0028D6D104F14C00FDF7EF
S2140317E064F9236C93F87A2184F87520FF2283F832
S2140317F07A2120464021FFF79DFB2046ECF7A6FC06
S214031800ACE705F5A67304F1180205F5AE7553F8B3
S214031810041B42F8041BAB42F9D1A36843F480735C
S214031820A360E6E74021FFF785FB29462046ECF751
S214031830B5FC93E7006CD0F8743159073AD500230A
S214031840CDE90133ADF80C308379DA0724D5437B31
S214031850DB0721D500F5A673102290F97A01032140
S214031860FCF782FB48B1002140F21B40ECF7B4FCC6
S21403187008212046FFF73CFD8BE7FCF773FB0228A5
S2140318800AD1206C102200F5A673052190F97A017F
S214031890FCF76AFB0028E6D10023BDF80420CDE957
S2140318A00433CDE906330DF1060104AB2046ECF70D
S2140318B0FFF853E7D0F8D130C0F8E930D0F8D53088
S2140318C0C0F8ED30206C00F5A6721146E130FFF744
S2140318D0E1F9054630B120460821FFF709FD40F23D
S2140318E007403CE7236CA07C03F5A673C0F1100207
S2140318F02946184401F088FCCDE90155CDE9045585
S214031900CDE9065504AB2A4601A9CFE708B0BDE8E2
S2140319107040ECF7DDBE2DE9F04796B0DDE922977F
S2140319201D46DDF8908005AB06460C4602F1100A0C
S2140319309E46106851689C46ACE803000832524540
S2140319406346F6D17046102102F0BCFA09AA2B466C
S21403195005F1100E944618685968154603C50833F2
S21403196073452A46F7D16046102102F0ABFA1E9B58
S2140319700DAA03F1100E944618685968154603C558
S214031980083373452A46F7D16046102102F09AFAC7
S2140319909DF87C308DF844309DF880308DF84530C6
S2140319A09DF884308DF8463099F80630D9F8000053
S2140319B0129083F00803C3F3C0038DF84730062163
S2140319C0B9F80430ADF84C3012A802F07BFABB79B4
S2140319D083F00803C3F3C0038DF84E303B68CDF89D
S2140319E04F300621BB88ADF853300DF14F0002F09F
S2140319F069FA01AA234604F11007154618685968C0
S214031A00144603C40833BB422246F7D110212846A6
S214031A1002F058FA4346412205A92846FFF79FF9E4
S214031A2010210446284602F05BFA412105A802F07D
S214031A3057FA34B108213046FFF75AFC16B0BDE812
S214031A40F0874046102102F03DFA224645F2130184
S214031A503046FFF78AFAF1E72DE9F0419CB01546C8
S214031A60239F08AA1C4606460B4601F1200E904605
S214031A70186859689446ACE8030008337345624611
S214031A80F6D12021404602F01DFA10AB2A4605F196
S214031A90200E9C46106851681D4603C508327245E1
S214031AA02B46F7D16046202102F00CFA229B18AA97
S214031AB003F1100E944618685968154603C5083393
S214031AC073452A46F7D16046102102F0FBF904AAB3
S214031AD0234604F1100C154618685968144603C4C7
S214031AE0083363452246F7D11021284602F0EAF967
S214031AF06B46502241462846FFF731F9102104462B
S214031B00284602F0EDF95021404602F0E9F934B1D7
S214031B1008213046FFF7ECFB1CB0BDE8F081039BC1
S214031B203B603846042102F0CDF96846102102F0E6
S214031B30D7F9224645F214013046FFF716FAEBE7CB
S214031B402DE9F0411D46069B90F8738004460F4628
S214031B50164653B110211046FFF722FA28B1204645
S214031B600821BDE8F041FFF7C3BB236C013E691EA5
S214031B7003F1100013F8012F16F801CF834282EA0F
S214031B800C0201F8012FF5D13A4629462846FFF7FD
S214031B9081F80028E3D1B8F1020F0CBF0023062317
S214031BA02B4404F1590204F15F0012F8016F19780F
S214031BB0904281EA060103F8011BF6D1B8F1020F41
S214031BC014BF002306232B4404F1520204F15800E9
S214031BD012F8016F1978904281EA060103F8011B97
S214031BE0F6D13A4629462846FFF754F80246002817
S214031BF0B5D1204645F21001BDE8F041FFF7B5B96F
S214031C0073B545F20406B142044615460DD045F2B7
S214031C101006B14222D0B1F5A04F38D1FFF7B8F87D
S214031C20236CD3F87431D90720D5236CD3F87421E9
S214031C30D2070BD4AA790C3215446A1DB133153575
S214031C4052F8041B43F8041BAA42F9D1216CD1F8BD
S214031C50743113F004030CD0832104E0016CC1310A
S214031C60FFF7EAF885212046FFF764F9002002B063
S214031C7070BD81F878310123009301F1D10201F19F
S214031C80C103204601F5A671FFF75AFFEEE702B03F
S214031C90BDE87040ECF71CBDF0B545F21003994261
S214031CA085B0044600F087800CD8B1F5A04F1CD051
S214031CB045F2050399421DD0204605B0BDE8F04025
S214031CC0ECF706BD45F21103994200F08D8045F20C
S214031CD012039942F0D1036C93F87931042B40F246
S214031CE0B380052B03D148217BE0FFF751F8002092
S214031CF005B0F0BD9179036C0C310A44511DD13304
S214031D00153251F8040B43F8040B9142F9D1256CB4
S214031D1005F1E10705F1D10610223146384601F0F8
S214031D2049FA20B904212046FFF7E2FADFE7D5F89F
S214031D30743113F0040332D095F87931042B13D1A0
S214031D4005F21113039305F5A673029304F15303E7
S214031D50019304F15A0300933A46334605F1F10121
S214031D602046ECF735FFC2E705F5AE7005F1110125
S214031D7005F1510201900BB1052B06D10023009308
S214031D8020463346FFF702FBB1E795F87801D5F80E
S214031D904831C34003F0010343F08003EFE785F8BF
S214031DA078313246009305F5A67105F5AE732046E5
S214031DB0FFF7C6FE9BE7056C102205F1C10105F58A
S214031DC0AE7001F0F7F90028ACD1D5F874319B0753
S214031DD042BF94F8743043F0020384F874304B2106
S214031DE02046FFF7A7F882E7056C102205F1C1012C
S214031DF005F5AE7001F0DEF9002893D195F8793138
S214031E00013B022B0FD895F878310133DBB2142B44
S214031E1085F8783107D0D5F8743123F00103C5F877
S214031E2074314321DCE705F21113039305F5A6731A
S214031E30029304F15303019304F15A03009305F14B
S214031E40E10205F1D10389E74921CAE7B1F5A04FBD
S214031E5070B50446154607D045F20406B1420CD0C9
S214031E60BDE87040ECF734BCFEF792FF236CD3F862
S214031E707431D90701D4002070BD236CD3F87421C4
S214031E80D20718D4AA790C3215446A1DC133153506
S214031E9052F8041B43F8041BAA42F9D1206C102203
S214031EA000F1C101B13001F085F920B904212046C3
S214031EB0FFF71EFADFE7206C1021E130FFF770F81A
S214031EC058B108212046FFF713FA40F207400021D5
S214031ED0ECF782F940F20740CEE7216C2046E13169
S214031EE0FEF78EFF47212046FFF724F8C3E7B1F538
S214031EF0A04F70B50346144607D045F21806B14204
S214031F0007D0BDE87040ECF7E3BBFEF741FF0020C7
S214031F1070BD1268551C03D10121FFF7E9F9F6E7F6
S214031F20016CD1F87401400741BF002281F8782183
S214031F302268C1F8482158BFC1F84C2118464321EE
S214031F40FEF7F8FFE3E7B1F5A04F70B51346044676
S214031F5007D045F20406B14207D0BDE87040ECF75F
S214031F60B7BBFEF715FF002070BD9979026C0C31E4
S214031F700B44591DC132153351F8040B42F8040BB8
S214031F809942F9D1256C102205F1C10105F1B10082
S214031F9001F010F920B904212046FFF7A9F9E2E77A
S214031FA005F1E1012046FEF72BFF47212046FEF709
S214031FB0C1FFD8E7B1F5A04F13B504460ED0A1F57F
S214031FC0A043103B012B45D8016CB131FEF734FF1B
S214031FD044212046FEF7AEFF002017E0016CD1F83F
S214031FE0743113F0040301F1E10228D010211046E6
S214031FF0FEF7D6FF60B108212046FFF779F940F2D5
S21403200007400021ECF7E8F840F2074002B010BDA5
S214032010216C01F1B103019391F87821D1F848318D
S214032020D34003F0010343F08003009301F1110250
S21403203001F1E10320465131FFF7A8F9CCE781F817
S21403204078310123009301F1B10301F5A671FFF77F
S21403205077FDC1E702B0BDE81040ECF739BBB1F538
S214032060A04F70B5044615467AD045F21B06B1421A
S21403207040F0CD8090F87430DA0769D5056CB5F872
S2140320806C3123B18921FEF755FF002019E0D5F8FE
S21403209074315B074BD5AB79DE0748D56B7BD80726
S2140320A045D5A36C95F97A01313310220B21FBF742
S2140320B05BFF38B140F21B412046ECF76FF840F265
S2140320C01B4070BDA36C206C203390F97A0101226B
S2140320D00C21FBF749FF0028ECD1A36C206C2133BD
S2140320E090F97A0110220D21FBF73EFF0028E1D17B
S2140320F0206C082290F97A0104F110031146FBF7CD
S21403210033FF0028D6D104F14C00FCF7CEFC236C39
S21403211093F87A2184F87520FF2283F87A212046E3
S2140321208021FEF707FF2046ECF710F8ADE705F52C
S214032130A67304F1180205F5AE7553F8041B42F8AE
S214032140041BAB42F9D1A36843F48073A360E6E7AC
S2140321508021FEF7EFFE29462046ECF71FF894E7AA
S214032160006CD0F8743159072AD58379DA078CD5F1
S214032170437BDB0789D500F5A673102290F97A0115
S2140321800321FBF7F1FE48B1002140F21B40ECF7B8
S21403219023F808212046FFF7ABF890E7FBF7E2FEAB
S2140321A002287FF472AF206C102200F5A673052177
S2140321B090F97A01FBF7D8FE00283FF466AFE3E711
S2140321C0D0F8D130C0F8E930D0F8D530C0F8ED30CB
S2140321D0206C00F5A6721146E130FEF75BFD014662
S2140321E030B120460821FFF783F840F2074068E73E
S2140321F0236CA07C03F5A673C0F11002184401F00B
S21403220003F8216C2046D131FEF7FAFD3DE7BDE821
S2140322107040ECF75DBAB1F5A04FF7B5044608D0A9
S21403222045F21105A94236D003B0BDE8F040ECF7FD
S2140322304FBA006C1021D130FEF7B2FE60B1082110
S2140322402046FFF755F840F207400021EBF7C4FF9E
S21403225040F2074003B0F0BD256C95F8796105F1AF
S214032260C107013E022E01979FBFD5F8480195F896
S2140322707861F04000F0010098BF40F080000090C5
S21403228005F1510105F1110205F1D1032046FFF7CF
S2140322907DF80020DEE7016CC131FEF7CDFD852118
S2140322A02046FEF747FEF4E770B545F20406B14252
S2140322B00446134624D045F21806B14206D0B1F5BB
S2140322C0A04F32D1FEF764FD002070BD11684D1C8F
S2140322D003D10121FFF70CF8F6E7026CD2F874017C
S2140322E0400743BF002182F878111B68C2F84C11DF
S2140322F048BFC2F8483184212046FEF71BFEE3E7B9
S2140323009979026C0C310B44591DB132153351F8CF
S214032310040B42F8040B9942F9D1226CD2F87431BB
S21403232043F00103C2F87431CEE7BDE87040ECF722
S214032330CFB910B500230364044690F97500431C17
S21403234013D0E7F76FFE082204F1100394F9750023
S2140323501146FBF737FE94F91330012B07D194F897
S214032360743043F0020384F87430002010BD022B4F
S214032370FBD194F8743043F00A03F4E74B88062B3A
S21403238005D1088841288CBF002001207047002013
S214032390704707B58B7901910B440A46197C4B1E8F
S2140323A00D2B04D801F5A0410131FEF7DEFD01A88F
S2140323B001F083FA03B05DF804FB70470020704712
S2140323C07047704770B504460E4615460521002231
S2140323D00420FCF74BFD014618B1A0F80160A0F8F5
S2140323E003502046BDE87040FCF798BDF7B51D4680
S2140323F0002300930446BDF824300F4616460721F3
S214032400089A0620FCF756FD014628B1A0F801708D
S214032410A0F80360A0F80550204603B0BDE8F040DE
S214032420FCF77CBD73B515461A4600230093044695
S2140324309DF818300E4608200521FCF73BFD0146A3
S21403244018B1A0F80160A0F80350204602B0BDE81A
S2140324507040FCF763BD38B5002204460D460A20DB
S2140324600321FCF703FD014608B1A0F801502046FE
S214032470BDE83840FCF752BD70B504460E46154617
S214032480052100220C20FCF7F1FC014618B1A0F848
S2140324900160A0F803502046BDE87040FCF73EBD3F
S2140324A073B515461A460023009304469DF8183064
S2140324B00E4610200521FCF7FDFC014618B1A0F8D6
S2140324C00160A0F80350204602B0BDE87040FCF758
S2140324D025BD73B54489033CA4B2A3420E464FF010
S2140324E00001009105464FF0030128BF2346122042
S2140324F0FCF7E0FC014608B1A0F80160284602B0EC
S214032500BDE87040FCF70ABD2DE9F34198468369A0
S214032510054658690F46164601F054FA6C89053C81
S214032520A4B280B2844228BF0446A8692146143068
S21403253001F025FC009048B105220821002001F097
S21403254042FC019030B9684601F0B7F91A2002B090
S214032550BDE8F081009901A801F096FA019A9379F3
S2140325600C33D1181620D054A8F800402846A1F8FA
S2140325700170A1F80360FCF7D1FCE8E738B5002248
S21403258004460D4618200221FCF770FC014600B1F4
S21403259045702046BDE83840FCF7C0BC70B5857969
S2140325A004460C35461901F00DFA625D431E013AE6
S2140325B09BB21C2A10D8DFE802F0110F160F180F73
S2140325C0290F2F0F400F400F400F330F250F0F0F0C
S2140325D0390F250F3E0F3E00002070BD042B14BF9D
S2140325E001200320F9E7022BF9E743B37278022AA6
S2140325F00AD0012A23D10222013B0232B3FBF2F1B5
S21403260002FB1133002BEAE71022F5E713F0030F62
S21403261014BF01200320E0E78BB17278013BEDE79E
S2140326206BB17278032A0AD9013BE7E7042B34BF60
S21403263001200320D1E7022BF9E70320CDE7012091
S214032640CBE702464FF0FF30EEF7E4BB07B50422B4
S21403265001910DEB0201F6F7B5FB03B05DF804FB41
S21403266038B50446251DDCF75DFE00212846FFF736
S214032670EDFF012104F10800FFF7E8FF08212846D3
S214032680FFF7DFFF01462046FFF7E0FF002038BDD7
S214032690C0F30A030833B3F5006F06D280884FF6FB
S2140326A0FF73C31A58425841704701207047F8B564
S2140326B00D4617461E46EEF765F9044638B905B1CA
S2140326C02870002340F21C403B703460F8BD15B1FF
S2140326D0C3881B0A2B70A37900200834F4E708B5D7
S2140326E0084680B24FF6FF71EEF780F9002008BD6A
S2140326F00220704700207047012070470020704773
S21403270000207047704737B5044601A80D46F3F717
S21403271015FC01A8FFF7F6FF01A920468DF8065021
S214032720EEF712FC03B030BD08461146EEF7EABCDE
S2140327307047431E012B03D9031F58425841704765
S2140327400120704700F059BA4FF4A472002100F03C
S2140327505BBD10B50021044600F083F82046BDE8B3
S2140327601040F3F72DBBF2F79FBFF2F7A3BFF8B500
S21403277005460E46EEF78EFCD5F88C307BB15B69CA
S2140327806BB1F0F785FCD5F88C305B691B1A5842A1
S21403279040F26B124FF042015841EEF75DFEF768C8
S2140327A000224FF6FF734FF0240CD0B2B84208D382
S2140327B01C4621462846EEF7F7FD00F021FA204690
S2140327C0F8BDB1680CFB0011CC899C4202D2002CE8
S2140327D0EFD023460132E8E7EEF7E6BD008B7047FD
S2140327E00A7838B505461046FFF7A3FF60B14C7864
S2140327F02046FFF79EFF38B12243530704D42846EA
S214032800BDE83840F2F75CBF012038BDFFF7E8BFEC
S21403281010B504460878FFF78CFF58B14A7810467F
S214032820FFF787FF30B1042A04D02046BDE81040E6
S214032830F2F77EBF012010BDFFF7EABFF2F7BCBC7C
S214032840F2F734BE70B504460D461646EEF7ACFDF9
S21403285030B9324629462046BDE87040F1F76CBCD5
S21403286070BDF3F729BD38B5044600200D4600F0C9
S214032870C5F9D4F8A0302BB929462046BDE8384020
S21403288000F0DFBA022038BD38B5044648880D4646
S21403289000F0B4F9D4F8A0302BB929462046BDE899
S2140328A03840F2F77BBF022038BD00F0A8B900F02D
S2140328B0FCBAEFF7BDBF38B505460C46F6F709F97F
S2140328C02B6B1C40EB6A2343EB62F6F706F9211EDB
S2140328D018BF01210020490238BDF3F73FBAF2F7CB
S2140328E075BD00F013BB00F032BB08461146EFF788
S2140328F065BBF3F773B800F0ECBA38B50446154673
S21403290009B100F042FB25B12046BDE83840F3F795
S2140329105FB938BD0846F0F78DBA10B5044600F027
S2140329208BF820B92046BDE81040EEF773BE10BD05
S21403293000F0B0B9F0F7D6B92DE9FF419846044642
S2140329400E461746F6F7CCF805462046FFF7E5FF92
S2140329500A9B02930023CDE900833A46314620467C
S214032960EEF7A6FE04462846F6F7C0F8204604B05F
S214032970BDE8F08138B50446F6F7B2F805462046BA
S214032980FFF7CBFF2046EEF771FE04462846F6F720
S214032990ADF8B4FA84F0400938BD38B50446F6F706
S2140329A09FF805462046FFF7B8FF204600F053F889
S2140329B004462846F6F79AF8204638BD38B5044646
S2140329C0F6F78EF805462046FFF7A7FF204600F0E9
S2140329D048F804462846F6F789F8204638BD70B509
S2140329E004460E46F6F77CF805462046FFF795FFA5
S2140329F031462046EEF7AAFE04462846F6F776F852
S214032A00204670BD07B513468DF8071000221946F9
S214032A100DF1070000F0B9F803B05DF804FB0846B3
S214032A2011461A4600F0B1B80120704701207047DE
S214032A300020704700207047EEF724BD10B5F6F768
S214032A404FF8044600F015F8EEF742FD2046BDE8C1
S214032A501040F6F74BB808B50246EEF713FD507D67
S214032A6008BD08B50246EEF70DFD507D80F0010067
S214032A7008BD00F00FB9F2F79FBD00F0C2B9437C62
S214032A8003B108470220704710B5044600F0E0FA89
S214032A9020460321BDE81040F2F7E8BBFFF7F4BF7A
S214032AA0437C0BB100F0D0BA02207047437C0BB1D5
S214032AB000F0CCBA0220704710B5437C0C4693B1A5
S214032AC049680022F3F7B2FC206890FAA0F0000AE7
S214032AD0F0F7F4FBA17A2089002281F00101F3F7D5
S214032AE003FD002010BD0220FCE71FB5CDE9001250
S214032AF0ADF8083069469DF818308DF80A30FFF7B0
S214032B00DBFF05B05DF804FB00207047002070472C
S214032B102DE9F74F1C469DF830300193036803F008
S214032B200703063301259D400646174605F1FF3881
S214032B300B46A1B1416804EA080BA5EB0B0A41F06A
S214032B400059524509EB0B0114D95246184600F0BA
S214032B5066FB7A1B5A444946504400F060FB019BCF
S214032B602BB13C4448EA050804EA0804F46003B0C1
S214032B70BDE8F08F1846F0E737B5002500951446F4
S214032B80FFF7C6FF204603B030BD70B50E461546A8
S214032B90044608B9002070BD0078EFF7EDFA58B187
S214032BA01EB12078EFF792FB30701DB1207800F04D
S214032BB038F828700120EEE723780E2BEAD10EB101
S214032BC0FF233370002DF5D0FF232B70F2E738B5C3
S214032BD00D6804462846EFF7A9FAD4F8903043B1B7
S214032BE05B6933B1013504BF6FF001020A600A68FE
S214032BF01A60002038BDF3F739BB7047704770473B
S214032C00704738B50D460446F0F742FAAC4042F238
S214032C10107364095C436423B0FBF3F0B4FBF0F079
S214032C2038BD022807D0062807D0003818BF012071
S214032C304042C0B27047012070470020704730B54D
S214032C401F23B0FBF3F35D1CEDB24FF0FF34C3EB71
S214032C504313AC40C01AE4430130E4B2C0B214607C
S214032C60086030BD70B505460E46C0B201F00F01D0
S214032C70FFF7C7FFC6F303110446C5F30720FFF7A4
S214032C80C0FFC6F303210444C5F30740FFF7B9FFAB
S214032C90204470BD08B5EFF7B3FFBDE80840EFF773
S214032CA0EDBF10B50446EFF7ABFF844288BF01F1D2
S214032CB0FF31204601F00301BDE81040EFF7DEBF09
S214032CC038B50446FFF7E6FF0546FFF7E3FF431B69
S214032CD0A342FAD338BD0020704710B50446F0F778
S214032CE05BFAC4F30113022B05D0032B09D0012B87
S214032CF000D1400810BDC4F3C4240134B0FBF4F083
S214032D00F8E78008F6E700F03003202B10B513D160
S214032D1010F4E02FC0F302440AD010F4C01FC0F32F
S214032D20C423B3FBF4F418BF6400052C0ED8640860
S214032D30FFF7D3FF604310BDC0F382136FF0120496
S214032D401C4104F00104C4F10204F1E70424EFE794
S214032D5010B5044651B10B6843B15B6833B11A68CA
S214032D60032A03D99C6A640E204610BDF5F7B1FE0C
S214032D7001462046F0F7FAFB04460846F5F7ADFE93
S214032D80F2E738B14FF47A735843A0F6AC50401AC2
S214032D90F0F706BD4CF25030FAE7F1F7A5BCF1F7B1
S214032DA0A3BCF1F7A1BCF1F79FBC7047436B03F0DC
S214032DB06003402B0DD0602B03D0203B5842584174
S214032DC0704749B10B68012B06D9486940F00100EA
S214032DD0704740F20110704700207047034670B1F9
S214032DE00268022A0BD9426A12F47F4FC2F3072005
S214032DF006D01B6AD2B25A43B2FBF0F070470020EB
S214032E0070470220EFF7E6BED0F894304BB11A684D
S214032E10022A06D993F8250028B11B6AB3FBF0F003
S214032E207047FFF7A0BC704708B50146D0F894007A
S214032E30FFF7D4FF20B9BDE808400846FFF795BC66
S214032E4008BD10B590F8D0300E2B04462BD0017574
S214032E50D0F8900020B3D4F8A0304BB994F8D9300A
S214032E608B420BD320460022BDE81040F2F7F0BC9D
S214032E70B4F92420B0F912309A42F3DD94F8D9104D
S214032E8000222046F2F7E4FC60B9C4F8900020461E
S214032E90FFF7A4FC01462046BDE81040EEF784BACF
S214032EA0FF23637510BD0220FCE70346D0F8D0006D
S214032EB00860B3F8D4308B800020704790F8D03089
S214032EC00E2B14BF407DFF2070474FF48071F2F73E
S214032ED053B838B50D46FFF7A7FF01460446002052
S214032EE0F0F77CFD02460220A87174B1B2F5803F6C
S214032EF00BD863094FF2244101FB02302B682409E7
S214032F00B0FBF4F01B1A2B60002038BD3F2B08469D
S214032F1010B5114619D9B3FA83F3C3F11902D2B225
S214032F20062A01D8192B0ED0062A28BF0622931D7F
S214032F30DBB201249C40A4B2A14228BF2146EEF78F
S214032F4055FE204610BD0022F1E70024F9E713885A
S214032F503F2B10B5084616D9B3FA83F3C3F119010C
S214032F60C9B2062901D8192B0BD0062928BF06217A
S214032F708C1DE4B20123A3401380EEF755FE002018
S214032F8010BD0021F4E70120FAE7F1F7FFBF10B503
S214032F90084614460121F0F789F820460121BDE8CA
S214032FA01040F0F783B8F8B504460E461746F5F713
S214032FB090FD3A4605463146204600F054F804464E
S214032FC02846F5F78AFD2046F8BD02207047032001
S214032FD07047EFF7F7BD10B5F3F730F8044608B9B6
S214032FE0F1F79CF8204610BD38B504461D46F3F7A6
S214032FF025F828B929462046BDE83840F1F75EB9DA
S21403300038BD70478021F1F7B7BF38B50546F2F7EC
S21403301047F904462846F2F721F9072811D1D5F8CF
S2140330209030DB6924F47F4121F0080103B15B781B
S21403303041EA032141F020012846BDE83840F2F773
S21403304035B924F02001F7E70320704703207047C3
S21403305010B50446F3F7D4F92046BDE81040F3F75D
S214033060A7B900207047F7B505460F4668461146D0
S214033070F3F780FA064698B197B1DDE900311B0AEB
S21403308043EA0163A5FB0343090A05FB0135EFF792
S214033090FFFF0023024629462046F3F797FD3860D4
S2140330A0304603B0F0BD00228A4202D14FF0FF3013
S2140330B0704750F8223093FAA3F30BB90132F3E7C3
S2140330C0B3FA83F000EB4210704770B5A1FB0254CD
S2140330D03CB92946F3F73EFF064628B90026304694
S2140330E070BD0C220260F9E72A46214600F08CF8F0
S2140330F0F5E72DE9F8430746884614460026D4E943
S2140331000195B9F1010905D52468002CF7D130469D
S214033110BDE8F883AB89012B07D9B5F90E30013327
S21403312003D029463846C04706436835E9E710B555
S2140331300C46B1F90E10F4F715F90028ABBF636D12
S214033140A3891B1823F48053ACBF6365A38110BD0A
S2140331502DE9F0411F468B89DB0505460C461646CE
S21403316005D5B1F90E1002230022F4F7E9F8A38976
S214033170B4F90E1023F48053A38132463B46284607
S214033180BDE8F041F4F710B910B50C46B1F90E10CE
S214033190F4F7D6F8431CA38915BF606523F4805360
S2140331A043F48053A38118BFA38110BDB1F90E1059
S2140331B0F4F7B6B810B501390244904201D10020A5
S2140331C005E0037811F8014FA34201D0181B10BD88
S2140331D00130F2E7884210B501EB020402D98442BB
S2140331E0234607D8431EA14208D011F8012B03F843
S2140331F0012FF8E7024401468A4200D110BD13F8B6
S214033200014D02F8014DF7E702440346934200D10D
S214033210704703F8011BF9E77047704770470A4485
S214033220914200F1FF3300D1704710B511F8014BFE
S21403323003F8014F9142F9D110BD9368013B002B6F
S21403324010B4936008DA9469A34201DB0A2903D118
S2140332505DF8044B00F095B91368581C106019709C
S21403326008465DF8044B7047F8B506460F46144605
S214033270D518AC4201D1002007E014F8011B3A46EA
S2140332803046FFF7DAFF431CF3D1F8BD2DE9F047CC
S214033290164698468A680B69DDF820909342B8BFB5
S2140332A01346336091F8432007460C460AB10133B0
S2140332B033602368990642BF336802333360256858
S2140332C015F0060506D104F1190AE36832689B1A5D
S2140332D0AB4226DC94F843302268003B18BF012338
S2140332E092062BD404F1430241463846C8470130C0
S2140332F01ED02368226903F00603042B02BFE56889
S2140333003368ED1AA3680CBF25EAE57500259342DA
S214033310C4BF9B1AED1800261A34B5421AD10020F2
S21403332008E00123524641463846C847013003D1D8
S2140333304FF0FF30BDE8F0870135C6E7E1185A1CA9
S214033340302081F84300224494F8451082F8431055
S2140333500233C7E70123224641463846C8470130B1
S214033360E6D00136D9E7B1F90C202DE9F04117076D
S21403337005460C4656D44B68002B02DC0B6C002B20
S2140333803DDDE66A002E3AD0002312F480522F6801
S214033390216A2B6025D0626DA389580705D563681B
S2140333A0D21A636B0BB1236CD21A216AE66A002326
S2140333B02846B047411C24D000236360236923605A
S2140333C0A389DA0400D56065616B2F60B9B104F197
S2140333D04403994202D02846F4F71CF8002363639B
S2140333E00DE001232846B047461C0246D4D12B687D
S2140333F0002BD1D01D2B01D0162B2BD12F600020F4
S2140334002FE02A68B4F90C3042B11D2A01D0162ADF
S21403341022D10023636023692360D5E762602269B3
S2140334202260CEE70F69002FE9D093070E6808BF26
S2140334304B690F6018BF0023A6EB07088B60B8F133
S214033440000FDCDD216AA66A43463A462846B047A3
S214033450002808DCB4F90C3043F04003A3814FF096
S214033460FF30BDE8F0810744A8EB0008E7E738B56E
S2140334700B6905460C4613B90025284638BD18B116
S214033480036A0BB9F3F776FEB4F90C30002BF3D0CE
S214033490626ED00704D4990502D4A06DFFF7BDFE73
S2140334A028462146FFF75FFF636EDA070546E4D436
S2140334B0A3899B05E1D4A06DFFF7B0FEDDE770B5E9
S2140334C00C46B1F90E10002996B015461E460DDAC5
S2140334D0A38913F0800F4FF0000114BF40234FF46D
S2140334E08063002031602B6016B070BD6A46F4F727
S2140334F075FA0028ECDB019901F47041A1F500533D
S214033500594259414FF48063EBE78B89F7B59D0722
S21403351006460C4607D504F14703236023610123BF
S214033520636103B0F0BD01AB6A46FFF7C8FF009FB7
S214033530054639463046F3F70DFD48B9B4F90C3065
S2140335409A05EED423F0030343F00203A381E2E7D4
S214033550A389206043F08003A381019BC4E9040789
S2140335605BB1B4F90E103046F4F74AFA28B1A389D2
S21403357023F0030343F00103A381A3891D43A5811D
S214033580CFE7F8B50E461446054618B1036A0BB9DD
S214033590F3F7F0FDA369A360A3891A0701D523698E
S2140335A043B921462846F4F7C3F918B14FF0FF375D
S2140335B03846F8BD23682269981A6369F6B28342CF
S2140335C0374605DC21462846FFF751FF0028EDD194
S2140335D0A368013BA36023685A1C22601E706269BD
S2140335E0431C9A4204D0A389DB07E1D50A2EDFD118
S2140335F021462846FFF73BFF0028D9D0D6E74308E5
S21403360003F05533C01A00F03333800800F033302C
S214033610184400EB10104FF0013300F00F305843FE
S214033620000E704710B5044678B1036A41696BB162
S21403363080689847207E002310286361636004D85F
S2140336402146F4F731FD1123237610BD0029F1D06E
S2140336508368002BEEDB0846F4F716FFEAE707B5A8
S214033660002301911A4601A9F4F764FB03B05DF841
S21403367004FB1FB5002402949DF81C400194069C8D
S2140336800094F4F7DDFA04B010BD13B507240194D3
S214033690049C0094FFF7EDFF02B010BD07B50023AE
S2140336A00093FFF7F2FF03B05DF804FB03680B60BB
S2140336B0016070472DE9F041054600680E4617463F
S2140336C0002408B9BDE8F081D0E90083B3420BD1EA
S2140336D08368BB4208D154B9C5F80080C368DB07CA
S2140336E001D5F4F7D1FE204604464046E9E7C4F880
S2140336F00080F3E7D1E90112FFF7DCBF002370B5C2
S2140337001A46194604680546F4F714FB0CB92C60F0
S21403371070BDE3682668DB0702D52046F4F7B4FEDF
S2140337203446F3E72DE9F8430E461746054610B927
S2140337300020BDE8F8830468002CF9D0D4E900899A
S214033740A0683B4632462946C8470028F1D144467E
S214033750F2E72420704738B5054614460A4600218A
S214033760FFF752FD24F01C046B7944F0100443F079
S21403377004032C716B7138BD2DE9F74F1F469DF876
S214033780303000938A468046002850D0002967D000
S2140337900C68002C66D04FF0000BE679A179761AF8
S2140337A0F6B2BE4208D30C31394408EB0209214471
S2140337B0F61B4546C84537E02068BF1BA3460028CE
S2140337C035D00446E9E7AB19994538BFA9EB05069A
S2140337D032462846FFF723FD009B002B3DD0E279B7
S2140337E0A079F3B237BB1844A071E279A3792768AE
S2140337F09A4232D1DAF80030A34208BFCAF8007002
S214033800BBF1000F01D0CBF800702046F4F7AEFCF6
S2140338103C4635444CB1A379E67903F10C01F61A1C
S2140338202144F6B200274D45CDD3A5EB080003B0DF
S214033830BDE8F08F121AD2B2F918914209DA0C30A9
S2140338402044D21BD21A014438440193FFF7C2FC2A
S214033850019BE279D31AE371C7E7A3462468D8E746
S2140338600846E4E72046E2E710B5C479C4F1450309
S2140338700246D8B2884228BF08460444D47110BD15
S21403388038B50546C079C0F14504E4B2944288BF12
S214033890D4B20C3022462844FFF7C1FCEB7923440C
S2140338A0EB71204638BD1FB503910021009103A993
S2140338B0FFF762FF05B05DF804FB38B504462068E1
S2140338C000B938BD0568F4F751FC2560F7E710B575
S2140338D001F0EC01034603B910BD1A7902F0130296
S2140338E00A431A711A1A544254415A7964F300026D
S2140338F05A711B68EFE710B558B1016802685AB1F0
S214033900136823B15C79E40704D5002414600360CC
S214033910084610BD0360F1E71346F8E7034658B1BF
S2140339200020DA7999791B68521A50FA82F01BB193
S2140339305A79D207F5D57047704770B50D460446D9
S214033940E8B186798E4203D3751A8571012070BD5E
S214033950C27906F145039B1ADBB299420FD806F1EA
S2140339600C010144921BA81BD2B20844FFF732FC99
S2140339700023A371E3791D44AD1BE571E6E7002040
S214033980E5E710B50C4698B191B18979E279C37928
S214033990521AC3F14503D2B2DBB2934208D30C31B9
S2140339A02144FFF76DFF2046F4F7E0FB012010BD2E
S2140339B00020FCE70346006818B102681A6000237B
S2140339C0036070470346002003B97047DA79997994
S2140339D01B68521A50FA82F0F6E72DE9F84F89462B
S2140339E014468246FFF7EEFF05464846FFF7EAFF12
S2140339F0A542074601D3A04208D2BD4208D10024FF
S214033A00A346A046264647B9384604E02746F6E7C7
S214033A1038D24FF0FF30BDE8F88F5EB99AF80680CB
S214033A209AF80760A6EB080608F10C08D044DAF803
S214033A3000A0F6B2BBF1000F0BD199F8064099F837
S214033A4007B0ABEB040B0C344C44D9F800905FFA88
S214033A508BFB5E45354628BF5D46BD4228BF3D46C7
S214033A602A4621464046FFF7A5FB0028D3D1A844A3
S214033A702C447F1BEDB2761BABEB0505F6B25FFA63
S214033A8085FBC0E70120C6E703680BB901607047F2
S214033A901A461B68002BFBD111607047036803B1FD
S214033AA00B600160704739B10B461A461B68002B42
S214033AB0FBD1036813600160704770B5046806465F
S214033AC00D4644B12046FFF77DFFA84211D8236870
S214033AD013B9E379A37170BD20463360F4F746FB50
S214033AE03468F4E7ED1A236833602046F4F73EFBA8
S214033AF03468002DEFD0A279E3799B1ADBB2AB4290
S214033B00F0D92A44A271E6E7F8B5066805460C46DE
S214033B1046B13046FFF756FFA0421DD8336813B9A7
S214033B20F379B371F8BD30462B60F4F71FFB2E68AC
S214033B30F4E7064638460768002FFAD1C279837938
S214033B40D31ADBB2A34202D9121BC271EAE7E41A04
S214033B50F4F70CFB3EB13760002CE3D0286800284E
S214033B60E0D00026E7E72E60F6E7F8B504460F46F2
S214033B70BC4200D1F8BDA179E5796D1AEDB2C5F165
S214033B804506B6B20EB92468F2E749B10C312A46A7
S214033B90214404F10C00FFF71DFB0023E571A3711C
S214033BA02368BB42EFD05A79D207ECD49979DD79F2
S214033BB0A079E2796D1AEDB2B54200F10C0028BF88
S214033BC0354610440C312A4619442044FFF727FB98
S214033BD0E379206853FA85F3E3718379761B53FA06
S214033BE085F5C379EDB2AB42B6B2857103D10368EE
S214033BF02360F4F7BBFA002ED2D1C4E738B50C46DF
S214033C00016809B9046038BD0D4609680029FBD16F
S214033C10236823B12046FFF7A8FF2C60F3E721466D
S214033C202846FFF7AEFE0028EDD1F6E748B100239D
S214033C3002794360036083604379027143F00403AF
S214033C404371704700221146F4F7ECBA38B50446C0
S214033C500D46FFF772FE98B984B12079FFF7F2FF9D
S214033C6058B1637942790460C3F3400363F34102B6
S214033C7045235D1B4271C371857138BD0120EDE795
S214033C802046FAE738B5036804460D469BB1187913
S214033C90FFF7D8FF88B1236803605B794279C3F3E3
S214033CA0400363F3410245235D1B4271C371857173
S214033CB02060002038BD0120EAE71920FAE738B56E
S214033CC00C46054640B3006830B309B9002038BD3A
S214033CD04AB9C9B2FFF731FE0028F7D12B689A79A3
S214033CE09871A41A06E0452918D8C9B2FFF725FE2D
S214033CF00028EBD1442C07D8002CE7D0E1B22846A5
S214033D00BDE83840FFF7BEBF45212846FFF7BAFF98
S214033D100028DCD1453CEDE72220D8E72120D6E772
S214033D202DE9F84390F8078090F80690A8EB09076A
S214033D30FFB2B94204460D4602D30020BDE8F8831D
S214033D400079FFF77FFF06460028F6D0A179807931
S214033D500C317F1B29440C30BAB221443044FFF7A0
S214033D605EFAF3793B44F371E37999444D4423684F
S214033D70A5EB0805E571012033602660DEE7F8B59C
S214033D80076806460D463C46002305B12CB90BB121
S214033D9000221A6034603846F8BDE379A2799B1A8C
S214033DA0DBB2AB4207D8E379A2799B1ADBB2ED1AF2
S214033DB023462468E9E7E9B22046FFF7B1FF002867
S214033DC0F1D10746E7E75318452B02DCC9B2F4F7EF
S214033DD029BA00207047F7B5002605460F46019618
S214033DE00DB9019C09E0002211463846F4F71AFA89
S214033DF0044628B901A8FFF760FD204603B0F0BDCE
S214033E00AB798371EA79C2716879617960F30001ED
S214033E10617169796079C1F3400161F34100D21A97
S214033E20607103F10C002918D2B22044FFF7F7F9AA
S214033E30019B03B9019406B134602D682646CFE78B
S214033E402DE9F8430D461446064610B319B3DAB106
S214033E50034699461B68002BFBD12746C8463A46BD
S214033E6029464046FFF70CFDC145A7EB000705446E
S214033E7018BFC9F8008037B1B17930790022F4F75A
S214033E80D1F9C14618B9E41B2046BDE8F88380463D
S214033E90E5E70446F8E70C46F6E737B51546C9B234
S214033EA000221C46F4F7BEF9019040B1224629468B
S214033EB0FFF7C6FF844202D901A8FFF7FEFC01986C
S214033EC003B030BD10B5013903461A1A914200D823
S214033ED010BD445C1A7803F8014B42540139F4E7E9
S214033EE001440023884200D1704700F8013BF9E7FC
S214033EF038B505460C4604B938BD013C55F8343090
S214033F005B68002BF7D09847F5E72DE9F0410446A8
S214033F10002654F836302BB904F10408B34203D113
S214033F2000250FE00136F4E754F8332012685F1CCF
S214033F305AB158F833009047054630B13946204603
S214033F40FFF7D6FF2846BDE8F0813B46E6E7704715
S214033F507047704770477047F4F778BA38B5044629
S214033F60F9F711FF054658B9C820E5F773F8C822D4
S214033F7002212846E5F72EF88442A8BF044624B259
S214033F802046E5F767F8F9F7FEFEBDE83840C82295
S214033F900221E5F71FB8B0F90020B1F900309A42C4
S214033FA02DE9F04704460D4648DCF4F799FD8046B4
S214033FB0E0F730F800283ED1E5F702F88246F9F735
S214033FC0E2FEC8220221E5F705F8B5F9002047F618
S214033FD0FF739A42814602D1E5F716F82880B4F9B2
S214033FE0002047F6FF739A4202D1E5F707F82080D0
S214033FF0B5F90000FFF7B2FFB4F900308342C8BF3B
S21403400020800746B4F90000E5F704F8F7F79DFBB0
S214034010064658B15046E4F7FDFF4846E5F71AF85A
S2140340204046F4F763FD3046BDE8F087E4F7C8FF83
S21403403020802F80F4E741F20C06F1E72126F2E711
S214034040F8B500BFF8BC08BC9E467047F8B500BF7D
S214034050F8BC08BC9E4670475FF800F00D0D0020C4
S2140340600000000000000000000000000000000048
S2140340700000000000000000000000000000000038
S2140340805B495D200054696D65722073746570200A
S21403409025640A0025730A005B435D20002E2E2F3D
S2140340A06170702E630025733A2564203A25733AAF
S2140340B020007363005374617475733A202573206C
S2140340C03D20307825303478200041737365727450
S2140340D0696F6E206661696C65640025733A2043D8
S2140340E06F6E6E656374696F6E206F70656E656460
S2140340F02021200A0025733A20436F6E6E65637491
S214034100696F6E20636C6F7365642021200A00203C
S21403411054656D7065726174757265203A20256CFE
S214034120642C256C64C2B0430A002048756D69642C
S214034130697465203A2020256C642C256C64202540
S21403414025200A002054656D70657261747572656A
S21403415020666F726D617420424C45202870617230
S21403416020666F6E6374696F6E2074656D7065721A
S21403417061747572652E6329203A2020256420C257
S214034180B0430A004163636573206C65637475729C
S214034190652074656D706572617475726520616300
S2140341A0636570746520210A0020436F6D6269653C
S2140341B06E2064276F6374657473206F6E74206556
S2140341C0746520656E766F796573203A2025640AD8
S2140341D0004163636573206C656374757265207450
S2140341E0656D706572617475726520726566757348
S2140341F06520210A00426F75746F6E204E6F7469D6
S2140342006679206170707579C3A920002B206465D8
S2140342102054656D706572617475726520002B207D
S2140342206C6120636F6E6669672061206574652024
S2140342306368616E67656520210A004543524954E9
S214034240555245203A200A0076616C5F6C656E20F5
S2140342503A2025640A0076616C5F64617461203AD3
S214034260202564200A006F70636F6465203A20255A
S21403427064200A00736C5F62745F6F6E5F657665B9
S2140342806E7400736C5F62745F6F6E5F6576656EE7
S21403429074006170705F696E697400425244343111
S2140342A0363641002E2E2F736C5F676174745F730E
S2140342B06572766963655F6465766963655F696E73
S2140342C0666F726D6174696F6E2E630044303300DF
S2140342D0342E342E3700736C5F676174745F7365B6
S2140342E072766963655F6465766963655F696E6642
S2140342F06F726D6174696F6E5F6F6E5F6576656E04
S2140343007400000024430300220022008C450300AF
S214034310100010007C450300010001000200FFFFAF
S214034320FFFF0000010000000108FFFF000000007F
S21403433044450300020002000108FFFF05000000D9
S21403434020000C0003000C000008FFFF0100000023
S214034350640C002004000F000308FFFF03000000A6
S21403436002000000050002000108FFFF0500000030
S21403437002000D0006000D000108FFFF010000000B
S2140343806E0C0020070002000108FFFF0500000076
S2140343900A000E0008000E000308FFFF01000000DD
S2140343A0840C0020090000000108FFFF0000000045
S2140343B0484503000A0002000108FFFF050000004D
S2140343C00A0003000B0003000308FFFF01000000C0
S2140343D08C0C00200C0002000108FFFF0500000003
S2140343E0020004000D0004000108FFFF00000000A7
S2140343F04C4503000E0000000108FFFF000000000C
S214034400504503000F0002000108FFFF05000000EF
S21403441002000500100005000108FFFF0000000071
S21403442054450300110002000108FFFF05000000C9
S21403443002000600120006000108FFFF010000004C
S214034440A20C0020130002000108FFFF0500000075
S21403445002000700140007000108FFFF0100000028
S214034460B00C0020150002000108FFFF0500000045
S21403447002000800160008000108FFFF0100000004
S214034480BA0C0020170002000108FFFF0500000019
S21403449002000900180009000108FFFF01000000E0
S2140344A0C60C0020190000000108FFFF00000000F2
S2140344B0624503001A0002000108FFFF0500000022
S2140344C012000A001B000A000108FFFF0700000095
S2140344D0000000001C000F000308FFFF030000009D
S2140344E0010100001D0000000108FFFF000000009E
S2140344F0664503001E0002000108FFFF05000000DA
S2140345000C000B001F000B000608FFFF070000004F
S21403451000000000200000000108FFFF000000006C
S2140345206A450300210002000108FFFF05000000A2
S21403453008000080220000800208FFFF070000003A
S214034540000000000200011802000018020000002C
S21403455002000A180C0053696C69636F6E204C6185
S214034560627302001A18020015181000F01921B41D
S214034570478FA4BFA14F63FDEED6141D636032E0E0
S214034580375EA488534E6DFB6435BFF700280128B9
S2140345900328002A012A292A242A272A262A232A04
S2140345A06E2A562A052A2A2B292B022905000000E3
S2140345B00000000000C2010000050000001000001B
S2140345C00000000000000000E90C002029D50000D0
S2140345D0F9890200258A0200518A0200698A0200CC
S2140345E0433A2F55736572732F77756573742F531C
S2140345F0696D706C696369747953747564696F2F38
S21403460053444B732F6765636B6F5F73646B2F61E4
S21403461070702F626C7565746F6F74682F636F6D3F
S2140346206D6F6E2F696E5F706C6163655F6F74612B
S2140346305F6466752F736C5F62745F696E5F706C20
S2140346406163655F6F74615F6466752E630064659E
S2140346506C61795F74696D65725F636200736C5F2A
S21403466062745F696E5F706C6163655F6F74615FD0
S2140346706466755F6F6E5F6576656E7400433A2F8A
S21403468055736572732F77756573742F53696D70E1
S2140346906C696369747953747564696F2F53444BFB
S2140346A0732F6765636B6F5F73646B2F6170702F17
S2140346B0626C7565746F6F74682F636F6D6D6F6E64
S2140346C02F73656E736F725F7268742F736C5F738C
S2140346D0656E736F725F7268742E63004E554C4C32
S2140346E020213D207268745F73656E736F7200419C
S2140346F07373657274696F6E20272573272066614E
S214034700696C65643A20005369373078782073659E
S2140347106E736F72206E6F7420617661696C61626E
S2140347206C650A00736C5F73656E736F725F726895
S214034730745F696E6974003F00280029200000003A
S214034740050000000000000040420F0005010000C5
S21403475000000000000000000000000013B779FA14
S214034760C925DDB7ADF3CFE0F1B614B801020000FA
S21403477000000000FFFFFFFF200000000100000014
S2140347800000000000000000000000000000000021
S2140347900000000000000000000000000000000011
S2140347A000000000000000000000000007000003F7
S2140347B00002800008000200200000014000040000
S2140347C001001000080602000409070301050000A3
S2140347D040787D0100000000005A620200010000DC
S2140347E0C0CF6A0002000000809FD50002010000CF
S2140347F0002D31010202000008091108000301031D
S21403480003030200000800FC7848030001000107C8
S21403481024480300000800F83448030000000000A2
S2140348200000000083FFBFFFE2FFF1FFF9FFFEFF7A
S214034830000000009600FCFEF8006D23441FEEFF08
S214034840C700F20E8E37FAFF5C00A40324A7FFFF0F
S2140348503200D601AD3400001F003001004D0000C9
S2140348601200C000CA4A00000B006E00F73C0000AE
S21403487005001F002F2000008C00FCFEFFFF000039
S21403488000000000FC00D2104C06FAFF75009B05E2
S214034890F132FFFF3E0062020B35000025004B019C
S2140348A0885F00001700E0005E5D00000E008C00CD
S2140348B06A4F0000070025008328000000000F4011
S2140348C00000000000040F40010000006A09E667CC
S2140348D0BB67AE853C6EF372A54FF53A510E527F19
S2140348E09B05688C1F83D9AB5BE0CD190080000065
S2140348F000000000000000000000000000000000B0
S214034900000000000000000000000000000000009F
S214034910000000000000000000000000000000008F
S214034920000000000000000000000000000000007F
S214034930000000000000000000000000000000E18E
S214034940000108070F000A00C8002000A0000100AD
S21403495000000000A00068010A200706020A0407F8
S21403496000000002070001041040010000000500DB
S214034970000000020000030000000000F84C0300E3
S214034980D44C0300484C0300684C03007C4C0300E3
S214034990204D0300B84C0300A44C030000000000A5
S2140349A00C4D030000000000E84C0300000000006C
S2140349B0DC4B030000000000904C030000000000E6
S2140349C0984C0300000000005C4C0300204A0300E0
S2140349D0444D0300224A03003C4D03000000000040
S2140349E0344D030000000000CC4C03000000000020
S2140349F00000000000000000000000004E0C000055
S214034A000000000000000000044303000000000054
S214034A10000000000400000000000000E2FF500059
S214034A2001000400FB000000020000007C4A0300B3
S214034A3003000000744A0300040000006C4A0300ED
S214034A4000000000000000004145532D3235362D8E
S214034A50454342004145532D3139322D45434200EB
S214034A604145532D3132382D45434200484A030011
S214034A7010140400544A030010130300604A030092
S214034A80101202000200000093A602008FA6020086
S214034A908BA6020075A6020063A60200512563FCDE
S214034AA0C2CAB9F3849E17A7ADFAE6BCFFFFFFFFA1
S214034AB0FFFFFFFF00000000FFFFFFFFF551BF37BA
S214034AC06840B6CBCE5E316B5733CE2B169E0F7C2B
S214034AD04AEBE78E9B7F1AFEE242E34F96C298D8D4
S214034AE04539A1F4A033EB2D817D0377F240A4630F
S214034AF0E5E6BCF847422CE1F2D1176B4B60D227B0
S214034B003E3CCE3BF6B053CCB0061D65BC869876CD
S214034B1055BDEBB3E7933AAAD835C65AFFFFFFFF56
S214034B20FFFFFFFFFFFFFFFF000000000000000085
S214034B300000000001000000FFFFFFFF0920400007
S214034B40010102010202030102070B0B0701160C07
S214034B5000000108080000050108FFFF02FFFF0828
S214034B6008020204FF010022FFFFFFFFFFFF03040A
S214034B7004FFFFFFFF2AFFFF1419191B011C151260
S214034B800400480C14131510801A80128080000F3E
S214034B900E0C080C080D181001020404F4010000A2
S214034BA0FA00000096000000640000004B000000BE
S214034BB0320000001E000000140000000000000089
S214034BC0010150004000080050002400040090013A
S214034BD0500240009001AE0110000000E99E010063
S214034BE0000000000049725314497207FF000102D7
S214034BF0030405FF145300724907CDF6BDB1010047
S214034C003DB1010019CB0100E1EA02005BEB0200B3
S214034C1055EB020005CF0100430C03000FEB020027
S214034C2057EB020059EB020003EB020051EB0200C4
S214034C3029AC01002FE902007DAD010001020C0042
S214034C40000004000000080004000000000000004C
S214034C500000000095B0010000000000B7EA020063
S214034C6000000000A0010401560000000000000040
S214034C700000000000000000000000000500000027
S214034C80000000000000000000000000000000001C
S214034C90A9B1010000000000E3EA020000000000E2
S214034CA0A01305000A00000000000000000000003A
S214034CB000000000000000000900000000000000E3
S214034CC0000000000000000000000000E9EA020007
S214034CD0000000000F0000000000000000000000BD
S214034CE00000000000000000F3EA020000000000DD
S214034CF000000000000000000100000000000000AB
S214034D0000000000000000000000000071B4010075
S214034D1000000000A0010107A0000104020408002F
S214034D2006000000000000000000000075B501004A
S214034D3059B50100FFEA020000000000FBEA02008A
S214034D4000000000B5B5010000000000A003060146
S214034D50A0090609A0020608A0050607A005060680
S214034D60A0070605A0020604A0010610A00A060274
S214034D70A00D060000000402050306010701010852
S214034D80090A0000A0015C02A0035C01A0025C000B
S214034D90A0020F09A0030F04A0030F03A0050F0230
S214034DA0A0010F01A0050F00A0040103A004010841
S214034DB0A0020105A0030106A012010001010204DE
S214034DC0200C0403BDB0010020000401E9B001007B
S214034DD0200256028DB101002002560161B1010086
S214034DE020010605FDB7010020040A0F3DB40100AB
S214034DF020040A0409B4010020050A03C9B301000C
S214034E0020050A0299B30100200001151DB5010013
S214034E106267617069206275666665727300010079
S214034E200200000000000000030000000D00030065
S214034E300200010005006761747420636F6E6E657F
S214034E406374696F6E00000000FB349B5F80000094
S214034E50800010000000000000000000FF090300AF
S214034E60E7F00200ED0B0300E90A0300E69D350EAA
S214034E70480103CCDBFDF4AC1191F4EFB9A5F9E9D5
S214034E80A7832C5E2CBE97F2D203B020008BD28968
S214034E9015D08E1C742430ED8FC24563765C155294
S214034EA05ABF9A32636DEB2A65499C80DC003F4902
S214034EB0F6D4A3C55F3874C9B3E3D2103F504AFF94
S214034EC0607BEB40B7995899B8A6CD3C1ABD006CE9
S214034ED0888391AAF5A53860370BDB5A6083BE003A
S214034EE000000100010005010005020203000200A4
S214034EF0000000000205010005000001000100009B
S214034F000100010202030002000000000002020189
S214034F1000020000F9FD0100A9F80100A922030020
S214034F2017220300011C030081F60100CDF50100E2
S214034F3025F401005F2003002B1703003DFA010050
S214034F40FDEF010049EE0100B51F0300471F0300F4
S214034F50EF1E03004D1E0300991C030055EB0100D2
S214034F6081E9010039EA01002F17030081E70100F8
S214034F70BF01FB9D4EF3BC36D874F5394138684CF7
S214034F808BD28915D08E1C742430ED8FC245637680
S214034F905C15525ABF9A32636DEB2A65499C80DCD6
S214034FA0E69D350E480103CCDBFDF4AC1191F4EF1E
S214034FB0B9A5F9E9A7832C5E2CBE97F2D203B020DD
S214034FC0A0010A05A0030A04A0080A03A0070A0210
S214034FD0A0060A01A0070A00A0030906A006090501
S214034FE0A0070904A0040903A0050902A0060901F5
S214034FF0A0030900790E0200C10E02006D0E020026
S214035000CD0E0200B50E02003929030075290300F0
S2140350109B290300BD290300DF290300F555020081
S214035020AD550200B95502008D560200032E03004B
S214035030F1260300F526030001270300F9260300E3
S214035040FD2603000000000048010000A00D00201C
S21403505083FF000002000080FF7F00000080FF7FC8
S21403506006010080FF7F0E025241494C00000000FB
S214035070A0000000BD180200500000009D190200A9
S214035080FA04FA000033330A0A0A08400021000033
S2140350900000000000000000000000010000010105
S2140350A0000101016D500200515002002967020001
S2140350B065680200FD6702000101020300000001AB
S2140350C0A806000048704C0D4470D80C307064126B
S2140350D03C70AE163870340D34705A0D30700A0FAB
S2140350E02C700A0F2870DC102470F41020703E0D0C
S2140350F01C7080111870F21114703A0DB11007600D
S21403510001D80A7108B87F78020C7E78641000C64E
S214035110A01F00218CB8707801B007680F305CB30D
S2140351200F330111C04806984A022FB006D80C71F7
S21403513009DD087100B853A809BB11100768016898
S2140351402148076004100112FF32215007605148BE
S214035150076000880698441300C4401F002103DD3F
S214035160087214BA281400A000BA03DF107109DF0E
S2140351700672029860058CB8507800A04413281471
S21403518041158110076002D81471108806982E18EE
S21403519000C00C70084006987C1A009106986002BE
S2140351A00060B83020D8067190BC637C784D5412EA
S2140351B0F03240DE0472404804DB08720DDD0C72E8
S2140351C0044BEF3014480698FC0600C4E010084071
S2140351D04412076201322140084C287C811140D9D1
S2140351E01C72B1123032CF4A013AB1DA107208D8C3
S2140351F0067104D80871B04C237C4070684C441286
S214035200FF328722047580B8D84C81D8327140D9D2
S2140352100472237C084B0698FC0604BA88B9767990
S21403522000C1186008403579E049007906B904A939
S21403523001D86E72227CBC4C307C0298320208D8AD
S2140352403C7100C14C000840141110D93071104C49
S21403525000C11400084014111814076100C520602B
S21403526008405415FF35047110491814A84C44120D
S21403527007620132067102981201B84C08D80C7105
S21403528007BA24D8047106BA187004D80C7101BA88
S21403529040D80E7102BA0A7005BA20D8047203BA4F
S2140352A0227C604C4411404C181407611814911169
S2140352B0383111429111076910D90472EF3200C1D7
S2140352C00060084014111031016911422814A1111D
S2140352D0076118140698621A181400C10060084083
S2140352E014110769FF31181400C13C30084014112B
S2140352F0181407611814308802480698C0050093EE
S21403530008DB047101F800A05CB00F3000A0108821
S214035310B111076980D90A7100C1800008400811DD
S214035320009100A000C400010840441000A000C083
S21403533020300E40041104101050F47200A05415CF
S21403534050451271069806070698960618B87078A0
S21403535000B841780698400390BA5B7A5C7A5D7A27
S21403536000C218500840241200C1501F0021281103
S214035370069838182088008800C5441F0021541555
S2140353805112FF350762FF3206986A020159512906
S21403539004751159009021292075069886040698ED
S2140353A0A2040698FA02009203D80C7281110761D0
S2140353B002D90472FF0FBA7018B8727800F804D8CE
S2140353C042710088308800C0FC1F0021041000C111
S2140353D0501F00211412012A215A00C318500840F6
S2140353E03413312A1A7500C00060084004100730D1
S2140353F0FE200C76381108B87F78020C7E7800936E
S214035400009000A000C0F41F0021041000BB1DB4D0
S21403541000A000C1DC1F002114111088FF3100C555
S214035420FFFF0000311207620762513A513B0E72CA
S2140354300698720C1159011201131E70311400885C
S21403544031100698720C1159415C41280698740C69
S214035450513801130090012B009020880760011437
S2140354600760FF30215D411207620762312D08761F
S214035470FF34415C4128015D31100698740CFF30FF
S2140354803088011300C0E01F00210410512B0C7656
S214035490076801150768FF356070315BFF32212B03
S2140354A00C75076001150760FF354E7000C5E41FD5
S2140354B000215415076507655112FF35FF30012B90
S2140354C0087521100760327021100768FF30012B22
S2140354D00A75211007600760207000C2E81F0021CC
S2140354E02412211007600760FF30012B0875211076
S2140354F00768067021100760FF300093009200C112
S2140355000060084014142C490734FE242A76141528
S214035510F0BC076C513C076803680154107100C463
S214035520FF0FFFFF513C01444811311200C5E81F2D
S21403553000215415FF3507620762214354491412AC
S2140355402155FF355152281100A001D81871008843
S21403555000C00470084004108020FF3006710698CF
S2140355604E03009000A002D8047200A0008806989C
S21403557096061DB428B9112C408800C3EC1F0021E1
S214035580341440445A71441306982005411500C04C
S2140355900060084004100730FD20447500C2087000
S2140355A0084024100760FF3080DC34710698AE0C88
S2140355B001591C4A241007600260FF300698AE0C9F
S2140355C00158B2200129541331100698AE0C112845
S2140355D00A75042554155045EE7206982005009466
S2140355E0009000A07FB9066100C01C6008400698C2
S2140355F04A1304155153113B31555810029844135E
S214035600EBBD00C0401F00210411113D10D91271DB
S214035610FF33076B00C190400846381118B97479F8
S214035620581000A0069860028024E4240D3004720B
S214035630044800C11C510840141100C3DC1E00219D
S214035640911504351A72181388BB08D804716C7B3D
S21403565004D804716A7B8CBB2F7C5B7B16703C4B37
S214035660181388BB08D804716F7B04D804716D7B4C
S214035670217C0C300160069882060698680B069813
S214035680320700B8B111076940D906720298660658
S21403569001BC00C20060084000DC0A7124150165E5
S2140356A0604A0A701C4A241507657C4A043508D9E3
S2140356B020712024512A241200C180000840320C95
S2140356C02811076228110762281107622811500C57
S2140356D000C1381F0021141200DC1A7120D806718D
S2140356E001B80C70F0DA0C720CDB087102B806987D
S2140356F08A0648240449141100C380000840FFB8F2
S214035700012011410871014118130824014200C108
S2140357102000084014110141036D514191152035B5
S214035720016D514118132813481300C37C00084029
S214035730341003D80C71073005DC0671084B227B46
S2140357408CB8507800B800C1381F002114120368C3
S2140357502150F0300152281100A04024066400C0F6
S214035760FFFF0100013C1DB00220015840280675CA
S2140357701EAC01EC00A0208800C01850084004129C
S2140357801DB4211304123052F871066C402400C372
S214035790741F0021341014110698C00C0669009279
S2140357A011592129067600BB11590698960C80B824
S2140357B00158013A0662313B0472215A412A00A07D
S2140357C000C200010840317A00A0308880B907691A
S2140357D000C30000C0FF3110312800BC002D0C753B
S2140357E011541EAC01EC312DF470066C5113415567
S2140357F0312C009300A000C028400E400413315102
S21403580007610C3107691153381000A006984A083F
S21403581000C0F41F0021041106983207217A237A68
S21403582000C3000010000698720700C0581F00212E
S2140358301DB1181000A000C0541F00211DB1181080
S21403584000C09C1F00210410002D067500B826A872
S2140358500698060700C09C1F00210410012C06753D
S2140358600698960628B010B9115911380EB911408A
S21403587028A880B800C144300840081100C1F01FB2
S21403588000211410303B06710760076000C408301F
S214035890084044111150FF30015118146FB80768BF
S2140358A026A8217A050C21102048267800C063EF2D
S2140358B00000314026A8050C20ECB11140D908722F
S2140358C0247A20EC217A184826A828B00AB9015170
S2140358D00F31115028A8050C207A20EC0F0C98B82D
S2140358E04678417806986A0200C2441F00212410B5
S2140358F00151FF311150081200A006984A0800B85B
S21403590026A800C05C1F00211DB1181000A030B8E7
S21403591040780DB101D9FC72427800C074300E4055
S21403592004114CBA407A1810144804115C7A181003
S214035930A4BB707B4E7B4F7B00C20430084000A0A4
S21403594006984A08217A227A00BB0698720700C096
S214035950681F00211DB11810A4BB00C040300E40C4
S2140359600411033101492872B112076207623048F5
S214035970041121510F3118726E7B6F7B104804118E
S2140359804CBA7C7A181014480411607A1810B110B7
S21403599002D81071707B30B8627860780DB001D889
S2140359A0FC7100C0F8600840041101D90C7100C0F6
S2140359B01800084002B9181008B86E780EB84EB131
S2140359C010D90C723EA8140C0FB83EA8107044A849
S2140359D0140C01B800C1B0300E40081100C0778027
S2140359E01F003DB201423DAA00C0FFFFFFFC013A83
S2140359F03DAA140C00C077E01F0001423DAAFFB881
S214035A0045207D7808B87E7800C1246008401411CC
S214035A1007610631087100B906985A1006984A13AA
S214035A20B11101D90E710698881A02D90672069822
S214035A30AE0B06984413511406989606F4B84578A8
S214035A400A0C00C0641F00211DB118100298341000
S214035A50FFB845205D7803B8076044A83EA800C198
S214035A60B0300E40081110B807683DB101393DA9A2
S214035A7008B86F7800A046A800C0FFFF0000013BEF
S214035A80076356AB94BA437A01D91471013C47B302
S214035A9000C0FE20FFFF013B314447AC637AFFB8EA
S214035AA02120407802D90471607800A0C8BC066C37
S214035AB0415C512C06750698960606986E0DB11035
S214035AC0076805D8347140BA06981A1308B865787B
S214035AD0911004D8187188B86E78577800C064009F
S214035AE0084021780698821001400A728CB84278E2
S214035AF0069856130298400B08B86C7820B8597865
S214035B005B7800C0F44008407878797800C1C81FF5
S214035B100021141040A8184914130449408814148B
S214035B200C4914118112076A006A01DA187188B8E1
S214035B30577800C0CC1F0021041001610763076378
S214035B40076407640698B20900944EB010D84272F0
S214035B504DB161B80158113840B102D90A72604894
S214035B6004BB41540870204802BB02BC4DA8F8B8D9
S214035B707078190C3EB141413EA9F4B97379737834
S214035B80717800C4F840084000C200410840227003
S214035B9000C20000010044AA230C00C200000B0050
S214035BA044AA00C41041084000C21841084004BB80
S214035BB0587C050C597C0C240F0C2FAB050CB1102C
S214035BC008D81471647A657A1CB879787B7820B81B
S214035BD079787B78607CF42441130698FC0651148C
S214035BE04044067506989606727BFFB84D20050C52
S214035BF0687840EC00C0601F00211DB1181091109A
S214035C0004D8147100C0BC1E0021041080D806718D
S214035C101CB8737800F818B800C1D81E002100C25B
S214035C201850084024122811767800F800C0B8608F
S214035C30084004110761076180D9047240EC00C470
S214035C40F84008404EB010D80471182441130C23B2
S214035C50527C407B11512FA9050C797C0A0C00C09D
S214035C60000001020814787C050C507C08B86D7897
S214035C7000A000C0287008400411108800C1001856
S214035C8000401810444804111088784804111088FE
S214035C9000884CBA757A18103DB11088F4B842786B
S214035CA04420727828487378F8B873784FB200C4E3
S214035CB0FFFF8080413A4FAA01BC0164411307638A
S214035CC000C06C70084003B918100110011001B928
S214035CD01810011001100110011068480411076123
S214035CE001B80160003A0471044904D904724152B0
S214035CF00760003A0471084908D9047231520460F7
S214035D00003B0E7200630064314241424FAAB270F8
S214035D104FAAF8B853781820537828485278009139
S214035D203DA9009000911810009178481810009132
S214035D304448181000A0115910D90671076007606F
S214035D4008D90471076004D90471036002D9047189
S214035D50016001D90471006000A000BA01D8067181
S214035D600148112A0069006001D8F6720138F672FC
S214035D7000A08020FF30FF48812000A000C21850FA
S214035D800840241211592129127300210E7100C2F2
S214035D903050084024120121212900A006984A0801
S214035DA088B8577800C57C1F00215088044D88BCEE
S214035DB000C0C81E0021811101D91E71407C0095C8
S214035DC00115044D50881C4DFFBB076B315B041156
S214035DD00698B80C3129F87506987619541506985E
S214035DE0881A01D9087206987C0806700698DE0899
S214035DF088BB547B009500F806988C090E700698AD
S214035E00680B06988C090698601106983608911256
S214035E10211900C0246008400A78097800F810B9F0
S214035E2001BA069810130698341000C57C1F00218B
S214035E3000F89112033288B900C3BC1E0021341344
S214035E4000C4A81008408CB84278707903DE067147
S214035E5044786E707179A11020D806710298160FD7
S214035E6080DB507102D84C7205B83088076307632D
S214035E7002DB2A7100C3AC0008403413066380DBE0
S214035E800472804800C3102008403413315B047248
S214035E904048312831280260081407680093081424
S214035EA0A11010300248081400B8081491100760B7
S214035EB008148CB86278A11000DC0676517900BA13
S214035EC080DB587100C000000200003B4E71508812
S214035ED04110344803DE0471904804150820041169
S214035EE0F82058101C2021780698AE0E00C0A40097
S214035EF008400E7810D91C7151451A7100C534003C
S214035F00084407B8081500C53400084604B8081541
S214035F1004702E7806987416009591112031026944
S214035F20911004D80E7200C14C1F0021141101D920
S214035F300A71208806985A10009200C1180008407B
S214035F400533054B1872184C03DE0471904C441449
S214035F5000C3FF1F0000413BFF233811B849076AFF
S214035F600698A20E044908790979141021400811ED
S214035F7000A000C5540008405415514550711088C0
S214035F8000C13400084407B8081101B83088076B0D
S214035F9040DB247100C0370C00000811364800C5EA
S214035FA0D01E0021541102D90E72104801D908716F
S214035FB000C01104000000C134000846081100C1E7
S214035FC034000840141530350093009100A000BD3E
S214035FD00698440210B903DC047100B901BA0698A6
S214035FE0101302D9067100404E7201B107690F31D2
S214035FF006988210FFD82872811008D8187106DD1B
S2140360000A710698440203DC0C720698C8100698B8
S21403601056130C7006DD10710698CE10487020B823
S21403602002A806DD107206988C090698360801F851
S21403603040B802A800F800C0BC1E00210413076382
S21403604001DB227191100111076911388CB910D840
S214036050087144790298160F02DBFA72A11328DB43
S214036060F47203BD0698281006988C098CBA7F7ABA
S2140360700698FC0600C5801F00210698440200BA55
S21403608003DC3272044DA11002D804710C4D00C01B
S214036090140008400410026800C3701F0021341166
S2140360A01128FC2334110698960C00C10C510840A5
S2140360B00698B2065415212D00C0F8600840041156
S2140360C001D9227100C03C1F00210410033001DCFB
S2140360D0147200C0140008400411FD21087602BAA9
S2140360E0076A212D069848070298E809911001557A
S2140360F003355150011900A000C1481F0021141098
S21403610001D8427101480760FE200E75811020D821
S214036110087100C14C1F0021141101D9287100C059
S214036120246008400412215107610F310769115298
S214036130281000C00060084004119112215120313C
S2140361401152211900A0811380DB067201B800A04A
S21403615000C30C5008403410063030727C4B3412A7
S2140361602C4B34100760076040302072811080D8B3
S214036170DC713410014A07620360803021508C487A
S2140361800A717F2355233410013000A000BD069802
S214036190281088B847784578437800B8447800A034
S2140361A006988C090698C81000C58C1F0021541544
S2140361B0069848070298E80900C374000840027B63
S2140361C006984A1350BA06981A1306988210FFD8F0
S2140361D04A71911004D84872811007601CD8407227
S2140361E020D938721112FF32215134718021802157
S2140361F0111400C0E41E00210413FFBA3151113AF2
S214036200215111538CB938107B7940440E7200B972
S21403621000C2C41E00211812067008B860780698DB
S214036220441300F800B900C29C1008401812244A10
S2140362300AB9181288BA507A517A577A8CB94279C1
S2140362405F7900A00698440207DC107291100020C4
S2140362500A75069860110298660D0698360801B905
S214036260911004D8047100B910BA0698101300BA36
S21403627000402A7100C0BC1E00210411076101D929
S214036280127104D9E2728110076001D8DA718CB8F2
S214036290647800C11C5108400698B206069860113F
S2140362A000C5901F00215415212D06987C0800C5B3
S2140362B0941F002100F800BC811108D9167280D9FA
S2140362C0207201B910BA0698101300400E7101BC73
S2140362D010700698C8100698561320B802A800F83F
S2140362E00698601181110231127100B900C20C10B8
S2140362F008401812244A02B918120698C81000C596
S214036300981F002154150698001A0298E8090411EC
S2140363100121147188BA737A042004122811042008
S21403632004110121F47200A00698FC0601F89110EE
S21403633010D8347106984003069886040698A2047B
S21403634000C51C51084054110698B80C00C5D41E4D
S214036350002154155129E27518B875788CB844781D
S21403636001B802A800F8B110076810D82E7100C053
S2140363704810084000C3000008403114884C4411FC
S2140363803411076101D9FA714412281007622810E4
S2140363900762281007622810E87000C1BC1E00219F
S2140363A0141080D82C7100C15400084014111141F8
S2140363B0207100C1000002401038167100C034007E
S2140363C0084407B9181000C03400084601B918106D
S2140363D002987A020698600211380472016A00BBBA
S2140363E000C1E41E0021141120390C72911210DA38
S2140363F00672417B00A006984A1300C2BC1E002109
S214036400241220DA0472617B88BA527A00A088BA12
S214036410727A811204DAFC7200A088B86B78577817
S21403642000C0640008402F7800A006986E1007632B
S214036430076390B9637900B902DB367131120762DC
S21403644040DA2E7200C25400084024100140227223
S21403645002EC00C909B801D9507200C2AC0008406A
S2140364600E7A10D904722E7A06987416E0310761F4
S21403647002EC00CD114502EC00CC01DB087100BB39
S2140364800298CA1703B841110731FA211C76062170
S214036490911210DA087102DD10721E7020B8069889
S2140364A0720C3038147208B80698820600C02400AE
S2140364B008402978207800F8046020D806710298EE
S2140364C02C1502EC00CA05B823DA187104DBDA715E
S2140364D020DAD67110DAD27290B8617800B801DA91
S2140364E0067202EC00C8911110D9267100C1CC1EA9
S2140364F0002114111150FF300C720661A1101150C7
S21403650002300A7180DB0A720AB89E708CB97C79F5
S2140365100768911111402111C0311140011990B83B
S214036520411108D90471667820D904726578A110E0
S21403653002D80672C0DA1E7190B8273123DD0872BE
S21403654010DB1072607825DD0A7121DD087208DB26
S2140365500471627803B8411107310872A11520351A
S214036560AA7102DD3272A11120D9A07102D9287254
S214036570CCDA9872411140D9927206B802DB1071D8
S214036580046500C1102008401411112D112D054D6E
S2140365905C720298BA1321114049C0D94E71A031DA
S2140365A041154035016551410361076308DA1E72E0
S2140365B004DA38721049A1150235067110DB0E7223
S2140365C001340A7108DB247190B86778CC32111055
S2140365D01A300ADC0872CCDE0471FD3100C00D0FE0
S2140365E00C0D0698740C01D8607207B80298E41371
S2140365F000BA411108D90C7102EC00CA05B830DAAA
S214036600EC720734F031026101DA0471014900C00B
S214036610F300A3E30698740C01D8D07100C0981455
S21403662040680698740C4030014440DA0471204CEC
S21403663004320162204A1110063000680142183104
S2140366400269114202980214204A00C00517085036
S2140366500698740C113001422088FFBB0DDA507186
S21403666000C1DE1B250180BC04DA107208DA0A7248
S21403667000C120841000E024A02407634143016482
S21403668001DA06711E49024B00C02C1F0021076366
S2140366903810BC2002DA127101B91159A11380DB3C
S2140366A0087100C100FCFF0118100298561700C4B9
S2140366B0BC1E0021441080D87C710092D0DA06718B
S2140366C00DDA0C7190BD437DEFBD06983E0503625F
S2140366D00DDA8672A11105D95C7100C23810084024
S2140366E024120C24281401D9067202D9327140D917
S2140366F01E7102EC00CA211018320471FA2220D847
S21403670004720822FE22087502EC00C8F87001D94C
S2140367100E7102EC00C802D9067204DC187200C0BF
S214036720BC1E00210410026801D8067190B8647874
S21403673018B873780298CA1700C50020084000C02E
S2140367400417000008D904720A480815104D00B84B
S21403675008D90472FF200815084D00C008840000FD
S21403676008D9087200C02083B8ED0815104D207DA7
S21403677000A000B8011A00C0740008400278911007
S2140367801030011905BA06981A1302D9067101B812
S21403679002A800C0BC1E0021041380DB0671029809
S2140367A066138CBA7C7A01DB6C7100C2301F002141
S2140367B024111114FF3402EC00C8FF24FA76076193
S2140367C00698820C036111380F300361111401110E
S2140367D041100698820C01D8087203B80298E41395
S2140367E0044A02DB247124101128112804120230F3
S2140367F006710762076200C0FFFF0000213800C26F
S21403680018000840FF200812411007600698820C03
S21403681001D87C7120BC1033767100BB00C12C1FDD
S21403682000211415C021112C5112076A0F320E7164
S214036830408851140698FA1741430094511207658D
S214036840036A0F320E71411151140698FA17036C3E
S21403685041430765513B00C1E81E00211411111284
S21403686031100F30127100BA046101D8047111425D
S21403687000600FD8F472311002601E30047201B843
S214036880003A087204B80298E4130298EA1500C0A6
S214036890381F002104110F3103DD1A7200C0006097
S2140368A00840041007D80E7200C01040084004B910
S2140368B0181000F806986E1006983C0500F8308805
S2140368C05088FF34087102ECFF24F87002EC00CD08
S2140368D0141001BB5150FFD8047131440760006B9C
S2140368E010DBF2710421FF22E4720F4C0095009333
S2140368F000A000C1C01E0021141100A03088069815
S214036900381A8111076102D906720298141988BBD6
S214036910557B076120D90671029804190088A110D7
S214036920076806982E1808211415FC2590BB5C7B77
S2140369305D7B00C10060084014110731FE213076EC
S21403694008D82A725113FC23341304DB2071076B17
S214036950FF33315B00C1087008401411076180499A
S2140369600C71FF313029547590BB7B7B10707B7B99
S2140369707C7B00DD04717D7B01BB3815EC2554134D
S21403698000DF5471042505DF547154152111208846
S2140369900698B80C009251293E7500C10060084065
S2140369A0141102DB0C710731315B31292A760C7026
S2140369B004DF0872006180D91E7206982E1800C084
S2140369C00870084006987C1A06982E181411FFD9EA
S2140369D0607202985A190090009300A05415A111F2
S2140369E0076910D9A672082508D8A071082510D8FB
S2140369F09A71208821110698B80CFC255412112A86
S214036A00F82554110C2520D80871F02554111025AB
S214036A10202904762159181500920298C61818B929
S214036A207179811010D80A7188B8447800B8417813
S214036A3088B9747908B9677900F88110A0D8087105
S214036A4088B9497900A0076002D8FA7106982E180B
S214036A50108806984A130762076210DA087108213D
S214036A601415F025541100C20020FEFF20291275CC
S214036A700698881A01D90A7206988C090698360869
S214036A8000941CBB41100C2006984A1241110821A1
S214036A90141006984A123128441111120761FF3167
S214036AA0FF3201221052107207691814042444138B
S214036AB0042438140C700769214118140824081498
S214036AC0029844134044147100C1C41E00211415D7
S214036AD05113036B0FDB0C72066D06980607411500
S214036AE000A00698360806984A1308BB5114069861
S214036AF0C0194415FC2554150298480788B900C3E5
S214036B00BC1E00213413076308DB1A718113A0DB54
S214036B100671497910706979076302DB087208B950
S214036B20677900F800A08111076102D9107188B94E
S214036B30757906982E181411FF3100A0FFB900A02E
S214036B40041008211411F421081100A08111076113
S214036B50076110310E7106982E1808211411F821BA
S214036B60141100A06C6B0300846B0300D46E030047
S214036B70000000009C6B03000600000000000000FD
S214036B8000000000D46E030000000000746C0300D5
S214036B90040000000000000000000000046D030075
S214036BA0809C2B8F80841E00000000002200FF7F45
S214036BB0000C0020000000000000000000000000A1
S214036BC0046D0300809C2B8F80841E00000023002E
S214036BD02300B600000C00200000000000000000A8
S214036BE000000000046D0300809C2B8F80841E0031
S214036BF00000240024009D00000C0020000000007C
S214036C000000000000000000046D0300809C2B8F32
S214036C1080841E000000250025007D00000C002057
S214036C20000000000000000000000000046D0300E8
S214036C30809C2B8F80841E000000260026005300B5
S214036C40000C002000000000000000000000000010
S214036C50046D0300809C2B8F80841E000000270099
S214036C602700FF7F000C002000000000000000004B
S214036C7000000000EC6D0300809C2B8F80841E00B8
S214036C80000000002400FF7F000C0020000000002E
S214036C900000000000000000EC6D0300809C2B8FBA
S214036CA080841E00000025002500B400000C002090
S214036CB0000000000000000000000000EC6D030070
S214036CC0809C2B8F80841E000000260026009900DF
S214036CD0000C002000000000000000000000000080
S214036CE0EC6D0300809C2B8F80841E000000270021
S214036CF02700FF7F000C00200000000000000000BB
S214036D0000000000F81F01011C7003003800020099
S214036D1000000000000000003030010011491000A0
S214036D20B840010000C0E30040410100EA008800CB
S214036D3018600400000000C61FC0000000500000DA
S214036D4000D0320050600400FC006900410C0000D3
S214036D50000000001100080078600300080400002B
S214036D6000000000BE031A008C60070001040C1A22
S214036D702F4653616862584935201407C491A063AF
S214036D805644332322529224E46007008108A1CBA1
S214036D9000000000198407059411CB4899200600CB
S214036DA0016120008294EA870461030065B611003E
S214036DB01E37000089BB000020610100FFDF0000D2
S214036DC01470011000F8070014700130F802000078
S214036DD01870020000030000600027847070020031
S214036DE0C30000000F9C0300FFFFFFFFF81F010115
S214036DF06870030038000200000000000000000076
S214036E0030300100E3381000B840010000C08300B2
S214036E10404101006D00880018600400000000C6B1
S214036E201FC00100005000000080000050600400F6
S214036E3018000500410C0000080000009100040043
S214036E40786003008C000C000000000014001A0099
S214036E508C60070001040B192C404C59605B5347A8
S214036E6036251B114AF3389667452312110900008D
S214036E70E46007008F0846CB000000002308640484
S214036E80D007CB4891200600F9541C008294EA8769
S214036E900461030051551100B01B000089BB0000BC
S214036EA020610100FFDF00001470011000F80700E6
S214036EB014700130F8000000187002000003000090
S214036EC06000A58370700200054100000F9C03005C
S214036ED0FFFFFFFFDC1F04010000000000000000AE
S214036EE00000000000000000F01F02013F00370012
S214036EF000000000FC1F0101000000000400020067
S214036F0001810100000100001800020000000000DB
S214036F10010000002800040000000000000000003C
S214036F20000000000000000040000100A007000071
S214036F3048000100000000005400020000000000AA
S214036F4000000000A0000400FF4C0000FF4C0000FF
S214036F50FF4D0000FF4D0000002001000807000061
S214036F6010200100AAAAAA00182001000060DA0077
S214036F700830010013AC00013430010001000000AA
S214036F804030010000000000A04001007A27000FF7
S214036F90F440010020100000344102008008000085
S214036FA0E687000044410100C0E6524D60410400FC
S214036FB000000000000000000600000006000000BD
S214036FC014600100100000002860030000000003A6
S214036FD00000000000000000606002002941767196
S214036FE000000000846002000000000000000000B3
S214036FF020700400000000008200000000008001F2
S214037000D5000000487002003C3D0000BC1900009B
S2140370107870010006E04900FFFFFFFF0D00000047
S214037020388EE30000000000C4700300B470030051
S21403703000000000E070720080DE800280841E0084
S21403704001010000114900020000000000000000DA
S21403705000000000000000000000000041841E0045
S21403706000000000000000000D0000001CC77100B7
S21403707000000000C4700300BC70030000000000A2
S21403708018CC660080DE800240420F00010100003B
S214037090E3380002000000000000000000000000CB
S2140370A000000000000000005B420F00000000002C
S2140370B00000000008520000B20C0000A5A000006B
S2140370C0C4090000193F010604100100000101066F
S2140370D000102700000C0000000000000000232D15
S2140370E0302B2000686C4C006566674546470030C9
S2140370F03132333435363738394142434445460016
S2140371003031323334353637383961626364656615
S2140371100062675F6D65737361676520726563659B
S21403712069766572730062676275660061636C00F8
S2140371306C6C5F636F6E6E656374696F6E006C6C08
S2140371405F6164765F736574006761705F636F6E1B
S21403715074657874006C6C5F76616C696461746FD7
S21403716072006D6573685F70726F765F646200624B
S214037170675F6D65737361676500736F66745F74CD
S214037180696D65725F6D65737361676500666F75BC
S2140371906E646174696F6E5F636D64006C6C5F61CF
S2140371A064765F73796E63006C6C5F7363616E5FA6
S2140371B073796E63006761705F706572696F646987
S2140371C0635F616476006761705F706572696F64A0
S2140371D069635F73796E63006C326361705F636FBC
S2140371E0635F6368616E6E656C006D6573685F7080
S2140371F0726F765F64625F6170706B6579006D6253
S2140372006564746C735F636F6E74657874000000F6
S214037210267103002C710300307103003E710300D6
S2140372204971030055710300627103006F71030017
S2140372307A7103008D7103009C710300A87103002B
S214037240B5710300C6710300D8710300EA71030029
S214037250FE71030062676275665F696E006267624D
S21403726075665F6F75740062676275665F6E6F66DC
S2140372706C6F770062675F6D616C6C6F630062674B
S2100372805F72616E646F6D5F6165730082
S20C03728CE848FD7F0100000045
S210037294A0720300C00A00209B0000004C
S2140372A000C40040020502041111000000000000A3
S2140372B0606701000000000000C4004008100020C2
S2140372C002000000F5C80000E8030000C0EA210140
S2140372D0C0EA21010080000000F049025820002087
S2140372E0C0EA2101844A03000000000001000000F8
S2140372F00932030020000000000000000000000028
S21403730000000000000000000000000095B8010027
S214037310000000000000000000000000419901008A
S21403732000000000000000000000000041A1010072
S214037330000000000000000000000000EDAF0100A8
S214037340000000000000000000000000F7EA020052
S21403735000000000FDB40100000000000000000073
S21403736000000000ADB401000000000000000000B3
S21403737000000000EDB50100000000000000000062
S21403738029BF01000000000000FFFFFFFF00000010
S214037390030B0300070B03000B0B03000F0B030089
S2140373A0FFFFFFFF3127030044500300FFFFFFFFEB
S2140373B0505003000D2B0300092B0300FFFFFFFFB4
S2140373C0FD2E0200FFFFFFFFFFFFFFFFFFFFFFFF94
S2140373D0FFFFFFFFE9460200FFFFFFFFAB2D0300A1
S2140373E0FFFFFFFF00000000000000000300000096
S2140373F0181D0020180C002000000000181D002097
S214037400801D0020E81D0020000000000000000092
S2140374100000000000000000000000000000000064
S2140374200000000000000000000000000000000054
S2140374300000000000000000000000000000000044
S214037440000000002000040000000000000002000E
S2140374501000000000000000000000000000000014
S214037460000000000A000100000000000A000F00F0
S21403747000004C4C5F42575F44445F50524F4A5F94
S2140374803100020008000000303030303030303039
S2140374900200030000003030300002000500000048
S2140374A0302E302E300002000800000000000000DE
S2140374B000000000FFFFFFFF000008070A00170098
S2140374C00E0000000000FFFFFF0308011F04010178
S2140374D001BF8FAF7F8700370F10100004040F051E
S2140374E0140AFF0301FF0EFE01FF000030BF422314
S2140374F0013BFDD1024A5368DB00FCD4704700BF52
S21003750000300E4051BB000029BB000009
S80400D19199
