:10000000000001204D340000493400004934000054
:10001000691B0000493400004934000049340000E5
:1000200049340000493400004934000049340000DC
:1000300049340000493400004934000049340000CC
:1000400049340000217000004934000049340000A8
:10005000616800006D7000003570000039700000AC
:100060002D7000004934000049340000493400007C
:10007000493400004934000049340000493400008C
:10008000493400004934000049340000493400007C
:10009000493400004934000049340000493400006C
:1000A000493400004934000049340000493400005C
:1000B000717000003170000049340000AD70000024
:1000C00049340000F5530000493400004934000071
:1000D000493400004934000049340000493400002C
:1000E000493400004934000049340000493400001C
:1000F000493400004934000049340000493400000C
:100100004934000049340000493400000348044BDE
:10011000834202D0034B03B118477047C40000204C
:10012000C4000020000000000548064B1B1AD90F30
:1001300001EBA301491002D0034B03B118477047EC
:10014000C4000020C40000200000000010B5064CD0
:10015000237843B9FFF7DAFF044B13B10448AFF338
:1001600000800123237010BDC800002000000000A3
:1001700088B6000008B5054B1BB105490548AFF32B
:100180000080BDE80840FFF7CFBF00BF00000000BF
:10019000CC00002088B60000A3F5803A704700BF6D
:1001A000174B002B08BF134B9D46FFF7F5FF0021AF
:1001B0008B460F461348144A121A08F0F9FF0E4BEB
:1001C000002B00D098470D4B002B00D09847002003
:1001D000002104000D000D48002802D00C48AFF3A8
:1001E000008008F0B3FF2000290002F011FA08F0A7
:1001F0009BFF00BF0000080000000000000000009E
:1002000000000120C8000020481900200000000064
:1002100000000000BFF34F8F0549064BCA6802F487
:10022000E0621343CB60BFF34F8F00BFFDE700BF19
:1002300000ED00E00400FA0510B50246F8B1114BDC
:100240001968888890421AD39888904281BF0968BB
:1002500099600120988099889868002420B904B199
:1002600098604FF6FF7203E08A4203D10CB19860A8
:100270009A8010BD0131006889B20124EEE70020A8
:10028000F7E700BF8C100020114A916A01F170431A
:1002900003F5F813B3F5006F0CD2D2F82838A3F1A8
:1002A0007E62A2F58432B2F5104F03D20968094A82
:1002B000914203D000230370836070471968064A97
:1002C0009142F7D1012202709A6842609B69F3E77C
:1002D0000000E10FAD1007B007B0CD5E1FB50C46B2
:1002E00040B901A8FFF7D0FF044B029A1A602360BF
:1002F0000423A380002004B010BD00BF78020020BA
:10030000064BD3F82828A2F17E63A3F58433B3F516
:10031000104F01D2536A1847002070470000E10FC8
:100320000D4B10B4D3F82848A4F17E63A3F58433B1
:10033000B3F5104F0BD2246BA4F17E63A3F5843385
:10034000B3F5104F03D2A36B5DF8044B184740F28E
:1003500001105DF8044B70470000E10F0B4BD3F820
:100360002828A2F17E63A3F58433B3F5104F09D298
:10037000126BA2F17E63A3F58433B3F5104F01D263
:10038000D36B184740F20110704700BF0000E10F27
:100390007FB50E4A03466D4602F11006106851689B
:1003A0002C4603C40832B2422546F7D15A1E04A98E
:1003B0000F3311F8014D12F8010F844204D19A4213
:1003C000F7D1012004B070BD0020FBE7CC93000002
:1003D000F8B5184E306848BB174B184C184FE41A44
:1003E000184B1C4424F4FF6424F00704D7F8F830B9
:1003F0009BB2B4EB832F18D2656BC5B1D7F8F83038
:100400009BB2B5EB832F12D2D7F8F82005F1500339
:1004100092B2B3EB822F0AD82846FFF7B9FF30B16A
:10042000EB6933F0080302D034603068F8BD04F59E
:100430000064DBE77002002010000020C4000020F0
:100440000081E00FDFBE000010B50C4648B9FFF791
:10045000BFFF054B10B1426B126A1A602360042380
:10046000A380002010BD00BF74020020084B40F2A2
:1004700001121A604FF0FF329A6001225A60014463
:1004800010F8012B9A618842FAD1D869C0437047AD
:1004900000C00140034B044A9979117500221A608B
:1004A000704700BF400B0020D80A002030B5002262
:1004B0008BB01346D91003F00704415C2141CC07EF
:1004C00041BF02F128016944013201F8283C01339F
:1004D000252BEFD10D4C0023D91003F00705415C0B
:1004E0002941C9075FBFB3FBF2F102FB113128318B
:1004F000694448BFD9B203F1010358BF11F8281C61
:1005000004F8011F252BE7D10BB030BD010B0020F3
:1005100008B50348FFF7CAFF002340F8063C08BDB2
:10052000460B0020084A10B5136840F2E2446043CD
:1005300000F5807004FB013303EB50031360536834
:100540000344536010BD00BFD80A0020D0B50C4C46
:10055000E38C0A20584308F04BFB0646A08C0F465C
:1005600008F046FB074B002208F0ACFB02460B46A6
:100570003046394608F0D0FC08F0B6FD2083D0BDE7
:10058000D80A00200000F43F70B5094CB4F80710F9
:10059000A079B4F80960B4F80D50FFF7C3FF054B1C
:1005A0009E84DD84FFF7D2FF0023236070BD00BF6F
:1005B000400B0020D80A0020837DDB0701D5808A0C
:1005C0007047D0E901239B1A44BF828A9B1898B2D6
:1005D00070470000084BD3F8F020D3F8F4300270D5
:1005E000110A120C82701A0AC2701A0C1B0E41708A
:1005F00002714371704700BF0081E00F034BD86B5D
:1006000080F04000C0F38010704700BF00300E4003
:1006100008B5FFF7F3FF20B1024AD2F8C830002B2B
:10062000FBD108BD0000C64308B5FFF7F1FF024B40
:100630005868C0F3014008BD00300E400C4B984292
:1006400005D90C4B984210D80122012301E0002269
:10065000134609490B640949D1F8003123F080732E
:1006600043EA0263C1F8003170470222EDE700BFA0
:100670000048E8010090D0030000C84300400E404D
:100680000F4B5B680F4B30B500221C46C9B21D7979
:100690008D4202D11D6885420DD20132052A03F137
:1006A0000803F4D10321064A536823F0407343EA58
:1006B0000163536030BD04EBC2046179F3E700BF0E
:1006C00000000E40A094000038B5074C0748256C88
:1006D00041F6713323640021ADB2FFF7D1FF0DB1B4
:1006E0000023236438BD00BF00000E4000F0490223
:1006F00038B5064C256C41F671332364ADB2FFF773
:10070000BFFF0DB10023236438BD00BF00000E40C1
:1007100042EA0322B2F5007F10B5194C29D00AD85D
:10072000B2F5807F22D040F201139A4215D062B90F
:10073000D4F81C320BE0B2F5407F1DD040F20133FB
:100740009A4210D0D4F8283201E0D4F82432C3F30E
:100750000722DBB203600A6010BDD4F824321A0EFF
:10076000C3F30743F6E7D4F82832F8E7D4F81C328D
:10077000F5E7D4F82032EAE7D4F82032EFE700BFFB
:100780000081E00F2F4B1A6FD96C11F0010F02F0AE
:10079000060242D0002A40D013284FD9143813281B
:1007A0008CBF102308232749013BCA6C180322F48D
:1007B0007F4240EA03231343CB64234BCA6C1B885C
:1007C000C2F303222833013202EB820003EB53030E
:1007D000B3FBF0F3C86C013B072B28BF072320F0C5
:1007E000EE6040EA036343F48013CB64174BB3F924
:1007F0000030002B10DB2833500800EB420203EBE3
:100800005303B3FBF2F30A6D072B28BF072322F033
:10081000700242EA03130B657047D96C01F00101C5
:10082000114304D1092809D90A380928B8E7DB6C33
:1008300013F00103B7D01AB92728B1E70423B2E7B0
:100840000023B0E700300E405A0B0020580B002068
:1008500070B51D4DD5F82828A2F17E63A3F5843329
:10086000B3F5104FE0B001D2136B23B94FF401740C
:10087000204660B070BD5B6A4FF4C07269460020CC
:10088000984704460028F3D140F20126D5F82828DD
:10089000A2F17E63A3F58433B3F5104FE6D2126B59
:1008A000A2F17E63A3F58433B3F5104FDED2936AD1
:1008B000002168469847B042E8D040F203239842AE
:1008C00018BF0446D4E700BF0000E10F104A0B46F2
:1008D000D2F82818A1F17E62A2F58432B2F5104F49
:1008E00010B40FD2096BA1F17E62A2F58432B2F589
:1008F000104F07D20C69074A0146A44600205DF854
:10090000044B60474FF481705DF8044B704700BFA3
:100910000000E10FD006002037B50446684680E8A5
:10092000060003C8251D85E805002373069B0B4AB6
:100930002361BDF81C30A38200232360136853B1E8
:1009400019461B68002BFBD10C609088013080B2E7
:10095000908003B030BD1460F7E700BF4C13002057
:1009600037B50D461446FFF767FC70B1036973B1E4
:10097000818A4FF6FE72914209D10095ADF804408C
:1009800069460120984703B030BD0120FBE70E20E7
:10099000F9E7036937B514460D46828A63B14FF60D
:1009A000FE718A4208D100200090ADF8040069462B
:1009B000984728B103B030BD2B6000202280F9E7B2
:1009C000009B2B60BDF804302380F3E738B50D465B
:1009D0001446FFF731FC40B122462946FFF7D9FF04
:1009E00010B92B6803B9208038BD0120FCE7000056
:1009F00007B503790193054A0368009306CA0223E9
:100A00000830FFF789FF03B05DF804FB6C94000029
:100A1000034B5A6D12B95865A3F85810704700BFC0
:100A2000D80A00200C4BD3F82838A3F17E62A2F537
:100A30008432B2F5104F10B50CD21968074A9142B2
:100A400008D1074C2278012A04D11B6A984708B9BB
:100A50000223237010BD00BF0000E10F07B0CD5E80
:100A6000E40000200C4BD3F82838A3F17E62A2F5F5
:100A70008432B2F5104F10B50DD21968074A914271
:100A800009D1074C227812F0FD0F04D1DB69984799
:100A900008B90123237010BD0000E10F07B0CD5E3F
:100AA000E400002008B50F4B0F4C1B784FF00055A9
:100AB0006BB1FFF7D7FF0D4B2B600123A3602368B9
:100AC00023F4E06343F480632360FFF7A3FB2B6010
:100AD0000123A360236823F4E06343F4806323606D
:100AE000FFF798FBBD06002000500E4002020FF0F9
:100AF000054A08B5937E43F040039376034B0022EA
:100B00001A70FFF7CFFF00BFD80A0020541300204F
:100B10002DE9F04105460E461146FFF74DFD88428E
:100B200028BF084687B2B846B8F1000F09D12FB1E7
:100B3000AB7DDA0744BF23F00103AB753846BDE84F
:100B4000F081AA8A2B6869689C18641AA4B244458B
:100B500028BF44462246304608F01CFB6B682968D3
:100B6000AA8A23440A442644934228BF0B46A8EB92
:100B700004041FFA84F86B60D6E7F8B51F46038AB1
:100B800004461646EBB9C57DDDB10123013D0B706E
:100B90000222C57500F11001FFF7BAFFE37D9BB19A
:100BA000228ABA4228BF3A4631462046FFF7B0FFB4
:100BB000238A1B1A2382E37D13B9638A1B1A63827B
:100BC000F8BD00230B70EBE7638A2382E8E72DE989
:100BD000F041868A04460F461146FFF7EDFC361AAF
:100BE000B6B28E4228BF0E46B046B8F1000F0BD108
:100BF0003EB1D4E901329A4202BFA37D43F0010322
:100C0000A3753046BDE8F081A28A2368A0689D18CC
:100C10002D1AADB2454528BF45462A46394608F04B
:100C2000B9FAA3682168A28A2B440A442F4493424C
:100C300028BF0B46A8EB05051FFA85F8A360D4E78B
:100C4000F8B5044616461F4611B3858AFFF7B4FC73
:100C50002D1AADB2012D29D9E37D63B1658AE06813
:100C600005702D0A07D02268A38A013013449842E8
:100C700028BF1046057000236382A368E360022248
:100C800004F112012046FFF7A2FFE37D0133E37573
:100C90003A4631462046FFF79AFF638A034463824F
:100CA000E37D13B9238A03442382F8BD0020FCE7C7
:100CB00013B50379124A03330446019300F1440348
:100CC000009306CA02231430FFF726FE238A0193FD
:100CD000E368009394E80600237A04F12C00FFF700
:100CE0001BFE237A22792168A4F8450004F147000D
:100CF00084F8443002B0BDE8104008F04BBA00BFA1
:100D00007894000070B50C4C0C4B06460D4694E8E8
:100D1000030083E803001846FFF76AFE084BD4E996
:100D2000020102221A7283E80300DE601D82184667
:100D3000BDE87040FFF7BCBF5495000040010020A3
:100D4000E80000202DE9F347DDF82880BDF82C905D
:100D500004460E4617461D46FFF76EFA8246BAF164
:100D6000000F01D0B44205D94FF6FF74204602B0FF
:100D7000BDE8F0879AF80830DAF804009D421AD1ED
:100D80002A46394608F0DCFAA8B9B8F1000FEDD0D0
:100D90000DF1020201A95046FFF7FBFD58B9019978
:100DA00049B1BDF802304B4505D14A46404608F0EE
:100DB000C7FA0028DAD00134DAF800A0A4B2CEE7EE
:100DC00038B50C4611462568AD1A2A46014408F08C
:100DD000C7FA256038BD000001282DE9F34704D08B
:100DE0000024204602B0BDE8F0878B88012B40F03C
:100DF0003C810B681B78FBB99E4A9F4C13609F4A4D
:100E000013709F4A13609F4A13609F4A13609F4A62
:100E100013609F4A13709F4A13609F4A13609F4A52
:100E200013702378022B01D1FFF7FCFD01232370FF
:100E30009B4B00221A70D3E7032B40F003818F4BAA
:100E40008D4E1C78002C4FD13378002B00F0F280AF
:100E50008F4B1B78082B02D0402B40F08A80DFF8A4
:100E60001482D8F800305BB98E4DD5F82838A3F13C
:100E70007E63A3F58433B3F5104F55D3802433E05C
:100E800013F003071CBFC7F10407FFB203EB070A07
:100E9000BAF5806F00F2D2808348DFF8F8913A46C5
:100EA0001844FF2108F084F9804BD9F800501B68E2
:100EB000C8F800A00AEB05029A4200F29480704B39
:100EC0001B681D445544DFF8C4A125F4FF65DAF81A
:100ED000000025F00705854210D9291A00F50060A9
:100EE000FFF73CFA40B185243378022B01D1FFF79C
:100EF00099FD0023337074E7CAF80050D8F8001049
:100F0000D9F80000FFF7E2FCD9F80030D8F800204B
:100F1000584913440546DB1B6348C9F80030FFF706
:100F20004FFF002DA0D0DEE7FFF792FCD8B9D5F82F
:100F300028280190A2F17E63A3F58433B3F5104F06
:100F4000D1D2126BA2F17E63A3F58433B3F5104FB7
:100F5000C9D29369012101A898470028C3D14F4BFA
:100F600001221A70C0E741F20803984286D1862414
:100F7000BAE7002B60D04A4B1B78002B3FF47EAFC2
:100F8000454F3B6843B9404B494918681022FFF769
:100F9000C7F90028A8D0A6E713F003021CBFC2F1CE
:100FA0000402D2B29D18B5F5806F47D84148DFF8EA
:100FB000D480FF21184408F0FBF83F4A3F4BD8F893
:100FC00000103D609B1A3E4A13443E4A13408B4238
:100FD00036D83D4BD3F8F8309BB29B020D44A3F5B5
:100FE0008053AB4201D283247EE7DFF8A090D9F88A
:100FF00000001540854209D9291A00F50060FFF765
:10100000ADF900287FF46FAFC9F800503A6829495C
:10101000D8F80000FFF784F9D8F800303A681E4984
:10102000054613442348C8F80030FFF7C9FE002DD9
:10103000A9D058E7812457E7842455E7822453E751
:10104000872451E7042B12D1204813230221437037
:101050000170FFF7DDFC1E4A1E4B128905329A8093
:101060001D4A1A6042789A71BAE60D24B9E6062440
:10107000B7E600BFD00A0020D50A0020D60A00201B
:10108000C4060020B4020020B0020020C0060020E8
:10109000D40A0020CC060020B8060020BD0600209F
:1010A000BC0600200000E10FD0060020C80600208A
:1010B000A0020020B802002010000020C400002080
:1010C000DFBE000000F8FFFF0081E00F340B0020BE
:1010D000D80A0020400B0020F10A00002DE9F84F4B
:1010E000DFF85091494BD9F80050DFF84C81471B8D
:1010F00082464748C8F800701B1A4648034423F448
:10110000FF6323F007039F42144678D3424BD3F882
:10111000F8309BB29B020AEB0206A3F580539E4275
:1011200070D82C44B4F5806F03D93C4B82221A70DE
:1011300063E0DFF8FCB00BEB050008F02BF8384B50
:10114000C9F800401A6822B9332C56D9DBF834208C
:101150001A601B689F421FD89E421DD903F11002DE
:1011600096424AD31D44A5EB0A055D442D4A2B4601
:1011700005F1100153F8040B42F8040B8B42F9D12E
:101180002848FFF705F910B9244B8422CFE7102235
:10119000FF21284608F00CF8234D244B286804F062
:1011A0000304361B1E4058B907EA0300C0F500616E
:1011B0003144FFF7D3F82E6040B1184B8522B6E7D3
:1011C000864203D9311A00F50060F2E7D9F8002011
:1011D0001749D8F80000121BFFF7A2F8D9F8002031
:1011E000D8F800301349121B054613441048C8F8BC
:1011F0000030FFF7E5FD002DDFD1BDE8F88F074B8C
:10120000872294E7054B832291E700BFC4000020AA
:1012100010000020DFBE00000081E00FD60A002091
:10122000B0020020A0020020C006002000F8FFFF4E
:10123000B8020020B8060020B402002037B5124CD6
:10124000002360600093437AD0E90021206802F017
:10125000BAFC238CDB050CD563680C4D1B7A2A780D
:101260009A4206D0012B06D0022B08D063681B7A65
:101270002B7003B030BD206802F080FCF6E72068D8
:1012800002F082FCF2E700BF98100020600200200C
:1012900013B50D4B0D4C1B8AADF804300128ADF889
:1012A000003004BF02238DF8043001A908BF0423D5
:1012B000206808BF8DF8003002F089FB206869467D
:1012C00002F09BFB02B010BD549500009810002066
:1012D000034B00221A6118680122032102F00CB9A5
:1012E0009810002010B5164CA37E5B0626D4FFF79D
:1012F000EFFFA28C236840F2E24101FB023323603E
:1013000094F84F10A37A0B442521B3FBF1F001FBB5
:101310001033A37223890133238163680A2101FBFF
:1013200002336360238B5A1E22833BB9A27E42F0B4
:101330004002A276034A1370FFF7B4FB10BD00BF52
:10134000D80A0020541300207FB502238DF8063000
:10135000064B5A8B596918680332ADF804206A4667
:1013600002F0CAFB009807B05DF804FB981000205B
:1013700010B51E4C1946236986B023B3A2F10800AC
:10138000084322D101AA0321206802F0B1FB63685F
:1013900060615B7A23769DF80430DA1F5342534133
:1013A000627E63F30002039BE361BDF80630627660
:1013B000638304F118010220236998472068012201
:1013C000002102F09BFB06B010BD02F17F400843F4
:1013D00005D10021012006B0BDE81040184712F4E5
:1013E000A0411ABF00210320FF20F4E7981000203D
:1013F0002DE9FF41194C1A4D637A0133DBB2282BDA
:1014000028BF252320466372FFF718FF627D154928
:101410002868D4F80C80667C4FF40073023202F026
:1014200049FB6B68104A5B7A06F001063046D75CD0
:10143000FFF72EFF00220123009203932868CDF8C6
:10144000088002AB394602F05BF810B1FFF740FFAD
:10145000D2E7064B2B6104B0BDE8F081BC10002040
:1014600098100020D0100020CF9400002515000017
:101470002DE9FF41254CA37E5A0640D4244A2189F8
:1014800023F0070343F00103A37613681BB192888E
:101490008A4200D19847A37A1E48234493F82A3001
:1014A0006375FFF7CBFED4E900561B4C1B4A6368FB
:1014B0005B7A4FEA5608D75CA5EB56060120FFF78A
:1014C000E7FE643500964FF4807300264544ADF87E
:1014D0000C306A4639462068029533468DF8046020
:1014E0008DF80E6002F018F801220546314620689A
:1014F00002F004FB35B1FFF7F5FEFFF7B9FF04B0CA
:10150000BDE8F081064B2361F9E700BFD80A00204F
:10151000400B0020E40A002098100020CF94000027
:101520008D16000002282DE9F0411DD002D80128B7
:1015300007D0FEE7032800F09E80FF2800F09B8084
:10154000F7E74E4C637C990707D5FFF7C1FEFFF71D
:101550004FFF637C6FF341036374637CDA0768D4E5
:10156000BDE8F041FFF744BF4B78DB0740F18380D3
:101570004C68227802F00F08B8F1030F5BD0B8F185
:10158000050F78D13E498B7B03F00103B3EBD21FEB
:101590004FD10622083104F1080007F0D1FE0646BB
:1015A000002846D1FFF794FEFFF7CEFE354D3146B9
:1015B00007465C22284607F0FBFDAB7EA5F81880A5
:1015C00043F02003AB76627E237E43EA0223AB84A2
:1015D000627F237F43EA0223EB8494F82330C3F332
:1015E000040385F84F3094F82330C3F3421385F891
:1015F000503004F11E001B232B85FEF757FFD4F853
:101600000E30E27CEB60A37C2F6043EA0223227D54
:10161000607D43EA02432B61012695F84F30AB729F
:101620002E75E18A3144FEF77DFFFFF721FF164B4F
:101630001E70BDE8F081124DAB7B03F00103B3EBEC
:10164000D21FF6D1062205F1080104F1080007F0C7
:1016500077FE0028EDD1094C286894F83D204FF41E
:101660000073023204F13C0102F024FA637C43F07F
:1016700002036374DDE7FFF72BFE71E7BC10002067
:1016800098100020D80A00205413002002282DE9C9
:10169000F74F0F460BD003D8012800F0D781FEE7A3
:1016A000032800F0DB81FF2800F0D881F7E74E78AF
:1016B0004A68B34D16F0010661D10026AB7EB14CED
:1016C00013F0200F12D0696D6FF34513AB7600292C
:1016D00000F0C580237895F85820627043F003032A
:1016E000A01C237007F056FD00236B65A648A54992
:1016F000FEF762FFAB7E003818BF012060F34103A4
:10170000C3F3C002AB76C3F300139B0043EAC203EA
:10171000227843EA001322F01C02134362782370FC
:101720009A4C02324FF400732068D2B202F0C2F930
:10173000AB7E7F68D90709D56FF30003AB76002332
:101740006B60FFF701FE2860FEF700FF002E00F03F
:10175000F9803B7803F00303022B00F05F81032B39
:1017600000F09480012B40F0ED8089487D78818ADB
:10177000FEF722FF081ABC1C80B200265BE113783A
:10178000AC7EC3F3001363F382041378AC76C4F326
:101790000011C3F3C00C8C45E0B2C3F3800AC4F35C
:1017A000C0040CD0544588D0AB7E84F00104E40022
:1017B00044F0200423F028031C43AC767DE703F0BB
:1017C0000303022B18D0032B04D0012BEAD14FF0D6
:1017D000000B12E0544508D084F00104E40044F00A
:1017E000200420F028031C43AC76AB7E81F001017D
:1017F00061F30413AB7661E7B34692F80180B8F168
:10180000000F0ED1544501D10026EEE7AB7E84F0E7
:101810000104E40044F0200423F028031C43AC76C8
:10182000F2E75B48B0F81490FEF7C6FEA9EB0000A3
:1018300080B2BBF1000F03D00228B3D9023880B2C6
:10184000544509D0AB7E84F00104E40044F0200448
:1018500023F028031C43AC768045C6D92DE795F8C4
:1018600028304948A21C0DF10701FFF786F910F056
:10187000FF0018BF9DF80730227860701ABF01334F
:10188000DBB2012363F3010222702FE7BB780C2B3C
:101890000AD80C2B0AD8DFE803F03F2B58090909B6
:1018A0000909600909091800142B7FD0394A1278F8
:1018B0002AB1162B00F09680182B00F0A280364833
:1018C00007220270437002210DE033480C234FF0D1
:1018D000FF320370012343708270037102220023E0
:1018E000C2704371062103B0BDE8F04FFFF790B816
:1018F000797A3B7A294A43EA01239380134628499F
:1019000043F8061BD7F80310C2F80610B7F80720F3
:101910009A807A7A9A7115E07A7B3B7B1F4943EA79
:1019200002238B800B461F4A43F8062BD7F803206F
:10193000C1F80620D7F807205A60B7F80B201A81A3
:101940007A7B9A7203B0BDE8F08F2A89134B053277
:101950009A80154A1A60FA78DCE7D7F80330228CAF
:101960000D48134003F0FF0322F0FF021343024629
:10197000092102F8011BC0F8013000235360B2E7CF
:10198000D80A002060010020A00D0020981000203F
:10199000341300205E0B0020340B0020400B00208D
:1019A0001105000089050000F10A0000B7F80530B4
:1019B000B7F803202D48DB08934228BF13462B8538
:1019C000152300216FF004046FF027020370072332
:1019D000817081714470C27003714471C27103726D
:1019E000092180E73A79FB782048134003F003038C
:1019F000022B18BF0123172202704370837003214A
:101A000071E77A79B9791A4B42EA01229A80194A28
:101A10001A60D7F80320C3F8062093E716487D78AC
:101A2000818AFEF7C9FD081A80B2022838BF022059
:101A30000238BC1C80B2854284D80F482B4622460F
:101A4000314603B0BDE8F04FFFF7FAB80B4B9B7E71
:101A50009A073FF577AF5B073FF574AFFFF742FC9E
:101A600003B0BDE8F04FFFF703BD00BF340B00200B
:101A7000400B00209504000034130020D80A0020F9
:101A8000EFF3108072B670470048704700F04902CB
:101A90000E49D1F8942002F00702042A0BD8022A3A
:101AA0000FD811D00A4BD1F80001C0F30420013047
:101AB000B3FBF0F07047074B0548052A18BF0346F3
:101AC000F1E74FF40043EEE7034BECE700400E4034
:101AD000C0EA210160F5900000F0490208B5FFF767
:101AE000D7FF044BD3F80831C3F308230133B0FB0D
:101AF000F3F008BD00400E4038B502460D46FEF733
:101B00007DFDE8B122B90F4BD3F80031FFF7C0FFDC
:101B1000FEF774FDA0B1FEF787FD88B1094BD3F83D
:101B20000031FFF7B5FF084B402204461A610DB1A2
:101B3000FEF76EFD20460021BDE83840FEF7D8BD17
:101B400038BD00BF00400E4000300E40044B054A37
:101B50009A60D3F8882042F47002C3F88820704756
:101B600000ED00E00000000008B5FEF753FB7047F1
:101B700047F6FF739A42F0B56CD006296CD8374B04
:101B80005B5C022B68D8364D05EBC304DE00A17800
:101B900015F83330012938BF0121012B13D1E0782A
:101BA0000025401A854202D30844C0B2F0BD431B51
:101BB000A0EB5303666836F913609642CCBF03F17D
:101BC000FF301D46EEE760680028EFD0B0F9004016
:101BD000A24204DCB0F902409442B8BF14468388A4
:101BE000FF2B04BFB0F90630B0F9087035440FBFC1
:101BF00001220022C82328276E781B1B93FBF7F3D2
:101C000013441BB29E4201DD002B01DA731E1BB28E
:101C10004FF47A7C00EBC3055F1CEA88AD6814FBC7
:101C200002521D463BB222EAE2729E4202F15C027F
:101C3000B2FBFCF204DD00EBC307BF88BA42E9D96E
:101C400000EBC5039888904228BF1046884238BFF1
:101C50000846AAE7FF20A9E70020A7E7C8940000EC
:101C6000600B002038B5C0F30323013B04460D464A
:101C7000092B11D8DFE803F0053611103A312C108A
:101C80001D191C4BC0F3043403F1424303F58013C8
:101C900004EBC304A400256038BDFFF71FFFFEF767
:101CA000CDFCC4F30434144BEEE7144BC0F30434FE
:101CB000EAE7134BC0F304344FF480320D49D1F8F6
:101CC0004401C007E0D4D1F840011042FBD1DBE76A
:101CD0000C4BC0F304341022F0E70B4BC0F3043478
:101CE0000122EBE7094BC0F30434CDE7084BC0F306
:101CF0000434C9E700400E40B8400E4050410E4049
:101D0000F0400E40E8400E40E0400E40C0400E4023
:101D1000B0400E402DE9F74FDFF82C91464E99F870
:101D20000040019107461546002C41D1434ADFF897
:101D300014A1D2F8F83042489BB29B02A3F580531D
:101D4000CAF80030D2F8F8309BB29B02A3F50063CA
:101D50000121CAF80430FFF785FFDAF800000821F6
:101D60000430FEF783FBDAF800301B68984208BFA6
:101D7000DAF80030DAF8040008BFD3F804B04FF006
:101D8000080100F104000CBF0124A346FEF76EFB1E
:101D9000DAF804301B6898423CD1DAF804305C6809
:101DA0005C4594BF002401240123347089F800307D
:101DB00096F900305A1C29D0224A52F8233003F1F8
:101DC0000C094C464FF6FF7AC4F30A030833B3F507
:101DD000006F1BD2A688564518D094F806B0201D77
:101DE0000BF10401FEF742FB22689042D84601D174
:101DF000B74212D008F1030808F4FE7808F1080889
:101E0000444489EA0403B3F5006FDDD34FF0000BBF
:101E100058460CE0013C64B2C6E72B785B45F5D32D
:101E200001985A4604F1080107F0B4F9012085F839
:101E300000B003B0BDE8F08F100000200081E00F7B
:101E400000650A00640200206C0200202DE9F04FBA
:101E5000012891B004D00024204611B0BDE8F08FD5
:101E60008A88002A00F01282A54F97F800A0BAF1E4
:101E7000000F00F00D82A34D2C78002CECD1A24B6A
:101E800009681C78002CE6D1A04E306802EB0008EF
:101E9000B8F5806F02D982242C70DDE7DFF88492D8
:101EA000484407F077F9BAF1020FC6F8008039D03C
:101EB000B8F1030FCFD99648FEF7E6F90178D9F8C3
:101EC00000204368012945D1190E012903D1C3F32C
:101ED00007430A2B46D98F4B9A4240F0DD80836836
:101EE000DA033DD502233B70FEF7BCFD8A4BD3F8E5
:101EF0002828A2F17E63A3F58433B3F5104F0BD2EB
:101F0000126BA2F17E63A3F58433B3F5104F03D2B5
:101F1000936809A900209847804B099A1A60804B62
:101F20000A9A1A60DFF80C92336899F80020082AA0
:101F300001D0402A4ED1DFF8F0817948D8F800105E
:101F4000006803F0030ACA18A2EB0A0282420BD906
:101F50008324A1E76F4CA2420CBF862484249BE714
:101F6000862499E7882497E76C4ADFF8CCB1176894
:101F7000DBF800001F440F44A7EB0A0727F4FF67B4
:101F800027F00707874209D9391A00F50060FEF7E4
:101F9000E5F908B185247FE7CBF800703168D8F8FF
:101FA0000000A1EB0A01FEF791FC3268D8F800307E
:101FB0005649A2EB0A02074613445A48C8F80030B3
:101FC000FEF7FEFE002FE5D199F80030002B7FF4DC
:101FD00042AF01E0002A61D133687F2B7FF63BAF2F
:101FE000DFF84881DFF854B1D8F80000F0B94A4B67
:101FF000D3F82878A7F17E63A3F58433B3F5104FA7
:102000000ED20A9009A8FEF73FF90A9B1A0E74D067
:10201000012A03D1C3F307430A2B6ED9BB6B984740
:10202000CBF8000007F084F9C8F800003A4FD8F860
:102030000000D7F82828DBF80010A2F17E63A3F592
:102040008433B3F5104FA5D2936A98470028A1D1E5
:10205000D7F828783268D8F800A00392A7F17E63F9
:10206000A3F58433B3F5104F16D2079006A8FEF7F8
:102070000BF9079B190E0FD00129039A03D1C3F363
:1020800007430A2B08D905AB00937F6B254909ABA1
:102090005046B847002853D08424FDE622490A68F8
:1020A0001A440A60214A10681B4AD2F82818A1F184
:1020B0007E62A2F58432B2F5104F05D31349194858
:1020C0001A46FEF77DFE16E0CF6A164A1849B84751
:1020D00032680E4907461348FEF772FE40F20323AA
:1020E0009F4203D1084A01231370B4E640F2012352
:1020F0009F423FF469AF8024CEE64FF4C0708FE773
:10210000D50A0020D60A0020BC060020D00A0020F4
:102110007C020020EB17A6030000E10FC40600209C
:10212000C8060020D0060020CC0600209C0200201B
:102130008C020020D40A0020C00600208802002063
:102140009DF8243089F8003023B9059B13B1402352
:1021500089F80030FEF73CF9074658B3D0F834A0B0
:1021600099F80030002B3FF476AE0022069204224C
:102170008DF8132006A90DF1130235200393FFF704
:10218000C9FD069AD30719D5039B082B14D0BAF1C1
:10219000000F13D0534610220CA903F1280003931B
:1021A00007F0CEF820B9039B0A9A1B6A9A4205D819
:1021B000892471E68246D3E7364BECE797B14FF4BA
:1021C00000613846FEF7CAF800287FF4E3AE2AF42F
:1021D000FF604FF4006120F00700FEF7BFF8002811
:1021E0007FF4D8AE99F80030082B01D0402B0FD1E6
:1021F000294B2A4A186820F4FF6323F007034FF4A1
:1022000000611360FEF7AAF800283FF424AEC1E68F
:10221000234F244BDFF89C907B60D9F82828D8F80E
:102220000000DBF80010A2F17E63A3F58433B3F560
:10223000104FBFF4AFAE936A984700287FF4AAAE60
:10224000D9F82828D8F800003368A2F17E61A1F5FA
:102250008431B1F5104FBFF431AF3946D2F82C803C
:10226000114AC0473268114907460F48FEF7A8FDDA
:1022700040F203239F4203D10D4A01231370EBE583
:1022800040F201239F423FF4E6AD34E70D24E3E53D
:102290008124E1E5F8940000C4060020C006002077
:1022A0008C020020DD100000D0060020D00A0020A3
:1022B000BC0600200000E10F00F00F0001380728E5
:1022C00050D8DFE800F00415244F34384F402B4B32
:1022D000D3F8943003F00703023B052B06D8DFE860
:1022E00003F049243F0305430B2070470520704746
:1022F000224BD3F8800000F0070002283DD00428CC
:1023000036D0012808BF032018BF012070471B4B9F
:10231000D3F8843003F00703013B032B03D8DFE835
:1023200003F0041F25270120704703207047134B3B
:10233000D3F88800DFE7114B1B6F13F0010F0CBFC0
:102340000720092070470D4BD3F85C3103F03003B0
:10235000202B0FD0302B0FD0102B08BF0720D3E736
:1023600002207047002070470C20704706207047FD
:102370000A207047042070470820704700400E4034
:102380000428F8B56FD8474B13F800C0464B1D5CC6
:10239000464B33F81060464B33F81040454B00294C
:1023A0006DD0022860D15C6A14F0300F5CD1424CD1
:1023B000E46B5C6AE40705D55F6A27F0300747F0F5
:1023C00010075F623D4C3B4B25441E66AD002B68F9
:1023D000002BFCD0002A46D06444A4002368002BC4
:1023E000FCD002283FD100293DD0324B5A6AD10798
:1023F0003CD54FF48062C3F8A82020225A665A6A5E
:1024000012F0300F0CBF4FF440024FF40002D3F82B
:10241000901032EA0101FAD1520201D5D3F8A0306E
:10242000244D012200210220D5F89C70FFF7A8FF5F
:10243000D5F890306B6A23F0300343F010036B62E1
:10244000C7F30A07296B1E4BFA0903320F2A03EA66
:10245000010328BF0F223B4343EA02732B632E661E
:102460002368002BFCD0F8BD0021ABE75A6AD3F8F3
:10247000902002F44002B2F5400FF8D1CEE70121DE
:102480001C66A940D3F890000842FBD1002AEAD08C
:102490000123084903FA0CF3D1F890201A42FBD12A
:1024A000E1E700BF99940000949400008A94000032
:1024B0008094000000400E4000300E408004F21076
:1024C00000F8FF0F10B500211048FFF715FB10486A
:1024D000FEF7B4F8012211460220FFF751FFFEF784
:1024E000F3F8FEF795F80B4B02225A67FFF7D0FA84
:1024F000FEF7A4F8FFF7F2FA0446FEF795F8014656
:102500002046BDE81040FEF7F3B800BF00F04902D6
:102510000148E80100400E4000B962B67047000073
:102520002DE9F0410D4F06460D4614460CB9BDE8A5
:10253000F081EFF3108872B623462A4631463846BA
:10254000FEF77EFB03464046FFF7E6FF002BEDD08B
:10255000E41AA4B21D440026E8E700BFA00D002045
:1025600013B5002301F10804ADF80430ADF80600FE
:1025700021461A4651F8080C083170B90BB1ADF874
:10258000042004220DEB020101200834FFF7C8FFEC
:1025900054F8101C39B902B010BD51F80C3C1A4463
:1025A00092B20123E6E734F80C2C0020EDE700009E
:1025B0007FB50130002380B2CDE90101CDE90433BC
:1025C0006946044B009304200392FFF7C9FF07B04C
:1025D0005DF804FB20110020EFF3108072B6704705
:1025E000FFF79ABF064A074BD3F88039136F23F0E1
:1025F000070303431367044B1888FEF7C3B800BFF3
:1026000000300E400000C6435C0B002000000000BC
:102610002DE980487A4B5B685E05A3B024D44FF067
:10262000005300221A601AA8FDF72EFEFDF7D0FE17
:1026300008B3446BFEF716FA1C9B5D0740F1BC80A3
:10264000FDF7C6FEFDF75CFE0446FEF7EBF994B11C
:10265000FDF7BEFE0446FDF7BBFE6A4B986023689B
:102660009D466368984706E04FF000531A68022AB7
:10267000D5D100221A60BFF35F8F624B5A6A22F4F1
:1026800080325A62D3F8942022F00102C3F89420D9
:10269000BFF34F8FBFF36F8F5B495C4F0A685C4D90
:1026A000C3F898204FF00050C3F89C005948C3F875
:1026B000A000AF4202F1010008604FD07E1E731BE4
:1026C00043EA530343EA930343EA131343EA13230E
:1026D00043EA13430133B3F5807F38BF4FF480736F
:1026E0005C422C4003EB040C674500F28780072B0B
:1026F000ACEB07074FF0010C8CBF4FEAD30E4FF045
:10270000200EB7FBFEF70CFA07F7013FFFB2361BAE
:102710002D1BB3FA83F3B5FBFEF5B6FBFEF666445C
:102720000CFA05FC07FA06F60CF1FF3CC3F11E0398
:102730004CEA060C5B000CF0FF0C03F03E0343EA8E
:102740000C23304D43F0407343F001130232C5F8BF
:102750009800C5F89C40C5F8A0300A60BFF35F8FB1
:10276000284B0522C3F894205A6A42F480325A62F8
:10277000BFF34F8FBFF36F8FBFF34F8FBFF36F8FD9
:10278000254B01225A64254BD3F8FC20244B120E12
:1027900048D14AF6E851C3F89011D3F8981141F0A6
:1027A0000401C3F89811C3F89021D3F8642142F4CE
:1027B0000052C3F8642137E014B9FEF733F95AE741
:1027C000164AD2F8F8309BB2B4EB832FF5D2D2F888
:1027D000F82004F1500392B2B3EB822FEDD82046DB
:1027E000FDF7D6FD0028E8D0636913B9FEF71AF9A2
:1027F0002EE79DF86830012BF8D121E75B006FE7E9
:1028000000500E4000ED00E0540B0020BC00002002
:10281000BC0000203900011300000E400081E00FD1
:1028200000300E40012AC0D0814A136A23F44413B9
:1028300043F488131362A2F58042136843F4807353
:1028400013607C4B02229A639A6B02F00F02022AF9
:1028500040F00481DA6C22F0405222F0010242F092
:102860000102DA64D3F8EC2042F44072C3F8EC20A1
:10287000714A0F211180DA6E42F08072DA666F4B76
:10288000D3F8800900B10420FFF7ACFE6C4B694F10
:10289000DFF8B881C8221A806A4BA0220F200024DA
:1028A0001A80FDF76FFF684BBB65CDE91244CDE997
:1028B0001A44D8F81832C3F307295FFA83FACDF81F
:1028C0007090CDF850A0FE6CC6F3017622463346D8
:1028D0001AA912A8FDF71CFFD7F8EC50C5F3012583
:1028E00022461BA913A82B46FDF712FF4FF41674BE
:1028F000A9EB0A026243B2FBF4F252449145DDF8BF
:1029000068C01299DDF86CE01398C0F0A780AEEBB8
:1029100000036343B3FBF4F3C0182CBF012300236F
:102920008645C0F09B80002B40F09880ACEB010303
:102930006343B3FBF4F3C9182CBF012300238C4578
:10294000C0F08C80002B40F08980FC6D24F4FE44A4
:1029500024F0020444EA0224FC65022ED8F8302256
:102960005CD0032E5DD0012E14BFD2B2C2F3072279
:10297000120312F4702F71D12E4CE36E23F47043C6
:102980001343E366314B022DD3F830224BD0032D95
:102990004CD0012D14BFD2B2C2F30722120312F49D
:1029A000702F5BD1234BD3F8EC4024F470442243C6
:1029B000C3F8EC205A6E814238BF0146E72922F461
:1029C000FF7228BFE72122F0010242EA41025A6663
:1029D000DA6B42F48062DA634AF6E852596B5A6362
:1029E0009A6FD407FCD41B6C144A13F003032FD046
:1029F0000123C2F8B43A0F4B9A6FD007FCD41A6C7B
:102A000022F003021A649A6F12F00102FBD10B4804
:102A10000129C0F8B42A08BF5A631BE0C2F3074279
:102A2000A6E7120EA4E7C2F30742B7E7120EB5E716
:102A300000400E4000300E405C0B00200000C643FA
:102A40005A0B0020580B0020372110B70081E00FEF
:102A5000C2F8B43AC64B0122C3F89427C54CC64EFF
:102A60001120FFF729FC002102200122FFF788FC3A
:102A7000636A23F001036362C04B0025C3F8A054CE
:102A8000A36A23F0070343F00603A362BC4BE3628F
:102A9000226BBC4B02F07F6213432363BA4B636328
:102AA000FFF710FDB94B304601211B68FFF724F8F2
:102AB000FDF7BAFD01463046FDF71AFED4F80001D5
:102AC000C0F304200130B6FBF0F0FDF7B7FD0122A2
:102AD00011460220FFF754FC636AAD4E43F04053A9
:102AE0006362D4F8C83043F00103C4F8C830A94B7E
:102AF000D3F8D830B365042404AA06A935208DF88C
:102B000010400695FFF706F906238DF80F30069B57
:102B10008DF80E4013F4803F07AC00F0518205237E
:102B20002246B16D02F8011B013BFAD29DF821301B
:102B300063F03F038DF821309DF8223043F001030C
:102B40008DF82230944B5C60944B954A9A60002734
:102B50004FF480715961C3E900221F82914A924B60
:102B60009248934D1F82C3E900229A60596100F098
:102B7000F8FC8F488F4C904E00F067FF0FCD0FC4CC
:102B800095E80F0084E80F008C488D4B03603946B0
:102B90008C4B436000F08AFC73A3D3E900233060C0
:102BA000CDE900234FF0FF334FF0FF3200F027FF55
:102BB00002224FF0FF313068774C00F022FF0DF118
:102BC000680A94223C23CDE91A321C93514696237D
:102BD00030681D93CDE91E77209700F049FD3746F8
:102BE0007949306800F020FF306800F0C4FFB4F984
:102BF000001057F8080B00F02CFF6468002C40F020
:102C0000F8813846FDF7E6FCB37B64F30003B37349
:102C10006E4BDFF8F0916E4D4FF0200883F8018382
:102C200083F8048383F8068383F8078383F8058396
:102C300083F8088383F81D83664B5A2200211846C7
:102C400006F0B6FAA0F10A04634B636042F2107218
:102C5000E26042F20153614A40F80A2C2381604A43
:102C60004FF490733384012313700022C9F80020BD
:102C70001B222A800DF10D0103AA3E208DF80C3095
:102C8000FFF748F811230DF10B020DA936208DF83E
:102C90000B30FFF73FF80DF10A02514639208DF84D
:102CA0000A80FFF737F8002837D14E4B9DF80B20EC
:102CB00018681B791A908AF80430002A00F0A08165
:102CC0001B2A28BF1B22531D8DF80A300DA9531C47
:102CD0000DF16D008DF86B3006F05CFA12A8FDF76F
:102CE00079FC414A9DF80A3012882AF8032022A96B
:102CF0009A1C51FA82F21298BDF84C1042F8200C3E
:102D000022F81C1C03F1080222A951FA82F20933AD
:102D1000002102F8201C8DF80A3020230DF1090251
:102D200012A93A208DF80930FEF7F4FF48B92F4B6D
:102D30005A8A1B7D8DF84A300323ADF848208DF860
:102D400009302B4B2B4800224FF00208C3E9002228
:102D5000294B036080F80480FDF74AFE2748284B82
:102D60000360102303724FE008550051000000007B
:102D70000000C64300400E4000F049020000C84376
:102D80002000050007450BD047A0020000300E4090
:102D9000005008400081E00F58130020A00D0020D3
:102DA000A00C0020A00B002034130020690345EC88
:102DB00078950000600B002098100020900B0020F8
:102DC00071130000800B00201200002000E100E0E1
:102DD00028110020C610002055555500D6BE898EFA
:102DE0005E0B0020DD930000E79300005495000087
:102DF0004C1300203C0E0020EA930000E40D00205C
:102E0000ED9300003013002080F80480FDF750FFA0
:102E1000B148B24B0360B24B80F80480C36080F8C5
:102E20000880A0F81080CDE90038434690E80600FD
:102E30001430FDF771FD9DF80B10002900F0EB80B8
:102E40000DA8FDF75FFFA748A74B03604FF01008E0
:102E500080F80480FDF7CCFDA448A54BA54A03608B
:102E60004FF6FE7B08230372C260A0F810B080F812
:102E70000480FDF71DFFA048A04A02600C220272E8
:102E80009F4AC260A0F810B080F80480FDF710FFE0
:102E90009C489D4A02604FF0020B9C4AC260082386
:102EA000038280F8048080F808B0FDF701FF98489D
:102EB000984B0360984BC3600123038280F8048021
:102EC00080F808B0FDF7F4FE9448954B0360954BED
:102ED000C3604FF6FE73038280F8048080F808B068
:102EE000FDF7E6FE9048914B0360914BC3604FF6AF
:102EF000FE73038280F8048080F808B0FDF7D8FEE6
:102F00008C4B8D4A1A604FF6FF729A809DF80A200A
:102F1000202A05D8931D89486375514606F03AF971
:102F20009DF80920202A06D8931D854884F83D3055
:102F300012A906F02FF9FEF7CBF9227C617CB2FAD8
:102F400082F35B0963F30001237D617462F3030381
:102F5000B27B02F0010262F386132375637D0BB925
:102F600006236375774BB988B068C4F8160099805A
:102F700094F83C30042161F3030362F3861384F870
:102F80003C3094F83D3013B9062384F83D306E4B45
:102F9000B068BA88C4F83E009A80FEF729FA6B4EF2
:102FA0006B4B1B782BB1DFF8B8814046FDF704FB73
:102FB000A0BB684A136923F00403136130BFEFE735
:102FC0000DF10F0221462C20FEF7A4FE00283FF44D
:102FD000BBAD0DF10E0205A93C20FEF79BFE18B11A
:102FE0009DF8140000F001009DF8223060F300030A
:102FF000A6E52068B060A288A379BB71BA8007E615
:1030000008238DF80A30544B1A889B78ADF86D2050
:103010008DF86F3062E65048032112E7EFF3108419
:1030200072B600231A460DF111014046FDF7A5FDC9
:103030002046FFF771FA9DF8113013B10023C9F84B
:103040000030D9F80020EFF3108472B6C2F5017396
:103050009BB232440DF111014046FDF78EFD03464F
:103060002046FFF759FAD9F800201A44032AC9F874
:1030700000209AD93488231D9A4296D307D87088A5
:1030800004284FF0000306D0062800F0AB8100238F
:10309000C9F8003089E732796B8004F1FF3A122ACF
:1030A0001FFA8AFA5ED8012A5FD9931E2B4F102B84
:1030B0005BD8DFE813F05C005A0072005A008B0006
:1030C0005A0022015A00BF005A005A005A005A0002
:1030D0005A004F015A00EF00B80D0020F093000095
:1030E0006A9500006C100020F3930000141000207B
:1030F00004940000D90D0000BC0F002015940000BE
:103100004D1E0000640F0020269400004995000029
:103110000C0F00203794000048950000B40E0020EA
:1031200048940000DD0200005C0E0020599400006D
:10313000490400008C1000204C130020D8100020FF
:1031400000110020D2100020FA1000202C110020C5
:103150005413002000ED00E0E39300002011002054
:1031600034130020522A00F0B580062289E0BAF11B
:10317000020F40F03581B6F805400022B4F5007F1B
:1031800028BF4FF400740323114650463B70A7F844
:103190000140FFF70DFA2C8079E7BAF1040F70D1E6
:1031A000B6F80540A0B2FDF747F860B1027A7C801E
:1031B000022A4FF005010CBF012302233970416838
:1031C0007B70032057E06C800A225AE0073CDFF84E
:1031D00038B2CDF800B0A4B20194B6F80710B6F832
:1031E00005000223ABF10202FDF7ACFD4FF6FF7ABA
:1031F0005045044604D17368C3F30F236B80E3E7A3
:1032000000230130CDE90033ABF102020223514625
:1032100080B2FDF797FD50451CBF00F1FF3080B232
:1032200007233B70A7F80140A7F8030000221146CE
:10323000042020E0BAF1020F40F0D280B6F805B0C9
:103240001FFA8BF42046FCF7F7FF002839D0037BE8
:10325000990713D52B880DF11202013B09A92046CD
:10326000ADF81230FDF7B2FB024670BB0B23BDF880
:10327000122009993B70FFF79BF908E75246A5F821
:1032800002B05D4B30796988587001241C705980F8
:103290001A71CBE7B6F805B01FFA8BFA5046FCF767
:1032A000CBFF70B1037B1A070DD5E21E92B25349D2
:1032B0005046FDF755FB024638B913233B700146D3
:1032C000D9E70122DBE70322D9E77368C3F30F23B1
:1032D0006B80D6E7B6F805703846FCF7ADFF0028DE
:1032E0003FF4D5AE037B5B077FF5D1AEE21E4349C9
:1032F00092B23846FDF734FBC9E6631F9BB2022B3E
:1033000001D0102B6CD10022CDE90022DBB23C4A67
:10331000B6F80710B6F80500FDF714FD4FF6FF7379
:10332000984204463FF467AF2B880DF11202043B2C
:1033300009A9ADF81230FDF749FB024608B16C80CF
:103340009FE7BDF8122009997C8009233B70931CEC
:103350007B7036E7053CA4B2022C01D0102C3FD183
:103360004FF0000BCDE900BBE4B2B6F80710244AD9
:10337000B6F805002346FDF7E5FC4FF6FF718842DD
:1033800082463FF438AF013023461D4ACDE900BBE9
:1033900080B2FDF7D7FC2B884FF6FF7188420446B8
:1033A000A3F1060318BF00F1FF340DF1120209A9C1
:1033B000504618BFA4B2ADF81230FDF707FB024625
:1033C00010B1A5F802A05CE7BDF812200999A7F892
:1033D00002A011233B70131D7B70BC8005204AE7BF
:1033E00004224EE7CDE90B33064B099309A90223CA
:1033F0000A93FFF7B5F84AE62011002033110020A8
:103400003511002018000020371100200D4AD2F895
:10341000E430D2F8E0109B0003F03C03C1F38111CB
:103420000B438370D2F8E03003F03F034370D2F8CF
:10343000E830D2F8EC2003F0F003C2F30312134398
:103440000370704700FF0FE0FEE7000008B5FEF7CD
:103450007DFB124B12498B4212D3124B12490020B2
:103460008B4218D3FCF79CFE186850F8224058682D
:1034700040F82240013298688242F5D30C33EAE7E3
:103480000022F8E71C6844F8220001325C68A2427E
:10349000F8D30833E4E70022F8E700BF94B6000051
:1034A000A0B60000A0B60000A0B60000F8B50D461A
:1034B00010B900242046F8BD0E4F3E68002EF8D10A
:1034C00000F052F804460028F3D0386000F0A8F865
:1034D000204600F074F838B130463E6000F0A0F8A5
:1034E000204600F067F8E4E7002DE3D02046A84727
:1034F000E0E700BF601300200846114600F0A2B8C4
:1035000010B504F01DFF20B9024BBDE810401B6848
:10351000184710BD2800002010B500F074FA20B93B
:10352000024BBDE810401B68184710BD2800002062
:1035300070470000431E033306D8044B984228BF4F
:103540001846642838BF6420704700BF40420F000F
:10355000431E012B03D9031F5842584170470120D5
:10356000704700F065BE0000F8B50546FEF788FA22
:103570000F4B1E68074626B93846FEF7CDFF344686
:1035800011E0B4688CB194F810C01CF0010F0CD19C
:1035900095E80F004CF0010C84E80F0084F810C08F
:1035A0003846FEF7B9FF2046F8BD3668E3E700BFAE
:1035B000200000204FF4A472002105F0F9BD10B5E1
:1035C0000021044600F02EFA2046BDE8104004F029
:1035D000C1BC000038B505460C4641B10B6833B19B
:1035E0001B68013303D0CB680BB18B684BB900F07B
:1035F0001DFEBDE838404FF492724121002000F0DA
:1036000095BA084600F017FE0023044A85F8DC301E
:10361000C5E92343C2E9003338BD00BF6813002069
:1036200010B5044618B9054B054A136010BD03F0E8
:10363000D5FED4F89830002BF6D1F4E731350000F0
:103640001C00002010B50C4603F006FF054B0021BE
:103650005B68032098471CB104F09EFE0128FBD153
:1036600010BD00BF2800002004F052B804F066B876
:1036700008B502460868FFF75DFF08604868FFF775
:1036800059FF48608868FFF755FF8860C868FFF7F2
:1036900051FF0B69C860581C03D00B48834228BFF8
:1036A00003460B614B69581C03D00748834228BF6F
:1036B000034688694B61FFF73DFFBDE8084088611C
:1036C000104604F0A5BC00BF40420F002DE9F84FA2
:1036D000D0F8903006460F4613B1038B8B4246D08C
:1036E000D6F88CB0BBF1000F44D0DBF80830002BCB
:1036F00040D0DBF80C1000293CD0D6F8A0A0BAF1DD
:10370000000F3AD04FF000094D46C84601E0DBF803
:10371000083005EBC50203EB82040135E389BB42A7
:1037200016D8238ABB42304612D3B4F91230B6F908
:1037300024109942A04603EAE37255DD96F8D010B2
:10374000FEF716FA337D834281464DD9DBF80C1023
:103750008D42DCD3B8F1000F40D000234246194619
:103760003046D0473783C6F8908086F8D99000203D
:10377000BDE8F88F0320BDE8F88FD1465446524685
:1037800047F6FF7504EBC40803EB8808B8F80E3061
:10379000BB421DD8B8F81030BB4219D3B8F912207B
:1037A000AA4202EAE27207D14FF0FF093783C6F856
:1037B000908086F8D990DAE796F8D0103046FEF778
:1037C000D7F9337D834281464246EFD9DBF80C10AE
:1037D0000134A14204D9DBF80830D3E70120C7E760
:1037E000002AFBD09046E1E7A046B6E72DE9F04776
:1037F00082B004468946164604F0B0FD3B4D08B140
:1038000000236B602B68D4F88CA0D4F890700BB1B7
:1038100053454BD04FF00008C5F8089004F0BCFDAC
:10382000012836D12B68DAF800103A6813B118680D
:10383000884246D0204604F0DBFAC5E900A7D4F858
:10384000A0508DF80760002D42D000220DF1070333
:1038500011462046A847204604F0B6F80546B8F1C0
:10386000000F00D08EB1B5FA85F040F2DE3240098B
:10387000332100F05BF93146204604F0C5FA1C4BB9
:1038800005461B68394620469847284602B0BDE8E1
:10389000F087012003F0E0FD164B00215B68032058
:1038A000984704F079FD0128FBD1BBE76B68002B3A
:1038B000B0D0BB42AED1AB68994514D04FF00108EF
:1038C000AAE7696811B109689142B6D05968B1E7B1
:1038D000217D94F8D930994228BF194632462046B6
:1038E00004F008F8B7E70025CFE700BF6813002011
:1038F0001C00002028000020F8B505460E46FEF703
:10390000BFF8314607462846FFF7E0FE044620B1DF
:103910003846FEF701FE2046F8BD04F01EFD2246A3
:1039200031462846FFF762FF04463846FEF7F4FDAD
:103930002046F8BDF8B505460E46FFF74BFED5F814
:103940008C307BB15B696BB101F0CCFBD5F88C306E
:103950005B691B1A584240F26B124FF0420158410A
:1039600000F0E4F8F76800224FF6FF734FF0240CE4
:10397000D0B2B84208D31C4621462846FFF7BCFF08
:1039800000F05EFC2046F8BDB1680CFB0011CC894C
:103990009C4202D2002CEFD023460132E8E7008B94
:1039A00070470A7838B505461046FFF7D1FD60B17B
:1039B0004C782046FFF7CCFD38B12243530704D49E
:1039C0002846BDE8384003F0CDBE012038BDFFF7E2
:1039D000E8BF10B504460878FFF7BAFD58B14A7839
:1039E0001046FFF7B5FD30B1042A04D02046BDE8EB
:1039F000104003F0EFBE012010BDFFF7EABF03F057
:103A0000ABBC03F005BE70B504460D461646FFF785
:103A100073FF30B9324629462046BDE8704002F0B7
:103A200051BC70BD04F0A8BC38B5044648880D46AA
:103A300000F0FFFBD4F8A0302BB929462046BDE8A2
:103A4000384003F0FDBE022038BD00F0F3BB03F0A8
:103A5000B1BF73B5044600200D4600F0EAFBD4F870
:103A6000A06069462046FFF7F2FF5EB99DF800109E
:103A70002A462046FEF77CF80146204603F066FF02
:103A800002B070BD00231A4629462046B047F7E72A
:103A900038B505460C46FDF7F3FF2B6B1C40EB6A6F
:103AA0002343EB62FEF738FD211E18BF01210020E1
:103AB000490238BD04F033B904F052B907B54FF4E8
:103AC00000730A49ADF806300DF10602FFF7F4FF66
:103AD000BDF80630B3F5007F05D1022808BF0020ED
:103AE00003B05DF804FB0120FAE700BFC01400201A
:103AF0000846114600F0C0BA04F0FEB838B50446D6
:103B0000154609B104F04AF925B12046BDE8384010
:103B100004F046B938BD0000024B1960024B186032
:103B2000FEE700BF24000020C016002008B550B9F1
:103B30000548064B01601A60054B1A68054B1A6070
:103B40001868FFF7E9FF08BD24000020C416002014
:103B500060130020C0160020437C03B108470220F8
:103B6000704710B5044604F0CFFC20460321BDE8A1
:103B7000104003F04BBCFFF7F4BF00000149FFF712
:103B8000EBBF00BFDD8400000149FFF7E5BF00BFC8
:103B9000B184000010B5437C0C4693B14968002203
:103BA00004F0BCFC206890FAA0F0000A01F0ECFBE5
:103BB000A17A2089002281F0010104F00DFD00208E
:103BC00010BD0220FCE71FB5CDE90012ADF80830AA
:103BD00069469DF818308DF80A30FFF7DBFF05B015
:103BE0005DF804FB00207047002070472DE9F74F77
:103BF0001C469DF830300193036803F00703063339
:103C000001259D400646174605F1FF380B46A1B138
:103C1000416804EA080BA5EB0B0A41F00059524534
:103C200009EB0B0114D95246184605F0B3FA7A1B7A
:103C30005A444946504405F0ADFA019B2BB13C442F
:103C400048EA050804EA0804F46003B0BDE8F08F10
:103C50001846F0E70D4BD3F8E020D20314D50C49F9
:103C60004FF48032C3F8E820C1F8EC209A6BD1B24F
:103C7000C2F3072299679A6704229A6700229A671B
:103C80009A679A679A679A67704700BF0010084062
:103C900000100846F8B50C4C0D4617460646FDF7D1
:103CA000EFFE0123A362042327606660A560C4F8C9
:103CB000E830064B4FF48072C3F88021FEF72CFCED
:103CC0000DB10223A362F8BD0010084000E100E03E
:103CD000054B1860054B01229A6540F6FF72196387
:103CE00058635A65704700BF501700200010084005
:103CF0002DE9F04F042A83B0054639D90B7883614A
:103D00004B7883618B788361CB7883610068D5F8C9
:103D100008B06E6800F007000123063003FA00F8CF
:103D200008F1FF3909EA0B07A2F1040AA8EB070220
:103D3000924501F1040446F000560DD8F0192146D1
:103D4000524605F027FA0AEB0B0248EA09031A402B
:103D5000AA6003B0BDE8F08F2146F019019205F08A
:103D600019FA019AA118AAEB080230463A44E8E78A
:103D7000013A032AEDD8DFE802F00B08050211F83A
:103D8000013B836111F8013BAB6111F8013BAB6171
:103D90000B78AB6103B0BDE8F08F00BF37B50025ED
:103DA00000951446FFF722FF204603B030BD000007
:103DB00038B50C46104B1546014668B10122C3F8D0
:103DC000B8200E482246FFF793FF1DB10A4B04228C
:103DD000C3F8B820002038BD64B1D3F89C20A242BB
:103DE00084BF0122C3F8B820C3F898400222C3F868
:103DF000B820EAE70122FAE70010084090100840D6
:103E000010B5FDF73DFE184B184901229A65C3F81D
:103E100088201A66164A5A660722C3F884200A8048
:103E2000144900220A804FF4A021C3F8E81003F1DE
:103E3000C0630446C3F8EC100F4B1A600F4BD3F865
:103E400088305B020AD50E4B18680E4B4FF4800287
:103E5000C3F88820416BA43001F0B2FA2046BDE8D7
:103E60001040FEF759BB00BF00100840CE160020DE
:103E7000D0160020CC160020C816002000400840B4
:103E800060130020004008440D4B07221A800D4BA0
:103E900000221A800C4B0121C3F8B810C3F89020FF
:103EA0004FF40052C3F89400C3F8B420074BF0223B
:103EB0001A6403F10073A0221A64FFF7A1BF00BFC8
:103EC000CE160020CC160020001008400000084448
:103ED0002DE9F041044688B1394E3A4FFDF7D0FD47
:103EE0003388394A03F07801032C054603F07F0C30
:103EF000114453D13C6824B9FEF70EFB0320BDE802
:103F0000F08124F00104386820F00100A0424AD179
:103F100000223A6022886FEA42426FEA52428C42A3
:103F2000228036D1294CDFF8B8C02788ACF1800850
:103F30003A46083A92B201F10800604528BF40466F
:103F4000082A04D9B0F900E0BEF1000F36DB228068
:103F50003B440C8888781E499B1ADBB2C4F30C04DE
:103F6000CC6300F007003380CB66C1F88420FFF7F4
:103F700071FE04280DD1174BD3F88830164B186802
:103F8000164B4FF48002C3F88820416BA43001F037
:103F900017FA2846FEF7C0FA0020B0E7601E012895
:103FA00098BF0C46AFE7094862440088A21A48BF90
:103FB000803208389042ADDC28469DE70146B8E7DC
:103FC000CC160020C8160020D0160020CE160020E7
:103FD00000100840004008406013002000400844E2
:103FE000501700200E490F4B0A881B880E481344B7
:103FF000073B03F0780303440832987892B20A80B2
:1040000000F0070009490428C1F8842004D101F513
:1040100040514A681203FCD4054A1360704700BF40
:10402000CE160020CC160020D0160020001008402C
:10403000C816002010B5054C206828B1C30701D46C
:10404000FFF746FF0023236010BD00BFC816002005
:10405000084B4FF48032C3F8EC2003F17C43C3F8E3
:10406000E420D3F88030C3F30C03782B01D8FFF79A
:10407000F1BD7047001008442DE9F84304460E4690
:10408000FDF7FEFC504B514D1A882D888146504853
:1040900002F07801032C02F07F03014417D14D4C4C
:1040A00024688CB92A44073A02F078028418034441
:1040B000E31A48BF8033AB4210DB4846FEF72CFAC8
:1040C00000242046BDE8F88324F00104EFE7012C2A
:1040D00002D0022CEBD1083D0C46E8E7002E41D07F
:1040E0008C423D4942D1D1F83C800A6B02F0070274
:1040F000063201279740D1F88020C2F30C029A4281
:1041000047DDB4F900302588002BD6DBA378C5F352
:104110000C0503F007037A1EA5EB08053A43052BAF
:10412000337005EA02052CD82DB2E84340F236423E
:104130000421C00FFFF7FAFC7580E378274A337437
:1041400012687B1E03EA0803D118B160A9B213FA02
:1041500085F5BD4289BFFF1A0023B780F2609CBF7E
:10416000B180F3604846FEF7D7F9AAE7A4F1080248
:10417000824238BF04F17802B2F80080C8F30C081C
:10418000B3E7174BDB6C003B18BF0123A5EBC3055E
:10419000CAE78B6B7A1EA3EB08033A431A40114B14
:1041A00015B25B686AB9C3F30363D91E4B424B4136
:1041B000DB0033700B4B7280D3F89030C3F30723CE
:1041C000BCE70823F5E700BFCC160020CE16002080
:1041D000D0160020C81600200010084050170020FC
:1041E0000000084000400840431C08D0044AD2F8B0
:1041F0003C311B0C1B0480B20343C2F83C317047B6
:104200000040084038B50D6804462846FFF7ECFF2B
:10421000D4F8903043B15B6933B1013504BF6FF01E
:1042200001020A600A681A60002038BD04F095B8DF
:10423000704770477047A62231210120FFF776BCF6
:10424000704738B50D46044600F04CFFAC4042F2D2
:10425000107364095C436423B0FBF3F0B4FBF0F02B
:1042600038BD0000034B1A689B88026083800020E1
:10427000704700BF3A0000200F4B0628D3F8883162
:1042800004D183F40013C3F340507047022805D1D2
:1042900013F4400F0CBF01200020704750B9074AAB
:1042A000D2F8D40010F0010005D083F48003C3F3EA
:1042B000805070470020704700400E400081E00FA2
:1042C0000C4A5288B2F5E16F94BFC8225A2210B549
:1042D00094BF7824502490428CBF172210220A7079
:1042E000054A0346107818B19C422CBF00200120DB
:1042F00010BD00BF3A0000203300002013B5234B4F
:104300001B780E2B04463ED00DF10701FFF7D8FFB6
:104310001E2C8CBF1E4C1F4C9DF807304FF0010225
:104320008CBF01210021C4F8082170B1194A4DF653
:104330000174C2F804411B0202F1007243F44043CD
:10434000C2F80431144AA2F8D430134A134C92F83C
:10435000D83023F00103034323F0020343EA41036F
:10436000DBB282F8D83024786CB923F0040343EA36
:10437000800323F00803B2F8D440A2F8D64043EA01
:10438000C10382F8D83002B010BD00BF3A0000204F
:104390000040084600400844001F00215617002036
:1043A000084B094AD3F88831DB4303F4FE1343F486
:1043B0000053B3FA83F30E33A3EB4313013B1370A3
:1043C000704700BF00400E403200002002280CD091
:1043D000062802D020B100207047054B187870479E
:1043E000034B18780430C0B270470720704700BFF5
:1043F00032000020022807D0062807D0003818BF56
:1044000001204042C0B27047012070470020704731
:1044100030B51F23B0FBF3F35D1CEDB24FF0FF345A
:10442000C3EB4313AC40C01AE4430130E4B2C0B262
:104430001460086030BD00002DE9F7433A4E3B4F51
:1044400096F8009015463A4AD2F8C820B9F1020F02
:104450000446884607EA02071AD147EA006788F847
:104460000000002372882B60B2F5E16F94BFC82270
:104470005A2227F47F57944227F008079ABF380A38
:1044800000F47F5043F6C870384303B0BDE8F083B2
:10449000284A1278904228BF144604EB83030B701D
:1044A000F4B1013CE4B24FF030632B606A4601A9DD
:1044B0002046FFF7ADFFDDE9002347EA03671E4B07
:1044C00098F800101B7847EA823747F47F5747F087
:1044D00008073BB90029194B18BF4FF07F43C1E7CC
:1044E000164BE2E7164B1748B9F1060F08BF034613
:1044F0002AB90029114B18BF4FF07F43B2E7B2FA37
:1045000082F2C2F11F02D2B29B5CDBB239B15A1EF9
:10451000D2B2FD2A05D81B0643F00403A2E7074BDD
:10452000A0E74FF07F439DE73A0000203F00C0E046
:10453000001F002132000020571700200400000B4C
:10454000B883E00FB083E00F2DE9F3410446C820A3
:10455000FFF7D4FE2B4B2C4E18780E2801D0FF2CE1
:1045600005D1FF243470204602B0BDE8F081022856
:104570002DD1072C204628BF072001284FF000032B
:1045800001AA0DF1030138BF0120FFF755FF0546D1
:104590001E4B1F4FDDF80480C3F85881C7F8C85080
:1045A0009DF8034034702046FFF7A8FE194A4FEAF1
:1045B000082303F4E063127843EA1863A7F8D030C5
:1045C000002AD0D1C7F8CC50A7F8D230CBE7A0B999
:1045D000052C32BF002701270420201A3B4601AAE0
:1045E0000DF10301C0B2FFF727FF4FF4800305462A
:1045F00037B1094AC2F80831CAE700273846ECE764
:10460000064AF7E73A000020380000200040084042
:10461000001F0021561700200040084600400844B3
:1046200008B501F037F8094B094A002818BF1A46A7
:10463000136823F47F115B0803F4FE130B4313602C
:10464000044B4FF00072DA6108BD00BF0041084022
:10465000184108400040084008B501F01BF8064B1F
:104660004FF4001228B1C3F800214FF000621A6223
:1046700008BDC3F81821F8E700400844014B18684A
:10468000704700BF5C17002070B505460E46C0B2EB
:1046900001F00F01FFF7D5FDC6F303110446C5F382
:1046A0000720FFF7CEFDC6F303210444C5F30740FE
:1046B000FFF7C7FD204470BD436C012B38BF0123B9
:1046C0002DE9F0479A46464B464F9B69464E474D6B
:1046D00003F4E073A3F5C07280464548514251414E
:1046E00002685245434A0FD114788C420CD198F895
:1046F000D0C03C78A44507D198F815C03478A445BB
:1047000002D1A888BDE8F087B3F5C07FC0F800A04B
:1047100011704AD1D8F8944024B12368082B58D995
:1047200094F838400F212046FFF78BFDBAFA8AF340
:10473000002852D0B0FA80F29B1A002BC6BFD84096
:10474000C3F10F094FF00F09504501D909F1FF39A5
:10475000234B2004C3F8BC0003F1806340F6FF72D2
:10476000C3F8B82003F100734FEA0921C3F8B81069
:10477000FFF78AFFA88000F0B5FC09F01F094FF48D
:10478000FA7304FA09F45C4341F66A03B0FBF3F0F0
:104790000A23B4FBF0F45C43174B1C6098F8D0304C
:1047A0003B7098F815303370ABE798F8D030062B93
:1047B00006D1124B1B78002B0CBF9624C824B1E7FE
:1047C000022B08D00D4B1B78002B0CBFB424F02417
:1047D000A8E70024A6E73224A4E74FF00F09B7E7C3
:1047E0000060084031000020300000203A00002026
:1047F00034000020591700205C17002057170020B4
:10480000FF290DD00F4B1048C3F850010B040905C8
:1048100001F0F87103F4E0230B430C49C1F8503167
:10482000FF2A0DD0074B40F2F711C3F850111301C6
:1048300003F4F87302F007021343044AC2F850313C
:1048400000207047004008440000F701004008467F
:10485000F8B5134B134E1F68134D384600F0ECFEAD
:104860003378C4B2A34201D12B78A3B1092C14D858
:104870000E4B012C195D05D10D4B1B78022B01D17C
:1048800041F0400101F00F0238460909FFF7B8FF77
:10489000002334702B700020F8BD0024FA21F1E7CA
:1048A0006013002055170020541700203C9600008C
:1048B0003A00002038B5044600F0BCFB1422002169
:1048C0002E4804F075FC2E4B25781A782D49521B82
:1048D00018BF01220A7022681A60C820A2889A8034
:1048E000FFF70CFD284BD3F8C820284BFF21197087
:1048F000274B2849062D03EA0203274A1AD14FF411
:10490000EE40C2F824014FF48A42C1F8242101226A
:1049100043F08043C1F820211B4AC2F8C8301E4B27
:104920000322C3F85821FFF793FF1C4B01221A7092
:10493000002038BD022D4FF007000ED1C2F80C0147
:104940000620C1F80C011649C2F808114FF4404185
:1049500043F00303C2F80411DEE7C2F80C0105209E
:10496000C1F80C01C020C2F8080143F08043812245
:1049700043F00403C1F80821CEE700BFC81F00219F
:104980003A00002054170020001F002138000020AA
:104990002800C0A0004008460040084458170020E6
:1049A000C10040002DE9F0472D4C2E4B236000F054
:1049B00099FB4FF4FA7307464FF47A76B0FBF6F69C
:1049C00029482A4A7343190E1B02181841F10001A5
:1049D000002303F043FEA0F580730546A36220B9CF
:1049E00066222B21FFF7A2F801254FF47A726A4361
:1049F0004FF0000A53465008310203F02FFE1C4BC3
:104A000019601C4BB7F57A7F4FEA05688946044662
:104A100018604FEA152505D276222B215046FFF764
:104A200085F801264FF47A73A8FB030103FB0511F7
:104A30007308C01841F100010023324603F00EFE56
:104A40000D4B023419600D4B49F10009A4081860A0
:104A500044EA8974024B013C1C63BDE8F08700BF47
:104A6000005008400211010020A1070040420F0041
:104A7000701700206C1700206817002064170020B2
:104A8000044B4FF00052C3F880211A60024B012200
:104A90005A60704700E100E00050084038B502015C
:104AA0000A4B01259D500A4A4FF480738340536698
:104AB0000446FCF7E5FF074A1378A54023EA0503FF
:104AC0001370BDE83840FDF727BD00BF0051084412
:104AD00000500840601700202DE9F04715460446B5
:104AE00088461E46FCF7CCFF022D00F0B880074632
:104AF000FDF772FD6C4B6D4AD3F8189092F815A033
:104B0000DA6D5FFA8AFA520744BFD3F818900AF1B7
:104B1000010AFDF765FD664B664A1B6811684FEA9E
:104B20008A7CA3FB093213F1004301FB09CCD8F8BE
:104B300000304CEB020C012D04BF01336344ACEB9D
:104B4000030C08BFC8F80030BCF1804F0AF0030A1C
:104B5000C0F09880584AD2F800C0584AD2F800E015
:104B6000514A23F04041106B4FF000480022ECFB0B
:104B700001820EFB012282424FEA937381BF01330F
:104B80000130121A03F00303A3EB0A03914588BF17
:104B90004549DFF848C184BF096B03F1FF3303F0D7
:104BA00003030CF80430A2EB0900A3B1F10742BFE4
:104BB000434B41F61F71D966B30742BF404B414991
:104BC000D966710742BF384B00211967330742BFCE
:104BD000354B00211965344B04F1100103EB041E21
:104BE0000901CEF80C2111225A5037499A694FF029
:104BF000010EA2EB090A0EFA04F8D3F85C900A78C9
:104C00005FFA88F848EA020282450A7026D34FF418
:104C10008072A24019EA020F20D11CF8040000287B
:104C20003FD10DB3F0071A6608D5254B274941F649
:104C30001F7240F20110DA66C866DA66B10706D55F
:104C40001F4B22491F4A2248DA66C866DA66720795
:104C500042BF204B01229A60330719D43846FDF732
:104C60005BFC0120BDE8F0871B48240140F804E00C
:104C70005A66FCF705FF14490B7823EA08030B700A
:104C8000FDF74AFC3846FDF747FC0020BDE8F087F9
:104C9000212000F03FF9044B4FF480325A6038462F
:104CA000DDE71A663846DAE700500840C0170020F2
:104CB00064170020681700206C1700207017002070
:104CC0000050084400001F1F6017002000500846D5
:104CD0000000010100400840005108447417002002
:104CE0001030034B0001185800F00100704700BF5E
:104CF000005008401030044B01F46001000141F005
:104D000003011950704700BF0050084038B5FDF747
:104D100063FC084B084A9D69547DDA6D520748BF11
:104D20009D69E4B248BF0134FDF75AFC284604F0FF
:104D3000030138BD00500840C017002008B52220EC
:104D400000F0E8F8024B4FF480225A6008BD00BF23
:104D500000500840064B1B68434303EB8171054B31
:104D60001B68A3FB003013F1004341EB00007047C8
:104D7000681700206417002008B5FFF7C7FFBDE8DB
:104D80000840FFF7E7BF10B50446FFF7BFFF8442B6
:104D900088BF01F1FF31204601F00301BDE810405A
:104DA000FFF7D8BF0D4A10B5146820F04043014604
:104DB0004FF000420020E4FB0320094A126802FB86
:104DC0000300084B1B6B98424FEA917104D90133E1
:104DD0000131C01A01F0030110BD00BF6C170020A3
:104DE000701700200050084038B50446FFF7C4FF94
:104DF0000546FFF7C1FF431BA342FAD338BD0000AD
:104E00003B4B082270B501210546C3F8C82039483C
:104E1000394CFCF727FF394B1D702378013B012BE0
:104E20000CD8237CE07B01229A400C21302313FB19
:104E3000001303F1884303F520431A60304B00222E
:104E40005A677DB92F4A4FF6FF71D16702F10072A0
:104E5000F821D1675D672C4B4FF08042C3F8942056
:104E6000002070BD636853B300F03CF9626800EB4A
:104E70005203B3FBF2F3013B1B0243F0F803267825
:104E80002049224A022E1CD0032E1D484FF6FF75E2
:104E900021D0012E27D143F00203CD67D36707232A
:104EA0004367237CE07B01229A400C21302313FBD3
:104EB000001303F18C4303F520431A6011E0F8233B
:104EC000DDE743F001034FF6FF70C867D3670C4B73
:104ED00005225A67E5E743F00503CD67D367012351
:104EE00043670B4BB8E7CD67D3670023F8E700BFF4
:104EF00000400E4600350A007C170020791700207C
:104F00000000084000000844004008440000084633
:104F100000400846044BD3F89430002BBCBF034B31
:104F2000C3F88000704700BF004008400000084000
:104F30004FF0006318B1034AC2F894307047024A38
:104F4000FAE700BF004008460040084400207047D0
:104F500008B5064B06491A684FF00450920004F059
:104F600019F9BDE8084000F04FBE00BF6896000088
:104F70006C96000007B501A8FEF748FA134B144AD7
:104F8000C3F8442148F2E672C3F838214FF40862AE
:104F9000C3F834210F4AC3F8A0200F4A4AF63F4114
:104FA000916002F580424FF0C07191620022C3F817
:104FB000FC200A4AC3F89C20094B7F225A6203F165
:104FC000007323225A6203B05DF804FB00400840DE
:104FD000C0E653517A27000F00300840806D63030C
:104FE000003008440F4B002210B5C3F88820C3F8E6
:104FF0008C20C3F890200C4A0121D1605A6812F02D
:10500000706FFBD14FF00452DA67012402F5FD52B4
:10501000C3F880401A66054B1B689847044BDC6058
:1050200010BD00BF0040084000400846400000207E
:1050300000400844034BFD22C3F8C8200122C3F8F6
:10504000CC20704700400E4638B5FFF7F3FF1B4BEE
:105050001B481C4C1C490222C3F8C8201B4B1A6871
:1050600042B102EA0005A54204BF5D68156008333D
:105070008B42F4D1164B0222C3F8C820154B164AB6
:10508000D3F83C111160154AC3F8942000F0A0FB3E
:10509000FFF770FF124B0322C3F8D820A3F500538B
:1050A0000122C3F894204FF46072DA604FF040722E
:1050B000C3F8F820C3F8102138BD00BF00400E46E9
:1050C0000000FFFF00000840B081E00F0080E00F0B
:1050D00000400E4400400840440000200048F0001A
:1050E0000060084608B5FCF7D3FC044BD3F8103138
:1050F000C3F308230133B0FBF3F008BD00400E40BA
:1051000070B5044618B1284D2268531C00D170BDFB
:10511000C2F30063110C35F8130011F0FE0F93B2C7
:1051200043EA0043606818D00434CAB2022A2168F6
:1051300008D9D4E90160033AC3E9001698600C3439
:105140000C33F3E704D16268C3E900120834DBE7EB
:10515000012AD9D104341960D6E7120F072AF5D8ED
:10516000DFE802F00704090D1013181DC04303F116
:1051700080631860EAE71A6842401A60E6E703F1C4
:10518000C063F6E7FFF730FEE0E70122824003F15B
:10519000C063F2E70122824003F18063EDE71A6801
:1051A00030EA0202FBD1D1E746960000024B012211
:1051B000C3F89420704700BF00400846024B01220C
:1051C000C3F89420704700BF00400844024B4022BF
:1051D000C3F89420704700BF00400844024B4022AF
:1051E000C3F89420704700BF0040084608B50C4B38
:1051F0001B68D3F8943023B11A68022A01D9186ABF
:1052000008BDFFF76FFF074B1B6D024698B20028E1
:10521000F6D0C3F30743D2085343B3FBF0F0EFE7F4
:105220006013002000600840064B5B68C3F3036313
:10523000984206D1044A936B23F0F00343EA01112C
:105240009163704700400840001F002110B50446DC
:10525000FFF7CCFFC4F30113022B05D0032B09D0B9
:10526000012B00D1400810BDC4F3C4240134B0FBAD
:10527000F4F0F8E78008F6E700F03003202B10B5D3
:1052800013D110F4E02FC0F302440AD010F4C01F71
:10529000C0F3C423B3FBF4F418BF6400052C0ED88C
:1052A0006408FFF7D3FF604310BDC0F382136FF0B3
:1052B00012041C4104F00104C4F10204F1E70424C7
:1052C000EFE700002DE9F0470E46FFF755FDDFF848
:1052D000B090DFF8B0A080460025FCF7D1FBD9F8EC
:1052E0000430C3F30363012B07460BD1711C1AD0A2
:1052F000FFF742FDA0EB08053846FDF70DF9AE4279
:10530000EBD80DE0052BF1D00B2BEFD0023B012B9E
:105310000CD9013602D0FFF72FFD3846FDF7FCF817
:105320001648BDE8F087FDF7F7F8D6E7DAF8083059
:105330001A04C3F389140FD4013602D0FFF71CFD01
:105340003846FDF7E9F824B2A4F1C8006FF4FF7302
:105350009842B8BF1846E4E7731C03D0FFF70CFD72
:10536000A0EB08056FEA84546FEA94543846FDF7C1
:10537000D3F814F5007FC2D0E6E700BF00FEFFFFC0
:105380000040084000700840024B012218619A60FA
:10539000704700BF00200840084910B5D1F87031AF
:1053A00040B11C464A68D1F870319C42F9D1C2F331
:1053B0000362027003F00F0010BD00BF0040084000
:1053C000094BD3F8883001F0800103F480030B43CC
:1053D00009D1064B4FF400129A61837F1BB1044B35
:1053E0000122C3F8F82070470040084000600844DC
:1053F0000060084610B5FCF743FB084B1B680446E9
:105400003BB1984728B1002200204FF4806100F0A2
:105410002DFD2046BDE81040FDF77EB89017002016
:105420002DE9F0411F4CDFF89080069F0646A2FB55
:1054300003502C1960F1000E9C46A0454FF000036C
:1054400073EB0E0E07D24FF4B4720E211846FEF71E
:105450006DFB02201BE00029FBD0C6F3130601EB15
:105460005C04B4FBFCF4A4FB0646E40C44EA4634BA
:105470000D4E34600D4C22600D4A914209D10D4A07
:10548000A5FB025302FB00339B093B600020BDE8F3
:10549000F081C4040A46E80444EA553103F0DEF81A
:1054A0003860F3E700C9E876981700209C170020C1
:1054B00000F049020A3BB2DF0046C32338B5164D5F
:1054C0002B780C4623B9154B1B6D03F03F032B7053
:1054D000134BD3F894305B051CD5124BB0FBF3F0A3
:1054E00040F24D534343A3F546430C3B584300F56C
:1054F000C91000F5556028B940F21B322B21FEF788
:1055000015FB01202B78084A5343B3FBF0F300202E
:10551000236038BD0220FCE79717002000300840C8
:105520000040084000366E018096980070B5374CF8
:10553000374B256B374C1B682468ED024CBF1B1999
:105540001B1BB3F1804F04D8002B3AD1324E1C46BE
:105550000AE0B3FA83F4314EC4F10204E340304D63
:10556000AB4201D901345B0803EB5605B5FBF6F5F8
:105570002C4EB34234BF002601262403013D44EAE9
:1055800086242C430C60D8B1B3FBF0F1642400FBFB
:1055900011336343984288BF01F1FF314808013855
:1055A00001390728204D214C4FEA510311D9002120
:1055B00029700621C4F894101B0243EA00131360FB
:1055C00070BDB3FA83F4D4F10204134EC6D500249F
:1055D000C5E71029EBD068B1012129700621C4F874
:1055E0009410134909780029E6D012490224C1F821
:1055F0009440E1E7012914BF0121002129704FF0F7
:105600000601C4F89410ECD1D6E700BF0030084082
:105610009C17002098170020E0673500C0CF6A0073
:105620003FBE4025401B5F139417002000400844F4
:105630009517002000400846084B5B6B03F00700FD
:10564000C3F3C20213F0380F18BF5043C3F38212E2
:1056500013F4E07F18BF5043704700BF003008408C
:1056600010B5044651B10B6843B15B6833B11A6899
:10567000032A03D99C6A640E204610BDFCF700FA89
:1056800001462046FFF7D8FF04460846FCF744FFD2
:10569000F2E70000034BD3F8380180F01000C0F3AC
:1056A0000010704700400840174B4FF4002210B51F
:1056B000C3F89420154C164BB0F1804F88BF1C46A0
:1056C000144BDA6CD2071DD51B6F134A04F5F42472
:1056D00004F59074B4FBF2F4033CE4B203F0070366
:1056E000A34202D02046FCF77DFF0C4B1B784BB148
:1056F0000B4B4FF47022C3F8942003F10073240481
:10570000C3F8944010BD00BF00400846E067350074
:10571000C0CF6A0000300E4040420F0096170020B4
:10572000004008447FB50446FCF7AEF91C4B064622
:105730002C3358680093A37922683146FFF770FE36
:10574000054648BBA379012B14BF16491649102200
:10575000C1F83821206815495843FFF7AFFE03AA66
:1057600002A93046FFF7E2FE0F4A43F6FF53C2F8A4
:10577000A4300C4B0299C3F8A4104FF4EE611163EE
:10578000039A1A632068FFF78FFF094BA2881A62F9
:1057900003F5405300229A63284604B070BD00BF51
:1057A000003008400040084600400844503008409F
:1057B0000000084008B5044B01221A70034B18681A
:1057C000FFF772FF002008BD961700209C170020ED
:1057D000024B4FF48062C3F89420704700400846A3
:1057E0000D4BD3F80421D3F8B030D2B2FF2A03D046
:1057F00043F30743591C01D190221923074903EBB6
:10580000D37302EB6302022381F84630232381F82D
:10581000472081F8453070470081E00F001F0021CC
:1058200040B10368012B05D90069034B002808BF6C
:1058300018467047004870474C96000038B505463A
:1058400014480C46FFF7AEFA2DB1C30103EB550324
:10585000B3FBF5F32360104A5368D80217D40F4BFB
:105860001B68D2F8A810C3F3810311F4806203F11E
:105870000103C9B218BFDA00FF2906D00649D1F8E2
:10588000AC10490501D502EBC302626038BD0022AD
:10589000FBE700BF40420F00000008400020084026
:1058A000084B1A68C117A2FB000310F1807002FBBD
:1058B000013343F10003400E40EAC310803820EA70
:1058C000E0707047A4170020174B072270B5C3F88B
:1058D0008420FFF707FC154B154A164EC408010B30
:1058E0000546E005C01841F10001002302F0B6FEB4
:1058F000114B18604EF66020FFF7D2FF4042C6F809
:105900009C000E48FFF74EFA024658B1E3015008DA
:1059100018184FEA15714FF0000341F1000102F031
:105920009DFE706770BD00BF00400840B2E60E00EB
:1059300065CD1D00001F0021A417002040420F006C
:1059400038B14FF47A735843A0F6AC50401AFFF7C1
:10595000A7BF4CF25030FAE72DE9F8430546084658
:105960009846FFF75DFF16460746002D00F0A98018
:1059700018F0050F5DD02C69002C00F0A480FEF714
:105980007DFE4FF47A735C43201A7B68A0F6AC501E
:10599000C01AFFF785FFAC8B3062002C00F09680B8
:1059A000FEF76CFE4FF47A735C43201A7B68A0F616
:1059B000AC50C01AFFF774FF70614A4BEC68D3F823
:1059C0000090002C00F08580FEF758FE4FF47A73AB
:1059D0005C43241A7B68A4F6AC54E41A3B68E41ACE
:1059E000414B1A68E117A2FB044314F1807402FBD7
:1059F000013343F10003640E44EAC314803C3B4B83
:105A0000B4613B4CD3F88430F36123684BB1484612
:105A100002F01AFD28B12368D9F848003246394609
:105A20009847AC69FEF72AFE01462046FFF788FF3B
:105A3000F06218F0020F29D06B684FF47A70584367
:105A40005BB13B6803F51C5310331844AB7F002B4C
:105A500046F2A81308BF00231844FFF721FF6B6923
:105A6000B062002B38D078684FF47A7202FB0300E2
:105A7000AB7FA0F50350002BA0F1100046F2A81355
:105A800008BF0023C01AFFF70BFF706218F0040F65
:105A900017D0A86818B34FF47A735843A0F5035091
:105AA0001038FFF7FDFEF0602B684FF47A70584312
:105AB00023B13B6803F51C5310331844FFF7F0FE85
:105AC0003061BDE8F8834CF2503062E74CF2503060
:105AD00070E74CF2503483E747F23050D3E747F297
:105AE0003050DEE760130020A4170020001F0021C3
:105AF000A0170020064BD86DDB69C0F3011203F03C
:105B00001F03000C02FB000001331844704700BF64
:105B10000060084038B505460C4621B38B7913B3B5
:105B2000052B0FD0062B0FD0032B01D10223A3711D
:105B3000A379013B062B0ED8DFE803F00F08080F0E
:105B40000F2323000423F2E70723F0E72946002070
:105B5000FFF7D0FF45B90023A3710020A37913B14B
:105B600023680344236038BDB0F5803FF3D86B0948
:105B70004FF2244202FB00302D09B0FBF5F0404209
:105B8000ECE7A288002DE6D0B2F5005FE3D8044927
:105B90006B0901FB02332D09B3FBF5F0DEE700BF13
:105BA00020A1070010B508461C46FFF7ECF8094B8A
:105BB0000246D3F8F800FFF733FE0368A018002B65
:105BC000054AA8BF4FF4FA721A44044B92FBF3F251
:105BD000104410BD001F00210CFEFFFF18FCFFFF4A
:105BE000074BD3F8D8304FF604014FF605029BB2AD
:105BF0008B4208BF1346034A01209365704700BFDC
:105C00000081E00F0050084070B5194C0FCC86B0F1
:105C100001AD0FC5C822236816482B60002103F090
:105C2000C7FA7C220021144803F0C2FA134B144A2D
:105C3000C3F8F020FFF7D4FD124B1B782BB101AD58
:105C40000FCD0B4E0FC62B6823600F4B0F4AC3F8C6
:105C5000DC2F0F4AC3F8E02F0E4AC3F8E42F02F1FD
:105C6000957202F27112C3F8E82F06B070BD00BF42
:105C7000C81F0021381F0021BC1E0021001F002169
:105C80003F00370058170020001000210200620278
:105C900009C805780708DC060A4B197801F0FF02ED
:105CA00029B10021197008499202C1F8A020597841
:105CB00001F0FF0229B1002159709302024AC2F893
:105CC000A4307047AC17002000000846074BD3F8FB
:105CD000E40E074BD3F88C301A0103D4054B1B6E2E
:105CE0001B0401D500F58070704700BF0010002133
:105CF000004008400000084008B5FBF7C1FE0F4B0C
:105D00001A78B2B90E4A126812F4843F11D10D4AC2
:105D10001021C2F894101B786BB9094B1B68DB0586
:105D200009D4084B2022C3F89420BDE80840FCF7B2
:105D3000F3BB054AECE7044BF4E700BFB0170020C3
:105D4000B8170020004008440040084610B5FBF793
:105D500097FE0E2104460320FFF766FA044B40F23B
:105D6000012220465A62BDE81040FCF7D5BB00BFB7
:105D700000000840044B00221A70044B197811B13E
:105D80001A70FFF7B9BF7047AF170020B017002097
:105D900008B5FBF775FE244B4FF08052C3F8802006
:105DA000BFF34F8FBFF36F8F4FF48072C3F8802023
:105DB000BFF34F8FBFF36F8F0222C3F88020BFF372
:105DC0004F8FBFF36F8F1022C3F88020BFF34F8F28
:105DD000BFF36F8F2022C3F88020BFF34F8FBFF334
:105DE0006F8F4FF00052C3F88020BFF34F8FBFF387
:105DF0006F8F8022C3F88020BFF34F8FBFF36F8F68
:105E00004022C3F88020BFF34F8FBFF36F8F4FF056
:105E10000042C3F88020BFF34F8FBFF36F8FBDE800
:105E20000840FCF779BB00BF00E100E008B5FBF7D4
:105E300027FE0D4B4FF080521A604FF480721A60AB
:105E400002221A60002283F8012310221A60202205
:105E50001A604FF000521A6080221A6040221A60C5
:105E6000BDE80840FCF758BB00E100E070B5084C05
:105E700001232370074B1E68074BD3E900533240C0
:105E80001940284001F0F0F90023237070BD00BFD5
:105E9000AE170020B4170020B81700202DE9F047F6
:105EA000DDF820A003EA0108099B06460D4602EA38
:105EB000000703EA0A09BAF1000F40F04981031F05
:105EC0000B4300F00F81052871F1000380F0E3809F
:105ED00050EA010300F05C81431E0B4300F01D817A
:105EE000FFF756FFAB4AD2E9004323EA050324EA51
:105EF00006043C4343EA0807A74BA84D1E68DFF899
:105F0000EC8226EA0A0646EA09061E60C2E9004754
:105F1000FFF7F2FE14F02A4F14BF48F202034FF4C9
:105F20000043B0079E48C26E48BF43F4005383EA63
:105F3000020122EA0302EA669A4A81660B40D366AE
:105F4000C4F380421203210348BF42F48072E30687
:105F500048BF42F40052A50648BF42F400726006F2
:105F60009148924DD0F80C3248BF42F4806221062D
:105F700048BF42F4006282EA030123EA0203C5F843
:105F80000C328B4BC0F808120A40C7F34025AD0411
:105F9000C3F80C22E20448BF45F48035A30348BF90
:105FA00045F48015A00748BF45F4001514F4001F00
:105FB00006D0D8F8000002F03DFB08B945F40025F2
:105FC000E1027C497C4848BF45F40035FA0648BFE9
:105FD00045F480050A6A730748BF45F0040585EA61
:105FE000020323F001031A4002621D40CB61734B90
:105FF00073481D62734B744A16F0010F18BF1A469E
:10600000836E7D0748BF42F40012704D82EA03019F
:1060100023EA0203AB666E4B41660A4000F500506E
:106020009A66C16B04F0010305F5005581EA03028D
:1060300021EA0301E96382631A40664BDA63D8F808
:106040000020200248BF644B92F8E92058BF634B00
:10605000610748BF43F4806322B114F4C06F18BFD6
:1060600043F480735E485F4CD0F8EC10320748BFB1
:1060700043F0004383EA010222F4A0221140C4F855
:10608000EC101340C0F8E820574ABDE8F047C2F8CA
:10609000EC30FFF7CBBEA0F580630B4306D020F4B5
:1060A0008063A3F500730B437FF41AAFFBF7E8FCA2
:1060B0003849D1E9003223EA060322EA050242EA1E
:1060C00008023B43C1E90032484A126892F8E920CD
:1060D0000AB313F4C06F1ED0434B4FF48072C3F861
:1060E000EC2014E0FBF7CCFC2A4AD2E9003123F083
:1060F00004033B4341EA080157EA0807C2E90031BB
:1061000014BF394A374A4FF48063C2F8EC30BDE817
:10611000F047FCF701BA334BDFE7FBF7B1FC1D4A50
:10612000D2E9003123F001033B4341EA0801C2E90F
:1061300000312F4A57EA08074FF0010315BF936358
:106140002C4902F1C062CB6314BFD3639363DEE7D3
:1061500050EA01037FF4C4AEBAF1010F7FF4C0AE80
:10616000FBF78EFC0C4A136823F0010343EA090392
:106170001360134A4FF48063B9F1000F04D05366E3
:1061800002F1C0629366C2E710498B665366BEE7B0
:10619000BDE8F087B8170020B417002000000844BD
:1061A0000000084000000846006008400060084405
:1061B000006008460040084000400844004008468F
:1061C00000500840041C50000418500000500844BF
:1061D00000500846007008460D0A0A09090A0A0913
:1061E000001008400010084400100846601300200A
:1061F0000070084000700844024B5868C0F3C000AB
:10620000704700BFB8170020024B186800F001006B
:10621000704700BFB8170020024B5868C0F3C03069
:10622000704700BFB817002010B50446FEF70CFFFA
:10623000FFF7AEFD04F14C00FDF726FEFEF7D2FE9F
:10624000FEF7B0FBFEF71CFCFFF73EFB1049114ABE
:10625000D1F8F810072304F1A400FFF77DFB4FF4F9
:1062600040010020FEF746FD4FF400110120FEF72B
:1062700041FDFFF7B5FC20B940F2E7221421FDF7FC
:1062800055FCFFF797FABDE810400120FEF7B8BDB6
:10629000001F00216C1F0021084B8022C3F88820BA
:1062A00003F17E430822C3F88820054AD2F8BC3E99
:1062B00023F02003C2F8BC3E704700BF00400846F0
:1062C00000100021F0B583B00646144602F05CF8D9
:1062D000002800F09B80514BDD6815F0060540F06A
:1062E0009580FBF7CDFB23790095022B07463ED125
:1062F000237B022B35D00320FEF7F2FC18B9484B64
:106300005B685B047FD5A37B257B4649A26801922D
:10631000003B18BF0123012D0B705DD0424A434C56
:10632000002313702278002A61D13C4E0420FEF72E
:10633000B5FBF36E23F0F85323F4F81343F05063E6
:1063400043F48033F3662A46022301A90420FEF7B2
:10635000C3FB002852D0364B012130222170C3F8F4
:1063600094203846FCF7D8F8002003B0F0BD032095
:10637000FEF7B6FC002846D12279D6F8AC30012AC7
:10638000226838D0D51A254B2A4A0095DA660022B1
:106390001A67627B284B002A0CBF012200221A7068
:1063A000264B264AD3F8BC3E0CBF43F0200323F013
:1063B0002003C2F8BC3E0320FEF770FB174B204AB7
:1063C000DA662279012369460320FEF785FBF8B1DE
:1063D0001C4B01221A708BE72379022B9ED0009B65
:1063E000D6F8AC100B4413440025019396E72370B4
:1063F000FFF782FC99E79A42C5D3C3E70320FEF773
:106400004DFB0C4BF3663846FCF786F80320ACE7EF
:106410003846FCF781F80120A7E700BF005008408C
:1064200000400840B2170020AF170020B01700202E
:106430000040084600000101B117002000100021B3
:10644000010C0100B31700202DE9F3410D4607466A
:10645000FBF716FB1B4BDFF8788000241C70FFF75E
:106460001BFF194BC8F86C30C8F8704006466879B5
:10647000431E5842584101F0AFFC40F60143C8F8B2
:1064800070302A792968D7F8B430012A01D19942AD
:1064900000D3CC1A04230DEB030103200194FEF773
:1064A0001BFB50B9094B88223046C3F88820FCF703
:1064B00033F8012002B0BDE8F0813046FCF72CF83B
:1064C0000020F7E7B3170020000001010040084456
:1064D00000500840F8B5194C05462078B0FA80F015
:1064E00040F206423E214009FDF720FB55B9607895
:1064F000B0FA80F0BDE8F84040F206423E21400983
:10650000FDF714BB0E4F0F4DD7F8A0304FF4406687
:10651000C3F381232370C5F8A0606078B0FA80F0DF
:1065200040F206423E214009FDF700FBD7F8A430B7
:10653000C3F381236370C5F8A460F8BDAC170020D5
:106540000000084000000844F8B50B4C0B4DD4F88F
:1065500088300B4F0423C5F88830D4F888305B03AB
:1065600000D4F8BD0426C7F888600220FEF73CFC82
:10657000C5F88860F1E700BF0040084000400846C9
:10658000004008441C4B70B5D3F888601B4D03F1E4
:106590008063A822C3F8882010221A60184A194B79
:1065A00093666B66FFF778FB174B1B7813B90320D4
:1065B000FEF774FA00242C67FFF7C6FF134A144B4A
:1065C000D2F8E41E0B40C2F8E43E124B0422C3F89A
:1065D0008820114BB206C3F8C44008D503F5807378
:1065E0009B6CB3F5817F22BF034B80229A60BDE88C
:1065F000704001F06DBD00BF0040084000500840F1
:106600000050084410000002B317002000100021C1
:10661000DF0000FF00400844001E002110B549B90A
:1066200018B3144A53681B0E13F00E0F1DD11368D4
:106630009A061AD4FFF78AFB0E4C0020FEF7ACFE38
:10664000032801D0092806D1D4F88C30DB03F4D418
:10665000636F0C2BF1D9FFF777FF074B0122DA604C
:1066600003F17E430422C3F88820044B4FF4C06238
:106670005A6210BD004008400040084600600844CF
:1066800008B503210920FEF7CFFD024B20229A60B6
:1066900008BD00BF0040084038B50546FBF7F0F9DB
:1066A0000446FDF7ADFB35B1FFF764FB2046BDE8BE
:1066B0003840FBF731BF084B1B78002BF6D0074B57
:1066C0001D78002DF2D1FFF755FB2A464FF480408C
:1066D0000021FFF7CBFBE9E7AF170020AE17002042
:1066E0002DE9F84F524B0546D3F888300E46144634
:1066F000002A40F0998013F0A00F14BF4FF0010959
:106700004FF00009DFF844814A4F01F0E1FCA0237B
:10671000C8F888300320FEF7C1F90420FEF7BEF95F
:106720004FF0000AFFF726FB434BFB66C7F870A04B
:10673000FFF70AFF414BD3F8BC2E42F02002C3F80A
:10674000BC2EFF22C8F80020394A4FF480719160B6
:10675000D3F8E42E3A494FF0040B1140C3F8E41E7D
:10676000C8F888B0C3F8C4AEFB6813F0060F04D0B5
:10677000FEF7E4FA5846FEF791F9B9F1000F08D098
:10678000304B4FF40062C3F888202F4B4FF4004287
:106790005A6665B12C4B5B6C190701D4FFF7D6FA2A
:1067A000FFF76EFF0420FEF779F9FFF775FA204B2B
:1067B000DA68D20736D55A6812F0706FFBD1234DD4
:1067C000234B244AC5F88830936B23F0F00393637E
:1067D00016B12046FFF760FF0123EB6014B31A4B9C
:1067E000DA6E9A66124A136A23F00103D3611A4BD8
:1067F000D3F80C22C3F80822A3F54053DA6F9A6746
:10680000A3F50053D3F8EC20C3F8E82003F5C04308
:10681000DA6B9A63A3F50053104A5A664FF60843A1
:10682000C5F88830BDE8F88F4FF000096AE700BF6F
:106830000040084000500840000001010010002105
:10684000DF0000FF00400846000008400040084408
:1068500010003000001F0021006008405000F002CE
:106860009A4B196EDA6E2DE9F04F01EA0209C3F86E
:10687000689003F5805385B0D3F8E060D3F8EC203E
:106880001640C3F8E86003F5A043D3F80012D3F82C
:106890000C2201EA020AC3F808A2A3F500535969C1
:1068A0001A6A01EA02088A4A08EA0202DA61894B96
:1068B000D3F80022910006D4D3F800319A00C3F334
:1068C000407740F1E180FBF7DBF8834BDA68DF6D5E
:1068D00012F0060F9A6E07EA020727F4800222F4EC
:1068E000006214BF4FF0010B4FF0000B5A667B079C
:1068F00004D57A4A537D0133DBB25375FBF70CFEA6
:10690000B9F1000F00F0DF8019F4004427D0FBF745
:10691000B7F80146FFF7DAF96F4D0446AA69AB698B
:106920009A42FCD0AA699342FCD0FFF7CFF9A0426B
:1069300040F0AC800846FBF7EFFD694B1C60694BEB
:10694000D3F8885015F4E05240F0A28024F07F4440
:1069500024F0DF040CB9FFF715FE4FF0807419F036
:10696000020F4FF0000516D05E4B5F49D3F8883018
:1069700003F46042C1F88820002A00F09E801D04C4
:1069800000F19E8013F4005F0CBF4FF000534FF0F6
:1069900000631C430025C9F340394FEA4909534BB2
:1069A0003340002B4AD016F4206F0AD040F60F0275
:1069B00006210020FDF7BAF80020FFF76DFE26F44F
:1069C0008026F00506D5484BFF221A6044F4C064C7
:1069D000FFF7BCF916F0090F0AD040F6240208218F
:1069E0000020FDF7A3F8FFF74BFE414B01229A620E
:1069F00016F0106F0CD040F62D0209210020FDF793
:106A000095F8FFF73DFE002211461046FDF7D0F93C
:106A100016F4202F0AD040F6350207210020FDF79A
:106A200085F80020FFF738FE26F48026F10301D513
:106A3000FDF70EFB002EB8BF49F0080972070DD50F
:106A40002B4B5B6A13F4005F14BF2A4A2A4A4FF4A7
:106A500000531ABF536244F400045362730548BFE5
:106A600044F0040416F4802600F0AA80FDF7BAFA78
:106A70000138062842D8DFE810F021012401210165
:106A800027012A012D012D01BB4639E7044645E7C0
:106A90000192FFF777FD144B019AC3F8882015F493
:106AA000805307D115F4806F0CBF4FF080544FF026
:106AB000806454E74FF0804451E74FF0007368E77B
:106AC0004FF0004365E74C464D4668E7000008403C
:106AD0000000F7FF00E100E000500840C017002070
:106AE000A81700200040084000400844090B0B890B
:106AF00000100840001008440010084640F66602E6
:106B000003210020FDF712F87C4A136ED2F88000B2
:106B100003F007030633012101FA03F3C0F30C006D
:106B20001B1A9BB2072B13D9754BD3F88830580228
:106B30000ED47448136B126DC06C58B103F0070388
:106B400006339940C2F30C03C91A89B2072901D848
:106B500044F400746C4B1B78002B31D0674BD3F896
:106B6000E03013F4A02F2BD1684B694A1B7893B9FE
:106B7000FB0410D4137873B1E308664943EA457304
:106B800083F00103D1F8E41E03F001035B0021FA56
:106B900003F3980714D10420FDF780FF5E4B5F4993
:106BA000D966FFF7E7F85A4A13782BB95C4B5D4A70
:106BB0001B682340134201D144F4804427F48057DA
:106BC000BAF1000F1DD01AF4805F18BF44F480247E
:106BD0001AF4807F18BF44F400241AF4005F18BF31
:106BE00044F010041AF4007F18BF44F020041AF493
:106BF000806F18BF44F040041AF4006F18BF44F0CF
:106C00008004B8F1000F3BD018F4802F18BF45F472
:106C1000007518F4803F18BF44F4805418F4801FA6
:106C200018BF44F4003418F4001F18BF44F00204E5
:106C300018F4003F18BF44F4801418F4800F18BFF4
:106C400045F0100518F4002F1AD0324BD3F8BC3E93
:106C500013F0C00F14D02A4B5A68C2F30362032A00
:106C600001D0072A07D1D3F88C20D10603D4D3F85A
:106C70009020120731D54FF40022DA6128F4002861
:106C8000002F00F00D81380540F18180264ADFF8A1
:106C900088A0D378002B4DD0013B4FF40061DBB2CC
:106CA000CAF86410D37033B9204B1B78C3B1204BA2
:106CB00040F60142DA660023002266E044F48034A4
:106CC00022E744F400641FE744F480641CE744F4C2
:106CD000807419E744F0080416E744F40014CFE781
:106CE000DAF8703013F4A05F15BF4FF4807340F6EC
:106CF0000143CAF85030CAF87030DCE70010084091
:106D00000040084000000840B0170020AF170020E6
:106D1000B1170020001000210050084000000101C0
:106D2000B8170020088D010074170020B317002049
:106D3000005008460320FDF7B1FEDAF80C30A848F1
:106D4000A84913F0060F02BFA74B41F61F72DA667F
:106D50004FF40063CAF86430DAF80C3013F006031D
:106D600008BFCAF87030C38A13F4006260D023F4FD
:106D70000063C3820B7803F0FF0A002B5CD1FDF7A0
:106D8000DDFFFFF7FFFB534620221C431543B901EB
:106D90000BD52E20FEF7BEF8934A4FF00073936692
:106DA00002F17C4245F008055366FA0608D52B200F
:106DB000FEF7B0F88C4A1023936602F17C425366CA
:106DC00017F4E00F05D1FB045ED5BBF1000F00F016
:106DD000AC80B80210D52920FEF79CF8FFF70CFA1A
:106DE00040B18249824A834B53668B668249496827
:106DF000490424D445F0040517F4800BDFF8F0A112
:106E000029D00420FDF74AFE2720FEF783F8FFF77C
:106E1000B9FB4FF48003CAF86430784BD3F8E42E02
:106E200050067CD4764B02221A6045F0020528E019
:106E30000B784FF40053A8E74FF400433CE76A494E
:106E400020208B665366FEF765F82D2045F00C0573
:106E5000FEF760F8D0E7FA024CD50420FDF71EFEDD
:106E60002820FEF757F8DAF87030002B3FD1FFF7F3
:106E700089FB5D4A5F4B936602F17C4245F0010558
:106E800053665B4B00221A657B0509D55D4A9378F2
:106E9000002B00F09880013B9370002349EA03091E
:106EA0004A4620462946FEF7E1FF0EB1FDF7C2F83B
:106EB00018F4002F00F08C804F4B4FF40022DA6161
:106EC00018F0206F00F0888018F0007F01D0FDF7E7
:106ED000A7FB18F0006F01D0FDF7BEFB00220020D9
:106EE0004FF4006105B0BDE8F04FFEF7BFBFCAF830
:106EF00070B0BEE7FB04C4D50420FDF7CFFD424BC4
:106F0000CAF86C30FDF71AFFDAF85C3013F4A00F02
:106F1000B7D12A20FDF7FEFFFFF734FB7DE7D3F85A
:106F2000BC3E990681D4394B7DE7364A13794BB183
:106F3000013BDBB2137113B92C4B354ADA660023DF
:106F40001C43A1E70420FDF7A9FD0320FDF7A6FDE2
:106F5000274B2D4ADA66FAF793FD82460DF10F00B2
:106F6000FEF71AFA2B4B1B7883460BB1FEF7EEFEA9
:106F7000BBF1030F0ED1DFF880B00020FEF70CFA52
:106F8000032807D1DBF88C30DA03F6D4DBF8743051
:106F90000C2BF2D99DF80F30032B06D11E4B01228A
:106FA00050461A70FBF7B8FAC9E71C4BD3F8E0302B
:106FB00013F4A02FF2D1FEF7DDFE5046FBF7ACFA3A
:106FC0004FF48043BCE70220FDF768FD012365E72D
:106FD000B8F1000F7FF474AF05B0BDE8F08F00BFCB
:106FE000C0170020B3170020005008440050084686
:106FF000005008401000000200400840001000212E
:1070000000400844741700200000010100400846B9
:107010000000010DB2170020AF170020001008403B
:10702000014B1B68184700BF54000020FFF718BC35
:10703000FFF716BCFFF714BC0B4B10B55C691A6A5E
:107040001440A2B2DA61E20704D55868C0F30360C5
:10705000FAF78DFD630706D5BDE810400422002035
:107060000021FEF703BF10BD00400840FFF7F8BB4A
:107070000C4A08B5136BD16B0B409363DB070FD53C
:10708000094B187840F6AC22122100F00100FCF701
:107090004DFDBDE80840002201200021FEF7E6BEBC
:1070A00008BD00BF00700840B8170020044BDA6F1D
:1070B000D207FCD41A6FD96F0A409A67704700BF95
:1070C0000030084070B50D461446FAF7D9FC064B5F
:1070D000D3F8BC6E74402C407440C3F8BC4EFBF730
:1070E0001BFA05EA060070BD00100021034BD3F81F
:1070F000BC3E99430CBF01200020704700100021C6
:107100007047436B03F06003402B0DD0602B03D01E
:10711000203B58425841704749B10B68012B06D9B2
:10712000486940F00100704740F2011070470020AC
:107130007047000009490A4AD1F8EC0010B5042351
:107140000124C2F8EC308C624FF4005151624107C7
:1071500044BF02F10072C2F8EC3010BD00100840CC
:107160000010084437B5204D0C4641B90A460721A6
:10717000FFF7A8FF1D4B2C635C6003B030BD0722F6
:107180001146FFF79FFF1A4B07225A60237985F8B3
:10719000303063790193012101A801F04DFA019B80
:1071A000C2B2D34000F00F0040EA031085F831006E
:1071B000A27985F83220E27985F833202068686367
:1071C00083B1028801218B4205D82379013B134406
:1071D000084A9361D1E730F81150AA4228BF2A46E5
:1071E0000131F0E71A46F0E7001F0021301F0021AF
:1071F0000000084400000840431C07D0044B6FF017
:10720000FF029A6103F1007310409861704700BF5C
:1072100000700844034670B10268022A0BD9426A22
:1072200012F47F4FC2F3072006D01B6AD2B25A4332
:10723000B2FBF0F0704700207047000000F0180328
:10724000182B0AD003070AD410F0100040F20113E3
:1072500018BF1846034BD86470470020FAE7012096
:10726000F8E700BF001F0021344B2DE9F7431E68EB
:1072700001F4007900F00103174653EA09020546BC
:107280000C462ED04FF0000803B30023002201204B
:107290000021CDE90088FEF701FE41463046FEF7A9
:1072A00011F8414670830120FCF7CCF9716B06F1AF
:1072B000A400FEF785F822490868FFF79DFF4FF00C
:1072C000FF330B60337C43F004033374B9F1000FD8
:1072D00007D001213046FCF7DBFB24F400740543A2
:1072E0000C43D6E93E232A40234052EA030103D04F
:1072F0001449304609688847FB070FD51249134ADD
:107300000868136800211160114A0121117003B14E
:107310009847104B00215B680220984717F00E0F2A
:1073200008D040F2F3123B21002003B0BDE8F04347
:10733000FCF7FCBB03B0BDE8F08300BF6013002086
:107340005C00002060000020E8170020EC170020FF
:10735000F017002028000020F7B50446D4E93EC706
:107360001046DDE908268CEA020587EA0601054099
:10737000194085EA0C057940C4E93E5123F40041E7
:1073800006EA010320F00100002543F400730240E7
:1073900043F00203CDE90055FEF780FD237C9A07F8
:1073A00017D5D4F8FC309B0513D54FF4881120462F
:1073B000FCF76EFB237C65F341032374D4E93E2381
:1073C00002400B4052EA030103D0034920460968FA
:1073D0008847002003B0F0BD6000002038B103688A
:1073E000044A002B08BF1346034A13607047014B41
:1073F000FAE700BF0171000060000020024B986BAB
:1074000000F00F00704700BF001F00210F2938B5A2
:1074100005460C460ED800F0BFFF01280CD1074AE4
:10742000936B23F00F0323439363284601F00FF877
:10743000002038BD0120FCE70220FAE7001F0021F0
:10744000014BD86B704700BF001F0021014B00208B
:10745000D9637047001F002103282DE9F7434CD85A
:10746000274B13F80080274B1E5C274B13F8009026
:10747000FAF706FB0746FEF7C7FE054640B10023B4
:10748000CDE900330022002301200021FEF706FD94
:10749000FEF7C2FE48B10023CDE9003300220023ED
:1074A00000204FF40041FEF7F9FC26B3174B5C6C4B
:1074B00004F00804164B31465C644046FFF7AEF812
:1074C0004A4631464046FFF70BF9124B5C6465B102
:1074D000114B1868416BA430FDF772FF0F49086823
:1074E000FFF78AFE4FF0FF330B60384603B0BDE86C
:1074F000F043FBF711B83446DCE703B0BDE8F08396
:107500005C96000058960000549600000000084069
:107510000000084400000846601300205C000020C2
:10752000104AD2F8883013F0A00F16D1D2F88C0090
:1075300010F0040013D10C4BD3F8E43E23F07F434A
:1075400023F0FF035BB15368C3F30362092A07D03A
:10755000B2F10C0018BF01207047002070470120D5
:10756000704700BF004008400010002170B50D4674
:10757000064620B9194B1B68A3B1032011E000F0A7
:107580000BFF012828D1164B93F90040C4F11C04CD
:10759000641BC4F11C03002BB8BF5B42232B0CDD22
:1075A000012070BD81EAE173A3EBE173DBB2232B11
:1075B000F6D80B4B19700020F3E7B574FAF760FAB0
:1075C000084A5369E40223F4FF2304F4FF241C4314
:1075D0005461FAF7A1FFEEE70220E2E76013002012
:1075E000E01700200070084090F8C23053B9074BF4
:1075F000DA69920208D49B6F13F4706F14BF0120F4
:10760000002070470020704701207047006008404C
:10761000F8B5436B02EA010523EA01032B434363F8
:10762000344A01F00B030C4623EA0501516402F1D0
:1076300000722B4061070646536411D50121FFF704
:10764000D3FF68B1FEF780FF15F0040F14BF2A4A7C
:107650002A4A4FF40073D361294B0422C3F88820CF
:10766000E20606D515F0100F264B14BF00221B2290
:10767000DA6423061DD52F0616D51F4B4FF40012D2
:107680009A6103F17E430122C3F8F820FAF7F8F972
:107690000E2107460320FDF7C7FD1A4B40F20122D9
:1076A0005A623846FAF738FF294606F1A400FDF77A
:1076B00087FEE00503D5E90516D5FDF77FFDA20598
:1076C00003D5AB0513D5FDF789FD14F0600F09D084
:1076D000D6F894103046FFF714FD0B4B98640B4B13
:1076E00080229A600020F8BDFDF760FDE7E7FDF716
:1076F0006DFDEAE7000008440060084600600844A9
:107700000040084400000840001F002100400840DD
:10771000014B9869FDF79ABD00600840D0F894309D
:107720004BB11A68022A06D993F8250028B11B6AC2
:10773000B3FBF0F07047FBF797BF7047014B9869B8
:10774000FDF79ABD0060084008B50146D0F89400E6
:10775000FFF760FD20B9BDE808400846FBF786BF8B
:1077600008BD000070B50E46FAF78AF9054600F02C
:1077700037FE044620B12846FAF7CEFE204670BDFB
:10778000FEF7E2FE114B3278D3F8E43E022A23F0F2
:10779000F00316D0101F42424241520043EA021346
:1077A0007278022A0FD0111F4A424A41520043EA1E
:1077B0008213064AC2F8E43E054B0422C3F888202F
:1077C000D9E70122EAE70122F1E700BF001000211A
:1077D0000040084470B50E46FAF752F9054600F02D
:1077E00017FE044620B12846FAF796FE204670BDE3
:1077F000FEF7AAFE104B3278D3F8E43E022A23F0BB
:107800000F0315D0101F42424241520013437278B9
:10781000022A0FD0111F4A424A41520043EA820312
:10782000054AC2F8E43E054B0422C3F88820DAE793
:107830000122EBE70122F1E700100021004008449B
:10784000F8B50E7890F8D070044630460D46FCF737
:1078500013FD002844D094F8D030B34208D1AA8850
:10786000636C9A4204D16A88B4F8D2309A4235D017
:1078700084F8D060AB88A4F8D4306B88A4F8D230F8
:10788000AB886364FF2363753046FCF7B3FD04F1F6
:10789000D00520752846FDF70DF810BB2846FCF7EB
:1078A000E1FCF0B9D4F8903053B194F8D010B9425B
:1078B00006D0B3F912202046FAF75AF984F8D90015
:1078C0002046FCF7F9FE0949A4F8D400084AD1F88B
:1078D000F810012304F1A400FEF73EF80020F8BDE3
:1078E00001200E2384F8D030F9E700BF001F0021EB
:1078F0006C1F002170B5054690F8D0000E280C468C
:107900001DD0FF291DD01AB10F4B4FF0FF321A6066
:10791000FCF770FD064695F8D000FCF757FD844251
:1079200028BF0446E4B2B44238BF3446E0B26875BA
:10793000FCF70AFEA0F1FF035842584170BD022037
:10794000FCE70120FAE700BF3400002010B590F8F2
:10795000D0300E2B04462BD00175D0F8900020B308
:10796000D4F8A0304BB994F8D9308B420BD32046D1
:107970000022BDE81040FFF7BDBFB4F92420B0F9E4
:1079800012309A42F3DD94F8D91000222046FFF716
:10799000B1FF60B9C4F890002046FCF700F801463A
:1079A0002046BDE81040FBF7A7BFFF23637510BD5D
:1079B0000220FCE70346D0F8D0000860B3F8D430CA
:1079C0008B80002070470000C36B012B01D1002089
:1079D000704770B5364BD0F89060D3F8F830C0F8E7
:1079E000943086B03146058B0446FDF739FEB389E5
:1079F0008DF80600D6E90121EB1A9BB201FB0322A8
:107A000068460021ADF804300092FDF78BFE38B9CE
:107A1000284B228BDA63FCF71BFF20B106B070BD48
:107A2000022006B070BD227C60F341022274FDF793
:107A30008DFAD4F890305969431EDBB2096802917F
:107A4000FD2B02460BD9CD1C09D91B4B01311B68FC
:107A50000CD0D81C07D802A92046029301E002A945
:107A60002046FCF7CFFB002006B070BDD91C04D81F
:107A700002A920460293FCF7C5FBD4F8FC309B0515
:107A800004D4237C43F002032374ECE74FF48031E9
:107A90002046FBF7FDFFD4E93E2302400B4052EAAB
:107AA0000301E0D00549204609688847DBE700BFAD
:107AB000001F00210030084044000020600000202A
:107AC0004FF48071FFF712BB38B590F8DC400546E3
:107AD000ACB1F9F7D5FF0A4B1F22DA61013C03F183
:107AE00000731440DC6103F17A43D5F8E0201A6694
:107AF000D5F8E4205A66BDE83840FAF70DBD38BD28
:107B0000006008442DE9F74F06461546084619B9A6
:107B1000012003B0BDE8F08F002AF9D0032904D872
:107B20000021FCF7A9FA0028F2D0827804880379B2
:107B300090F805B0C788B0F90000002802F00701EE
:107B4000C0F2D180A1F1070CDCF1000040EB0C0089
:107B5000052928738CBFC2F300100020C2F3801CDB
:107B60006873900985F810C000F00200C2F3C00CE1
:107B700040EA0C00C2F340126874AA74AF820BB9D9
:107B800096F8CA30013BDBB2EB74736BD80600F198
:107B900096800639012900F29280544BDB6C544BDD
:107BA0005A6B1B6B03F0070306334FF0010909FA08
:107BB00003F909F1FF39083C42F0005804EA0904CE
:107BC000002318F804A0AB60013404EA0904631D23
:107BD00003EA09035A1C02EA090218F8037018F8AC
:107BE0000220BAF1800F47EA0227727C18BFAAF17F
:107BF000320A3BB214BF4FFA8AFA6FF07F0AC7F31A
:107C00000B079AB30020D6F89C300BB15146984729
:107C1000631C03EA0903E87385F80EA018F8031043
:107C2000013303EA090318F80320013303EA0903C7
:107C300041EA022118F80320013303EA090341EA6B
:107C4000024118F803006A7C002341EA00613046D3
:107C5000FDF7A8FF2860737C042B03D1022FDCBF43
:107C6000013028600423AB71002052E7D90422D5EB
:107C7000D6F894209AB11368022B10D992F82400F8
:107C8000FB0008B1B3FBF0F39B45BBD8002BB9D088
:107C9000CBEB0B20B0FBF3F0C043C0B2B3E73046F0
:107CA000FFF752FD01903046FFF738FD019BB3FB13
:107CB000F0F0C0B2E4E718F804004000EDE700235C
:107CC000EB730C4BDA68C2F30723120448BF63F06E
:107CD000FF035AB212F1800F1CBF323B5AB200238D
:107CE000AA732B60BFE7022013E700BF0000084023
:107CF0000010084000700840F8B597790646144611
:107D0000FFF700FF054640B9A37933B1A7713046AC
:107D1000FFF71AFD2146FDF7FDFE2846F8BD3F2B73
:107D2000084610B5114619D9B3FA83F3C3F1190205
:107D3000D2B2062A01D8192B0ED0062A28BF062255
:107D4000931DDBB201249C40A4B2A14228BF21466E
:107D5000FBF7A0FF204610BD0022F1E70024F9E761
:107D600013883F2B10B5084616D9B3FA83F3C3F135
:107D70001901C9B2062901D8192B0BD0062928BF31
:107D800006218C1DE4B20123A3401380FBF7A0FF62
:107D9000002010BD0021F4E70120FAE7FFF7CAB97F
:107DA00070B50A4B0A4DD3F8EC604FF48064C5F807
:107DB000EC400020FEF770FC4FF400536B65730538
:107DC00044BF044BC3F8EC4070BD00BF0010084036
:107DD0000010084400100846082318B1024AC2F8EF
:107DE00088307047014AFAE70040084600400844DE
:107DF00010B5084614460121FDF782F920460121FD
:107E0000BDE81040FDF77CB9F8B504460E4641B90F
:107E1000037C5A0641BF4FF6FF7261F386138283DB
:107E200003743C4BD4F894701B680BB12046984700
:107E3000394BA18BD3F8842012F4E05F04BF2022D9
:107E4000C3F810224FF6FF73994204D0334B1B68DE
:107E50000BB120469847324DD4F894102A689142CD
:107E600007D02046FFF74DF92E4B98642E4B80200B
:107E70009860974245D02D4B1B684BB11FB13A68B3
:107E8000002A40D0BF68394620469847D4F894105D
:107E90000846FFF7BFF930B32549FDF7CFFC0727A8
:107EA0002046FCF709FC16B3224B94F9122093F9F3
:107EB00000302149D4F89400C3F11C039B1A4A698D
:107EC000DB0222F4FF2203F4FF2313431B4A4B611E
:107ED0001B4B286006211167204601221A7000F012
:107EE000B6FA0020F8BD2046FBF7C0FBD4E70D4BE7
:107EF0000F4AD3F8F81004F1A4003B46FDF72CFD1F
:107F0000D2E70127CCE71746394620469847D4F8F0
:107F10009410BDE7F417002000600840E41700202B
:107F2000D8170020001F002100400840DC17002067
:107F30006C1F0021E017002000700840000008447A
:107F4000E117002002484822002101F031B900BFAA
:107F5000E81E0021002373B583746423C0E92C3329
:107F6000C0E92E334FF0FF35C0F8AC30A0F8C03078
:107F70000E264FF6FF73C0E9075580F8D0604564C0
:107F80008582837504461120FAF796F9042834D1C6
:107F90001B4B5B6813F4403F2FD12046FEF744F99A
:107FA0002046FFF7CFFF94F912102046FFF7DEFAC4
:107FB000144A6023536402F5805240F6FF71516207
:107FC0005165114A5364114B4022C3F88820626BFB
:107FD00029462046FFF71CFB002240F202231046F0
:107FE0001946CDE90066FDF759FFFCF7D9F920469F
:107FF00002B0BDE87040FBF761BD022002B070BD69
:1080000000300E40000008400000084600400844D0
:1080100070B50C68B0F8D4208D680346013404BFF5
:10802000D3F8AC400C604C68013404BFD3F8B840BE
:108030004C606E1C00F1A40038D1D3F8B440CE6877
:108040008C60751C38D1D3F8B0500E69CD60013604
:1080500004BFD3F8A4600E614E69013604BFD3F8A3
:10806000A8604E618E69013604BFD3F8BC608E6192
:108070008E693EB34132B24238BF32460E688A61E1
:10808000C3F8B4404C68C3E92E420A69C3F8A4207F
:108090004A690D49C3F8A820C3E92B650B4AD1F8FA
:1080A000F8100723FDF758FC002070BD02F14104D1
:1080B000AC4238BF2C46C2E702F16405B54238BF76
:1080C0003546C2E76422D9E7001F00216C1F00215A
:1080D00038B5F9F7D5FC0B4A13884FF6FF718B4280
:1080E00003D1FAF719FA032038BD074C074DE565AF
:1080F00004F100741B04E3651180FAF70DFA002007
:10810000F2E700BF58000020006008440000FFFFB5
:108110002DE9F34105460F461446FFF701FA80B1F9
:10812000DFF81882D8F80C30DE0740F1EA80F9F762
:10813000A7FC06460320FCF7D3FD38B13046FAF71A
:10814000EBF90226304602B0BDE8F081D8F80C30D9
:1081500013F0060FF2D13046FAF7DEF96A4B4FF40E
:1081600000612846D3F8E48ED3F8C46EFEF7BEFF54
:1081700040B1664B4FF400720121C3F888200846D5
:10818000FBF760FA39462846FBF7B6FB5E4BC3F8AF
:10819000C46EC3F8E48E06460028D3D12B7CD806E3
:1081A00001D4002C66D0C4F34000FEF793F914F418
:1081B000807F14BF564A554A4FF002031BBFC2F8D6
:1081C0008830544AC2F8883000211CBFD1609362C5
:1081D0004D4BD3F8BC7EFEF7B7F94F4A14F0040FAD
:1081E00007EA02034FF480616BD04C489342C161AF
:1081F00006D14B4A92F8D03043F0020382F8D030D7
:10820000424B042214F0400FC3F8882014BF454AA3
:10821000454A40232046C2F88030FFF70FF8284631
:10822000FFF74EFC40B114F0010F14BF384A374A33
:108230004FF48073C2F88830A1064CD56B8C4FF692
:10824000FF7293420FD0394A3949D26D100CC2F3F4
:108250000112088001323749B3FBF2F32F4A364846
:10826000C8651B04D3652B7C003C18BF012464F354
:1082700004132B74284600F0E7F8F0B12846FFF706
:108280001FFCD0B14FF400312846FEF72FFF431CEE
:108290009BB203221F4801A9FBF780FD9DF8042033
:1082A00002F00703052B9DF805301DD1120715D4E8
:1082B00043F480731A4AC2F8CC300020FBF7B9FFB0
:1082C00040E71C489342C1619AD1154A92F8D030D8
:1082D00023F0020392E7FFF7FBFEC4E713F0040F5D
:1082E00009D19DF80630E3E703F03002202A05D1DA
:1082F00013F0010FF4E74FF48073DBE79DF80630CD
:10830000D8E703261EE700BF001000210040084404
:108310000040084600100840800000400060084609
:10832000001E0021007008460070084400600840EC
:1083300058000020006008440000FFFF0050084083
:1083400038B504461D46FFF7E3FE28B92946204606
:10835000BDE83840FEF778B838BD7047054BD3F814
:10836000880003F180634FF40022C3F88820C0F333
:10837000C040704700400840014B024A1A607047F5
:10838000DC17002065710000024BD86800F0010086
:10839000704700BF005008400F4B5B68C3F3036396
:1083A000013B0B2B0FD8DFE803F006060C06060690
:1083B00006080A08080802207047042070470520B4
:1083C000704703207047054BDB6813F0060F0CBFA6
:1083D00001200420704700BF0040084000500840C2
:1083E0000A4A5368C3F303630B2B08D06FF4905011
:1083F000184100F0010080F0010040007047D2F801
:10840000880010F48030ECD1704700BF0040084075
:108410000C4A5368C3F30363062B07D8042BD8B266
:108420000CD8C31E5842584140007047072B07D153
:10843000D2F8440110F00050EBD170470220704791
:1084400000207047004008408021FEF74FBE38B53D
:108450000546FEF7F5FF04462846FEF7CFFF07283E
:1084600011D1D5F89030DB6924F47F4121F0080167
:1084700003B15B7841EA032141F020012846BDE8C1
:108480003840FEF7E3BF24F02001F7E708B5437C4E
:10849000033BDBB2072B96BF044A0021D15CFEF7F9
:1084A000D5FFBDE808400120FCF742BD6096000002
:1084B000012310B580F8C2302823C0F8A830042367
:1084C0004374054B04461968FBF734FA2046FFF75E
:1084D000DDFF002010BD00BF0CB10000012310B56E
:1084E00080F8C2302823C0F8A83002234374054B1B
:1084F00004461968FBF71EFA2046FFF7C7FF002065
:1085000010BD00BF10B1000010B50446FFF7E6FF34
:108510002046BDE81040FFF7B9BF0000F8B5D0F81D
:10852000E0308B4204460D46164601F0010703D1A8
:1085300090F8DC30202B19D04FB3002E14BFAA23A3
:10854000552393FAA3F31B0B03F4702395FAA5F2BA
:1085500043EA12432364202384F8DC300023C4F868
:10856000E050C4F8E4302046FFF7AEFA164A174947
:108570000F23D365164BDFB15EB90120D865C2F871
:10858000FC10226CC2F31302C3F8FC20F8BDAA232E
:10859000D7E70220D865C2F8FC10226CC2F31302A0
:1085A000C3F8FC200B4BE5640222C3F8B820EDE7CA
:1085B0000220D865C2F8FC10226CC2F31302C3F883
:1085C000FC20002EE2D0EDE700600844FFFF0F0022
:1085D0000060084600100840134A072310B5536393
:1085E000124C134B89B14421E16240F0400001215B
:1085F000206359634FF48043C2F8A030C2F8A4301E
:10860000C2F8A830C2F8AC3010BD4FF48042E1622D
:1086100021635963C3F8A020C3F8A420C3F8A8209D
:10862000C3F8AC20F0E700BF000008440000084099
:10863000000008460020704700228A4202D14FF015
:10864000FF30704750F8223093FAA3F30BB9013290
:10865000F3E7B3FA83F000EB4210704753B94AB91D
:10866000002908BF00281CBF4FF0FF314FF0FF303A
:1086700000F06AB9ADF1080C6DE904CE00F006F81F
:10868000DDF804E0DDE9022304B070472DE9F0478E
:10869000089D0C46002B4ED194468C458646B2FA76
:1086A00082F262D94AB1C2F12003914020FA03F369
:1086B0000CFA02FC194300FA02FE4FEA1C471FFAAB
:1086C0008CF6B1FBF7F44FEA1E4307FB141143EAA3
:1086D000014304FB06F199420AD91CEB030304F1A0
:1086E000FF3080F01381994240F21081023C6344D4
:1086F000591A1FFA8EF3B1FBF7F007FB101143EA8A
:10870000014300FB06F69E420AD91CEB030300F16D
:10871000FF3180F0FD809E4240F2FA8063440238CF
:108720009B1B40EA044000211DB1D3400022C5E953
:108730000032BDE8F0878B4205D90DB1C5E90001D3
:1087400000210846F5E7B3FA83F1002946D1A34298
:1087500002D39042C0F0F180861A64EB030301203B
:10876000002DE6D0C5E90063E3E7002A40F09180E0
:10877000A1EB0C044FEA1C481FFA8CF70121B4FB53
:10878000F8F64FEA1E4308FB164443EA044307FB8E
:1087900006F0984208D91CEB030306F1FF3402D21D
:1087A000984200F2CE8026461C1A1FFA8EF3B4FBC4
:1087B000F8F008FB104443EA044300FB07F79F422C
:1087C00008D91CEB030300F1FF3402D29F4200F2F0
:1087D000B1802046DB1B40EA0640A5E7C1F1200638
:1087E0008B4022FA06F71F4320FA06FC04FA01F335
:1087F00043EA0C03F44000FA01F8380C4FEA13493D
:10880000B4FBF0FE1FFA87FC00FB1E4449EA044457
:108810000EFB0CF9A14502FA01F20AD93C190EF13E
:10882000FF3A80F08580A14540F28280AEF1020ED1
:108830003C44A4EB09041FFA83F9B4FBF0F300FBFA
:10884000134449EA044403FB0CFCA44507D93C1932
:1088500003F1FF3068D2A44566D9023B3C4443EAA9
:108860000E40A0FB0293A4EB0C049C42CE469C4617
:1088700052D34FD055B1B8EB0E0364EB0C0404FA9D
:1088800006F6CB40CC401E43C5E900640021BDE89C
:10889000F087C2F1200320FA03F10CFA02FC24FA5B
:1088A00003F394400C434FEA1C4800FA02FE1FFAFF
:1088B0008CF7B3FBF8F008FB1031230C43EA0143BB
:1088C00000FB07F1994208D91CEB030300F1FF36C6
:1088D0002CD299422AD9023863445B1AA4B2B3FB62
:1088E000F8F108FB113344EA034401FB07F3A34208
:1088F00008D91CEB040401F1FF3613D2A34211D9AD
:1089000002396444E41A41EA004138E70446EFE6DC
:10891000084605E7C845ADD2B9EB020E63EB070C7C
:108920000138A7E73146EDE7034698E73046D4E73C
:10893000D6467EE7634402384CE70646234608469F
:108940000EE7023E63442FE7704700BF81F000410D
:1089500002E000BF83F0004330B54FEA41044FEA24
:10896000430594EA050F08BF90EA020F1FBF54EABF
:10897000000C55EA020C7FEA645C7FEA655C00F05B
:10898000E2804FEA5454D4EB5555B8BF6D420CDD2C
:108990002C4480EA020281EA030382EA000083EAAF
:1089A000010180EA020281EA0303362D88BF30BD4F
:1089B00011F0004F4FEA01314FF4801C4CEA1131A5
:1089C00002D0404261EB410113F0004F4FEA033304
:1089D0004CEA133302D0524263EB430394EA050F8F
:1089E00000F0A780A4F10104D5F1200E0DDB02FAFE
:1089F0000EFC22FA05F2801841F1000103FA0EF292
:108A0000801843FA05F359410EE0A5F120050EF157
:108A1000200E012A03FA0EFC28BF4CF0020C43FA88
:108A200005F3C01851EBE37101F0004507D54FF095
:108A3000000EDCF1000C7EEB00006EEB0101B1F5E5
:108A4000801F1BD3B1F5001F0CD349085FEA30002B
:108A50004FEA3C0C04F101044FEA445212F5800F36
:108A600080F09A80BCF1004F08BF5FEA500C50F1D3
:108A7000000041EB045141EA050130BD5FEA4C0CB6
:108A8000404141EB0101013C28BFB1F5801FE9D213
:108A900091F0000F04BF01460020B1FA81F308BF36
:108AA0002033A3F10B03B3F120020CDA0C3208DD02
:108AB00002F1140CC2F10C0201FA0CF021FA02F1DD
:108AC0000CE002F11402D8BFC2F1200C01FA02F14D
:108AD00020FA0CFCDCBF41EA0C019040E41AA2BF72
:108AE00001EB0451294330BD6FEA04041F3C1CDA3A
:108AF0000C340EDC04F11404C4F1200220FA04F05A
:108B000001FA02F340EA030021FA04F345EA030103
:108B100030BDC4F10C04C4F1200220FA02F001FAC5
:108B200004F340EA0300294630BD21FA04F0294647
:108B300030BD94F0000F83F4801306BF81F48011E0
:108B40000134013D4EE77FEA645C18BF7FEA655C53
:108B500029D094EA050F08BF90EA020F05D054EA25
:108B6000000C04BF1946104630BD91EA030F1EBF2A
:108B70000021002030BD5FEA545C05D1400049412E
:108B800028BF41F0004130BD14F580043CBF01F521
:108B9000801130BD01F0004545F0FE4141F4700107
:108BA0004FF0000030BD7FEA645C1ABF19461046E2
:108BB0007FEA655C1CBF0B46024650EA013406BFE3
:108BC00052EA033591EA030F41F4002130BD00BFA2
:108BD00090F0000F04BF0021704730B54FF480645F
:108BE00004F132044FF000054FF0000150E700BFE0
:108BF00090F0000F04BF0021704730B54FF480643F
:108C000004F1320410F0004548BF40424FF000012B
:108C10003EE700BF42004FEAE2014FEA31014FEA6E
:108C200002701FBF12F07F4393F07F4F81F06051BD
:108C3000704732F07F4208BF704793F07F4F04BF08
:108C400041F40021704730B54FF4607401F00045E5
:108C500021F000411CE700BF50EA010208BF704745
:108C600030B54FF000050AE050EA010208BF704736
:108C700030B511F0004502D5404261EB41014FF49F
:108C8000806404F132045FEA915C3FF4D8AE4FF0A7
:108C900003025FEADC0C18BF03325FEADC0C18BF8A
:108CA000033202EBDC02C2F1200300FA03FC20FADB
:108CB00002F001FA03FE40EA0E0021FA02F1144428
:108CC000BDE600BF70B54FF0FF0C4CF4E06C1CEA41
:108CD00011541DBF1CEA135594EA0C0F95EA0C0FB2
:108CE00000F0DEF82C4481EA030621EA4C5123EA25
:108CF0004C5350EA013518BF52EA033541F4801154
:108D000043F4801338D0A0FB02CE4FF00005E1FB06
:108D100002E506F00042E0FB03E54FF00006E1FB50
:108D200003569CF0000F18BF4EF0010EA4F1FF0493
:108D3000B6F5007F64F5407404D25FEA4E0E6D41D3
:108D400046EB060642EAC62141EA55514FEAC520E4
:108D500040EA5E504FEACE2EB4F1FD0C88BFBCF560
:108D6000E06F1ED8BEF1004F08BF5FEA500E50F111
:108D7000000041EB045170BD06F0004646EA0101D7
:108D800040EA020081EA0301B4EB5C04C2BFD4EB09
:108D90000C0541EA045170BD41F480114FF0000E02
:108DA000013C00F3AB8014F1360FDEBF002001F070
:108DB000004170BDC4F10004203C35DA0C341BDCEA
:108DC00004F11404C4F1200500FA05F320FA04F0BC
:108DD00001FA05F240EA020001F0004221F00041F0
:108DE00010EBD37021FA04F642EB06015EEA430E63
:108DF00008BF20EAD37070BDC4F10C04C4F1200593
:108E000000FA04F320FA05F001FA04F240EA020045
:108E100001F0004110EBD37041F100015EEA430E16
:108E200008BF20EAD37070BDC4F1200500FA05F236
:108E30004EEA020E20FA04F301FA05F243EA0203B5
:108E400021FA04F001F0004121FA04F220EA0200C4
:108E500000EBD3705EEA430E08BF20EAD37070BD0A
:108E600094F0000F0FD101F00046400041EB0101EA
:108E700011F4801F08BF013CF7D041EA060195F0CC
:108E8000000F18BF704703F00046520043EB030386
:108E900013F4801F08BF013DF7D043EA0603704773
:108EA00094EA0C0F0CEA135518BF95EA0C0F0CD07E
:108EB00050EA410618BF52EA4306D1D181EA0301C4
:108EC00001F000414FF0000070BD50EA410606BFBE
:108ED0001046194652EA430619D094EA0C0F02D103
:108EE00050EA013613D195EA0C0F05D152EA033648
:108EF0001CBF104619460AD181EA030101F0004166
:108F000041F0FE4141F470014FF0000070BD41F0AE
:108F1000FE4141F4780170BD70B54FF0FF0C4CF488
:108F2000E06C1CEA11541DBF1CEA135594EA0C0FA7
:108F300095EA0C0F00F0A7F8A4EB050481EA030EF4
:108F400052EA03354FEA013100F088804FEA0333DB
:108F50004FF0805545EA131343EA12634FEA0222A9
:108F600045EA111545EA10654FEA00260EF000416A
:108F70009D4208BF964244F1FD0404F5407402D2BC
:108F80005B084FEA3202B61A65EB03055B084FEA4D
:108F900032024FF480104FF4002CB6EB020E75EB4A
:108FA000030E22BFB61A754640EA0C005B084FEA72
:108FB0003202B6EB020E75EB030E22BFB61A7546EF
:108FC00040EA5C005B084FEA3202B6EB020E75EB3A
:108FD000030E22BFB61A754640EA9C005B084FEAB2
:108FE0003202B6EB020E75EB030E22BFB61A7546BF
:108FF00040EADC0055EA060E18D04FEA051545EAAE
:1090000016754FEA06164FEAC30343EA52734FEA56
:10901000C2025FEA1C1CC0D111F4801F0BD141EACF
:1090200000014FF000004FF0004CB6E711F4801F34
:1090300004BF01430020B4F1FD0C88BFBCF5E06F14
:109040003FF6AFAEB5EB030C04BFB6EB020C5FEA24
:10905000500C50F1000041EB045170BD0EF0004E79
:109060004EEA113114EB5C04C2BFD4EB0C0541EAAB
:10907000045170BD41F480114FF0000E013C90E6A8
:1090800045EA060E8DE60CEA135594EA0C0F08BF6C
:1090900095EA0C0F3FF43BAF94EA0C0F0AD150EA6B
:1090A00001347FF434AF95EA0C0F7FF425AF1046FE
:1090B00019462CE795EA0C0F06D152EA03353FF426
:1090C000FDAE1046194622E750EA410618BF52EAA3
:1090D00043067FF4C5AE50EA41047FF40DAF52EA77
:1090E00043057FF4EBAE12E74A0011D212F50012ED
:1090F00011D20DD56FF47873B3EB62520ED44FEAF0
:10910000C12343F0004343EA505323FA02F070476F
:109110004FF00000704750EA013002D14FF0FF30AD
:1091200070474FF00000704708B5064B044613B176
:109130000021AFF30080044B1B6803B19847204621
:1091400000F036F9000000003019002070B50D4D18
:109150000D4C641BA4100026A64209D10B4D0C4CEB
:1091600000F028F9641BA4100026A64205D170BDAA
:1091700055F8043B98470136EEE755F8043B98470D
:109180000136F2E7BC000020BC000020BC0000203B
:10919000C00000200A44914200F1FF3300D1704723
:1091A00010B511F8014B03F8014F9142F9D110BDF0
:1091B00002440346934200D1704703F8011BF9E7CC
:1091C0007047704770B50F4E0C463168054611B9AF
:1091D00000F09EF830602146284600F099F8431CC4
:1091E00003D14FF0FF34204670BDC41C24F00304AB
:1091F000A042F8D0211A284600F08AF80130F2D1B6
:10920000EFE700BF3C1900202DE9F041CD1C25F00F
:10921000030508350C2D38BF0C25002D064601DB53
:10922000A94204D90C2333600020BDE8F081314FFE
:1092300000F062F83B681C4644BB29463046FFF705
:10924000C1FF431C044650D13C682146002941D14E
:10925000002C44D02368304604EB030800F058F893
:1092600080453CD121686D1A29463046FFF7AAFF98
:10927000013034D023682B4423603B68002B36D068
:109280005A68A24229D100225A600EE02268521B7D
:109290001DD40B2A16D96119A342256018BF596045
:1092A000636808BF396062514B60304600F02AF8AD
:1092B00004F10B00231D20F00700C21AB5D01B1AC1
:1092C000A350B2E7A3426268DED13A60EDE72346DD
:1092D0006468B1E70C464968B8E71346CEE70C234B
:1092E0003360304600F00EF89EE70560DDE75B6016
:1092F000FFDE00BF401900200148FFF761BF00BF3B
:10930000341900200148FFF75CBF00BF341900206A
:1093100038B5064D0023044608462B6000F03AF8A5
:10932000431C02D12B6803B1236038BD38190020DB
:10933000024B01461868FFF767BF00BF6C000020B2
:1093400010B501390244904201D1002005E00378B4
:1093500011F8014FA34201D0181B10BD0130F2E7F4
:10936000884210B501EB020402D98442234607D893
:10937000431EA14208D011F8012B03F8012FF8E792
:10938000024401468A4200D110BD13F8014D02F893
:10939000014DF7E7044A05491368002B08BF0B4647
:1093A00018441060184670474419002048190020DE
:1093B000FEE700BFF8B500BFF8BC08BC9E4670478A
:1093C000F8B500BFF8BC08BC9E467047B814B6F1AB
:1093D000E0CFF3ADB7DD25C9FA79B7130002010676
:1093E0000409004F544100081B00011800052A0021
:1093F000022900F01921B4478FA4BFA14F63FDEEED
:10940000D6141D00636032E0375EA488534E6DFBB6
:109410006435BFF70053A1811F582CD0A54540FCEF
:1094200034F3274298009F3EE22E0ECFFFBF1E4529
:10943000CA8C68234A4F0016531EC44CBAAD9D32E5
:109440004B6808CF7BC04C00FE5A24E12BAAA5B282
:10945000E94617E90A5CF02500F8927AAC96CDA9A6
:10946000BFF249C14A11CC770D0000006D95000094
:1094700002000000032800007494000002000000B5
:1094800000028000080002002000000140000400EB
:10949000010010000806020004090703010500008E
:1094A00040787D0100000000005A620200010000C7
:1094B000C0CF6A0002000000809FD50002010000BA
:1094C000002D310102020000000301030303020129
:1094D00002030405060708090A0B0D0E0F101112EE
:1094E000131415161718191A1B1C1D1E1F202122D4
:1094F00023242526000C270013B779FAC925DDB7E8
:10950000ADF3CFE0F1B614B8010200000000000096
:109510000000000008000000000004070000000038
:10952000000000000000000000000000000000003B
:10953000000000000000000000000000000000002B
:1095400000000000000000000307000400000025E8
:1095500000000000739500000200000070950000FC
:10956000020000000101020A0000000000002800C3
:10957000002A000018000000000800FCEC95000024
:109580000100010798950000000800F8A895000068
:10959000000000000000000083FFBFFFE2FFF1FFBA
:1095A000F9FFFEFF000000009600FCFEF8006D23AE
:1095B000441FEEFFC700F20E8E37FAFF5C00A403D3
:1095C00024A7FFFF3200D601AD3400001F00300198
:1095D000004D00001200C000CA4A00000B006E00DF
:1095E000F73C000005001F002F2000008C00FCFE4F
:1095F000FFFF000000000000FC00D2104C06FAFF44
:1096000075009B05F132FFFF3E0062020B35000042
:1096100025004B01885F00001700E0005E5D000040
:109620000E008C006A4F0000070025008328000010
:10963000000000004801000078130020FA04FA003E
:109640000033330A0A0A084000210000000000002D
:109650000000000000000001000001010001010104
:109660000101020300000001A806000048704C0D33
:109670004470D80C307064123C70AE163870340DE3
:1096800034705A0D30700A0F2C700A0F2870DC10DD
:109690002470F41020703E0D1C7080111870F211AF
:1096A00014703A0DB110076001D80A7108B87F78BC
:1096B000020C7E78641000C6A01F00218CB8707860
:1096C00001B007680F305CB30F330111C048069832
:1096D0004A022FB006D80C7109DD087100B853A8F2
:1096E00009BB1110076801682148076004100112C6
:1096F000FF322150076051480760008806984413E4
:1097000000C4401F002103DD087214BA281400A011
:1097100000BA03DF107109DF0672029860058CB889
:10972000507800A04413281441158110076002D816
:109730001471108806982E1800C00C700840069806
:109740007C1A0091069860020060B83020D806713B
:1097500090BC637C784D5412F03240DE0472404875
:1097600004DB08720DDD0C72044BEF3014480698D0
:10977000FC0600C4E0100840441207620132214098
:10978000084C287C811140D91C72B1123032CF4A6A
:10979000013AB1DA107208D8067104D80871B04CD9
:1097A000237C4070684C4412FF328722047580B8D5
:1097B000D84C81D8327140D90472237C084B06986A
:1097C000FC0604BA88B9767900C11860084035797A
:1097D000E049007906B904A901D86E72227CBC4C1C
:1097E000307C0298320208D83C7100C14C0008401D
:1097F000141110D93071104C00C11400084014111C
:109800001814076100C5206008405415FF35047125
:1098100010491814A84C44120762013206710298CC
:109820001201B84C08D80C7107BA24D8047106BAD2
:10983000187004D80C7101BA40D80E7102BA0A70BF
:1098400005BA20D8047203BA227C604C4411404C03
:1098500018140761181491113831114291110769D8
:1098600010D90472EF3200C10060084014111031A9
:10987000016911422814A111076118140698621A8F
:10988000181400C10060084014110769FF31181452
:1098900000C13C30084014111814076118143088B6
:1098A00002480698C005009308DB047101F800A087
:1098B0005CB00F3000A01088B111076980D90A711F
:1098C00000C1800008400811009100A000C4000100
:1098D0000840441000A000C020300E4004110410C5
:1098E0001050F47200A054155045127106980607E6
:1098F0000698960618B8707800B841780698400324
:1099000090BA5B7A5C7A5D7A00C2185008402412E3
:1099100000C1501F0021281106983818208800889F
:1099200000C5441F002154155112FF350762FF3254
:1099300006986A020159512904751159009021298C
:109940002075069886040698A2040698FA020092EA
:1099500003D80C728111076102D90472FF0FBA702B
:1099600018B8727800F804D842710088308800C0B6
:10997000FC1F0021041000C1501F00211412012AF5
:10998000215A00C3185008403413312A1A7500C0F8
:109990000060084004100730FE200C76381108B82B
:1099A0007F78020C7E780093009000A000C0F41F26
:1099B0000021041000BB1DB400A000C1DC1F002169
:1099C00014111088FF3100C5FFFF0000311207623B
:1099D0000762513A513B0E720698720C11590112EE
:1099E00001131E703114008831100698720C115941
:1099F000415C41280698740C513801130090012BEA
:109A000000902088076001140760FF30215D41123B
:109A100007620762312D0876FF34415C4128015D01
:109A200031100698740CFF303088011300C0E01F1D
:109A300000210410512B0C76076801150768FF35CB
:109A40006070315BFF32212B0C75076001150760D8
:109A5000FF354E7000C5E41F0021541507650765EA
:109A60005112FF35FF30012B08752110076032704D
:109A700021100768FF30012B0A752110076007606D
:109A8000207000C2E81F0021241221100760076027
:109A9000FF30012B08752110076806702110076040
:109AA000FF300093009200C10060084014142C495C
:109AB0000734FE242A761415F0BC076C513C076865
:109AC00003680154107100C4FF0FFFFF513C0144B3
:109AD0004811311200C5E81F00215415FF350762F7
:109AE00007622143544914122155FF355152281160
:109AF00000A001D81871008800C00470084004104C
:109B00008020FF30067106984E03009000A002D816
:109B1000047200A00088069896061DB428B9112C7E
:109B2000408800C3EC1F0021341440445A71441390
:109B300006982005411500C0006008400410073059
:109B4000FD20447500C20870084024100760FF30F3
:109B500080DC34710698AE0C01591C4A2410076051
:109B60000260FF300698AE0C0158B2200129541350
:109B700031100698AE0C11280A750425541550456D
:109B8000EE72069820050094009000A07FB906614F
:109B900000C01C60084006984A1304155153113B3D
:109BA0003155581002984413EBBD00C0401F0021EE
:109BB0000411113D10D91271FF33076B00C19040A1
:109BC0000846381118B97479581000A00698600238
:109BD0008024E4240D300472044800C11C51084064
:109BE000141100C3DC1E0021911504351A721813DC
:109BF00088BB08D804716C7B04D804716A7B8CBB69
:109C00002F7C5B7B16703C4B181388BB08D8047103
:109C10006F7B04D804716D7B217C0C300160069849
:109C200082060698680B0698320700B8B1110769DA
:109C300040D906720298660601BC00C20060084066
:109C400000DC0A7124150165604A0A701C4A24155B
:109C500007657C4A043508D920712024512A241232
:109C600000C180000840320C2811076228110762E9
:109C7000281107622811500C00C1381F002114124E
:109C800000DC1A7120D8067101B80C70F0DA0C7281
:109C90000CDB087102B806988A064824044914119E
:109CA00000C380000840FFB8012011410871014144
:109CB00018130824014200C120000840141101417A
:109CC000036D514191152035016D51411813281331
:109CD000481300C37C000840341003D80C710730CF
:109CE00005DC0671084B227B8CB8507800B800C1A7
:109CF000381F0021141203682150F030015228113E
:109D000000A04024066400C0FFFF0100013C1DB01C
:109D100002200158402806751EAC01EC00A02088E6
:109D200000C01850084004121DB421130412305210
:109D3000F871066C402400C3741F00213410141104
:109D40000698C00C0669009211592129067600BBBD
:109D500011590698960C80B80158013A0662313BB9
:109D60000472215A412A00A000C200010840317A41
:109D700000A0308880B9076900C30000C0FF31101F
:109D8000312800BC002D0C7511541EAC01EC312D96
:109D9000F470066C51134155312C009300A000C0A3
:109DA00028400E400413315107610C3107691153EB
:109DB000381000A006984A0800C0F41F00210411C2
:109DC00006983207217A237A00C300001000069813
:109DD000720700C0581F00211DB1181000A000C05C
:109DE000541F00211DB1181000C09C1F0021041039
:109DF000002D067500B826A80698060700C09C1F0F
:109E000000210410012C06750698960628B010B99A
:109E1000115911380EB9114028A880B800C144303A
:109E20000840081100C1F01F00211410303B0671DA
:109E30000760076000C40830084044111150FF302B
:109E4000015118146FB8076826A8217A050C211053
:109E50002048267800C063EF0000314026A8050C9A
:109E600020ECB11140D90872247A20EC217A1848EC
:109E700026A828B00AB901510F31115028A8050CA5
:109E8000207A20EC0F0C98B84678417806986A0240
:109E900000C2441F002124100151FF31115008124B
:109EA00000A006984A0800B826A800C05C1F002140
:109EB0001DB1181000A030B840780DB101D9FC7266
:109EC000427800C074300E4004114CBA407A181029
:109ED000144804115C7A1810A4BB707B4E7B4F7B36
:109EE00000C20430084000A006984A08217A227A6D
:109EF00000BB0698720700C0681F00211DB1181032
:109F0000A4BB00C040300E40041103310149287247
:109F1000B112076207623048041121510F311872E3
:109F20006E7B6F7B104804114CBA7C7A1810144871
:109F30000411607A1810B11002D81071707B30B81B
:109F4000627860780DB001D8FC7100C0F8600840FC
:109F5000041101D90C7100C01800084002B9181092
:109F600008B86E780EB84EB110D90C723EA8140C19
:109F70000FB83EA8107044A8140C01B800C1B0304E
:109F80000E40081100C077801F003DB201423DAA7B
:109F900000C0FFFFFFFC013A3DAA140C00C077E0AF
:109FA0001F0001423DAAFFB845207D7808B87E78A1
:109FB00000C124600840141107610631087100B91E
:109FC00006985A1006984A13B11101D90E710698D5
:109FD000881A02D906720698AE0B069844135114DB
:109FE00006989606F4B845780A0C00C0641F002154
:109FF0001DB1181002983410FFB845205D7803B8E1
:10A00000076044A83EA800C1B0300E40081110B847
:10A0100007683DB101393DA908B86F7800A046A88E
:10A0200000C0FFFF0000013B076356AB94BA437AC0
:10A0300001D91471013C47B300C0FE20FFFF013B72
:10A04000314447AC637AFFB82120407802D90471CB
:10A05000607800A0C8BC066C415C512C067506985F
:10A06000960606986E0DB110076805D8347140BA8F
:10A0700006981A1308B86578911004D8187188B832
:10A080006E78577800C064000840217806988210E6
:10A0900001400A728CB84278069856130298400B19
:10A0A00008B86C7820B859785B7800C0F440084054
:10A0B0007878797800C1C81F0021141040A8184989
:10A0C00014130449408814140C4914118112076AAE
:10A0D000006A01DA187188B8577800C0CC1F0021D7
:10A0E0000410016107630763076407640698B209F7
:10A0F00000944EB010D842724DB161B80158113879
:10A1000040B102D90A72604804BB4154087020482B
:10A1100002BB02BC4DA8F8B87078190C3EB14141A1
:10A120003EA9F4B973797378717800C4F840084097
:10A1300000C200410840227000C20000010044AA91
:10A14000230C00C200000B0044AA00C410410840C8
:10A1500000C21841084004BB587C050C597C0C24F3
:10A160000F0C2FAB050CB11008D81471647A657A06
:10A170001CB879787B7820B879787B78607CF42477
:10A1800041130698FC06511440440675069896063D
:10A19000727BFFB84D20050C687840EC00C0601F52
:10A1A00000211DB11810911004D8147100C0BC1EFC
:10A1B0000021041080D806711CB8737800F818B814
:10A1C00000C1D81E002100C21850084024122811D6
:10A1D000767800F800C0B860084004110761076194
:10A1E00080D9047240EC00C4F84008404EB010D84A
:10A1F0000471182441130C23527C407B11512FA968
:10A20000050C797C0A0C00C0000001020814787C5F
:10A21000050C507C08B86D7800A000C0287008407C
:10A220000411108800C1001800401810444804119F
:10A23000108878480411108800884CBA757A181074
:10A240003DB11088F4B84278442072782848737879
:10A25000F8B873784FB200C4FFFF8080413A4FAA2C
:10A2600001BC01644113076300C06C70084003B96E
:10A2700018100110011001B918100110011001107F
:10A28000011068480411076101B80160003A0471C7
:10A29000044904D9047241520760003A0471084924
:10A2A00008D9047231520460003B0E7200630064EE
:10A2B000314241424FAAB2704FAAF8B853781820E1
:10A2C00053782848527800913DA9009000911810C9
:10A2D00000917848181000914448181000A01159B6
:10A2E00010D906710760076008D90471076004D9A6
:10A2F0000471036002D90471016001D90471006026
:10A3000000A000BA01D806710148112A0069006056
:10A3100001D8F6720138F67200A08020FF30FF48A5
:10A32000812000A000C21850084024121159212990
:10A33000127300210E7100C2305008402412012116
:10A34000212900A006984A0888B8577800C57C1FC4
:10A3500000215088044D88BC00C0C81E0021811116
:10A3600001D91E71407C00950115044D50881C4D8B
:10A37000FFBB076B315B04110698B80C3129F875E7
:10A380000698761954150698881A01D90872069805
:10A390007C0806700698DE0888BB547B009500F8A0
:10A3A00006988C090E700698680B06988C0906981A
:10A3B0006011069836089112211900C024600840E7
:10A3C0000A78097800F810B901BA069810130698AF
:10A3D000341000C57C1F002100F89112033288B9A7
:10A3E00000C3BC1E0021341300C4A81008408CB860
:10A3F0004278707903DE067144786E707179A1102D
:10A4000020D806710298160F80DB507102D84C726A
:10A4100005B830880763076302DB2A7100C3AC000C
:10A4200008403413066380DB0472804800C31020A8
:10A4300008403413315B04724048312831280260EF
:10A440000814076800930814A1101030024808147B
:10A4500000B808149110076008148CB86278A11035
:10A4600000DC0676517900BA80DB587100C000002C
:10A470000200003B4E7150884110344803DE0471E5
:10A480009048041508200411F82058101C20217849
:10A490000698AE0E00C0A40008400E7810D91C71BA
:10A4A00051451A7100C53400084407B8081500C5A5
:10A4B0003400084604B8081504702E7806987416FF
:10A4C0000095911120310269911004D80E7200C1DB
:10A4D0004C1F0021141101D90A71208806985A10C6
:10A4E000009200C1180008400533054B1872184C43
:10A4F00003DE0471904C441400C3FF1F0000413B75
:10A50000FF233811B849076A0698A20E0449087952
:10A51000097914102140081100A000C5540008401A
:10A52000541551455071108800C13400084407B8D3
:10A53000081101B83088076B40DB247100C0370C6C
:10A5400000000811364800C5D01E0021541102D960
:10A550000E72104801D9087100C01104000000C13A
:10A5600034000846081100C1340008401415303585
:10A570000093009100A000BD0698440210B903DCCE
:10A58000047100B901BA0698101302D9067100408F
:10A590004E7201B107690F3106988210FFD82872F8
:10A5A000811008D8187106DD0A710698440203DC90
:10A5B0000C720698C810069856130C7006DD1071C0
:10A5C0000698CE10487020B802A806DD10720698D2
:10A5D0008C090698360801F840B802A800F800C0B7
:10A5E000BC1E00210413076301DB227191100111CD
:10A5F000076911388CB910D8087144790298160F80
:10A6000002DBFA72A11328DBF47203BD069828104E
:10A6100006988C098CBA7F7A0698FC0600C5801FC4
:10A6200000210698440200BA03DC3272044DA110E6
:10A6300002D804710C4D00C01400084004100268D8
:10A6400000C3701F002134111128FC233411069817
:10A65000960C00C10C5108400698B2065415212DE5
:10A6600000C0F8600840041101D9227100C03C1FED
:10A6700000210410033001DC147200C014000840F3
:10A680000411FD21087602BA076A212D06984807B1
:10A690000298E8099110015503355150011900A0A5
:10A6A00000C1481F0021141001D842710148076001
:10A6B000FE200E75811020D8087100C14C1F0021AA
:10A6C000141101D9287100C02460084004122151DE
:10A6D00007610F3107691152281000C0006008405F
:10A6E00004119112215120311152211900A081131E
:10A6F00080DB067201B800A000C30C500840341083
:10A70000063030727C4B34122C4B341007600760DB
:10A7100040302072811080D8DC713410014A076209
:10A720000360803021508C480A717F2355233410F8
:10A73000013000A000BD0698281088B847784578F9
:10A74000437800B8447800A006988C090698C81091
:10A7500000C58C1F00215415069848070298E80987
:10A7600000C374000840027B06984A1350BA06984A
:10A770001A1306988210FFD84A71911004D84872B3
:10A78000811007601CD8407220D938721112FF3234
:10A790002151347180218021111400C0E41E002158
:10A7A0000413FFBA3151113A215111538CB93810A9
:10A7B0007B7940440E7200B900C2C41E00211812F9
:10A7C000067008B860780698441300F800B900C213
:10A7D0009C1008401812244A0AB9181288BA507AF4
:10A7E000517A577A8CB942795F7900A00698440271
:10A7F00007DC1072911000200A750698601102980B
:10A80000660D0698360801B9911004D8047100B994
:10A8100010BA0698101300BA00402A7100C0BC1E7E
:10A8200000210411076101D9127104D9E27281106B
:10A83000076001D8DA718CB8647800C11C510840F7
:10A840000698B2060698601100C5901F00215415A5
:10A85000212D06987C0800C5941F002100F800BC3B
:10A86000811108D9167280D9207201B910BA0698E0
:10A87000101300400E7101BC10700698C8100698A5
:10A88000561320B802A800F8069860118111023111
:10A89000127100B900C20C1008401812244A02B903
:10A8A00018120698C81000C5981F00215415069864
:10A8B000001A0298E80904110121147188BA737A08
:10A8C000042004122811042004110121F47200A0B4
:10A8D0000698FC0601F8911010D8347106984003D0
:10A8E000069886040698A20400C51C51084054111D
:10A8F0000698B80C00C5D41E002154155129E275E4
:10A9000018B875788CB8447801B802A800F8B1106E
:10A91000076810D82E7100C04810084000C300001E
:10A9200008403114884C44113411076101D9FA717F
:10A9300044122810076228100762281007622810A6
:10A94000E87000C1BC1E0021141080D82C7100C119
:10A950005400084014111141207100C10000024050
:10A960001038167100C03400084407B9181000C030
:10A970003400084601B9181002987A02069860025D
:10A9800011380472016A00BB00C1E41E00211411D9
:10A9900020390C72911210DA0672417B00A00698E1
:10A9A0004A1300C2BC1E0021241220DA0472617B0B
:10A9B00088BA527A00A088BA727A811204DAFC72DC
:10A9C00000A088B86B78577800C0640008402F78E2
:10A9D00000A006986E100763076390B9637900B909
:10A9E00002DB36713112076240DA2E7200C2540067
:10A9F000084024100140227202EC00C909B801D9B4
:10AA0000507200C2AC0008400E7A10D904722E7A3F
:10AA100006987416E031076102EC00CD114502EC96
:10AA200000CC01DB087100BB0298CA1703B84111C2
:10AA30000731FA211C760621911210DA087102DD25
:10AA400010721E7020B80698720C3038147208B854
:10AA50000698820600C0240008402978207800F873
:10AA6000046020D8067102982C1502EC00CA05B8C3
:10AA700023DA187104DBDA7120DAD67110DAD272B7
:10AA800090B8617800B801DA067202EC00C8911142
:10AA900010D9267100C1CC1E002114111150FF30B5
:10AAA0000C720661A110115002300A7180DB0A722B
:10AAB0000AB89E708CB97C790768911111402111F8
:10AAC000C0311140011990B8411108D9047166785C
:10AAD00020D904726578A11002D80672C0DA1E71FE
:10AAE00090B8273123DD087210DB1072607825DD05
:10AAF0000A7121DD087208DB0471627803B8411124
:10AB000007310872A1152035AA7102DD3272A11138
:10AB100020D9A07102D92872CCDA9872411140D99B
:10AB2000927206B802DB1071046500C11020084063
:10AB30001411112D112D054D5C720298BA132111BB
:10AB40004049C0D94E71A031411540350165514190
:10AB50000361076308DA1E7204DA38721049A1151E
:10AB60000235067110DB0E7201340A7108DB2471A4
:10AB700090B86778CC3211101A300ADC0872CCDE3B
:10AB80000471FD3100C00D0F0C0D0698740C01D836
:10AB9000607207B80298E41300BA411108D90C7129
:10ABA00002EC00CA05B830DAEC720734F031026109
:10ABB00001DA0471014900C0F300A3E30698740CA4
:10ABC00001D8D07100C0981440680698740C4030C9
:10ABD000014440DA0471204C04320162204A111011
:10ABE00006300068014218310269114202980214CD
:10ABF000204A00C0051708500698740C1130014215
:10AC00002088FFBB0DDA507100C1DE1B250180BC1E
:10AC100004DA107208DA0A7200C120841000E024FD
:10AC2000A02407634143016401DA06711E49024B07
:10AC300000C02C1F002107633810BC2002DA1271FB
:10AC400001B91159A11380DB087100C100FCFF019B
:10AC500018100298561700C4BC1E0021441080D85A
:10AC60007C710092D0DA06710DDA0C7190BD437DD3
:10AC7000EFBD06983E0503620DDA8672A11105D973
:10AC80005C7100C23810084024120C24281401D929
:10AC9000067202D9327140D91E7102EC00CA21102D
:10ACA00018320471FA2220D804720822FE22087594
:10ACB00002EC00C8F87001D90E7102EC00C802D98C
:10ACC000067204DC187200C0BC1E00210410026869
:10ACD00001D8067190B8647818B873780298CA17CA
:10ACE00000C50020084000C00417000008D9047205
:10ACF0000A480815104D00B808D90472FF2008153D
:10AD0000084D00C00884000008D9087200C02083E4
:10AD1000B8ED0815104D207D00A000B8011A00C044
:10AD200074000840027891101030011905BA069895
:10AD30001A1302D9067101B802A800C0BC1E002176
:10AD4000041380DB0671029866138CBA7C7A01DBEF
:10AD50006C7100C2301F002124111114FF3402EC69
:10AD600000C8FF24FA7607610698820C0361113847
:10AD70000F3003611114011141100698820C01D8A3
:10AD8000087203B80298E413044A02DB2471241009
:10AD9000112811280412023006710762076200C0F0
:10ADA000FFFF0000213800C218000840FF200812F1
:10ADB000411007600698820C01D87C7120BC1033CA
:10ADC000767100BB00C12C1F00211415C021112C6D
:10ADD0005112076A0F320E71408851140698FA1703
:10ADE0004143009451120765036A0F320E714111FD
:10ADF00051140698FA17036C41430765513B00C193
:10AE0000E81E00211411111231100F30127100BA16
:10AE1000046101D80471114200600FD8F47231103E
:10AE200002601E30047201B8003A087204B8029839
:10AE3000E4130298EA1500C0381F002104110F31F5
:10AE400003DD1A7200C000600840041007D80E72BB
:10AE500000C01040084004B9181000F806986E10A1
:10AE600006983C0500F830885088FF34087102ECE1
:10AE7000FF24F87002EC00CD141001BB5150FFD834
:10AE8000047131440760006B10DBF2710421FF2272
:10AE9000E4720F4C0095009300A000C1C01E002179
:10AEA000141100A030880698381A8111076102D960
:10AEB00006720298141988BB557B076120D9067168
:10AEC000029804190088A110076806982E18082116
:10AED0001415FC2590BB5C7B5D7B00C100600840C5
:10AEE00014110731FE21307608D82A725113FC2341
:10AEF000341304DB2071076BFF33315B00C1087032
:10AF000008401411076180490C71FF3130295475D4
:10AF100090BB7B7B10707B7B7C7B00DD04717D7B39
:10AF200001BB3815EC25541300DF5471042505DFEF
:10AF300054715415211120880698B80C009251299B
:10AF40003E7500C100600840141102DB0C7107312E
:10AF5000315B31292A760C7004DF0872006180D9D8
:10AF60001E7206982E1800C00870084006987C1AB9
:10AF700006982E181411FFD9607202985A19009081
:10AF8000009300A05415A111076910D9A6720825D5
:10AF900008D8A071082510D89A7120882111069828
:10AFA000B80CFC255412112AF82554110C2520D870
:10AFB0000871F025541110252029047621591815FF
:10AFC00000920298C61818B97179811010D80A71C8
:10AFD00088B8447800B8417888B9747908B9677935
:10AFE00000F88110A0D8087188B9497900A00760DD
:10AFF00002D8FA7106982E18108806984A1307622C
:10B00000076210DA087108211415F025541100C2E6
:10B010000020FEFF202912750698881A01D90A72AD
:10B0200006988C090698360800941CBB41100C2029
:10B0300006984A1241110821141006984A12312824
:10B04000441111120761FF31FF32012210521072B8
:10B050000769181404244413042438140C70076975
:10B060002141181408240814029844134044147110
:10B0700000C1C41E002114155113036B0FDB0C72A9
:10B08000066D06980607411500A006983608069832
:10B090004A1308BB51140698C0194415FC255415D1
:10B0A0000298480788B900C3BC1E00213413076307
:10B0B00008DB1A718113A0DB067149791070697978
:10B0C000076302DB087208B9677900F800A08111F4
:10B0D000076102D9107188B9757906982E18141174
:10B0E000FF3100A0FFB900A0041008211411F421C1
:10B0F000081100A081110761076110310E710698D7
:10B100002E1808211411F821141100A014B1000008
:10B110002CB100007CB400000000000044B100002D
:10B120000600000000000000000000007CB40000E9
:10B13000000000001CB2000004000000000000003D
:10B1400000000000ACB20000809C2B8F80841E00A9
:10B15000000000002200FF7F6400002000000000CB
:10B160000000000000000000ACB20000809C2B8FAB
:10B1700080841E00000023002300B600640000202D
:10B18000000000000000000000000000ACB2000061
:10B19000809C2B8F80841E000000240024009D00D2
:10B1A000640000200000000000000000000000001B
:10B1B000ACB20000809C2B8F80841E000000250014
:10B1C00025007D0064000020000000000000000059
:10B1D00000000000ACB20000809C2B8F80841E0019
:10B1E000000026002600530064000020000000003C
:10B1F0000000000000000000ACB20000809C2B8F1B
:10B2000080841E00000027002700FF7F64000020CC
:10B2100000000000000000000000000094B30000E7
:10B22000809C2B8F80841E00000000002400FF7F84
:10B23000640000200000000000000000000000008A
:10B2400094B30000809C2B8F80841E00000025009A
:10B250002500B40064000020000000000000000091
:10B260000000000094B30000809C2B8F80841E009F
:10B270000000260026009900640000200000000065
:10B28000000000000000000094B30000809C2B8FA1
:10B2900080841E00000027002700FF7F640000203C
:10B2A000000000000000000000000000F81F010185
:10B2B000C4B50000380002000000000000000000DB
:10B2C0003030010011491000B840010000C0E30017
:10B2D00040410100EA00880018600400000000C638
:10B2E0001FC000000050000000D032005060040079
:10B2F000FC006900410C0000000000001100080083
:10B30000786003000804000000000000BE031A007B
:10B310008C60070001040C1A2F465361686258497B
:10B3200035201407C491A06356443323225292243B
:10B33000E46007008108A1CB000000001984070524
:10B340009411CB4899200600016120008294EA877D
:10B350000461030065B611001E37000089BB0000C0
:10B3600020610100FFDF00001470011000F80700E9
:10B3700014700130F8020000187002000003000091
:10B380006000278470700200C30000000F9C03005F
:10B39000FFFFFFFFF81F010110B600003800020098
:10B3A000000000000000000030300100E338100011
:10B3B000B840010000C08300404101006D008800DA
:10B3C00018600400000000C61FC00100005000000B
:10B3D000008000005060040018000500410C0000CF
:10B3E0000800000091000400786003008C000C004D
:10B3F0000000000014001A008C60070001040B1903
:10B400002C404C59605B534736251B114AF3389644
:10B410006745231211090000E46007008F0846CB3E
:10B420000000000023086404D007CB4891200600E8
:10B43000F9541C008294EA870461030051551100FD
:10B44000B01B000089BB000020610100FFDF00008D
:10B450001470011000F8070014700130F8000000AB
:10B4600018700200000300006000A58370700200E5
:10B47000054100000F9C0300FFFFFFFFDC1F0401DC
:10B4800000000000000000000000000000000000BC
:10B49000F01F02013F00370000000000FC1F010107
:10B4A0000000000004000200018101000001000012
:10B4B0001800020000000000010000002800040045
:10B4C000000000000000000000000000000000007C
:10B4D00040000100A007000048000100000000003B
:10B4E000540002000000000000000000A000040062
:10B4F000FF4C0000FF4C0000FF4D0000FF4D00001E
:10B50000002001000807000010200100AAAAAA00DC
:10B51000182001000060DA000830010013AC0001BF
:10B520003430010001000000403001000000000044
:10B53000A04001007A27000FF44001002010000015
:10B540003441020080080000E68700004441010009
:10B55000C0E6524D60410400000000000000000001
:10B56000060000000600000014600100100000004A
:10B57000286003000000000300000000000000003D
:10B5800060600200294176710000000084600200C2
:10B590000000000000000000207004000000000017
:10B5A0008200000000008001D50000004870020009
:10B5B0003C3D0000BC1900007870010006E0490025
:10B5C000FFFFFFFF0D000000388EE30000000000C9
:10B5D0006CB600005CB6000000000000E070720075
:10B5E00080DE800280841E000101000011490002FB
:10B5F000000000000000000000000000000000004B
:10B600000000000041841E00000000000000000057
:10B610000D0000001CC77100000000006CB60000A7
:10B6200064B600000000000018CC660080DE8002D6
:10B6300040420F0001010000E3380002000000005A
:10B6400000000000000000000000000000000000FA
:10B650005B420F00000000000000000008520000E4
:10B66000B20C0000A5A00000C4090000193F0106AB
:10B67000041001000001010600102700000C00006A
:10B680000000000000000000000000000C4BFF7FE5
:10B6900001000000A0B60000100000202D000000F6
:10B6A000FF000000E40C0A00050500003135000031
:10B6B00030960000FFFFFFFFE93B0000E53B000084
:10B6C000FF0EFE01FFFFFFFFFF000E000000000065
:10B6D000514F0000FFFFFFFFFFFFFFFFFFFFFFFFD6
:10B6E000FFFFFFFF61680000FFFF0000FFFFFFFF9B
:10B6F00001710000FFFFFFFF00000000700000204C
:10B7000000000000F817002060180020C818002072
:10B710000000000000000000000000000000000029
:10B720000000000000000000000000000000000019
:10B730000000000000000000000000000000000009
:10B740000000000000000000000000007501000083
:10B750004D010000FFFFFFFFFFFFFFFFFFFFFFFFA7
:10B76000FFFFFFFFFFFFFFFFFFFFFFFFFFFFFFFFE9
:10B77000FFFFFFFFFFFFFFFFFFFFFFFFFFFFFFFFD9
:10B78000FFFFFFFFFFFFFFFFFFFFFFFFFFFFFFFFC9
:10B79000FFFFFFFFFFFFFFFFFFFFFFFFFFFFFFFFB9
:10B7A000FFFFFFFFFFFFFFFFFFFFFFFFFFFFFFFFA9
:10B7B000FFFFFFFFFFFFFFFFFFFFFFFFFFFFFFFF99
:10B80000C00A00202DC90000157B0200157B020034
:10B81000E1890200157B0200157B0200157B020006
:10B82000157B0200157B0200157B0200157B0200D0
:10B83000157B0200AC34030037790200157B02004F
:10B84000157B0200F1410200157B0200157B02000E
:10B85000313A0200B31D0300AF1D03001142020084
:10B86000A71D0300CDD00000157B0200157B020050
:10B870006DC20000E3790200157B0200157B020017
:10B88000157B0200157B0200157B0200157B020070
:10B89000157B0200157B0200157B0200157B020060
:10B8A000157B0200157B0200157B0200157B020050
:10B8B00045420200AB1D03001D1801008142020039
:10B8C000157B020071260200157B0200157B020029
:10B8D000157B0200157B0200157B0200157B020020
:10B8E000157B0200157B0200157B0200157B020010
:10B8F000157B0200157B0200157B0200157B020000
:10B90000157B0200157B0200157B02000000000081
:10B91000013800D0FCE77047000000000000000084
:10B9200001F0FF01102A2BDB10F0070F08D010F8F0
:10B93000013B013A8B422DD010F0070F42B3F6D1F4
:10B94000F0B441EA012141EA014122F007047FF00D
:10B9500000070023F0E80256083C85EA010586EA64
:10B96000010685FA47F5A3FA87F586FA47F6A5FAA0
:10B9700087F68EB9EED1F0BC01F0FF0102F00702AC
:10B9800032B110F8013B013A83EA010313B1F8D157
:10B990000020704701387047002D06BF3546033838
:10B9A000073815F0010F07D1013015F4807F02BF71
:10B9B000013015F4C03F0130F0BC0138704700BFC2
:10B9C00070B5414C00238AB0E363054618B1008886
:10B9D00023600CF01FFC3D4E3D4825F0B9FE3D4B69
:10B9E000336030463C4B736021F09DF900213046B6
:10B9F00014F020FC32A3D3E90023A062C4E906239B
:10BA000021F09CF9D4E9062319431043C4E9060147
:10BA1000CDE900014FF0FF334FF0FF32A06A25F06F
:10BA200013FF02224FF0FF31A06A25F00FFF012023
:10BA30000CF08AF82949A06A4FF40073002225F01F
:10BA400056FFB0F5007F38D10023CDE907330993C5
:10BA500094223C23CDE903320593A06A962303A9DF
:10BA6000069314F005FD35B3287C0CF073FC0546F5
:10BA7000F0B9A06A26F018F80CF01AFC0CF046F8A1
:10BA800020B14FF48070002108F0CAFF0CF04EF88E
:10BA900020B14FF40060002108F0C2FF21F019FA34
:10BAA000012014F01BFC0E4A0E49A06A21F039F95E
:10BAB00028460AB070BDFF20D7E70725F8E700BF8A
:10BAC0000DD5015520000000480D0020241700204E
:10BAD000690345ECCD7901003417002024150020BE
:10BAE000CBCC02000BCD02000348044B834202D0B2
:10BAF000034B03B118477047240D0020240D00208C
:10BB0000000000000548064B1B1AD90F01EBA301EA
:10BB1000491002D0034B03B118477047240D002091
:10BB2000240D00200000000010B5064C237843B916
:10BB3000FFF7DAFF044B13B10448AFF30080012391
:10BB4000237010BDCA1E002000000000C85F030063
:10BB500008B5054B1BB105490548AFF30080BDE8AA
:10BB60000840FFF7CFBF00BF00000000680F0020B3
:10BB7000C85F0300A3F5803A704700BF174B002B46
:10BB800008BF134B9D46FFF7F5FF00218B460F467C
:10BB90001348144A121A26F03DFB0E4B002B00D01E
:10BBA00098470D4B002B00D098470020002104003F
:10BBB0000D000D48002802D00C48AFF300801AF0A9
:10BBC000A9FD200029001BF0AAFE1AF023FB00BFEC
:10BBD000000008000000000000000000C00A002073
:10BBE000240D0020042000200000000000000000C0
:10BBF00010B5032000F062FC78B1084C08492068B9
:10BC00001CF01AFD1BF038FF1BF037FF2068054AB7
:10BC10000549BDE810401CF00FBD10BD38100020D4
:10BC2000A0300300FB300300A53003000368864A00
:10BC300023F47F4323F00703934273B505D0834A6F
:10BC4000934200F0AB8002B070BD814E30460FF0E1
:10BC50006BF9054610B37F4C7F4920681CF0ECFC63
:10BC60007E4920681CF0E8FC1BF006FF1BF005FF76
:10BC70007B4B00937B4A7C49206851231CF0DCFC01
:10BC80007A497B4A20682B461CF0D6FC284600F0F7
:10BC90005BFC784920681CF0CFFCFEE7307802217D
:10BCA0000FF07CF9044610B36A4D6B4928681CF00C
:10BCB000C3FC6A4928681CF0BFFC1BF0DDFE1BF0CA
:10BCC000DCFE674B0093674A6749286856231CF0DF
:10BCD000B3FC6649664A286823461CF0ADFC204642
:10BCE00000F032FC634928681CF0A6FCFEE70090D7
:10BCF000A0220346114630780FF02EF9054610B306
:10BD0000544C554920681CF097FC544920681CF09D
:10BD100093FC1BF0B1FE1BF0B0FE514B0093514A57
:10BD2000514920685F231CF087FC5049504A206825
:10BD30002B461CF081FC284600F006FC4D4920688B
:10BD40001CF07AFCFEE7307802210FF03BF9054643
:10BD500000283FF478AF3F4C3F4920681CF06CFC52
:10BD60003E4920681CF068FC1BF086FE1BF085FE37
:10BD70003B4B00933B4A3C49206863231CF05CFC2E
:10BD80003A493B4A20682B461CF056FC284600F0F6
:10BD9000DBFB384920681CF04FFCFEE72C4C0221ED
:10BDA00020780FF0FBF8054610B32A4C2A4920688A
:10BDB0001CF042FC294920681CF03EFC1BF05CFE94
:10BDC0001BF05BFE264B0093264A2749206871230F
:10BDD0001CF032FC2549264A20682B461CF02CFC1E
:10BDE000284600F0B1FB234920681CF025FCFEE743
:10BDF000207802210FF0E6F8054600283FF423AF33
:10BE0000144C154920681CF017FC144920681CF0DC
:10BE100013FC1BF031FE1BF030FE114B0093114A56
:10BE20001149206876231CF007FC1049104A20684D
:10BE30002B461CF001FC284600F086FB0D492068CB
:10BE40001CF0FAFBFEE700BFA0000100A000060105
:10BE5000E40C002038100020A7300300A9300300B4
:10BE6000EC300300AE300300B7300300C6300300EF
:10BE7000C3300300DB30030030B503687C4A23F491
:10BE80007F4323F00703934289B040F0EE80794B63
:10BE90000822002112200FF0BBF8044610B3764DA3
:10BEA000764928681CF0C8FB754928681CF0C4FB5B
:10BEB0001BF0E2FD1BF0E1FD724B0093724A7349E7
:10BEC00028683D231CF0B8FB7149724A2868234654
:10BED0001CF0B2FB204600F037FB6F4928681CF0CD
:10BEE000ABFBFEE701466D4B032214200FF090F8E8
:10BEF000044610B3604D614928681CF09DFB604901
:10BF000028681CF099FB1BF0B7FD1BF0B6FD5D4BDC
:10BF100000935D4A5D4928684B231CF08DFB5C490A
:10BF20005C4A286823461CF087FB204600F00CFB87
:10BF3000594928681CF080FBFEE70146584B052252
:10BF400016200FF065F8054610B34B4C4B4920689E
:10BF50001CF072FB4A4920681CF06EFB1BF08CFD44
:10BF60001BF08BFD474B0093474A484920685923F3
:10BF70001CF062FB4649474A20682B461CF05CFBDC
:10BF8000284600F0E1FA444920681CF055FBFEE722
:10BF90000DF10F0104A80FF069F8044610B3364DF7
:10BFA000364928681CF048FB354928681CF044FBDA
:10BFB0001BF062FD1BF061FD324B0093324A3349A6
:10BFC000286864231CF038FB3149324A286823462C
:10BFD0001CF032FB204600F0B7FA2F4928681CF00D
:10BFE0002BFBFEE7BDF814305BBAADF818309DF8B6
:10BFF00013308DF81A30FF238DF81B30FE238DF897
:10C000001C309DF812308DF81D30BDF810305BBA31
:10C01000ADF81E30014606AB082218200EF0F8FFDE
:10C02000054610B3144C154920681CF005FB144953
:10C0300020681CF001FB1BF01FFD1BF01EFD114BC7
:10C040000093114A1149206874231CF0F5FA104935
:10C05000104A20682B461CF0EFFA284600F074FACC
:10C060000D4920681CF0E8FAFEE709B030BD00BFBA
:10C07000A00001000431030038100020A7300300A5
:10C08000A93003003F3103000D310300B730030036
:10C09000C6300300C3300300DB300300353103003A
:10C0A0003931030038B501F057FC0E480E4C012120
:10C0B00001F0D0F801221146002001F0B1FB022569
:10C0C00001221146C4F88050002001F0A9FB012292
:10C0D000C4F884501146002001F0A2FBC4F8885037
:10C0E000002038BD30253E0000400E4008B5204BF2
:10C0F00001225A6402F030FCA0B91E4B4AF6E85205
:10C10000C3F89021D3F8982142F00402C3F8982193
:10C11000C3F89001174AD2F8643143F40053C2F8CF
:10C12000643101E00128F5D0134A136A23F4441363
:10C1300043F488131362A2F58042136843F48073BA
:10C14000136004F0C5F800F04DFB04F05FF804F054
:10C15000ABF804F071F8FFF7A5FF1CF014FA00F03B
:10C1600033FB00F07DFCBDE8084004F0CDBC00BF0F
:10C1700000000E4000300E4000400E4008B504485C
:10C18000012101F067F8BDE80840024800F026BD33
:10C1900000350A00C00A002030B5204D0FCD97B001
:10C1A0000FAC0FC495E807001D4B84E807001D4A3B
:10C1B000CDE903234FF08073059303F10223069327
:10C1C0004FF0F0511E23CDE907130E2200210DF18F
:10C1D0002E0026F01FF8144B4FF44020CDE9090340
:10C1E0000C238DF82C300D238DF82D300F4B0C9334
:10C1F00020230D9301238DF839300D4B00930FAAA6
:10C2000003AB09A90B4804F093FA002104464FF44C
:10C21000E1301BF071FC204617B030BDD033030075
:10C2200000420400000001401C000140CB1E002021
:10C23000800F0020D40F0020012905D8034B1B6874
:10C24000186808B1436A1847704700BFD80A002031
:10C2500008B50449044804F005FDBDE80840FFF7AF
:10C260009BBF00BFDC0A0020F80F002001481CF033
:10C270004FBB00BFD40F0020014B1A6A186810474B
:10C28000D40F0020184B834237B52AD1174B1B78A7
:10C290003BB3C8B20EF0AAFE054610B3144C1549C4
:10C2A00020681CF0C9F9144920681CF0C5F91BF07E
:10C2B000E3FB1BF0E2FB114B0093114A114920688C
:10C2C00085231CF0B9F91049104A20682B461CF050
:10C2D000B3F9284600F038F90D4920681CF0ACF994
:10C2E000FEE703B030BD00BF00100020EB1E0020B1
:10C2F00038100020A7300300A93003005A3403008F
:10C30000EC330300B7300300C6300300C330030032
:10C31000DB30030030B503685A4A23F47F4385B00D
:10C3200023F007030025934204460295ADF80C5014
:10C330007DD002F5802293420ED0A2F18272934208
:10C3400040F09D80504B1B78002B00F0988005B08A
:10C35000BDE8304005F0BEBAB0F805301E2B40F005
:10C360008E80FF2304A91A4611E903001BF07DFB10
:10C3700001280ABF444B41F2FC15187005F0FC027D
:10C3800020791E210EF05AFE054610B33F4C40495D
:10C3900020681CF051F93F4920681CF04DF91BF052
:10C3A0006BFB1BF06AFB3C4B00933C4A3C4920680A
:10C3B00059231CF041F93B493B4A20682B461CF0AD
:10C3C0003BF9284600F0C0F8384920681CF034F9E1
:10C3D000FEE7374900902379364A0968364800F06D
:10C3E0000DF9054600284AD0284C294920681CF040
:10C3F00023F9284920681CF01FF91BF03DFB1BF0B6
:10C400003CFB254B0093254A2549206862231CF0FC
:10C4100013F92449244A20682B461CF00DF92846BC
:10C4200000F092F8214920681CF006F9FEE7B0F808
:10C43000053007EE903AB0F80730F8EE677A01332E
:10C44000B7EE047A67EE877A07EE103AB8EEC77A4D
:10C4500067EE877AB1EE047A67EE877A17EE900A74
:10C460001AF082FC07EE900AFCEEE77A104A17EE0B
:10C47000903AB3F57A7F38BF4FF47A73136005B002
:10C4800030BD00BFA0000602EB1E002038100020C7
:10C49000A7300300A930030069340300EC33030024
:10C4A000B7300300C6300300C3300300DB300300A5
:10C4B000E40A002085C20000001000200B4B1B780E
:10C4C000024683B10A4B1B78834234BF002001200F
:10C4D000084B1B7833B1084B1B78134113F0010F45
:10C4E00008BF002070470120F2E700BFE70C0020E2
:10C4F000E60C0020EC1E0020E50C002008B5084BDF
:10C5000001221A70074B00221A70074B04221A707E
:10C51000064B1F221A7003F005FF054B186008BD7B
:10C52000E70C0020EC1E0020E60C0020E50C0020AB
:10C5300038100020024B034918681CF07DB800BF7A
:10C54000381000208934030070B50C4C0C490646A5
:10C5500020681CF071F803F0E5FE0546206803F042
:10C56000D5FE3046FFF7E6FF284603F0CFFE2068F1
:10C570000449BDE870401CF05FB800BF38100020CF
:10C580008B3403008D34030038B505461BF00DFBDA
:10C590000B4A146800235CB1AC4206D1A96A6BB1A6
:10C5A00099621BF008FB012007E02346A46AF2E72A
:10C5B000002DF3D01BF0FFFA204638BD1160F0E7E4
:10C5C0003C10002010B5044698B104F0ABFE2046A4
:10C5D000FFF7DAFF10B194F82C300BB9002010BD32
:10C5E0001BF0E3FA044A1368013B13601BF0E3FA03
:10C5F000F4E72220F3E700BF401000202DE9F043CC
:10C6000085B005469DF83070914698460E4609B9AA
:10C61000002F5CD12846FFF7D5FF0446002836D10D
:10C6200085F82C00686304F075FF864233D904F066
:10C630000BFF2146844640F2E7304FF47A72002324
:10C64000E6FB0C0119F066FC4FF0FF32002319F0F5
:10C6500061FC2B46E8861146CDE900441D4A284678
:10C660001CF037FA044690B9C5E9089885F82D7092
:10C670002E631BF09AFA184A136833B31A469B6A62
:10C68000002BFBD195620023AB621BF094FA20468D
:10C6900005B0BDE8F08347B1CDE900440D4A2B4613
:10C6A0003146284604F0F4FEDCE703A9304604F0E6
:10C6B000D1FE04460028EAD1CDE90077054A039966
:10C6C0002B4628461CF0E1F9CCE71560DBE7212476
:10C6D000DDE700BFDDC600003C10002091F82C30E3
:10C6E00013B50C4683B98B8ECA8E93420ED243B9D2
:10C6F000CDE90033114A0B4620464FF0FF311CF0C4
:10C70000A8F9A38E0133A38602B010BD52B191F8EF
:10C710002D307BB101230093D1E908232046096B1A
:10C72000FFF76CFF064A012384F82C3013680133AD
:10C730001360E9E7084604F0F5FDF3E7DDC6000005
:10C74000401000202DE9F041144E336823B3144FFC
:10C750004FF000081BF029FA3C68054624B928462A
:10C76000BDE8F0411BF027BA94F82C3093B1336840
:10C7700084F82C80013B336094F82D3013B92046A7
:10C78000FFF702FF28461BF016FAD4E908312046CD
:10C790009847DFE7A46AE1E7BDE8F0814010002098
:10C7A0003C100020034B1B68002B14BF0420012009
:10C7B000704700BF40100020024B1868B0FA80F0AC
:10C7C000400970474010002008B50548012100F0DD
:10C7D00041FD1BF0DAF8BDE8084000F01DB800BFCD
:10C7E00000350A000148012100F034BD00350A007F
:10C7F00007B508201BF09CF9064B02226846CDE9DC
:10C8000000231BF03DF9082003B05DF804EB1BF09A
:10C810009AB900BF006A18102DE9F0433B4D3C4F18
:10C82000DFF80091DFF800810FCD89B001AC0FC4B3
:10C8300095E80700374D84E807003748012100F0EC
:10C8400009FD38460121012400F004FD334B039318
:10C8500001A928468DF812401BF060FB23460422F4
:10C8600000210A2001F0CEFD2246002302210A20E9
:10C8700001F0C8FD234604220721052001F0C2FD76
:10C880000422214623460A2001F0BCFD244BAB675D
:10C890000B236B6702264FF4487004F0FBFFC9F8C6
:10C8A000EC61142004F0F6FFC8F8EC61232004F0DA
:10C8B000F1FFC9F8EC61B92128461BF06EFB00239B
:10C8C0001A461946C8F8EC610A2001F09BFD0023C6
:10C8D0001A4631460A2001F095FD23460022072121
:10C8E000052001F08FFD2346002221460A2001F099
:10C8F00089FD284602F084F80021A9673846696757
:10C9000000F0A8FC09B0BDE8F08300BF903403003C
:10C91000006204000008014000350A0000127A009D
:10C920001E1D001200A0004400A0004608B500F043
:10C9300083F8124B12498B4212D3124B124900203A
:10C940008B4218D3FFF71AF9186850F8224058683C
:10C9500040F82240013298688242F5D30C33EAE76E
:10C960000022F8E71C6844F8220001325C68A24209
:10C97000F8D30833E4E70022F8E700BFD05F0300F4
:10C98000DC5F0300DC5F0300DC5F030000487047EE
:10C9900000F04902104AD2F8943003F00703023B3A
:10C9A000032B13D8DFE803F00C14020E0B4B1B68AB
:10C9B000D2F80001C0F304200130B3FBF0F070475F
:10C9C000074BF4E7074B1B685B08F1E7054BEEE705
:10C9D0004FF40043ECE700BF00400E40F00A002097
:10C9E000F40A0020E80A002008B5FFF7D3FF054B42
:10C9F000D3F80831C3F308230133B0FBF3F0024B43
:10CA0000186008BD00400E40EC0A0020014B186879
:10CA1000704700BFF40A0020054B1860054BD3F89F
:10CA2000943003F00703022B01D1FFF7DDBF7047FD
:10CA3000F40A002000400E40044B054A9A60D3F8E7
:10CA4000882042F47002C3F88820704700ED00E0AF
:10CA500000B80000014B1868704700BFF00A0020C2
:10CA60000F4BD3F82838A3F17E62A2F58432B2F5D9
:10CA7000104F10B511D219680A4A91420DD10A4CD3
:10CA8000227812F0FD0F01D0002010BDDB6998471D
:10CA90000028FAD101232370F6E74FF48170F4E700
:10CAA0000000E10F07B0CD5EED1E0020054A0649EB
:10CAB0000346106803448B4294BF13604FF0FF306D
:10CAC000704700BFF80A00200000042008B529487C
:10CAD000012100F0BFFB012304220221052001F007
:10CAE00091FC002001F082FC234B0122C3F81028A6
:10CAF0001146042000F094FE204800F0FDFC204B7D
:10CB0000D3F8F02042F00102C3F8F020D3F8FC2063
:10CB100042F08072C3F8FC20A3F55D43194A1A6005
:10CB200000F5D520184B00F2FC40B0FBF3F0174B9A
:10CB3000013802221861C3F8F0204FF48072C3F864
:10CB400004234FF06043124AC3F8B02F114AC3F8D0
:10CB5000802ED3F8002E42F48072C3F8002EFF22FC
:10CB600083F82020D3F8002E22F48072C3F8002E20
:10CB7000002008BD00350A000080144206000E00A7
:10CB800000ED00E0FF030040F8590D00000004E054
:10CB900055CEACC5090001004FF0604330B5D3F865
:10CBA000802ED20715D501240B4D8440D5F8FC20EA
:10CBB00042F08072C5F8FC20D3F8002E2243C3F85F
:10CBC000002E53F82020002AF0D003F82010002077
:10CBD00030BD1120FCE700BF00ED00E02DE9FF4172
:10CBE000044601212B4800F035FB23682A4A934272
:10CBF0004ED002F58062934247D12848012100F0CF
:10CC000029FB6179207901230A2201F0FBFBE179FC
:10CC1000A07901230A2201F0F5FB0A27012630251D
:10CC2000237962794FF00C0815FB038303F18843E5
:10CC300003F5204306FA02F21A60642004F02AFE8B
:10CC40002379627915FB038303F18C4303F52043B9
:10CC500006FA02F21A60642004F01CFE013FDFD1E4
:10CC600020680323436423895BBA9BB2836440F248
:10CC70000113ADF8003023690293E368019369461C
:10CC8000237D8DF80C3001F039FC04B0BDE8F08153
:10CC90000348B3E74041050000C000400092040093
:10CCA000008204002DE9F04F9A46554B85B01B7861
:10CCB000DDF83C909DF844B0DDF8508006460F4604
:10CCC0001546002B00F09680072A00F295800E9BF7
:10CCD000002B00F09180B9F1000F00F08D80129BC5
:10CCE000B3F5006F00F38880012803D1109B002B5F
:10CCF00000F08280434B03EB05131B7B002B7DD0A0
:10CD0000414C10220021684625F084FA04EB4514BA
:10CD100010229FBB3946204625F07CFA43F21003CF
:10CD20006380BBF1000F03D1E37843F00303E370AA
:10CD3000354A0E9BCDF800A002EB451CCCE90193CF
:10CD4000129B581E9DF84C30690103F00303C0F399
:10CD50000A009B0643EA001E53582C4818404EEA2E
:10CD60000003012E535017D0B8F1000F2ED19CF8BC
:10CD7000023068F304138CF8023027E000212046CB
:10CD800025F048FA4FF444736380BBF1000FCFD114
:10CD9000E37843F03003CAE71323CCF80C309CE867
:10CDA0000F000CF1100E8EE80F00DCF81C20109B19
:10CDB000CCF814306FF0030161F39F02012FCCF81F
:10CDC0001C2003D1CCF81890CCF804300D4A29016E
:10CDD00002EB051342F80180159A5A600027284695
:10CDE000224669469F605E7301F0EEFB384605B04F
:10CDF000BDE8F08F0648FAE70648F8E70648F6E788
:10CE0000EE1E002044110020441000200F80FFF38C
:10CE1000028000F0018000F0078000F038B5124B6E
:10CE20001B780546DBB1E0B11AF0BFFE0F4A0023C4
:10CE30001146147B54B92B601A0101EB0313012531
:10CE40008C501D731AF0B7FE204638BD0133082BF5
:10CE500002F11002EDD11AF0AEFE0548F5E70548E3
:10CE6000F3E70548F1E700BFEE1E00204411002063
:10CE7000048000F0028000F0018000F038B51AF064
:10CE800094FE0C4A05460023147B6CB90133082B31
:10CE900002F11002F8D101F04DFB074B28461C703F
:10CEA0001AF089FE204603E028461AF084FE034863
:10CEB00038BD00BF44110020EE1E0020058000F0A8
:10CEC0000D4B1B7810B5044693B1072812D81AF001
:10CED0006CFE0A4B03EB04131A7B2AB100241C736B
:10CEE0001AF069FE204610BD1AF065FE0448FAE704
:10CEF0000448F8E70448F6E7EE1E0020441100203D
:10CF0000068000F0028000F0018000F013B5164B9F
:10CF10001868019000238DF804301AF046FE134B78
:10CF20001C7824B11AF047FE114802B010BD01224E
:10CF30001A701AF040FE0F4B1C731C7783F82C40BC
:10CF400083F83C4083F84C4083F85C4083F86C40A5
:10CF500083F87C4004230DEB03008DF8073001F0CB
:10CF600009FB2046E1E700BFFC340300EE1E002071
:10CF7000038000F0441100200A4A127808B55AB123
:10CF800007280BD8084A02EB00131B7B43B1002192
:10CF900001F0E6FA002008BD0448FCE70448FAE77F
:10CFA0000448F8E7EE1E002044110020028000F043
:10CFB000018000F0078000F00A4A127808B55AB1E3
:10CFC00007280BD8084A02EB00131B7B43B1012151
:10CFD00001F0C6FA002008BD0448FCE70448FAE75F
:10CFE0000448F8E7EE1E002044110020028000F003
:10CFF000018000F0078000F00A4A127808B552B1AB
:10D0000007280AD8084A02EB00131B7B3BB101F04A
:10D010002BFB002008BD0548FCE70548FAE705485A
:10D02000F8E700BFEE1E002044110020028000F04F
:10D03000018000F0078000F00D4B1B7893B10728AA
:10D0400012D889B10B4B03EB00131B7B73B10A4B56
:10D050001A6E01238340134214BF012300230B7077
:10D0600000207047054870470548704705487047DD
:10D07000EE1E00204411002000200E40028000F02F
:10D08000018000F0078000F00B4A127810B50C46C2
:10D0900062B107280CD859B1084A02EB00131B7B78
:10D0A00043B101F0F7FA2070002010BD0448FCE7FE
:10D0B0000448FAE70448F8E7EE1E00204411002077
:10D0C000028000F0018000F0078000F02DE9F041BF
:10D0D000DFF86480D8F86070D8F86C301F4000D555
:10D0E000FEE7134C01260025374218D02368C8F804
:10D0F0006860A3B1A16862680131A16028469847C1
:10D10000637B012B0BD150B90A4B03EB45131A7B00
:10D1100060F341021A731A7F60F341021A770135F6
:10D12000082D4FEA460604F11004DDD1BDE8F08178
:10D13000441100204410002000200E400C4B984267
:10D1400005D90C4B984210D80122012301E000229E
:10D15000134609490B640949D1F8003123F0807363
:10D1600043EA0263C1F8003170470222EDE700BFD5
:10D170000048E8010090D0030000C84300400E4082
:10D180000F4B5B680F4B30B500221C46C9B21D79AE
:10D190008D4202D11D6885420DD20132052A03F16C
:10D1A0000803F4D10321064A536823F0407343EA8D
:10D1B0000163536030BD04EBC2046179F3E700BF43
:10D1C00000000E402035030038B5074C41F671339E
:10D1D000256C2364FFF7DAFBADB20021FFF7D0FF27
:10D1E0000DB10023236438BD00000E40044BDB6BFF
:10D1F0005B0604D4034AD2F8C830002BFBD1704739
:10D2000000300E400000C64308B5FFF7EFFF024BA9
:10D210005868C0F3014008BD00300E40044BD3F8FD
:10D220004421D20703D4D3F840211042FBD17047E8
:10D2300000400E4038B5064C256C41F6713323642E
:10D24000ADB2FFF79DFF0DB10023236438BD00BFD1
:10D2500000000E4038B5C0F30323013B092B11D861
:10D26000DFE803F0052710102B221D101511154DB6
:10D27000C0F3043405F1424505F5801504EBC50003
:10D280008000016038BD104DC0F30434F2E70F4D4B
:10D29000C0F304344FF48030FFF7C0FFEAE7C0F377
:10D2A00004340B4D1020F7E7C0F30434094D01207E
:10D2B000F2E7094DC0F30434DCE7084DC0F3043451
:10D2C000D8E700BF00400E4050410E40F0400E40F5
:10D2D000E8400E40E0400E40C0400E40B0400E40DE
:10D2E000C0F30313013B092B2AD8DFE803F0050B39
:10D2F0000F1929291F23374B274BD3F80001C0F3FF
:10D3000004207047244BD3F81401F8E7224BD3F8DC
:10D310000031C3F3006301330120984001387047A6
:10D320001D4BD3F80C01C0F3082070471A4BD3F8FB
:10D330000801F8E7194B984204D0194B984207D0DE
:10D3400000207047144BD3F8203103F00F03E3E7BC
:10D35000114BD3F82031C3F30113DDE7114B984291
:10D360000CD003F5B01303F580539842E8D10A4B73
:10D37000D3F82831C3F301230433CDE7064BD3F8A8
:10D380002831E8E7084B9842DAD1034BD3F8300153
:10D3900000F00300704700BF00400E4080061600FA
:10D3A00080162E0090171A00A009140000F00F003C
:10D3B0000138072850D8DFE800F00415244F34382E
:10D3C0004F402B4BD3F8943003F00703023B052B5F
:10D3D00006D8DFE803F049243F0305430B207047DC
:10D3E00005207047224BD3F8800000F00700022888
:10D3F0003DD0042836D0012808BF032018BF0120E3
:10D4000070471B4BD3F8843003F00703013B032B19
:10D4100003D8DFE803F0041F25270120704703200D
:10D420007047134BD3F88800DFE7114B1B6F13F0E5
:10D43000010F0CBF0720092070470D4BD3F85C315A
:10D4400003F03003202B0FD0302B0FD0102B08BF50
:10D450000720D3E702207047002070470C20704758
:10D46000062070470A207047042070470820704744
:10D4700000400E4008B50146FFF798FF1A4B99424D
:10D4800011D01A4B994212D0194B994204D1194B21
:10D49000D3F8800000F007000138032821D8DFE826
:10D4A00000F00A0E1612134BD3F88400F2E7114B6A
:10D4B000D3F88800EEE7BDE808401AF02CBBBDE8C1
:10D4C0000840FFF7C7BABDE808401AF027BBFFF7CE
:10D4D00061FA084BD3F80031C3F300630133D8403D
:10D4E00008BD0020FCE700BF030020000500240069
:10D4F00002001E0000400E4000F47813B3F5B01F88
:10D5000010B5044674D025D8B3F5402F5ED010D89E
:10D51000B3F5802F49D005D83BB1B3F5003F4FD0CC
:10D52000002010BDB3F5202FFAD1BDE81040FFF761
:10D5300031BAB3F5801F00F08480B3F5A01F4DD041
:10D54000B3F5602FECD14A48FFF730FF072878D0B9
:10D550000928E9E7B3F5381F53D013D8B3F5001FF6
:10D5600058D00AD8B3F5D01F56D0B3F5F01FD7D195
:10D570004048BDE81040FFF77DBFB3F5101FCFD185
:10D580003D48F6E7B3F5481F4DD0B3F5781F65D099
:10D59000B3F5401FC4D13948FFF76CFF384BD3F8BF
:10D5A0002831C3F30123043320E0FFF7F3F9344BB0
:10D5B000D3F80C31C3F308230133B0FBF3F0B0E729
:10D5C000FFF7E8F92E4BD3F80831F3E7FFF7E2F95C
:10D5D0002B4BD3F81431C3F30423EDE72648FFF7B0
:10D5E00049FF274BD3F8303103F00303D84098E7C5
:10D5F0002048FFF73FFF224BD3F8203103F00F0301
:10D60000F4E71C48FFF736FF1D4BD3F82031C3F376
:10D610000113EBE71948ACE71848FFF72BFF184B4D
:10D62000D3F82831F3E71748FFF7C0FE072808D0E2
:10D63000082809D004287FF473AFBDE81040FFF735
:10D64000E5B9114B18686CE7FFF7A4F90C4BD3F858
:10D650000031C3F3042303FB000062E7FFF79AF9EC
:10D66000014620461AF095FAB1FBF0F059E700BFE9
:10D6700006000E0002001E0005002400030020002A
:10D6800000400E40B8003200FC0A002010B5FFF741
:10D690009BFD094B07225A67FFF77CF9FFF74EFD08
:10D6A000FFF7A2F90446FFF7AFFD01462046BDE8AB
:10D6B0001040FFF7BFBD00BF00400E4008B5FFF7A8
:10D6C00075FE02280ABF024B4FF6FF70188808BD8E
:10D6D000D20C0020014B1880704700BFD20C0020F4
:10D6E000014B1880704700BFD00C002010B50428F3
:10D6F00013D8DFE800F047032F132100294AC1F3B4
:10D700000801D2F86838002BFBD1274A136A23F4AA
:10D71000FF7323F001030B43136210BD214A01F094
:10D720007F01D2F86038002BFBD11F4A136923F028
:10D730007F030B431361F0E71A4A01F07F01D2F82F
:10D740006438002BFBD1184A936923F07F030B4305
:10D750009361E2E7144AD2F89030536A23F0300321
:10D7600043F010035362146B104BC1F3C31003302A
:10D770000F2803EA040328BF0F200B4343EA00737A
:10D780001363CAE74F29074A28BF4F21D2F87438DC
:10D79000002BFBD1044A936B23F07F030B4393636D
:10D7A000BBE700BF0020C84300400E4000F8FF0F59
:10D7B000104A536A13F0300F18D0202913D03029A3
:10D7C00014D000290C4B08BF4FF44003D2F890103E
:10D7D00033EA0101FAD15B0246BFD2F8A000C0F3E0
:10D7E0008020012070474FF40003EFE74FF440031F
:10D7F000ECE700BF00400E40FF33E10702280AD1EA
:10D8000029B1064B4FF48060C3F8A800596612B1E5
:10D810000220FFF7CDBF0120704700BF00400E403F
:10D820000428F8B548D8304B13F800C02F4B1D5CC6
:10D830002F4B33F810702F4B33F810402E4B00292C
:10D8400040D0022839D15C6A14F0300F35D12B4C0E
:10D85000E46B5C6AE40705D55E6A26F0300646F0A4
:10D8600010065E62264C244B25441F66AD002B68D3
:10D87000002BFCD002B36444A4002368002BFCD02E
:10D88000022819D1C1B11C4D696A11F0010116D0ED
:10D8900001222021FFF7B2FFD5F89C600122002170
:10D8A0000220FFF7BDFFC6F30A010220FFF71EFFAB
:10D8B0002F662368002BFCD0F8BD0021D2E7FFF7CC
:10D8C00077FFE9E701211C66A940D3F890000842E0
:10D8D000FBD1002AF0D00123074903FA0CF3D1F859
:10D8E00090201A42FBD1E7E71935030014350300F5
:10D8F0000A3503000035030000400E4000300E40A2
:10D900008004F21010B50246B8B901221146FFF7A3
:10D9100087FFFFF759FC0F4B04225A67FFF73AF8CD
:10D92000FFF70CFCFFF760F80446FFF76DFC0146BB
:10D930002046BDE81040FFF77DBC012807D1014615
:10D94000FFF76EFFFFF740FC024B0322E5E7FFF70E
:10D950003BFCE3E700400E4038B5FFF757F80021E5
:10D96000044600F0EBFA1248FFF7E8FB01221146EB
:10D970000220FFF755FFFFF727FC0CB1FFF736FC3D
:10D980000C4B02225A67FFF705F8FFF7D7FBFFF7AA
:10D990002BF80546FFF738FC01462846FFF74AFCFE
:10D9A0002CB920460121BDE8384000F0C7BA38BD87
:10D9B0000148E80100400E401C4B70B51C681C4B30
:10D9C0009C4221D81B48FFF7B9FB012211460320D6
:10D9D000FFF726FFFFF7F8FB0024174B01265E67D1
:10D9E000FEF7D8FFFFF7AAFBFEF7FEFF0546FFF79D
:10D9F0000BFC01462846FFF71DFCB4B93146204612
:10DA0000BDE8704000F09ABA0021204600F096FA76
:10DA10000848FFF793FB012211460320FFF700FFA0
:10DA2000FFF7D2FBFFF7E2FBD7E770BDE80A002063
:10DA3000002D31010148E80100400E40012210B5DF
:10DA400011460320FFF7ECFEFFF7BEFB084B052253
:10DA50005A67FEF79FFFFFF771FBFEF7C5FF04460D
:10DA6000FFF7D2FB01462046BDE81040FFF7E2BBBE
:10DA700000400E4010B504461120FFF797FC00212E
:10DA800001220220FFF7CCFE184A217C536A23F0C2
:10DA90000103022908BF43F001035362144B2178AC
:10DAA000C3F8A014637AA18843EAC123D362136B3D
:10DAB000A07A217A03F07F630343E08843EAC0231E
:10DAC00043EAC11303310F2928BF0F2143EA017331
:10DAD0001363A37B617B1B0143EA0133E17B0B43AF
:10DAE000217B43EA0143536310BD00BF00400E4059
:10DAF0000000C84338B50E4D0E4C01461120FFF70B
:10DB000055FCAA6B4B7814400A78144344EAC324AA
:10DB10008B7844EA0364CB7844EA0324AB6BA342DA
:10DB200005D0002101220846FFF77AFEAC6338BD1C
:10DB300000400E4080E4FFF8034B5868C0F3080033
:10DB4000003818BF0120704700ED00E0034BD86B90
:10DB500080F04000C0F38010704700BF00300E40DE
:10DB600042EA0322B2F5007F10B5194C29D00AD839
:10DB7000B2F5807F22D040F201139A4215D062B9EB
:10DB8000D4F81C320BE0B2F5407F1DD040F20133D7
:10DB90009A4210D0D4F8283201E0D4F82432C3F3EA
:10DBA0000722DBB203600A6010BDD4F824321A0EDB
:10DBB000C3F30743F6E7D4F82832F8E7D4F81C3269
:10DBC000F5E7D4F82032EAE7D4F82032EFE700BFD7
:10DBD0000081E00F08B5FFF7B9FF20B1024AD2F883
:10DBE000C830002BFBD108BD0000C64308B5FFF7C5
:10DBF000ADFF80B1FFF7EEFF074B19685A68C1F31C
:10DC00000121C2F3014291421A688CBF42F0100216
:10DC100022F010021A6008BD00300E40064B1B684F
:10DC2000DB0608D5054B1B69C3F30443082B02BF71
:10DC3000034B044A1A60704700300E4000400E400B
:10DC4000E80A0020C0EA210170B5FFF77FFF38B174
:10DC50002D4B1A781023C2F1020293402B4A136114
:10DC60002B492C4DD1F8804145F60E03C1F8803187
:10DC70002B6823F0AA03DB05DB0D0B66FFF7AAFF79
:10DC8000224B1B68D80604F0010415D5D1F84031A9
:10DC9000DA01FBD4204B1B680B61204B1B78052B52
:10DCA0000AD11F4B1E68FFF795FF184B5968304685
:10DCB000C1F30141FFF7BEFA184B1B78023B0A2B58
:10DCC0000AD8DFE803F00615170909090909091A36
:10DCD0001D000020FFF716FE2B68DB075EBF0C4B14
:10DCE00002221A661CB10A4B0022C3F8802170BDC3
:10DCF0000120EFE7FFF730FEEEE7FFF79FFEEBE7CF
:10DD0000FFF7C4FCE8E700BFEF1E002000300E4024
:10DD100000400E40C8110020C4110020F01E002059
:10DD2000E80A002010B50B4C0B4BD4F890201A6079
:10DD30001120FFF73BFB094B1870FFF74BFF084B17
:10DD4000084A5B68C3F301431370074B22691A60EA
:10DD500010BD00BF00400E40C8110020F01E002082
:10DD600000300E40EF1E0020C4110020064942780A
:10DD70000B6823F4407343EA0223022A0B6004BFBA
:10DD8000024B5B6A704700BF00300E4000400E40FF
:10DD900010B5044608B1FFF7C5FFFFF727FF144A87
:10DDA000136943F0040313611AF054F81AF053F89E
:10DDB000104B114AC3F8242403F559231B68DB06D2
:10DDC0000ED519F0EBFE25F057F919F0EBFE1AF01D
:10DDD00043F803F013F92CB1BDE81040FFF734BF4E
:10DDE00030BFF4E7FFF71AFFBDE81040FEF7FCBDB7
:10DDF00000ED00E000A000400000FFFF10B5044669
:10DE000008B1FFF78FFFFFF7F1FE1A4BD3F880211F
:10DE100045F60E01D207C3F8801148BF00224FF427
:10DE20002071196648BFC3F88021134A136943F073
:10DE300004031361114B124AC3F824241AF00AF8A0
:10DE4000104B1B68DB060CD519F0A8FE25F014F961
:10DE500019F0A8FE03F0D2F82CB1BDE81040FFF78E
:10DE6000F3BE30BFF6E7FFF7D9FEBDE81040FEF77E
:10DE7000BBBD00BF00400E4000ED00E000A0004030
:10DE80000000FFFF00300E400E4A0379916921F037
:10DE90003F010B43017843EA8103417843EA4103A0
:10DEA000817843EAC103C178012908BF43F0010327
:10DEB00093611368417923F4403343EA01431360CB
:10DEC000704700BF00300E402DE9F04104460D467A
:10DED000FFF73CFE60B3DFF86080FFF77BFED8F809
:10DEE0000430C3F301439C4222D0124BD3F80031DB
:10DEF000FEF750FD022C07464FF0100609D12146CF
:10DF0000FFF798F9C8F8106095B1BDE8F041FFF748
:10DF100061BEC4F102039E40C8F810600DB1FFF766
:10DF200059FE2CB921463846BDE8F041FFF782B9C9
:10DF3000BDE8F08100400E4000300E4038B5054687
:10DF40000C46FFF703FEB8B145B90C4BD3F80051AE
:10DF5000FEF720FDC5F3042505FB0005084B1B78E3
:10DF600021463BB1074B9D4204D80220BDE8384012
:10DF7000FFF7AABF0020F9E738BD00BF00400E4000
:10DF8000F11E0020002D3101034B02781A7001218F
:10DF90000020FFF7D3BF00BFF11E0020234B4AF63D
:10DFA000E85210B5596B5A639A6FD207FCD41B6CB8
:10DFB00013F0030306D01E4A01249842C2F8B44A63
:10DFC0001AD110BDA0B1431E012B17D8174A4FF428
:10DFD0000023D362936FDB07FCD4136C23F003039D
:10DFE00043F001031364114A536A1C03FCD505E096
:10DFF0000F4BC3F8B40AE4E7032BE4D00B4B9A6F42
:10E00000D207FCD41A6C22F0030202431A649A6FFE
:10E0100012F00102FBD10038054C18BF0120012984
:10E02000C4F8B40A08BF5A63CBE700BF00300E4003
:10E030000000C6432DE9F04F00238BB0CDE9043337
:10E04000CDE90633CDE90833A0F5E163B3F5966F6A
:10E0500005460191934603D900200BB0BDE8F08F2F
:10E06000624BDFF88C81D3F81842B0F5E16F15BF31
:10E070004FEA146AC4F3072AC4F30744E4B20694CF
:10E08000CDF824A0D8F84C60C6F301768CBF0122ED
:10E090000022334607A904A815BF4FF4E1674FF4E7
:10E0A00096674FF496694FF416790392FFF758FD7F
:10E0B000D8F8EC30039AC3F3012308A905A802930A
:10E0C000FFF74EFDA5EB070CAAEB04020CFB02F2D6
:10E0D000B2FBF9F214445445079F0498089A059935
:10E0E000BAD8A2EB010E0CFB0EFEBEFBF9FE11EB43
:10E0F0000E012CBF4FF0010E4FF0000E8A42ABD341
:10E10000BEF1000FA8D13A1A0CFB02F2B2FBF9F2F1
:10E1100080182CBF0122002287429DD3002A9BD168
:10E12000029BBBF1000F0FD0D8F85C20B5F5E1677A
:10E1300022F4FE4218BF012722F0020242EA4702FF
:10E1400042EA0422C8F85C20019A0AB9012084E757
:10E15000264A022ED2F830223ED0032E3FD0012E86
:10E1600014BFD2B2C2F30722120312F4702F7FF44D
:10E1700073AF1F4EF46E24F470442243F2661B4AC0
:10E18000022BD2F830222CD0032B2DD0012B14BF20
:10E19000D2B2C2F30722120312F4702F7FF45CAFE5
:10E1A000134CD4F8EC3023F470431343C4F8EC3030
:10E1B000636E884238BF084623F4FF73E72823F0D4
:10E1C000010328BFE720B5F5E16F18BF43F0010355
:10E1D00043EA40036366B9E7C2F30742C4E7120E9D
:10E1E000C2E7C2F30742D6E7120ED4E70081E00F80
:10E1F00000300E402F4B1A6FD96C11F0010F02F056
:10E20000060242D0002A40D013284FD914381328D0
:10E210008CBF102308232749013BCA6C180322F442
:10E220007F4240EA03231343CB64234BCA6C1B8811
:10E23000C2F303222833013202EB820003EB5303C3
:10E24000B3FBF0F3C86C013B072B28BF072320F07A
:10E25000EE6040EA036343F48013CB64174BB3F9D9
:10E260000030002B10DB2833500800EB420203EB98
:10E270005303B3FBF2F30A6D072B28BF072322F0E9
:10E28000700242EA03130B657047D96C01F001017B
:10E29000114304D1092809D90A380928B8E7DB6CE9
:10E2A00013F00103B7D01AB92728B1E70423B2E766
:10E2B0000023B0E700300E408C1E0020881E002096
:10E2C000064A074BD3F88039136F23F00703034343
:10E2D0001367044B1888FFF78DBF00BF00300E4056
:10E2E0000000C6438A1E0020394B02222DE9F0416E
:10E2F0009A639B6B03F00F039342044603D00025FF
:10E300002846BDE8F081C288B0F808808588B0F959
:10E310000C6047784A2A4ED9B2F5FA7F4DD340F6C1
:10E32000C3139A428CBF4FF040524FF0005228491D
:10E33000CB6C23F0405323F00103002EA8BF43F021
:10E3400001031343CB64D1F8EC3043F44073C1F8BC
:10E35000EC30204B1D80CB6E43F08073CB661E4BA0
:10E36000D3F8800900B10420FFF7AAFF1B4BA3F8E4
:10E3700000801B4B28461E80FFF73CFFA37BFBB1B0
:10E38000012B21D0012260881146FFF753FE05467C
:10E390000028B4D00E4AD36B43F48063D36338466D
:10E3A000FFF7FCFDA37AA3F12002534253410A4A2E
:10E3B000C2F89437A4E70022B9E74FF08052B6E7DD
:10E3C000034B084A9A65DDE7014B074AFAE700BFAD
:10E3D00000300E408A1E00200000C6438C1E002024
:10E3E000881E002077402057372110B7044AD2F802
:10E3F000443423F003030343C2F84434704700BF9E
:10E4000000A0004000EB4000F8B50D461F46040197
:10E4100016463AB1154801238B402044C7B100F19C
:10E42000C0600360072D4FF00F0114D8AB001048F7
:10E4300006FA03F29940204419F013FD3EB90B4A45
:10E440000123AB40224477B102F1C0621360F8BDF2
:10E4500000F18060E5E7A5F108039B00054806FA96
:10E4600003F29940E7E702F18062EFE70CA0004079
:10E4700004A0004008A00040F8B505460E4614462A
:10E4800062B303F00307036823F44073036019F0D9
:10E4900085FB2A6882EA072303F4407353402B600C
:10E4A00019F080FB36B9104B9D4218D10F48FFF789
:10E4B00023F806462B680E4BDA5D62430ED0A2EBC2
:10E4C000C403013B3344B3FBF2F32A68920703F120
:10E4D000FF3302D5002B08BF01232B61F8BD054B8C
:10E4E0009D42E7D10448E2E700C0004000820400FA
:10E4F0004835030000C400400092040038B50023F2
:10E5000003640B4BC3634A78430103F1844382F0F5
:10E5100001020C465A600B7B0546D1E90112FFF758
:10E52000ABFF21782846BDE8384019F0A9BC00BFF0
:10E53000FFFF0700084B4FF40072C3F88020BFF3C1
:10E540004F8FBFF36F8F054B0021D9664FF4AA4060
:10E550001962FEF77FBE00BF00E100E000200E4020
:10E56000034B03449B0081F001011960704700BF19
:10E57000A001F11010B5044601214FF4AA40FEF7A6
:10E5800069FEB4F8013022785BBA9BB243EA0263B9
:10E590000B4A136000231362D36253634FF00043AE
:10E5A000D3664FF0FF339366064A4FF40071C2F80A
:10E5B0008011E3785B01DBB282F80933116010BD92
:10E5C00000200E4000E100E0F8B5254D8F7AD1F82B
:10E5D00000C0C3B201269E404FF0300ECB7A0EFB36
:10E5E00000500C461B05097BAE6643EA0743C0F8A2
:10E5F00080C094F80DC0C0F888C043EA415322F0AF
:10E600000302C0F88430C0F8982019F0CEFAEB6EFF
:10E610003343EB66237A13B16B6B33436B63637ADB
:10E6200013B1EB6A3343EB6223792A6823B1DB43EE
:10E630001B0263F47F431A4063790BB142EA032261
:10E64000A3790BB122EA0302E3791343044A13606E
:10E65000044B9E62D663BDE8F84019F0ACBA00BF27
:10E6600000200E4000200E4410B5C0B201248440AA
:10E6700019F09BFA054AD36E23EA0403D366044BD0
:10E680001C62BDE8104019F096BA00BF00200E4091
:10E6900000200E4410B5C0B20124844019F085FA60
:10E6A000074B1A6A224208D19B6A9C430CBF012483
:10E6B000002419F080FA204610BD0024F9E700BFBD
:10E6C00000200E40054B5A685B68054B41F67132DD
:10E6D0001A649A6822F001029A60704700300E4076
:10E6E00000000E40034B9A6822F001029A6000225B
:10E6F0001A64704700000E40094A0A4BD969C907DD
:10E7000005D512B96FF002007047013AF6E7002A0A
:10E71000F8D001221861DA60D86940F380007047B0
:10E720008096980000000E4070B509B9002070BDB9
:10E730000E4A0023082550F8234094610C4CD56004
:10E740000133D669F60705D514B96FF00200EEE77C
:10E75000013CF6E7002CF8D0D469A40702D4994212
:10E76000E9D1E3E76FF00100E1E700BF00000E40F0
:10E77000809698002DE9F8431C4B0D4641F6713107
:10E780001E6C19641A49804648684968996841F0C6
:10E790000101B6B2996097084FF00009B94501D35D
:10E7A000002005E008EB89042046FFF7A5FF48B1EB
:10E7B0000E4B9A6822F001029A600EB100221A6490
:10E7C000BDE8F883C4F30A01C1F500618908A7EB2D
:10E7D0000903994228BF19462846FFF7A5FF0028DC
:10E7E000E6D1894405EB8105D8E700BF00000E4063
:10E7F00000300E40234B41F671311A6C10B519648C
:10E8000021494C684968996841F0010199600121EA
:10E810001861D960D9694C0792B209D5996821F07D
:10E82000010199600AB100221A644FF0FF3010BD57
:10E830000221D9601549D869C00700D569B9D869DE
:10E8400010F002000BD0996821F0010199600AB123
:10E8500000221A646FF00100E9E70139EBE741B9E2
:10E86000986820F00100986002B119646FF002000E
:10E87000DDE7996821F0010199600AB90020D6E727
:10E880001864FBE700000E4000300E4080969800B0
:10E890008B784A789B0143EA82030A781343CA784B
:10E8A00043EA02130A7943EAC2234A7943EA02336C
:10E8B0008A79043043EA42430001014A1350704709
:10E8C00000200440014B1860704700BF00008442E4
:10E8D000437882789B0043EA021302781343C2789C
:10E8E00043EA4213027943EA0223427943EA0233BC
:10E8F000827943EAC233C27943EA0243027A43EAA5
:10E900004243014A13607047002004400D4AD2F888
:10E91000E430D2F8E0109B0003F03C03C1F3811116
:10E920000B438370D2F8E03003F03F034370D2F81A
:10E93000E830D2F8EC2003F0F003C2F303121343E3
:10E940000370704700FF0FE0024BD3F8F000D3F8DC
:10E95000F41070470081E00F024BD3F8FC00000E6A
:10E96000704700BF0081E00F024BD3F8F80080B27F
:10E97000704700BF0081E00F70B5054616461C4683
:10E9800019B91448FEF7B8FD0146402C1BD003D836
:10E99000DCB1202C1BD070BD602CFCD1042303FB08
:10E9A00006F2530803EB4113B3FBF2F30A4A203B90
:10E9B00002EAC3032A6822F060022A602A6814432C
:10E9C0002C606B61E7E70623E9E71023E7E70823FC
:10E9D000E5E700BF40410500F8FF7F0038B5054678
:10E9E000144619B90548FEF787FD01460139640050
:10E9F000B1FBF4F10902696138BD00BF4041050077
:10EA000040F6AA63C36041F205020023036042603E
:10EA1000104A83604361C36482640F4A0366904274
:10EA200043678367C3670DD002F5806290420BD0C5
:10EA300002F58062904205D002F58062904203D0D8
:10EA4000836570470365FBE7036583650023C36542
:10EA5000704700BFF9FF01000000014038B50446CF
:10EA600022F029FF0FCC044D0FC594E80F0085E874
:10EA70000F00002038BD00BFCC11002047F6FF7307
:10EA80009A42F0B572D0062972D83A4B5B5C022BE1
:10EA90006ED8394D05EBC304DF00A17815F833308B
:10EAA000012938BF0121012B13D1E0780025401A3C
:10EAB000A84202D80844C0B2F0BD431BA0EB5303E8
:10EAC000666836F913609642CCBF03F1FF301D46ED
:10EAD000EEE760680028EFD0B0F90040944204DB14
:10EAE000B0F902409442B8BF14468388FF2B04BF9C
:10EAF000B0F90620B0F908C03D440FBF012600263A
:10EB0000C8224FF0280C131B93FBFCF333446E78A0
:10EB10001BB29E4201DD002B01DA731E1BB20133D2
:10EB20009BB24FF47A7C071D5D1E2DB24FEAC50ED5
:10EB300000EBC5059E42EA88AD6814FB025222EA4A
:10EB4000E27202F15C02B2FBFCF205DD37F83350F1
:10EB5000954203F10103E7D200EB0E03988890423F
:10EB600028BF1046884238BF0846A4E7FF20A3E725
:10EB70000020A1E74C350300CC1100200629F0B598
:10EB800061D8324B595C02295DD8314B13F8310002
:10EB9000012816D103EBC1039C78D8785B68012C5F
:10EBA000214638BF0121904294BFC1EB0001C1EB67
:10EBB0000201CAB2001B8242C8BF002233F9120010
:10EBC000F0BD002A3DD003EBC103596800293AD0BB
:10EBD0009878904202D3B1F90200F1E7DC78B1F9FC
:10EBE00000009442ECD95C788B88A3F1FF06013CCD
:10EBF000734201F10405E4B2734101F10C07DEB286
:10EC0000B44216D805EBC3034FF47A75B3F902404A
:10EC10005B686A43D21A04EBD47302EB630292FB83
:10EC2000F4F29042CCDBB1F902009042C8DC10B2A1
:10EC3000C6E737F833C0944503F10106E2D3334603
:10EC4000DDE70448BCE70448BAE700BF4C350300E1
:10EC5000CC1100200CFEFFFF0080FFFF08B5044828
:10EC6000FFF7FCFEBDE80840012022F028BE00BFEF
:10EC70005435030000487047D40C00207FB5094B81
:10EC800009490222CDE901234FF08373CDE9031333
:10EC90004FF0FF300D2301A9059322F041FE07B08C
:10ECA0005DF804FB006A180006010C0000230C4A02
:10ECB0000360032910B50263044643630ED10521A6
:10ECC00019F073F8636823F4407343F400736360CE
:10ECD000636823F4406343F40063636010BD00BFC6
:10ECE000200010002DE9F04F1E460446894692464A
:10ECF0001F460FCE8BB001AD0FC596E80F0085E81B
:10ED00000F000025099518F049FF5146064604F505
:10ED1000827018F0D5FF494604F5847018F0D0FFD2
:10ED2000394604F5867018F0CBFF304618F03AFFEC
:10ED30005F4E604BDFF8BC91DFF8BCA12365DFF8C4
:10ED4000BCB118F02BFFC4F850B0D4F8148018F000
:10ED500029FF18F0807F19D0574B236518F01EFF4C
:10ED6000C4F850B0656918F01DFFEB0140F18880D0
:10ED700018F014FF1499054604F5887018F0A8FFE0
:10ED8000284618F00FFF0BB0BDE8F08F18F4807F15
:10ED90001CD14A4B2365013D9023A360636913F4A2
:10EDA000807F474B23650ED018F0F8FE3946834626
:10EDB00004F5807018F084FF584618F0F3FE414BBC
:10EDC0002365414B63658823A360B8E7002D13DA00
:10EDD0003E4BC4F850A0636518F0E0FE01A98346DD
:10EDE00004F5807018F074FF63695846C3F3034359
:10EDF000099318F0D7FE6D42354B23656369DFF840
:10EE000000C113F4407F4FF08803A3604FF001016D
:10EE10006269266561656369C4F850C00ABF012054
:10EE20004FF0FF3005F1FF358842C3F30723C2F3EB
:10EE300000220BD132B1D90704D5264B2365264BCE
:10EE40006365A9E7254B2365254BF9E79AB9DA07EE
:10EE500011D5244B2365244B6365A16501A904F5F5
:10EE6000807018F02DFF099B03F00F03C4F84831A0
:10EE70008323A36090E71D4BC4F850906365EDE7D2
:10EE800018F08CFE04F5807639460546304618F0B9
:10EE900017FF284618F086FE154B236518F07EFEF6
:10EEA00014990446304618F013FF204669E700BF66
:10EEB000C93E81983084880198390100C93E81019A
:10EEC000D23E8201C024D03409820100998301001E
:10EED000D9080100C8340981E20C8201C80881E226
:10EEE0000C82010083D9341181E21482E214820180
:10EEF000E010010083D9108190A28488353938014F
:10EF0000DB3E01002DE9F04F89B081460D461646E3
:10EF10000021202268461F4623F07CF94FF00A0AA0
:10EF200099F80030022B40D0032B07D0012B44D09E
:10EF30006FF0710B584609B0BDE8F08F202269468A
:10EF40003846B0478346BBF1000FF3D100F08CFC8C
:10EF500099F800100446FFF7A9FE18F01FFE694655
:10EF6000804604F5827018F0ABFE404618F01AFE99
:10EF7000374B2365204619F0E0F818F00FFE04F532
:10EF8000807883466946404618F0A2FE584618F03D
:10EF900009FE009B012B18D8204600F06FFCBAF147
:10EFA000010ABDD1DFF8BCB0C4E71C22694638466F
:10EFB000B047002383460793C5E7182269463846C1
:10EFC000B047002383460693F5E718F0E7FD05F107
:10EFD00008070646294604F5847019F0B2F805F1D1
:10EFE0001009394604F5867019F0ABF8494604F566
:10EFF000887019F0A6F8304618F0D4FD154B23653B
:10F00000204619F09AF84946404619F0D4F883464C
:10F01000C8B9114B2365114B6365204619F08DF873
:10F020002946404619F0C7F8834660B90C4B236562
:10F030004FF48E736365204619F07FF839464046D9
:10F0400019F0B9F88346204600F018FC72E700BFBB
:10F0500030C80C0181E11C018CE11C81D11C010034
:10F06000E11C81D900B3FFFF2DE9F84306461046A5
:10F070000F4690461D461AF0B0FE28B12946384684
:10F08000BDE8F8431AF093BE2B69002B40F0AD8029
:10F0900000F0EAFB31780446FFF708FE18F07EFD29
:10F0A00004F5807608F110018146304619F049F8E0
:10F0B000484618F077FD574B236540F2811363658E
:10F0C000204619F03AF818F069FD29468146304685
:10F0D00019F037F8484618F065FD4F4B23650123BA
:10F0E0002046636519F029F84C4B236519F025F883
:10F0F00018F054FD05F108018146304619F021F859
:10F10000484618F04FFD464B2365204619F015F888
:10F1100018F044FD08F108094946054604F58270D7
:10F1200019F00FF8284618F03DFD3E4B23652046A8
:10F1300019F003F818F032FD41460546304619F043
:10F1400000F8284618F02EFD374B2365374B6365D2
:10F15000204618F0F2FF07F11001304619F02BF8A5
:10F16000054600283BD1324B2365204618F0E5FFC9
:10F17000304B236518F0E1FF2F4B236518F0DDFFBE
:10F180002E4B23654FF48A73636518F0D6FF2C4B22
:10F19000236518F0D2FF3946304619F00CF80546C1
:10F1A000E8B9284B2365284B6365204618F0C5FF56
:10F1B00018F0F4FC49460546304618F0C2FF2846D0
:10F1C00018F0F0FC214B2365214B6365204618F0B5
:10F1D000B4FF07F10801304618F0EDFF0546204660
:10F1E00000F04CFB2846BDE8F88328461AF0F5FDF0
:10F1F00008B1414643E72B69002B3FF449AF012199
:10F2000005F1100019F05EFE00283FF441AF114DEA
:10F21000E8E700BF8184E11C83D91C83E11C8101E4
:10F2200082D11C01C81482019983D91481E11C0187
:10F230008CE11C01811C8401D91C830191D11CE04B
:10F24000D814140181CB1481D11C820181E11C846A
:10F25000E214010080B0FFFF2DE9F04788B090462E
:10F2600005460F4600F000FB2978DFF8549104466C
:10F27000FFF71CFD18F092FC04F5807608F11001F0
:10F280000546304618F05DFF284618F08BFC40F22A
:10F290008313C4F850902046636518F04EFF18F0B1
:10F2A0007DFC08F108010546304618F04AFF284663
:10F2B00018F078FC4FF0010A354B23652046C4F85E
:10F2C00054A018F03AFF07F11001304618F073FF10
:10F2D0000546002854D12F4B23654FF48673636590
:10F2E000204618F02AFF18F059FC4146054604F55F
:10F2F000887018F026FF6946304618F0E9FC284669
:10F3000018F050FC244B2365244B6365244BA36504
:10F31000204618F012FF234B2365234B636518F03A
:10F320000CFF224B2365224B6365C4F858A018F0EC
:10F3300004FF3946304618F03EFF054600BB1D4B22
:10F3400023651D4B6365204618F0F7FE18F026FC78
:10F3500069460546304618F0B3FC284618F022FCF2
:10F36000164BC4F8509063654FF48A73A36520462A
:10F3700018F0E3FE07F10801304618F01CFF0546BF
:10F38000204600F07BFA284608B0BDE8F08700BFB1
:10F39000821CC00C91D11CC0C00C81E11C82DC0C11
:10F3A00081148401E11C81C80C0C8101D20C848B76
:10F3B000D91CE01484E21482D11C8301C00C82D3D6
:10F3C0008182D11C2DE9F047A2B00E46054600F01F
:10F3D0004BFA15F8041B044606F11007FFF766FC0C
:10F3E0001C22002103A822F015FF4FF00108394626
:10F3F0000AA80DF16809CDF8088018F029FF294600
:10F4000012A818F025FF12AB0AAA02A9CDF80090A5
:10F410002046FFF767FC18F0C1FB4946054604F596
:10F42000867904F5827018F04BFC06F1080A314623
:10F43000484618F086FE514604F5887018F081FEA3
:10F44000284618F0AFFB134B2365204618F075FED5
:10F45000114B236518F071FE104B236518F06DFEFB
:10F460000F4B236518F069FE514604F5807018F0C3
:10F47000A2FE58B93146484618F09DFE30B92046E4
:10F4800000F0FCF94146384619F033FC22B0BDE8E3
:10F49000F08700BF8AD11C0181D91C0183D11C01D6
:10F4A00081E11C0110F1860F06D038B19330044879
:10F4B00008BF6FF06F0070476FF07100704700BFBA
:10F4C000009FFFFF70B58CB004460D461646002124
:10F4D00022220DF10E0022F09DFE4FF41053ADF8E4
:10F4E0000C302CB323681BB315B39B79022B1AD0B5
:10F4F000042B20D14FF48073206CADF80E304C21DA
:10F5000098B9012019F051FBC0B120640C4B009355
:10F51000206CF3082A4603A900F09CFD0CB0BDE85E
:10F520007040FFF7BFBF8023E6E703F003F9EDE784
:10F5300004480CB070BD6FF07100FAE70248F8E7BC
:10F540000002C003009FFFFF809EFFFF10B550B177
:10F55000046844B139B1006C28B100F0B9FDBDE8D0
:10F560001040FFF79FBF014810BD00BF009FFFFF85
:10F5700007B578B102686AB1006C58B151B1002387
:10F580000193102201AB00F00DFE03B05DF804EB17
:10F59000FFF788BF014803B05DF804FB009FFFFF41
:10F5A0002DE9F04190B0DDE916870D4614461E4660
:10F5B00080B379B373B36FB38379022B06D0042B76
:10F5C00025D06FF0710010B0BDE8F081802A21D104
:10F5D000202200210DEB0200069122F01BFE4FF4C9
:10F5E0001053ADF81C3006AB04931023CDE9027321
:10F5F000CDE90068084BADF81E40E208294607A88F
:10F6000000F0D8FC10B0BDE8F041FFF74BBFB2F5F9
:10F61000807FDCE70148D6E70002C003009FFFFFC0
:10F62000012908B50BDC074B074A00290CBF11461E
:10F63000194600F0B3FABDE8084018F02FBE6FF08D
:10F64000730008BD08000002090000022DE9F74F11
:10F650000F9D0190F520164695F800B0DDF8349026
:10F660000F469A4600F024F900230446036008225E
:10F6700043600E9904F1800818F05BFB2946404670
:10F6800018F0E0FA0BF0070B2A780BF1010B0023BE
:10F6900002F00702CBF1100019462A7028445A469E
:10F6A00022F0B8FD294604F1840018F0CBFA0523B6
:10F6B000A360109BF34200F08780102B11D086B11D
:10F6C000C3F11002B24228BF32460F3339462B44F1
:10F6D000D01911F801CB03F801CF8142F9D11744B9
:10F6E000B61A05F1100104F18C0018F0ABFA592399
:10F6F000A3600523A3604623A360B6B1002326635D
:10F700006363514B2365012363650F2E53D8002398
:10F71000C5E90033C5E90233FA5CEA5401339E427D
:10F72000FAD82946404618F08DFA0023C4F83090E4
:10F730006363019B002B4AD0444B2365444B6365B4
:10F74000444BA365444BE365012323660026B9F1CE
:10F75000000F1ED0B9F10F0F4BD8C5E90066C5E9FF
:10F76000026600231AF80320EA5401339945F9D1BF
:10F770002946404618F066FA2946404618F081FAB4
:10F780000C9B33B100230C99EA5CCA5401339945B0
:10F79000F9D12946404618F074FA204600F092F854
:10F7A000019B002B47D11A4612998B4245D1002A62
:10F7B0003DD02C203CE03946404618F045FA103E3A
:10F7C00007F11007A1D1B0E74623A360ADE7234BB3
:10F7D000236503F1BC4303F5262303F64D4363651C
:10F7E00003F12243A3F5C053A3651D4BE3651D4BF5
:10F7F000ABE75146404618F027FA0C9BA9F11009D7
:10F800000AF1100A3BB11946404618F03CFA0C9B2D
:10F8100010330C939BE72946404618F032FA96E7DE
:10F820001199EA5CCA540133129A9342F8D100202C
:10F8300003B0BDE8F08F0023F6E71198E95CC05CE7
:10F8400041400A430133AFE770590546F870455906
:10F8500005460348055163FB04480559F80348056C
:10F8600046FB044805590100024B03480122C3F836
:10F87000002670470010C84300000F40094B984213
:10F880000ED003F58063984209D10122064B03EBA9
:10F89000C2035A68054B13449B0000221A6070474C
:10F8A0000022F3E700000F400C3603008005F21041
:10F8B000024B03480122C3F8002670470010C843DA
:10F8C00000000F40044B984203D003F58063984238
:10F8D00001D1FFF7D3BF704700000F4070B5114C46
:10F8E000114E0A25236843F4807223F4807322604A
:10F8F00030462360FDF700FE0023800A62680AB9E3
:10F9000083420AD1636853B9013DEBD1236823F0E8
:10F91000010323606FF0920070BD0133EEE7002019
:10F92000FAE700BF00D00140700002002DE9F04F5F
:10F9300085B0634D0092634AD2F8C03043F400337F
:10F94000C2F8C0302B68DC0781468A4616D50024F1
:10F950005B4D4E46D04627464FF00A0BB8F1000FDC
:10F960002BD144B114F1940F05D0424600214846F2
:10F9700022F050FC0027009B1F601AE040F27163E8
:10F980002B60FFF7ABFF044698B96B68032BFCD9DB
:10F99000D5F800312B61D5F800316B61D5F8003115
:10F9A000AB61D5F80031EB61FFF798FF0446002802
:10F9B000CDD0204605B0BDE8F08F6C68A40005D01E
:10F9C0002B6B13F45C7F12D1002437E03E48FDF727
:10F9D00093FDC00A844205D16B68002BF0D16FF013
:10F9E0009304C8E76B68002BF6D10134F2E7D80521
:10F9F00014D523F480732B636B6853B9BBF10107F3
:10FA0000EDD04E46D0466FF093040022BB46174619
:10FA1000A4E7D5F800310393039BEDE70193FFF7CB
:10FA20005DFF044620B9019B13F41C7FCCD0E5E7B1
:10FA300010F1930F99D010F1940FDFD06B686A68C2
:10FA40009B00434528BF4346B107324634D123F0DB
:10FA500003013144914212D103F0030149B1184826
:10FA6000D0F80001114402F8010B8A424FEA10203D
:10FA7000F9D1FA181E44A8EB03085F46C6E7D5F88B
:10FA8000000142F8040BE5E7DCF8001102F8041C61
:10FA90004FEA112E02F803EC4FEA114E090E02F85C
:10FAA00002EC02F8011C0438032802F10402EBD82E
:10FAB00023F003023244CFE7DFF804C01846F3E72F
:10FAC00000D0014000400E40700002002DE9F047D8
:10FAD00088B00746884615461E46FFF7C5FE044611
:10FAE00007F17E400838012850D804232360002302
:10FAF0006360E364626822F4406262606A46236382
:10FB000091466363A8F1040308F11C0853F8041F2D
:10FB100009BA434542F8041BF8D118F03FF84946AA
:10FB2000074604F5827018F0CBF8384618F03AF81A
:10FB3000184B2365109BDFF8609005EB831704F5E5
:10FB4000D27A18F02BF829468046504618F0C8F8AB
:10FB50004035404618F026F8BD42C4F85090F0D128
:10FB600018F01CF83146054604F5807018F0B0F81E
:10FB7000284618F017F82046FFF780FE331F1C3682
:10FB800053F8042F12BAB3421A60F9D108B0BDE895
:10FB9000F08700BF888AC801070D810138B50D467E
:10FBA0000446A8B16C22002122F034FB0B4B9D428D
:10FBB00011D10B4B04F10C0203F1200153F8040B9B
:10FBC00042F8040B8B42F9D1044B2360002038BD6E
:10FBD0006FF08600FBE76FF08500F8E70900000290
:10FBE0001C3603002DE9F74F0E4615460446002843
:10FBF0006FD049B9002A6CD10268394B9A426BD157
:10FC0000002003B0BDE8F08F0268354B9A4263D103
:10FC1000002DF5D0436803F03F075B19436022BF16
:10FC20008368013383604FB93F2D20D804F12C0045
:10FC30002A463146384422F0F8FAE1E7C7F1400994
:10FC40004D45F3D300F12C084A4608EB070022F09B
:10FC5000ECFA0122009204F10C03403D2068424678
:10FC600019463D44FFF732FF3F2D4E4410D9B307EC
:10FC70004FEA951210D1009204F10C03206832462D
:10FC80001946FFF723FF25F03F031E4405F03F050B
:10FC9000002DB5D00027C9E7374606EB821804F1DE
:10FCA0002C0B04F10C094FF0010A5B4607F14002EE
:10FCB00057F8041B43F8041B9742F9D1CDF800A074
:10FCC00020684B465A464946FFF700FFB845ECD13D
:10FCD000D9E76FF0860094E76FF0880091E700BFE6
:10FCE0000900000273B50D461E460446002852D096
:10FCF0005BB9002A4FD122682B4B9A420CBF6FF0A0
:10FD000089006FF0880002B070BD0029F1D0016851
:10FD1000254B994242D11F2A43D94268D3008DF81E
:10FD2000073053098DF80630530B8DF80530530D0D
:10FD30008DF804308368D90001EB52718DF80310FF
:10FD400002F03F025909372A8DF802104FEA533169
:10FD50008DF801104FEA535394BFC2F13802C2F13B
:10FD6000780212498DF80030FFF73CFF0028CAD115
:10FD7000082269462046FFF735FF0028C3D120231B
:10FD8000336004F10C032C3453F8042B45F8042B96
:10FD9000A342F9D1B7E76FF08600B4E76FF08800AF
:10FDA000B1E76FF08900AEE7090000023D360300BD
:10FDB0002DE9F04F91B00546BDF870909DF8747034
:10FDC00092469B460E46002900F0BB8001F1FF38A9
:10FDD0004FEA1818FFF748FD09F1FF330F2B0446CF
:10FDE00000F2D880BAF1000F00F0D480BBF1100F00
:10FDF00003D0BBF1200F40F0CD8017F0CFFE0023E1
:10FE0000236023636363654B23656549029004F1B6
:10FE1000840017F017FFBBF1100F14BF1023082345
:10FE20001A4651462046019317F083FF5D4B236528
:10FE30005D4B63655D4BA3655D4BE3654FF4C1733B
:10FE4000236623699A07FCD106F00F03C3F1100360
:10FE50005FFA83FBBBF1100F04A901D1002E72D110
:10FE600004F1800017F00DFF029817F09BFE10229E
:10FE7000002108A822F0CEF94FEA0813A6EB0812D9
:10FE800005EB081108A8029322F0CFF9BBF1100F7F
:10FE90005CD010ABA3EB0B028021BBF1010F02F889
:10FEA000101C08D0CBF1110008AB0BF1FF32002180
:10FEB000184422F0AFF908AA04A80423116850F8E6
:10FEC000046B013B81EA060142F8041BF6D117F0EE
:10FED00065FE236B019A039043F0100323635146A0
:10FEE000204604F1800817F024FF1A99404617F0C5
:10FEF000ABFE029B2B449A4604F1A00B40F2051680
:10FF0000AA452ED108A9584617F09CFE40F20513C9
:10FF1000236523699B07FCD10CA9404617F0B1FE6D
:10FF200037B31B984A460CA922F07FF900250398A5
:10FF300017F038FE2046FFF7A1FC284611B0BDE8B7
:10FF4000F08F884646E704F188008BE7002EB2D197
:10FF50005A46314608A822F05DF980238DF82030FA
:10FF6000A9E72946584617F06FFE10352665C7E702
:10FF70001B9B0CAA994413F8011B12F8010B99451D
:10FF800081EA000147EA0107F5D1002FCED06FF0DA
:10FF90009405CCE76FF08605CFE700BF3082010003
:10FFA00080360300F50536F024FC31FE3683362416
:10FFB000FC31FE362DE9F04389B00E46DDF8408075
:10FFC000149FDDE91291002839D0002E37D0B8F106
:10FFD000000F34D0B9F1000F31D081B37FB3048862
:10FFE000B4F5105F2ED14488E408182C2AD0202CB8
:10FFF00001D0102C23D1944221D1154A23F47E1034
:020000021000EC
:1000000090421FD113F47C1FC3F3054508BF102590
:100010008D421AD804AB10220021184622F0FAF8BB
:100020000122CDE90252CDE9000911992346324659
:100030004046FFF7BDFE3D6009B0BDE8F0836FF0BC
:100040008600F9E76FF08500F6E76FF08900F3E7C7
:100050000002C0032DE9F041DDF818800C46174678
:100060001E46054630B329B302B91BBB4C22002102
:10007000284622F0CFF82388B3F5105F09D108F0A5
:10008000FE43B3F1407F15D1104B28F47E129A4203
:1000900003D06FF08500BDE8F0816488C5F800806A
:1000A000E208B2426A6205D8182AF2D0202A04D0A7
:1000B000102A02D06FF08600EDE7B242FAD139463D
:1000C000281D22F0B2F80020E5E700BF0002C003BF
:1000D0002DE9F74F0D461646044600285DD051B96C
:1000E000002A5AD103682E4A23F47E13934244D047
:1000F0006FF088001DE00368294A23F47E139342C1
:10010000F6D1002E39D0806CE8B1C0F11002B242B5
:1001100019D23830204422F088F804F128020092E5
:10012000616A04F13803201D18F0CCF920B16FF09A
:10013000920003B0BDE8F08FA36CA064C3F110027D
:10014000103E15441E4406F10F084FEA18182F46BA
:100150004FF0010904F1280A04F1040BC1450ED344
:100160003544ED1B09D0A06C38302A46394620446E
:1001700022F05BF8A36C2B44A3640020D9E7CDF8F0
:1001800000A0616A3B465246584618F09BF9002889
:10019000CDD1103709F10109E0E76FF08600C8E71B
:1001A0000002C0037FB51D4608B301B3FAB1F3B135
:1001B0000368154C23F47E16A6421BD113F47C1F52
:1001C000C3F3054408BF1024944216D80123CDE997
:1001D000024300F1280301910093436A816C021DE0
:1001E0003830FFF7E5FD58B92C6004B070BD6FF0F2
:1001F0008600FAE76FF08800F7E76FF08900F4E710
:100200006FF09200F1E700BF0002C0037FB5094B19
:100210006A4603F11006154618685968144603C467
:100220000833B3422246F7D12846FEF75DF8002096
:1002300004B070BD9036030070B5184B86B001AAAB
:1002400003F11006154618685968144603C40833AC
:10025000B3422246F7D11B882380114BD3F8B42038
:10026000120316D5A3F500434FF6FF721B88934285
:1002700008BF4FF4A6730B48ADF80A30FCF7CCFB6F
:100280002846FDF7F7FB3220FDF72AFA002006B0DA
:1002900070BDD3F8B830C3F30803ECE7A036030011
:1002A0000081E00F00F0490207B5084B1868019083
:1002B000202301A88DF80430FDF71CFC3220FDF747
:1002C00009FA002003B05DF804FB00BFB23603005A
:1002D00010B50C480C4C6FF00403A02113F0800FF4
:1002E00003F1010207D12344332A83F80013134694
:1002F000F4D1002010BD03F00F03043B0344197632
:100300001346EBE700ED00E000E100E010B5044625
:1003100017F044FC024B1C6017F044FC002010BD99
:10032000EC11002010B517F039FC034B1C6817F0D6
:1003300039FC204610BD00BFEC110020034B1868AB
:10034000002380680222194616F0D0B8100C002055
:1003500030B5144687B00546104618F0B7F9636902
:1003600083423CBFD4E903315B181B1A02467BB1C0
:100370000F4903910021CDE9013101230494009339
:10038000D4E90013284617F0EAFB002007B030BD7F
:100390000122627694F82D20002AF6D084F83530B8
:1003A0001321E36920469847636A20469847ECE7A3
:1003B000510301002DE9F04788B004460F46164668
:1003C000984617F0F2FB8146002E7BD0237E03F087
:1003D000FF02002B00F0A380204618F077F9656932
:1003E000A84205D1637ED4E9033213445D1B01E0CA
:1003F000F9D9451BB54228BF354617F0D6FB94F80E
:100400002D308246002B6ED161692A46384621F094
:100410000CFF63692B4463612E4621E0037803F0EF
:10042000FD0111295CD1216B814205D1A3F111019C
:100430004B424B4184F83430013E6369216B8B425F
:1004400003F1010308BF23636361013295426069D0
:10045000E4D1D4E90323216B1344994200D12263F0
:10046000D4E903236169207A134499424FF00005CF
:1004700008BF62616576FCF77FFD204618F026F91B
:100480006369834232D194F82D302576E568656141
:1004900003B12563636A20469847224B03930023E8
:1004A00004940293236901930123009363682168F4
:1004B000207A2A4617F053FB207AFCF77DFD504640
:1004C00017F079FB4846C8F8006017F074FBD8F8BD
:1004D0000030002B0CBF1B20002008B0BDE8F087C7
:1004E00007F8013BA9E72E460022AFE70123237658
:1004F000207A0DF11E01FCF7C7FD9DF81E30002B80
:10050000DAD00DF11F01207AFCF796FD9DF81F103F
:100510000029D1D1207A2246FFF71AFFCCE71646F0
:10052000D0E700BF51030100002807DB044A41095E
:10053000012300F01F00834042F82130704700BFC4
:1005400000E100E0002808DB4309044900F01F0037
:1005500001226033824041F82320704700E100E02F
:1005600070B504460568FFF7DDFE844202D1002025
:10057000FFF7CCFE95F936603046FFF7E3FF002E1B
:100580000CDB7309194906F01F0620330122B24023
:1005900041F82320BFF34F8FBFF36F8F95F937607A
:1005A0003046FFF7CFFF002E0CDB73090F4906F032
:1005B0001F0620330122B24041F82320BFF34F8FA2
:1005C000BFF36F8F287AFCF717FD287AFCF778FCC9
:1005D000FCF754FC0023C4E90033C4E90433A360EE
:1005E0002846AB6ABDE87040184700BF00E100E054
:1005F0002DE9F0430C461546064687B040220021FF
:1006000020461F4621F006FE002395E803002A69D4
:100610002376EB68E360C4E904232A7D84F82C2068
:10062000AA7D2363012384F8343084F835300E9B8F
:10063000236284E803000F9B6362109B84F82D20E3
:10064000E761A3622B7A84F836306B7A84F837300E
:100650002D4B73602D4BB3602D4B33612D4B3460AC
:1006600073612D4BF360FCF751FC38B12B4B984272
:1006700004D01024204607B0BDE8F083002104F127
:100680000800FCF7CBFB07460028F2D1244B33626D
:100690004FF00108234B84F83C80B361224BF36197
:1006A0009DF8483084F83B309DF8443084F83A3067
:1006B000697D84F8390084F83880204618F017F8EE
:1006C00095F909904846FFF73DFF4846FFF72CFF94
:1006D000164B0494CDE902732369CDE90083636866
:1006E000E2682168207A17F03AFA04460028C0D15F
:1006F00095F908502846FFF725FF2846FFF714FF15
:100700003046FFF703FEB5E73F870200B50301005F
:10071000BB860200C186020061050100038000F073
:1007200095860200EF860200C78602005103010091
:100730002DE9F04186B01C46524B0C9D0293524B62
:1007400001930126514B0093CDE90366504B90462F
:100750000A462946FFF74CFF0746002856D1236872
:100760002B6463686B64637A85F84930237A85F873
:100770004830E37A85F84B30A37A85F84A30637BBA
:1007800085F84D30237B85F84C30E37B85F84F307E
:10079000A37B85F84E303F483146FCF75BFD3E4871
:1007A0003146FCF757FD617A207A33460422FDF783
:1007B00029FE33460222E17AA07AFDF723FE606823
:1007C0003146FCF747FD88F800704146206817F075
:1007D00067FB2268536F43F003035367936F617C99
:1007E00023F4F85323F01F0343EA0123A17C0B43B6
:1007F00093670323536785F8507098F81920202ACF
:1008000028D007D8E2B1102A38D02327384606B0BE
:10081000BDE8F081302AF8D185F85030022200235B
:10082000617B207BFDF7EEFD2368E27CDA675A6E80
:1008300042F004025A665A6F42F010025A6766B9D3
:100840002A6C2068D36C43F00403D364052117F0AD
:1008500020FBDBE7022385F85030E17BA07B0023FF
:100860000422FDF7CFFD2368217DDA6F42EA0122E1
:10087000DA675A6F42F020025A67E1E733463E4694
:10088000CAE700BF6B8802005F880200F788020099
:10089000EB8802004041050000350A00BFF35F8F7E
:1008A000074B5A6A22F480325A62D3F8942022F01D
:1008B0000102C3F89420BFF34F8FBFF36F8F7047CF
:1008C00000ED00E0F0B5374D37493848002387B0D8
:1008D000CDE90333FFF7E2FF2C68354B4FF00052B0
:1008E000C3F89840661CC3F89C208142314AC3F883
:1008F000A0202E6041D005AB019304AB0A1A0093EF
:1009000003AB18F04EF8DDE90372059BDFF8A8E0B1
:10091000072BA2EB01024FF001018CBF4FEAD30C71
:100920004FF0200CB2FBFCF201FA02F2013AD2B213
:10093000AEEB070EC01BB3FA83F3BEFBFCFEB0FBAD
:10094000FCF08E44814002FA0EF20139C3F11E031D
:1009500011435B0001F0FF0103F03E0343EA012372
:10096000134A43F0407343F001130234C2F8986015
:10097000C2F89C70C2F8A0302C60BFF35F8F0C4BA4
:100980000522C3F894205A6A42F480325A62BFF3B7
:100990004F8FBFF36F8FBFF34F8FBFF36F8F07B0D2
:1009A000F0BD00BFF01100201C0D0020040D002040
:1009B00000ED00E0390001131B0D0020BFF34F8F45
:1009C0000549064BCA6802F4E0621343CB60BFF3EB
:1009D0004F8F00BFFDE700BF00ED00E00400FA0507
:1009E000054B1A782AB95B78002B0CBF0320022034
:1009F00070470120704700BFFB1E00200329F8B597
:100A000098BF134B054698BF5C5C0E4688BF002418
:100A1000032805D8DFE800F002080B0E44F00204BA
:100A20000C4B1F684FB9F8BD44F00804F8E744F0D8
:100A30002004F5E744F08004F2E77B681A6814426A
:100A400003D05B683146284698473F68EAE700BF15
:100A5000B63603002012002038B5104D2B78ABB10C
:100A60000F4C23781BB117F0CEFF0023237000201A
:100A700017F0CAFF0B4C50B100F0DEFA00232078CB
:100A80002B700121FFF7BAFF0123237038BD064BFD
:100A900001221A70054B22781A70F7E7F71E002022
:100AA000F51E0020FD1E0020F81E0020F91E00206B
:100AB00010B517F073F8064B1B7804461BB1BDE860
:100AC000104017F06FB8FFF7C7FF2046F7E700BFE9
:100AD000F41E0020094A137830B101331370084B1B
:100AE0001B78012B03D87047013B13707047054BEF
:100AF0001B780BB9FFF7B0BF704700BFFB1E00208B
:100B0000FD1E0020F81E002070B5144E17F046F8A8
:100B100033780546ABB900F0CBFB044620B128463C
:100B200017F040F8204670BDAFF300800C4816F077
:100B3000F8FF00F097FE0B4B1C6000F085FC0A4BA1
:100B4000186000F0EFF917F061FF084B18600123FF
:100B500028463370002417F025F8E3E7FE1E002036
:100B600020120020F41100201C120020F811002097
:100B70002DE9F843284A0138135C39B1274F3978F9
:100B800001330129135404D8BDE8F883013B135401
:100B9000FAE7FFF725FF0128044635D8DFF88880FB
:100BA00016F0FCFF98F80030054613B31C4E33785E
:100BB0001BB9012232701B4A1370DFF8709099F84C
:100BC000003023B117F01FFF002389F800302846BA
:100BD00016F0E8FF012017F017FF16F0DFFF33785B
:100BE00005461BB100F028FA00233370002388F873
:100BF0000030284616F0D6FF38788442C4D021460B
:100C0000FFF7FCFE3C70BFE70329F5D10228F3D1C2
:100C100000F05EFAF0E700BFFB1E0020FD1E002082
:100C2000F41E0020F81E0020F71E0020F51E0020F4
:100C300038B516F0B3FF094B1B78012B054604D8D5
:100C400016F0B0FF0024204638BD054B1C6800F0AC
:100C500031FA0444284616F0A5FFF4E7FD1E0020F3
:100C6000F411002038B54160044616F097FF214684
:100C70000546044816F058FF2846BDE8384016F0EF
:100C800091BF00BF20120020054B1B68584300F5A0
:100C90007420044B00F23F20B0FBF3F0704700BF1C
:100CA0001C12002040420F002DE9FF47EFF3108790
:100CB00072B6AFF3008016F09AFE002871D0714E24
:100CC000DFF8E481337823B10020FFF703FF00232E
:100CD0003370FFF785FE0446002869D0841EE4B215
:100CE000012C6CD9FFF77CFE0128674CDFF8BC9122
:100CF000054600F28E802078A84205D099F8003091
:100D0000002B00F0B2802570207800F0BDF999F832
:100D1000003013B15D4B1B782370AFF3008007B92F
:100D200062B6EFF3108772B6594B1A7852B10022AF
:100D30001A70564B20781B78984203D101212170FC
:100D4000FFF75CFE534800F0EDFA16F05FFE054633
:100D50000028B7D1DFF8588198F80030A3B189F89E
:100D60000000DFF8409199F800301BB117F04BFEFE
:100D700089F80050002017F047FE002879D000F0D5
:100D80005BF9002388F80030337823B10020FFF7A7
:100D9000A1FE0023337020780021FFF72FFE0023EF
:100DA0002370AFF3008007B962B604B0BDE8F087E6
:100DB0003378002B96D0FFF78DFE347092E703A9AD
:100DC000002000F0FDFA044600288BD1D8F800304E
:100DD000039A9A4205D80120FFF77CFE0123337065
:100DE00080E72D4B1D6800F065F9039B05449D428B
:100DF000F1D200F083F982000399264842F0020202
:100E000092B2CDE900422346244A491B17F002FE64
:100E100068E7DFF89CA09AF80030CBB917F0F0FD36
:100E20002078854203D099F80030D3B125709AF824
:100E30000030002B7FF468AF194B1B7823B917F0F3
:100E4000E1FD184B01221A7001238AF800305BE79C
:100E5000207885423FF458AF99F80030002B7FF49A
:100E600052AF2946FFF7CAFDE0E72946FFF7C6FD66
:100E700049E7012000F008F907B962B6EFF31087DF
:100E800072B677E7F61E0020FD1E0020F91E002036
:100E9000F21E0020FC110020F4110020B10A010014
:100EA000FA1E0020F51E0020F8110020F81E002078
:100EB000F71E002010B516F071FE054B00221C78BD
:100EC0001A7016F06FFE00F0E7FB2043C0B210BDB1
:100ED000F31E002073B5114E3378834204460ED0C2
:100EE00000230F4DADF8043058B101A8FCF73EFFC8
:100EF0001E20FFF7C9FE2B681B1A2B60347002B04E
:100F000070BD022301A88DF80530FCF72FFF1E20CD
:100F1000FFF7BAFE2B680344EFE700BFE80C0020A0
:100F20002812002073B52D4C002501A8636A636A5E
:100F30008DF80450FDF728F82846FFF7CBFFD4F8CA
:100F4000903003F00403AB42254B14BF01222A4624
:100F50001A70D4F89030234CC3F30033237005D0BB
:100F60004FF41670FFF790FE1F4B186023781F4D4B
:100F7000EBB11120FCF7C0FA1849D1F80031C3F3E6
:100F8000042303FB000292B14C6C194EC4F30B44D2
:100F9000002301341946501E04EB8404E4FB0601CF
:100FA00014F0B8FFFFF770FE2B6803442B60114B61
:100FB0001B680120C3F303239840C0F1010000EB3C
:100FC00080006430FFF760FE2B6803442B60034B06
:100FD000D3F89020084B1A6002B070BD00400E405C
:100FE000011F0020FF1E00203012002028120020C8
:100FF00040420F00002004402412002008B50B4B93
:101000001B7893B1022000F0F9FB70B100F008FAF0
:1010100058B1002201210220FCF702FC17F07EFDEE
:10102000034B1860034B01221A7008BD011F0020FA
:101030002C120020001F002038B50E4C0E4D2378D6
:101040002BB92B781BB117F069FD0C4B186016F00B
:1010500006FF2B786BB10A4AD2F890301B07FBD5FC
:1010600017F05CFD054B1B68C01A064B1860002387
:10107000237038BD001F0020011F00202C1200200B
:1010800000400E403012002002280AD003280BD066
:1010900001280CD1064A136923F00403136130BF01
:1010A00070470020FCF774BE0020FCF7A7BE704715
:1010B00000ED00E0044B1B680BB103EBD303034AC4
:1010C00010681844704700BF30120020281200201A
:1010D000084B45F60E02D3F88011C3F88021064A6A
:1010E000126802F4A0721A66CA0744BF0022C3F84D
:1010F0008021704700400E4024120020014B1878D8
:10110000704700BF011F002038B500F015FB094CE7
:10111000094B1A6823680025C31A2AB123B1516903
:10112000994203D3C91A5161206038BD55615B1AD9
:101130009268F2E7381200203C120020C38870B594
:1011400004460D463BB9FFF773FD8542064602D2C1
:1011500017F04AFC35460E4965610B688BB90C6087
:10116000A3600DE0AD1A9A68656118466AB113462E
:101170005A69AA42F6D930B18460521BA3605A6101
:1011800070BD0020F4E70C60F7E79C60A260F7E711
:101190003C12002038B5134D2B685B6993B1124A9D
:1011A000146802201C4400F0FBFA204600F0CAFA42
:1011B0000E492A6800230B70D088800709D50123C7
:1011C0000B7038BD022000F0EBFA022000F00EFB9D
:1011D000EEE79268002AF4D050690344012BEBD962
:1011E000EFE700BF3C12002038120020031F002050
:1011F00070B516469DF814200271049A0260C0E989
:1012000003360022BDF81830826004460D46C380C4
:10121000EEB900F091FA2844A0619DB12E4616F077
:10122000BDFC0546FFF770FF31462046FFF786FFFD
:10123000104B1B68A34201D1FFF7ACFF284616F004
:10124000B1FC02E0E36865617BB9002070BD00F08D
:1012500073FA3044A061002DE0D1E3686561002B92
:10126000DDD0216820469847D9E721682046984775
:10127000EBE700BF3C1200200C490B6800227BB159
:1012800083420AD183687AB1936083681BB15A693B
:1012900041690A445A61002070471A469B68EEE78C
:1012A0000028EFD0022070470B60EEE73C120020D0
:1012B00070B5154E16F079FC34780546FCB9134B21
:1012C0001C60134B1C60134B1C8000F0F1F90120D3
:1012D00000F066FA00F0BAFA0F4B0246186020B927
:1012E000284616F068FC232070BD23460B4840F2C8
:1012F000E73114F00FFE0A4B1860012333702846C3
:1013000016F059FC0020EFE7041F00203C120020DB
:10131000381200208E1E00204012002018FCFFFF13
:101320003412002070B5044640B316F037FC144E5A
:101330000546FFF7E9FE3068A04209D02046FFF7D6
:101340009BFF0446B0B1284616F02CFC204670BD29
:10135000FFF792FF04460028F5D133683BB902201D
:1013600000F02CFA284616F01DFC0024EEE7FFF7EB
:1013700011FFF7E73368002BF4D1F0E72224E5E70B
:101380003C12002038B50C460546A8B1A1B1002397
:101390000B7016F00AFC094B1B68012133B916F0DB
:1013A0000AFC002038BD9D4204D121702278002A19
:1013B000F9D0F4E79B68F1E72220F3E73C12002024
:1013C000F8B506460F4616F0F0FB134B1B680446B3
:1013D000002523B9204616F0EEFB1B2011E05A69C8
:1013E0001544DA88B2420DD10C4E00F0A5F93368ED
:1013F000C01AA8420AD3002320463B6016F0DBFB4C
:101400000020F8BDFF2EEFD09B68E2E700F094F9D2
:1014100033682B441B1AEFE73C12002038120020DF
:1014200008B5074B187848B117F078FB054B1B68D7
:101430009B69C01A02288CBF0020012008BD00BF94
:10144000031F00203C120020014B1868704700BFAA
:1014500040120020F8B50C4B1B68834205460E462F
:101460000FD30A4B00241F6840F2E73021464FF4A7
:101470007A720023E5FB070114F04CFD3060204632
:10148000F8BD2120FCE700BF3412002040120020EC
:101490002DE9F04186B0984600230D4617468DF899
:1014A0001330064680B30DF11301FFF76BFF9DF873
:1014B00013305BBB05A92846FFF7CCFF0446F8B9FB
:1014C000134B18684FF47A720023A5FB000114F047
:1014D00021FDC2F57A7189B2B1F57A7FBDF8343059
:1014E000F48308BF0021B183059A02939DF8303040
:1014F0001146CDE9008330463B46FFF779FE0446AE
:10150000204606B0BDE8F0812224F9E70224F7E77F
:1015100040120020014B1868704700BF34120020B1
:101520000F4B1A6810B59AB1531E4FF47A711342DB
:10153000A0FB01010ED1B2FA82F2C2F11F04531CCA
:10154000E040D24301FA03F3184321FA02F20243C6
:10155000104610BD002314F0DDFC0246F8E700BF82
:1015600040120020C2072DE9F84304460BD5474A34
:10157000138801339BB21380FFF7C6FD444B1B68F1
:101580000BB1FFF707FEA3077DD516F00EFB05464E
:10159000FFF7BAFD4FF000083D4F46463C680CB1DE
:1015A00063698BB13B4B0022012E1A7003D118F0F6
:1015B000020F18BF1E70002C61D0FFF7EBFD28460C
:1015C000BDE8F84316F0F7BA23465A693AB91A79D2
:1015D0002179914288BF1C469B68002BF5D1284693
:1015E00016F0E9FA2569DDB100F0A6F8A269A0EBD2
:1015F00002084FEAE873A84573F1000311DB236981
:101600001344A361E368B4F80680013613B121687E
:101610002046984716F0C9FA0546FFF775FDBDE765
:10162000A84616F0C2FA81462046FFF725FE484636
:1016300016F0C1FA2369002BE4D0A38BB5EB0805A3
:1016400033B1E28B13449BB2B3F57A7F0FD2E383BD
:1016500016F0ABFA294680462046FFF76FFDA369D6
:1016600022691344A361404616F0A5FACAE7A3F520
:101670007A73E383A369013B013DA361E8E702209C
:1016800000F09CF89BE7BDE8F88300BF8E1E0020A9
:101690003C120020021F002010B516F086FA034B02
:1016A0001C7816F088FA204610BD00BF021F0020EB
:1016B00010B51D4B86B01868596803AA03C2197A81
:1016C000D3F8090011700190B3F80D201748DB7BA7
:1016D000ADF8082001218DF80A300024FBF7BAFD8F
:1016E00003A88DF80C408DF81040FDF7F1F801A922
:1016F00001208DF80440FDF7CBF80D4A536A23F41E
:10170000FF6323F00703536240F2FF73136201206B
:101710009460FDF7D7F8074B4FF08042C3F8802163
:101720001A6006B010BD00BFBA360300A00914004D
:101730000020044000E100E0014B9868704700BFC2
:101740000020044010B5044616F028FA124A9368A7
:10175000516D9269520704D4CA1A032A01D89942DA
:101760000DD1E21A022A98BFDC1C0B4BB4F1FF3FEB
:1017700038BF013C5C655A6A42F004025A6216F0B6
:1017800011FA064A137833B103490B6D43F0020393
:101790000B650023137010BD00200440E90C0020ED
:1017A0008207054A00F00103516A48BF43F0040371
:1017B0000B435362704700BF00200440820700F0D3
:1017C000010309D5074A0121117007490A6D22F06A
:1017D000030243F004030A6503494A6A22EA030349
:1017E0004B627047E90C002000200440830742BF91
:1017F000014B0422DA61704700200440064B0128A7
:101800009B6904D0022805D1C3F38000704703F020
:1018100001007047002070470020044010B516F00A
:10182000C4F9094A93690446590703F0010003F01B
:10183000070348BF40F002001362FFF793FE204603
:10184000BDE8104016F0B7B9002004400148FBF78E
:1018500053BE00BFA00914000148FBF72FBF00BF13
:10186000050024000A4BD3F8883003F00703013B3E
:10187000012B10B50BD816F091F901210446022076
:10188000FFF776F92046BDE8104016F08BB910BD81
:1018900000400E4010B50446FBF7A6F80B4BA0F530
:1018A0007A729A4210D84FF47A735C43B0FBF3F02B
:1018B000074BB3FBF0F3B4FBF3F0032804D9BDE806
:1018C00010408008FAF724B810BD00BFFFC99A3B4A
:1018D00040420F004FF0005302221A60BFF34F8FB7
:1018E0000549064BCA6802F4E0621343CB60BFF3BC
:1018F0004F8F00BFFDE700BF00ED00E00400FA05D8
:10190000024A0349034807F031B800BFCC36030050
:10191000F036030048370300044B1B685840430867
:101920005B4240421843C017704700BF441200207A
:10193000F8B50E46C9880546144617F066F90746FD
:10194000D0B92046FFF7E8FF104B31681A68B5F9A7
:101950000430424023EA0203B6F904200240134354
:101960000446AB80F2880346286800F00DFAF3883D
:10197000E888E443834201D33846F8BD296851F82A
:101980002320224041F823200133F3E744120020B2
:101990002DE9F04F99B083460F46184600211646B0
:1019A000049317F08FFA002800F08781784B149386
:1019B0000024012515AB049913933046CDE90B455E
:1019C000CDE90D45CDE90F45CDE9114517F003FAF5
:1019D000A04228DABBF1000F05D1E7B90024204668
:1019E00019B0BDE8F08F2146584617F082F9044639
:1019F0000028F2D00BA817F0FAF80DA817F0F7F8A6
:101A00000FA817F0F4F811A817F0F1F80C2115A899
:101A100000F090FEE3E73146384617F035F904460A
:101A20000028E7D1DAE731460BA817F02DF9044674
:101A30000028DFD104990DA817F026F904460028E4
:101A4000D8D1F188ADF8385002310FA8ADF8305038
:101A500017F0DBF804460028CCD101460FA817F098
:101A600048F904460028C5D1F18811A8023117F0C1
:101A7000CCF804460028BDD10DA817F066F900F097
:101A80001F001F2873D0C0F11F0319460BA8019334
:101A900017F07BF904460028ACD101990DA817F086
:101AA00074F904460028A5D1BDF83250BDF83A803B
:101AB000A5EB080A4FEA4A1949460DA817F065F93F
:101AC0000446002896D14FEA8A0A0DA90BA817F000
:101AD000B1F900284DDA49460DA817F073F904460C
:101AE000002887D108F1FF3302939B0005F1FF3AEC
:101AF000069305F1804508F18043023B013D9B00C0
:101B0000A5EB08050993AB000393029B9A4541D8C6
:101B1000BBF1000F0DD00FA9584617F0B5F80028FB
:101B200040F0C780049AB388928813FB02F3ABF8A5
:101B30000430002F3FF45EAF01990BA817F042F973
:101B4000002840F0B680B388ADF830300BA9384695
:101B500017F09AF80146002840F0AD80384617F09B
:101B6000B1F900287FF446AF0123BB8042E701941E
:101B70009AE70F9A52F80A300BA9013342F80A305B
:101B800008460DAA17F084FA044600289DD031E7D4
:101B9000010003000D9B069A05931344DDF82C9079
:101BA0000893059B59F82A109A580F9D4FEA8A0806
:101BB000A8F104030793039B91421D4474D2079834
:101BC000002359F8000014F0A5F9002914BF4FF0C4
:101BD000FF330346BAF1010F2B6016BF09EB080370
:101BE000002353F8083C1593079B099A59F80330D2
:101BF000169359F8083017932B6801332B60059B17
:101C0000134498462B68013B2B60002111A817F064
:101C100070F800284DD1029B002B48D0D8F8002046
:101C2000119B1A60089A12685A6011A92A6808461E
:101C300017F0B7FA00283CD113A911A817F0FAF849
:101C40000028DFDC2A680DA911A817F0AAFA80BBCA
:101C5000039B4FEAC308414611A817F096F840BB12
:101C60000BA9084611AA17F013FA014618BB0BA8D6
:101C700017F028F9002812DA0DA911A817F004F8B6
:101C8000B8B9414611A817F080F890B90BA911AA6C
:101C9000084617F0FAF960B92B68013B2B60039BEB
:101CA0000AF1FF3A043B2FE74FF0FF3392E7029A25
:101CB000B6E704469EE60C469CE66FF00B048EE603
:101CC000044B1B68584043085B4240421843C0170E
:101CD000704700BF4412002010B50B4C22682368E7
:101CE0004240594081EA0200C00FFFF7E9FF236834
:101CF000521A434022EA030208401043BDE8104054
:101D0000C00FFFF7DDBF00BF44120020F8B50D463D
:101D1000014628681746FFF7DFFF084B1E68C143DE
:101D20000124BC4202D346EA0100F8BD55F8240064
:101D3000FFF7C6FF01340643F3E700BF441200205B
:101D4000104B2DE9F0471E68884619681D68074644
:101D5000541E631C02D13046BDE8F08758F824A019
:101D600057F8249050464946FFF7B6FF51460543C1
:101D70004846FFF7B1FF20EA05031E430543013C37
:101D8000E7E700BF441200208842F0B504D0094FB5
:101D900004380025AA4200D1F0BD3E6850F8044F37
:101DA0005E4024EA060451F825601E403443046076
:101DB0000135EFE7441200202DE9F04F85B0DFF840
:101DC000889003911C46064621461046D9F80030FB
:101DD000D9F8003017F066FAC51D272D4FEAD50354
:101DE00025F00705904602938CBF4FF01E0A4FF076
:101DF000FA0A2D1A0F9B0093029A0E9B2146304639
:101E000017F04DFC0746C0B92A462146304617F068
:101E1000C2FABAF1010A14D0224631460398FFF7FC
:101E200075FF2246834641463046FFF789FFD9F8C1
:101E300000200BEA00039A42DCD0384605B0BDE82A
:101E4000F08F6FF00D07F8E744120020044B0246B4
:101E5000586800B9704719789142FBD00833F7E70A
:101E60007837030010B50446A8B1006C10B14C21BE
:101E700018F014F9E06B40B12368074ADB79C3F32B
:101E8000840352F823305B69984720464821BDE817
:101E9000104000F04FBC10BD000B002038B50546C7
:101EA0000C4681B14822002120F0B4F9E379084AB8
:101EB000C3F3840352F823301B699847E86320B1C9
:101EC0002C60002038BD0348FCE70348FAE700BF58
:101ED000000B0020009FFFFF809EFFFFF0B58BB03E
:101EE000044604A817461E460D4617F0FDFE0023C3
:101EF0000293119B0193109B009320463B46324670
:101F000004A900F01BFB044640B904A817F065FFC4
:101F100050B904A9284616F0B7FE044604A817F0E5
:101F200012FF20460BB0F0BD004CF7E780B0FFFF7A
:101F300070B50C460646114620461A4617F0C4F8FE
:101F40000546A0B9B36C33B9321D21462046BDE821
:101F5000704017F057B9B4F90430002B09DB204664
:101F600016F0F3FEF36BB0EB430F09D9184D28467A
:101F700070BD0146204616F0A5FF0028EFD0F5E71A
:101F8000B36C2046984705460028F0D10436B4F9D2
:101F90000430002B04DA0021204616F093FF68B9C4
:101FA0003146204616F046FF0028E0DB3246214647
:101FB000204616F0E8FF0028F2D006E0324621461F
:101FC000204617F062F80028E1D00546CFE700BFB1
:101FD00080B0FFFF38B50D460446002105F1100022
:101FE00016F070FF50B1204616F050F928B129467E
:101FF0002046BDE83840FDF7E5B9014838BD00BFCF
:1020000080B1FFFF2DE9FF410E460546012106F193
:10201000100016F057FF044650B9284617F05BFE33
:1020200001287AD12146304616F04CFF002801DA0B
:102030003B4C6EE006F108082146404616F042FF90
:102040000028F5DB2F1D3946304616F0F3FE002838
:10205000EEDA3946404616F0EDFE0028E8DA68462A
:1020600016F0C0FD02A816F0BDFD43464246694683
:102070002846FFF75DFF0446002844D13346324628
:1020800002A92846FFF754FF044600283BD1EB681D
:102090007BBB02A90322084616F0FEFF044690BB54
:1020A000BDF90C30002B04DA002102A816F00AFF5B
:1020B000C8B902AA334611462846FFF739FF04463D
:1020C00008BB02AA05F114031146284617F098FD33
:1020D0000446C0B902A9684616F0ACFE104B041EB7
:1020E00018BF1C460FE002A93A46084616F0CDFF7D
:1020F000D4E702AA05F10C031146284617F080FD2B
:1021000004460028D5D0684616F071FD02A816F0E6
:102110006EFD204604B0BDE8F081024CF9E700BF37
:1021200080B3FFFF80B0FFFF38B5054617F0D3FD41
:1021300001280C4601460DD1204616F0C3FE0028AA
:1021400006DB05F13401204616F074FE002803DB9F
:10215000024838BD0248FCE70020FAE780B3FFFFE1
:1021600080B0FFFF2DE9F04FB5B0054601919246D2
:10217000994616F08BF80290A0B1284616F08BF81D
:10218000044658B951462846FFF7CEFF044628B901
:1021900049462846FFF736FF044698B1284616F010
:1021A0007CF881E151462846FFF7BEFF044600282F
:1021B00040F07A8149462846FFF724FF044600286C
:1021C00040F07281284617F086FD012840F0AD816D
:1021D0002B6C1821013302204FEA530816F0E5FC5E
:1021E0000646002800F09F8106F1180717F07CFDD5
:1021F000384617F079FD002413AB1819083416F08F
:10220000F1FC202CF8D14946304617F0D0FD0446A9
:10221000002841D18346D84520D139462846FFF7CA
:10222000D9FE0446C0BB284616F030F830B33B4612
:10223000324639462846FCF717FF044660BB39464C
:102240002846FFF7C7FE044630BB06F1100016F023
:10225000CEFC06F1280016F0CAFC1DE00123BBFBF2
:10226000F8F103FA01F2D2B2182308FB11B103FB13
:10227000026929B1284616F009F850BBAC4C0BE0B6
:1022800002F0FE0101EB520106EBC101484617F0D6
:102290008EFD04460028EDD04FF0000913AB03EB90
:1022A000090009F1080916F0A2FCB9F1200FF5D1D7
:1022B000D4B1AB6D9E4208D0304617F044FD38468D
:1022C00017F041FD304616F080FC019817F03BFDF9
:1022D000E6E04A4649462846FCF7BEFF0446002889
:1022E000DAD10BF1010B96E705A816F07BFC05F19E
:1022F000340B0BA816F076FC2146584616F015FD57
:10230000012840F0D8802146504616F00EFD514677
:10231000814605A816F0B8FC044630B10BA816F0AB
:1023200066FC05A816F063FCC3E7524659460BA8A5
:1023300016F0AEFE04460028F0D1B9FA89F94FEA4A
:1023400059194A460BA905A8FFF7F2FA04460028D6
:10235000E4D1014608F1010213A80DF14C0B1FF066
:1023600059FFA2465B46D045039300F0A180514639
:1023700005A816F0DAFC039B1C7808EB0A0104435D
:1023800005A816F0D2FCE4B2039B44EA400403F82B
:10239000014B0AF1010AE6E79BF801009BF80030C7
:1023A00080EA020C6FEA0C0101F0010113FB01F35A
:1023B000104003EA0C0283EA0C030BF8013F1BF800
:1023C000013C43EAC11302430BF8013C0134A2452E
:1023D000E2D20BA816F00BFC05A816F008FC05A825
:1023E00017F082FC00240BAB1819083416F0FAFB26
:1023F000202CF8D10AF1D0036B44019913F8843CE6
:102400003246284617F026FC044648B93E9B002B6E
:1024100000F08480284615F039FF00284DD1444C47
:1024200005A817F009FC4FF000080BAB03EB080000
:1024300008F1080816F0DBFBB8F1200FF5D1002CED
:102440007FF437AF01994A46284617F0B5FB04469A
:1024500000287FF42EAF3E9B73B1284615F016FF7F
:1024600000285ED0DDE93E2301992846FCF74AFDAD
:10247000044600287FF41DAF01992846FFF7AAFD06
:10248000AB6D9E42044608D0304617F05CFC3846DF
:1024900017F059FC304616F098FB002C7FF415AF6E
:1024A000029B002B7FF47AAE204635B0BDE8F08F5A
:1024B000002201248BE71F4CFBE6DDE93E23019956
:1024C0002846FCF71FFD48B30446A9E728460AF151
:1024D000FF3A15F0DBFE0028A1D0019A28461146EC
:1024E000FCF7BAFE0028EFD118F80A30324605A9E9
:1024F000284617F0AFFB0028E6D1284615F0C6FEA7
:1025000000288CD0019A05AB11462846FCF7ACFD9B
:102510000028D9D1BAF1000FD8D181E70DF14C08CC
:10252000F8E7034CC5E6044CCFE6024CB8E700BF21
:1025300080B1FFFF80B0FFFF80B2FFFF30B4DDE964
:10254000024524B1CDE9024530BCFFF70BBE01487E
:1025500030BC704780B0FFFF73B505461E4617F0CC
:10256000BAFB01280C4601460ED11346009605F130
:102570003402204616F078FE044B10F10E0F18BFFF
:102580000346184602B070BD014BFAE700B3FFFFE7
:1025900080B0FFFF38B504460D4617F0D8FB204643
:1025A00017F0B0FB032D257023D1144B144AA36000
:1025B0006260A361134AA3632362A362124B626148
:1025C0006362124A62634FF00113114A2363114B95
:1025D000E362E261201D16F0B8FBE06304F1340011
:1025E00016F0B3FB20640020C4E9160001236364E5
:1025F00038BD002308482370FAE700BF0100080037
:102600006C3803004C3803000C380300EC3703002F
:102610002C380300080B002080B1FFFF37B50446BB
:10262000002529464561282218301FF0F3FD204679
:10263000256117F0FEFC01230093044920232A465C
:10264000204617F061FC03B030BD00BF03830200D9
:102650000928024818BF0020704700BF8C380300CB
:1026600070B50D461646044608B9114870BD0029DC
:10267000FBD00023C0E9023301600B78092BF4D1B1
:102680006C21012016F091FAA06008B90948EDE725
:1026900015F020FE0EB90020E8E7A978022016F018
:1026A00084FAE0600028F6D1204617F0C6FCEDE77A
:1026B00000AFFFFF80AEFFFF40B1036833B11B786E
:1026C000092B03D180680021FCF7AABF004870479E
:1026D00000AFFFFF38B103682BB11B78092B02D183
:1026E000806815F0FBBD0148704700BF00AFFFFFD9
:1026F00038B103682BB11B78092B02D1806815F023
:10270000F4BD0148704700BF00AFFFFF10B404469E
:10271000084611461A463CB12378092B04D15DF8CE
:10272000044B002317F0C4BC01485DF8044B70470C
:1027300000AFFFFF10B50A46044619B1024B002155
:102740001B68984710BD00BF0C0B0020F7B516465C
:10275000174A05460C46106851686B4603C395F846
:102760002A3008336B4413F8087CAB8DDA0609D4A1
:10277000334622463946284617F0F7FC00F5FA7032
:1027800003B0F0BD204620F023F9AB8D00F10A0420
:102790009B074FEAC40405D0304620F019F904F530
:1027A0000C740444781EE823584304FB0700E5E753
:1027B0008F380300174B10B51C68902202FB0044B1
:1027C000002120461FF026FD134B1B68DB78637643
:1027D00004F10800002118F0C2FD4FF40063E38407
:1027E0002385072384F82A301323A385236AFF2235
:1027F00043F0130384F82420236284F85420074B09
:10280000074A2046C4E91C32C4E92032BDE8104022
:1028100017F0D6BC481200201C140020D6BE898EAA
:1028200055555500F0B5104B1E6893F804C002468C
:1028300035464FF0FF3400239C4508DC91B1631C02
:1028400010D0902303FB046080F82420F0BD95F89D
:10285000247097422846F9D0FF2F08BF1C469035B8
:102860000133E9E70020F1E74812002070B5244D5C
:102870000446002842D0083001F016FD0026FF2350
:1028800084F8243004F14000E66120F01CF804F1E3
:10289000440020F018F804F1480020F014F804F186
:1028A0004C0020F010F804F1500020F00CF82868DB
:1028B000144B201A00115843C0B217F04DFC0146CA
:1028C000304617F044FCE06E10B100F039FEE666C9
:1028D000606E18B117F053FC00236366A06E17F00A
:1028E0004AFC0023A36670BD286806FB0400FFF7BE
:1028F000BDFF01342B79A342F6DCF4E79026F9E71B
:1029000048120020398EE338F7B504461AF0DDF995
:10291000C0F30F23542B3ED9AA2B34BF012302232B
:10292000C0B27E288CBF0222012203218DF8043020
:102930001344B3FBF1F000EB40001B1A8DF8053097
:102940001344B3FBF1F202EB42029B1A13498DF8D8
:10295000063000234B7501AF18461D461A4617F87E
:10296000016B44FA06FC1CF0010F06D053009E4098
:1029700030430132C0B2D2B201230135EDB2032D92
:10298000EDD103B148754B7D43EA82134B75FF23AC
:102990000B7503B0F0BD0023C2E700BF4812002052
:1029A000064B1B68D97ADA78437E5B1A9342A8BF3C
:1029B000DAB24276002117F03FBC00BF1C140020A1
:1029C000B0F862302BB9836813F4601F08BFA0F819
:1029D000623011B1012911D070474369417E23F063
:1029E00010034361064B1A68D37A92780B449342E2
:1029F000D8BFDAB24276012117F01EBCFFF7D0BF74
:102A00001C1400202DE9F041344E8AB000253379A2
:102A1000AB4203DC01200AB0BDE8F08134689023AA
:102A200003FB054494F82430FF2B0DD0236A980152
:102A300006D504F1500840461FF0C2FF074628B9EA
:102A4000226A12F0A06F1ED10135E0E7BB790C338A
:102A50003B4408A99A7AD8681B8AADF82430C2F39F
:102A6000801200238DF81F2008901A460DF11F00D8
:102A700017F08CFB9DF81F2094F8241008AB384603
:102A800018F000FDD7E7A38D1D2B18D13C23FF21A3
:102A90000020CDE90431CDE90200CDE9000004F1C8
:102AA0002E03C2F38022012118F0C7FF0028B2D004
:102AB0004FF0A06104F1200017F027FBC4E712F0EB
:102AC000807F94F8393094F824004FF000020CBF56
:102AD0003C21432118F057FEE8E700BF48120020D0
:102AE0002DE9F0411F46C36904460D4616468BB1D9
:102AF00069B915F05AF829460646A06E17F037FB5B
:102B00002046294617F081FB304615F054F8002086
:102B1000BDE8F0810029FAD0036A03F01203022B0A
:102B200000F0BA80236ADD0700F1BE8094F82430FB
:102B3000FE2B0CD104F1550001F0D6FE01F0CCFEC5
:102B400028B14FF4800104F1200017F0D6FA256A6D
:102B5000614B2B40B3F5807F00F0B980A8052FD5DD
:102B6000C5F3802504F12E0800224146284617F0BF
:102B700013FB002184F8540017F01FFB414600228C
:102B8000284617F00EFBA18D20B194F954000028BF
:102B900080F296804FF4007104F1200017F0B5FA2E
:102BA000A28D02F00302012A0AD14146284617F0FD
:102BB000F8FA28B14FF4006104F1200017F09DFAF3
:102BC000236AD90600F18180D4E910122046FFF76C
:102BD000BDFD012F0ED0E28C40F271235A4390428A
:102BE00008D9228D5A43904273D800F51C70B0FB6F
:102BF000F3F0E084394BE361002384F83930236A31
:102C0000B4F86250E16884F8387023F480322262AC
:102C100021613DB913F0100F0CBFC8253C25257666
:102C200005F2B3154EB1238D40F27121C3EB0613AB
:102C30004B4342F48032E3632262236A43F400236D
:102C40002362274B1B68DB78637614F0AEFF636961
:102C500043F010030746636104F10800294618F0A9
:102C60007EFB012003F0A2FB28B963691A075CBF51
:102C700043F00403636126B11AF063F8E36B034485
:102C8000E363204603F09CFB384614F094FFA06EEB
:102C9000012117F06CFA3AE7406C1FF099FE00280A
:102CA0007FF440AF0C2033E7E36E002B7FF43EAFA0
:102CB00000F0F0FBE06600287FF438AF092027E73A
:102CC00001F0010117F079FA6AE7064B93E7122049
:102CD0001EE745201CE700BF0001400033A10200B1
:102CE0001C1400201D2E010070B50A4D00249026F2
:102CF0002B79A34200DC70BD286806FB040090F825
:102D00002430FF2B04D000231A461946FFF7E8FEB3
:102D10000134EDE7481200202DE9F04F91F806B09C
:102D20008DB00BF10C0B04460E4601EB0B05012296
:102D30000AA90DF1270017F03AFA824668B19DF80A
:102D400027100AAF384600F023FC60B1304614F07B
:102D5000B1FB00200DB0BDE8F08FA97A05F10C079A
:102D6000C1F38011EEE7E36EE06695F807900793F4
:102D7000236A298956F80BB0484603F0100804F07E
:102D800077FD8344B8F1000F39D1A9F10303012B7A
:102D900094BF032302235B0040F2712202FB03B2C3
:102DA0001D4B1B685B79637605F11803BAF1000FC0
:102DB00027D09DF8271094F824E0B8F1000F24D014
:102DC000A87A4FF0010CC0F3401095F90550CDE9F9
:102DD00002E0CDE90071CDE904C50798012100F0BA
:102DE0004DFCB8F1000F05D019F052FF012120462B
:102DF00017F00BFA304614F05DFB0120AAE701231F
:102E0000C9E7A97AC1F38011D5E794F88FC00120F2
:102E10000CF00F0CD9E700BF1C140020012810B5DE
:102E20000C461CD0022822D030BB084617F045FCC7
:102E3000E38C228D94F82A00D21AE36803F59C53A0
:102E400040F27121083301FB02332361FFF75CFD7F
:102E50000A4B20469968BDE8104003F0E3BC03F03C
:102E6000F1FB844208D1BDE8104019F011BFBDE864
:102E700010400846FFF794BD10BD00BF4812002067
:102E800038B50A4D0020FFF7F1FCAB6813B1002202
:102E90001A60DA8018F078FB00242B79A34200DC5A
:102EA00038BD2046FFF786FC0134F6E748120020C3
:102EB00070B52A4C0546A06818B114F0FBFA00233F
:102EC000A360FFF7DDFF002017F04AF955B9032092
:102ED00025712560E58214F039FA207917F040F960
:102EE00028B970BD02201FF0B3FEA06048B9A068E9
:102EF00000252571256060BB002017F031F90720FF
:102F0000EFE70026032025712660E68214F01EFA02
:102F1000B542E2DD05EBC5010901334689B2012264
:102F2000032014F0C5F906460028E0D1032014F070
:102F30003DFA20600028DAD090226A4331461FF023
:102F400069F92379B342C8DD3046FFF733FC013617
:102F5000F7E714F0AFFAA560CEE700BF48120020F3
:102F600030B5174B826A1B681206597925D51C7932
:102F7000028F436B1203B2FBF3F2631AB2FBF3F25C
:102F8000B0F89C3003B1013BD0F8A05005B15B1004
:102F90001B02B3FBF2F35B180BD090F895200F2ABD
:102FA00007D91209B3EB820F4FEA8201ACBF5B1A5B
:102FB00000239C42A8BF1C46E1B2417630BD00BF51
:102FC0001C140020084B9A7E82420AD91B684FF4D9
:102FD000A47202FB0030836A13F0100F08BF0020B8
:102FE00070470020704700BF60120020084A09495E
:102FF0001368C31AD810002B01FB00F005DB937E89
:103000008342D8BF4FF0FF3070474FF0FF3070471A
:1030100060120020199C8FC170B504460E4614F052
:10302000C4FD3146054604F1300017F08AFB204606
:10303000FFF7DCFF01218140054817F082FB4FF4C8
:10304000807005F099FE2846BDE8704014F0B3BDCD
:1030500084120020F329F8B5744E04460D4626D19B
:10306000338D6BB9A36813F4601F00F0BB80238F0E
:10307000626BF32D4FEA0313B3FBF2F39FB22DD132
:10308000204617F000FCB4F89C70002F40F0B3808D
:10309000A36A13F0800F0CBF3E23082384F8773017
:1030A0002046FFF75DFFF32D36D1012057E073690D
:1030B000590640F18F80836A1A0740F18B8033698B
:1030C000436000F1400118F094FE338D002BC9D00D
:1030D000238F626B1B01B3FBF2F39FB2618FB4F8D5
:1030E0009C209BB25B1A9A427EDC736994F836018D
:1030F0009B074CBF0021022119F0A1FE726940F22A
:1031000002239343BCD1A4F89C70204617F0BCFB6B
:103110002046FFF725FF0127A36A1807C5D5628F50
:10312000002AC2D013F4C05FBFD1726912F00C0F35
:10313000BBD140F202239343B7D1D4F8A430002B83
:10314000B3D1A18F204619F003F8002855DD638F15
:103150000133984251DC0128A7D0013880B2236B9B
:10316000A4F87C00590409D54FF4804104F13000E3
:1031700017F0EFFA00212046FFF74EFFB4F87C204D
:10318000A38F94F870101344A387B4F89C309B1A53
:10319000A4F89C3094F86F3002FB01332522B3FB76
:1031A000F2F102FB113384F86F304FBBA36A1A07A8
:1031B00002D41F4B1B6898472046082118F082FE56
:1031C00020460221FFF728FF20460121BDE8F840F4
:1031D00003F046B9318D238F626B00293FF442AF73
:1031E0001B0178E7338542E7737F002B86D094F884
:1031F0003601032180E7012752E7608F0130ADE7F8
:10320000204616F09DFFA18F204618F02BFEA36AE2
:103210001B07054602D4064B1B689847002DCBD0F0
:103220002046BDE8F84017F0D5BB00BF6012002073
:1032300094120020074B002210B55A772022044632
:103240005A6117F0CAFA84F83601204617F026FCB6
:1032500010BD00BF60120020012810B50C462AD016
:10326000022830D000283DD191F8953060F3071343
:1032700081F895300846FFF7DDFFA36A1B0720465B
:1032800016D503F063FD042001F0C4FB50B3164AC9
:10329000937F3BB3D37F0133DBB2D37792F8212006
:1032A0009A421FD8BDE810404FF0806005F064BD21
:1032B00003F020FFE7E703F0C5F9844212D1BDE82F
:1032C000104003F037BD91F89530C3F3031201327B
:1032D00062F3071381F895302046F321BDE81040D2
:1032E000FFF7B8BE10BD00BF6012002010B501F09E
:1032F000F1FB124BFB2210F0020F1A770CBF0122D8
:1033000003224107197E48BF42F0040262F3030121
:1033100019761A7EC2F3030161F307121A764FF48D
:1033200041710022DA76DA8319845A621A611A85A9
:10333000034BBDE810401B68184700BF6012002017
:103340008C1200202DE9F8434B4C0546A06818B1BB
:1033500014F0B0F80023A360022013F0F7FF5FFA27
:1033600085F8002016F0FAFE404617F052FA06469D
:10337000002867D1404617F057FA0746002861D168
:10338000002D74D005EB850105EBC101C90089B2A0
:1033900033460122022013F08BFF00284FD1022078
:1033A0004FF4A47984F81A8014F000F809FB05F7AB
:1033B0003A46314620601EF02DFF2368324603EB6B
:1033C0000901681E824232DB002DA7F5A472D8BF26
:1033D0000022002199502846636016F0BFFE88BB8A
:1033E000404617F008FA68BB404617F00AFA07464D
:1033F00040BB002D16DD02201FF02AFC0223A06036
:10340000C3718379C3F102020C33D2B23946184436
:103410001EF000FFA3689A79134401211A7B61F31F
:1034200001021A73FFF762FF3046BDE8F88309FB1B
:1034300002FC013243F80C1001F5A471C2E7C4E9A3
:103440000077A7760020002517F0E3F9002017F099
:10345000EBF92846C4E90055A57617F0CCF92846C3
:1034600016F07CFE022013F071FF0726DCE7A5763C
:1034700025602B46AFE700BF60120020014B987E0D
:10348000704700BF60120020014BD87E704700BF1C
:1034900060120020F8B5284D14F087FB6C681CB949
:1034A00014F089FB2046F8BD23686B60EB7E4FF477
:1034B000A4760133EB76012714F07DFB3246002120
:1034C00020461EF0A7FE04F128006761402117F096
:1034D00038F92B8BA4F8443194F83731A4F886607E
:1034E00067F3030384F837314FF6FF73A4F87A309B
:1034F0002B7F84F8423144F29023A4F8403194F8B1
:103500008530072262F3030384F885300B4BC4F83F
:10351000883003F1CE5303F59813C4F88C3041F68C
:103520001B33A4F890301B2384F89230002104F15F
:10353000080017F014FFB5E76012002048014801A9
:1035400070B5044617F022FA04F1080000F0ACFE52
:103550000D4B20461B6800269847C4E90A6614F004
:1035600024FB4FF4A4720546314620461EF052FE5D
:10357000064B5A682260DA7E5C60013ADA762846A9
:10358000BDE8704014F017BB9012002060120020BC
:103590002DE9F04106464FF480400F4601F03AFA1B
:1035A000044630B90E4B1D6893F81A807135A0455A
:1035B00002D80020BDE8F08155F8493CDA0609D56B
:1035C000C3F38003BB4205D10622294630461EF0D4
:1035D000F7FD18B1013405F5A475E8E70B20E9E71C
:1035E0006012002008B5B0F894305A1C62F30B0347
:1035F000A0F89430042001F00DFA70B1074A937FCF
:103600000133DBB2937792F820209A4205D8BDE8C7
:1036100008404FF0806005F0AFBB08BD601200208D
:1036200038B58B790B4405469B7D03F00303032BD0
:103630000C4609D101212C3017F083F84FF40061BA
:1036400005F1280017F07DF80548A56021461FF018
:1036500021FABDE838404FF0005005F08DBB00BFA7
:103660006C120020014B1877704700BF60120020D9
:10367000014B187F704700BF601200202DE9F74F03
:103680001D4616469DF8383080F89B302A469DF836
:103690003C8052F8103BC0F8283104460F4600F138
:1036A0004401B8F1000018BF0120DDF830A09DF8FA
:1036B00040909DF834B005F05DF8204618F0FBFB13
:1036C000204617F0B3F819F0C0FB494602462046E1
:1036D00017F0A6F8C8230DF106012046ADF8063014
:1036E00017F091F847F6FF73A4F83031AB88A4F8CF
:1036F0002C31AB7984F82E31DAF80030C4F871300F
:10370000BAF80430A4F8753004F1280ABBF1000FB0
:1037100003D00421504617F014F8B8F1000F04D07C
:103720004FF40051504617F00CF84FF4607001F060
:1037300071F9C0F3C018C3054FEA881848BF48F0B4
:103740008008810548BF48F4807814F02EFA4FF4C1
:1037500082618346504616F0F4FF414604F12C0086
:1037600016F0EFFF584614F026FABB1E012B7AD84C
:103770004FF40021504616F0E4FF01212046FFF7E8
:103780004BFC0421204618F09DFB6B7DC3F3040322
:1037900084F870306A8952006263697B2A7B42EA4E
:1037A00001226287E97BAA7B42EA012222876A7DA5
:1037B00084F86F30C2F3421284F83E2000220523C1
:1037C000A2870122A4F87C20A4F89C309DF9441023
:1037D000204617F030F801F077F920F40060C4E9D2
:1037E00008012046FFF7BCFB3B4A3C4BB2F828805F
:1037F00007F0FD07B8F1000F68D1002F38D16660DF
:10380000E36140F2C7182046166116F0ABFFB9F12C
:10381000010FE0600AD094F8373169F3030384F8AC
:10382000373109F00F01204617F0B0F904F1080014
:10383000414617F094FD012002F0B8FD28B96369F4
:103840001A075CBF43F0040363616B8940F2712186
:10385000013B5943204616F0A4FF204602F0B0FD7C
:1038600003B0BDE8F08F012F87D140F2014185E719
:10387000E3614FF4D7782B8940F271275B0007FB97
:103880000366666040F6080104F14006504616F0F3
:1038900058FF3146204618F0ACFA2B8901335B0003
:1038A00031467B4304F13402204601F021F9EB79E3
:1038B0005B0031467B430122204618F0A0FA236CBE
:1038C00020469E0816F04EFF3044A0E76660E36194
:1038D000002FD0D197E700BF6012002059320100BD
:1038E00070B51D46C36A1B070446164613D408214B
:1038F0002C3025F4105516F024FF25F01005064B4A
:103900002D0433402D0CC4E9083520464021BDE884
:103910007040FFF781BB70BD2FCF87F72DE9F04FC7
:1039200085B004460191084689B34B799A071FD4A4
:103930001FF04EF8019D70B96B79DB0705D54FF488
:10394000803104F1280016F0FCFE01A81EF0BBFF38
:1039500005B0BDE8F08FA36ADF0309D54FF48031CD
:1039600004F1280016F0F5FE6B7943F001036B714A
:10397000019E14F01AF9737931469E0705461ED54B
:1039800004F1AC001FF095F8284614F014F9DFF8A4
:10399000909114F00AF9A36ADD05074614D5D4F80E
:1039A000AC3043B19A7913441B7B392B03D829FAE5
:1039B00003F3D80711D4384614F0FDF8C8E704F132
:1039C000A8001FF067F8DFE794F94631022BF2DC1C
:1039D000D4E92A2372B9002BEDD004F1AC001EF01B
:1039E00090FF0546384614F0E6F82946204617F0C1
:1039F0007BFACEE7002BF0D194F89280039304F188
:103A0000A80BD4F8A86096F807A0B379AAEB030A2C
:103A10005FFA8AFAC24527DC58461EF0D1FFA8EBB0
:103A20000A0805466B796FF3C3036B71294603A837
:103A30001FF030F8D4F8A8302BB15B79990702D188
:103A4000B8F1000FDDD1039B002BB4D09B79022B82
:103A500040D800201FF0FCF8014670BB039904F128
:103A6000A8001FF026F8A6E700201FF0F1F8054691
:103A700030B9039904F1A8001FF01BF803959AE7E9
:103A80008079B1790C300C314246314428441EF023
:103A9000CCFBEB7953FA88F3EB71B379727953FA73
:103AA00088F3B3716B7962F300036B7173796FF311
:103AB000000373714FF00008B4E7039B4A7958790B
:103AC00060F300024A715A796FF300025A7103A839
:103AD0001EF0EAFFE36A9A0512D5039803460068D0
:103AE0000028FBD1DB79C3F14503DBB2032B07D8F8
:103AF0001FF0AEF801460028B0D003A81EF0CAFFA0
:103B0000D4F8A83013B15B79DB0704D5039A537955
:103B100043F008035371384614F04DF8039965E7F4
:103B20007C2C020070B5036B990786B0044601D562
:103B300016F02CFF236BDA0733D5A66A330723D59B
:103B400016F4002F14BF032501252046FFF74EFA77
:103B500094F89B3005930023049394F83E3003932C
:103B6000238F0293638F0193636BC3F34F0300931F
:103B7000C6F3800204F17103294680B217F05DFF9D
:103B800030B9002006B070BDB50C05F00205DCE7C9
:103B9000012104F1300016F0DCFD4FF4005116F065
:103BA000D0FD236B980410D52046FFF71FFAA16AB9
:103BB000C0B2C1F3403117F07EFC0028E1D04FF4D1
:103BC000005104F1300016F0C4FD236BD90409D56F
:103BD00000212046FFF7A2FE4FF4805104F130008F
:103BE00016F0B7FD236B5A0512D52046FFF7FEF9F4
:103BF00094F89B500023C2B21946284617F0C3FD23
:103C00000028BED04FF4806104F1300016F0A1FD11
:103C1000236B5B0711D52046FFF7E8F9616B238F13
:103C2000628FC1F34F0180B217F0E7FE0028A8D0E1
:103C3000042104F1300016F08CFD236B1E0709D51A
:103C4000204618F0CBFC00289BD0082104F130005E
:103C500016F07FFD236BDD0618D52046FFF7C6F969
:103C6000E16A11F4805180B200F0C580002117F0A4
:103C700059FF002885D04FF4805104F12C0016F034
:103C800068FD102104F1300016F063FD236B580627
:103C900015D52046FFF7AAF994F877300093D4E9B8
:103CA000082380B217F021FF00283FF46AAF0023F9
:103CB00084F87730402104F1300016F04AFD236B80
:103CC000190516D52046FFF791F900230093B4F8A3
:103CD0009830B4F8962094F89A1080B217F09EFBB2
:103CE00000283FF44EAF4FF4006104F1300016F0AD
:103CF00030FD236B13F4804532D19A0516D520464A
:103D0000FFF774F994F8371194F8772001F00F0158
:103D100080B200F03FFD00283FF433AF84F87750C5
:103D20004FF4007104F1300016F013FD236B1B06F5
:103D300016D52046FFF75AF9B4F88C30009394F862
:103D40009130B4F88A2094F8901080B217F01CFFDC
:103D500000283FF416AF802104F1300016F0F9FC82
:103D6000236B9E0612D52046FFF740F994F8771092
:103D700080B217F0EEFE00283FF403AF002384F872
:103D80007730202104F1300016F0E3FC236BDD05D1
:103D900008D504F130004FF4807116F0DAFC2046AB
:103DA00018F059FA236B180408D504F130004FF4C9
:103DB000004116F0CEFC204616F0E4FE236BD9033A
:103DC00008D504F130004FF4803116F0C2FC2046D3
:103DD00016F021FD236B9A0308D504F130004FF44F
:103DE000003116F0B6FC204616F023FD236B9B072E
:103DF00004D40120C6E617F0ACFE3AE700221146D3
:103E0000204616F014FD204616F013FD2046FFF75D
:103E1000EDF894F8771080B217F051FF00283FF4C6
:103E2000B0AE022104F1300016F093FC2046FFF7FB
:103E300087FB024B1B689847DBE700BF8C12002012
:103E4000134AF8B5002302F1240151E8004F41E87C
:103E50000035002DF7D1012734B9BDB10D482946F1
:103E600016F06FFC2046F8BD94FAA4F0B0FA80F08A
:103E700007FA00F624EA0604FFF7A4F80028EBD0BE
:103E8000FFF750FE0028E7D13543E5E70120EAE7D8
:103E900060120020841200202DE9F74F04460190A3
:103EA000002860D0C579314F0C35054413F07DFEF4
:103EB0004FF000080090464640464FF4A47ABA7E80
:103EC0005FFA88F94A4517D93A680AFB09FB5A4450
:103ED000916ACB0644D5B2F89420C2F30B02002AB3
:103EE0003ED0E279C2F14502D2B2032A15D80220AF
:103EF0001EF0AEFE044640B900230098FB8313F089
:103F00005AFE304603B0BDE8F08F014601A81EF00E
:103F1000C1FDE5790C35254400200422012312FB64
:103F20000033002105F82090E9543B685B4402FB14
:103F3000005CB3F894308CF80230032312FB00329B
:103F40000136A9543B685B440130B3F8942061F317
:103F50000B02A3F89420E3790433E371C0B2F6B204
:103F600008F10108ABE70646CBE700BF601200206E
:103F7000F7B5684604F0F2FB134E00254FF4A47722
:103F8000B37EAB4201DC03B0F0BD346807FB0544EF
:103F9000A36A03F01803102B13D10522694604F11C
:103FA00045001EF00DF960B10121204618F074F9AA
:103FB00038B901201EF04CFE014610B1204601F038
:103FC00067F90135DCE700BF601200202DE9F74FEB
:103FD00013F0EBFD424BDA6800920022DA6013F036
:103FE000EAFD009B13B903B0BDE8F08F68461EF0F0
:103FF00088FC82798768019002F10C040444014630
:10400000A07A10F0200F14BF032002200A320244CD
:104010008A71FA6A52050FD5E07AA27A42EA002242
:10402000384617F04FF938B901A81EF04CFC3D2175
:10403000384617F039F8D4E7BA6A94F80AB001990B
:1040400012F400720BF0030013D003288A79EBD12D
:104050000A44127B392AE7D8224B23FA02F2D3070B
:10406000E2D54A7942F002024A71384600F018FE61
:10407000B7E70328F5D0487962F341004871084654
:1040800094F8069094F905A01EF0A2FC019DAC796D
:10409000063CE4B20646AC713846FEF7A7FF0C3486
:1040A00005EB04080BF0030BC0F3032343EA0B13E7
:1040B000F6B288F8033088F80200A8F804602B46AE
:1040C00005F804A088F801905A796FF341025A71FB
:1040D0001B68002BF8D1284617F004FA81E700BFCF
:1040E000601200207C2C020030B5D368C4688BB00D
:1040F0001BBA0D46C1780293002361F30703817850
:1041000061F30F23417861F31743916809BA039172
:10411000816809BA07915168126809BA12BA049104
:1041200005920178426861F31F6312BACDE9082352
:1041300024BA069406AC00942346802202A90120EA
:1041400014F03CF90028F6D1DDE90810DDE906326B
:1041500000BA09BA12BA1BBA28606960AA60EB609B
:104160000BB030BDF8B5094F044600260CB907481E
:10417000F8BDA179E5796D1AEDB20C312144B81979
:104180002A461EF052F82E442468EFE79C120020C5
:10419000F8B5094F0446002604B9F8BDA079E579C1
:1041A0002D1AEDB20C30B91920442A461EF03DF804
:1041B0002E442468F0E700BF9C120020104B1A78B0
:1041C00042F0F0021A701A7C42F0F0021A7493F86E
:1041D000202042F0F00283F8202093F8302042F0B3
:1041E000F00283F8302093F8402042F0F00283F888
:1041F000402093F8502042F0F00283F8502070479E
:10420000AC1300200368054A23F07F6323F40023E6
:1042100002EAC14213430360704700BF0000F80F79
:10422000F8B544881E4E04F00704072C054628D133
:1042300013F0BBFC0022110106EB0217735C1B0993
:104240000F2B0AD00132062AF5D1164A1388013302
:10425000138013F0B0FC1920F8BD2B687B8011236C
:10426000735494B213F0A7FC18F06BFD06EB041323
:10427000D8602B6823F4E02343EA04432B6000203A
:10428000EAE72301F15CC1F30312013202F00F02ED
:10429000052A28BF002262F30711F154E4E700BFAA
:1042A000AC130020901E002038B5448804F00704A9
:1042B000072C05460FD013F078FC2401064A135D45
:1042C00043F0F00313552B6843F4E0232B60BDE863
:1042D000384013F070BC38BDAC1300202DE9F04716
:1042E000458805F00705072D0746894637D01D4C40
:1042F0004FEA051804EB051A14F8086018F021FDC0
:104300003609DAF80C3006EBC50604EB4606C01A8F
:10431000708014F8083003F00F02042A9EBF0132A7
:1043200062F3030304F80830B9F1030F14D114F851
:10433000081004EB0514A01C01F00F0118F08CFB11
:10434000044613F032FC3A68074B134023433B60AA
:10435000BDE8F04713F02FBC4FF6FF74F1E7BDE85E
:10436000F08700BFAC1300200000FF7F064A926870
:10437000824208B507D0427922F0030242F00302DC
:10438000427104F061FD08BD0C14002010B5064C0C
:1043900020461EF098FA201D1EF095FA04F1080040
:1043A000BDE810401EF08FBA0C14002010B502209A
:1043B0001EF04EFC034C606002201EF049FCA06021
:1043C00010BD00BF0C14002008B5FFF7DFFF034B42
:1043D0000022DA60BDE80840FFF7E8BF0C140020B7
:1043E000014B5868704700BF0C140020014B9868BF
:1043F000704700BF0C14002038B50C4CE3681BB1AB
:10440000E36898470023E36023686BB107481EF018
:1044100078FA054640B123681BB14FF0004004F024
:10442000ABFC284617F064FC38BD00BF0C1400201C
:1044300010B5064CE0604FF0004004F09DFCE368CE
:104440001BB1E36898470023E36010BD0C14002003
:1044500038B58379034404465B7B13F0300F43790E
:1044600023F0030308BF43F00103437113F09DFBE6
:104470002146054605481EF00DFB4FF0004004F0B4
:104480007BFC2846BDE8384013F095BB0C14002097
:10449000F7B5144F7C68A3790C331C4400F01AFB69
:1044A0006679E6B116F0020519D136EA000016D198
:1044B000E378B4F80920B4F80710A07901962479BC
:1044C000009401F003FB002808BF0C25B8682A46B9
:1044D00042F2410103B0BDE8F04016F097BF11254C
:1044E000F4E700BF0C14002010B50D4C62689379FE
:1044F0000C331A441179D078B2F80730B2F805209D
:10450000003918BF0121003818BF012001F0DAFD81
:1045100042F242010246A068BDE8104016F076BFA4
:104520000C14002010B5084C6068837918440F30D3
:1045300000F09EF90023A0681A46BDE810404FF62F
:10454000284116F021BF00BF0C140020242816D8E3
:104550000F2805D802280CD8B0FA80F0400970471F
:10456000084B103880B2C34003F0010383F0010010
:1045700070470538012894BF0020012070470120B2
:10458000704700BF2D2011002DE9F04F95B0FFF7C7
:1045900027FF86790C3642F2360330F806809845BC
:1045A000054600EB06040ED1FFF71AFF02211EF0AC
:1045B00061F9A3787F220233A370AA550023202239
:1045C000627023776377E0780121FEF72BF90023EF
:1045D0000646002800F0D780CDE91233237A8DF803
:1045E0004A30E37A8DF84E30A388E288ADF848204F
:1045F00013F01000B4F80920ADF84C2003F00503C7
:1046000006D093B1E37D012B51D00025122614E092
:104610007BB3E37D657E012B37D16B1EDBB2022BB2
:1046200009D800F057FA012338E04FF48043DDE960
:104630001212914220D900251126FFF7D7FE01233F
:1046400032464146ACB216F09FFE002DCCBF053479
:10465000053C24B2002E40F099800A2394FBF3F429
:10466000E4B2FFF7C3FEC3791844C47215B0BDE8C5
:10467000F08F4FF6FF73DAE71F29DCD99A42DAD8B8
:10468000E37D657E0028BED1C5E7032BD3D16B1E29
:10469000DBB2022BCFD800F01DFA04230342CAD0AC
:1046A000032D08BF04252840C0B20028C3D0E078FD
:1046B00015F059FD20B1A088FFF748FF0028A4D0CD
:1046C000334A237F1278002A54D0042B9DD8637F6D
:1046D000042B9AD8A388DB0653D418F0B6FB01212B
:1046E000C822084003F0B0FE94F91630B4F804E094
:1046F000677EE18894F80C9094F815A094F818B0AF
:1047000003EB8303B0EB430F4FEA4302637B0F934A
:10471000A37B109304F10F031193637F0546E07DA3
:10472000C8BF15B2B4F809200C93237F0B93E37E26
:10473000032808BF0420032F08BF0427003B18BF2D
:1047400001230A93A37ECDF80C90CDE90873119B49
:1047500002931FFA85FC109B0193CDE9060BCDE96E
:1047600004AC0F9B009330465FFA8EF315F0B7FD53
:10477000064662E7002B7FF45EAF637F002BA9D073
:1047800059E70020ABE70546072656E7002468E70F
:10479000051F0020F8B5074601200D4616461EF0FD
:1047A00057FA0446C0B106220C2116F000FE691E1D
:1047B000A379C9B2032998BF084A03F10C03234423
:1047C00098BF525C9F8088BF00222046DE70DA715D
:1047D0009A71FFF7CBFD0120F8BD00BF97380300A9
:1047E000F8B5FFF7FDFD83791844B0F80F60B0B25B
:1047F000FEF7E8FB0446C0B116F030FB0138C0B24A
:10480000032814D80B4B1C5C0027FFF7EFFD05466F
:1048100004233A4642F2300116F0B6FDAB790C3370
:10482000E818C68004724472F8BD0227EDE7002440
:104830002746EAE7973803000B4610B50649074CB0
:104840000622002808BF214618461DF0B9FCB0FA20
:1048500080F0400910BD00BF071F00200D1F002081
:10486000024B1A6802609B88838070470D1F0020EE
:1048700013B50D4C28B1036823608388A38002B070
:1048800010BDFAF761F8CDE900019DF80230A37080
:10489000BDF80530BDF80020A4F803309DF80730BE
:1048A00022806371EBE700BF0D1F002010B50446A6
:1048B00013F07BF9064B22681A60A2889A80054A99
:1048C000137843F00103137013F075F9012010BD44
:1048D000071F0020061F0020024B1878003818BF61
:1048E00001207047061F0020024B1A6802609B8857
:1048F00083807047071F0020024B186908B104F03D
:104900003BBA7047280D002010B53D4A002302F144
:10491000100151E8001F02F1100C4CE80034002C8B
:10492000F5D140EA0104A10201D501F0B5FD220153
:1049300001D503F0CBFA002C01DAFFF75DFD63002F
:1049400001D501F063FBA00001D5FFF73FFBE100BB
:1049500007D5FEF757F820B92A484FF0805117F0D5
:104960001BFA620107D516F044FB20B925484FF029
:10497000806117F011FAA30105D518F05FFAFFF76F
:10498000F7FA15F0F5FBE00108D515F038FF072818
:1049900004D11C484FF0807117F0FEF9610201D577
:1049A00015F0E0FB220201D515F0D0FBE30207D59C
:1049B00015F023FF20B913484FF4801117F0ECF9DC
:1049C000A00507D500F03AF920B90E484FF4007160
:1049D00017F0E2F9E10507D5FFF732FA20B90948E7
:1049E0004FF4807117F0D8F9620503D516F0CAFCB0
:1049F00016F0C9FC230501D517F0D6F910BD00BF8C
:104A0000280D0020380D00200146014817F0C4B9D8
:104A1000280D0020014B1B6818407047280D00200E
:104A2000044B10B5D3E9064204430A43C3E90642E6
:104A300010BD00BF280D002070B51E4D2B68002B47
:104A4000044603DAFFF7C0FC002031E01A4E4CF2B6
:104A50000C000021FFF7E4FF0023336024B16368FA
:104A60002B60A36803B133604FF00040FFF7CCFF29
:104A700033680BB9114B3360114B1248AB60002304
:104A80002B7312F053FDFFF799FB2046F6F798FFC2
:104A900070B92CB1B4F90E10B4F90C0002F016FF85
:104AA00018F0D7F903F02CFE03F0B2FD0028C9D0AE
:104AB00070BD00BF280D00201C140020EA0C00204F
:104AC000F94801002C0D0020014BD3E90601704785
:104AD000280D0020054B9B69DA054CBF03200120FF
:104AE0001B0548BF40F00400704700BF280D0020A0
:104AF000F8B517461C4606460D4603F085FB1C4BD1
:104B0000BA7A53F8222053F820301A44194B9C42A9
:104B100024D9194B9C4214D9184B93FBF2F3002B68
:104B2000B8BF0333013C9A1004EBA304B4FBF2F3C7
:104B300071682A68A1EB930102EB430271602A605D
:104B4000F8BD0F4B0F49A3FB04435B0902FB03F3C2
:104B500003F6C313A1FB0313DB0AE9E702FB04F32B
:104B600003F57433084A8F33A2FB03231B0CDFE7E2
:104B7000EC3803004C6210001366660640420F00DA
:104B80001F85EB515917B7D183DE1B43024B1A68BF
:104B900002601860704700BF24140020024B0022FE
:104BA0001A6000F0FBB900BF241400202DE9F8437F
:104BB000064615F089FE0446002835D045784DB9E3
:104BC00012F0F3FF237863701B4B1B686360257042
:104BD00012F0F1FF4FF00108677837B923781BB363
:104BE0004FF4007004F0C8F81EE097FAA7F5B5FA84
:104BF00085F508FA05F55FFA85F9636833B90E4B58
:104C000027EA050565701B686360E5E79B681BB9CB
:104C100063681B686360F0E749463046984701289F
:104C200005D163681B6863600120BDE8F883022832
:104C3000EED10020F9E700BF2414002070B50E4E1D
:104C40000025FEF71BFCA84201D8012012E03068C5
:104C5000FEF7B8F950B93468FEF710FC0134B4FB24
:104C6000F0F303FB104434600135EAE7FFF79EFFE1
:104C70000028F0D170BD00BF2014002010B583794A
:104C8000034404461B7B392B96BF044AFF21D15CA9
:104C90001DF0F0FDA0790C30204410BD9B380300BE
:104CA0002DE9F34105460C46019115F0FDFD830603
:104CB00005D501A81DF007FE02B0BDE8F081019FF7
:104CC000BE790C36BB5D392B18D8164A12F8038012
:104CD000B8F1FF0F12D038461DF07AFE013840457A
:104CE0000CD1114B1E6896B9A379234421461A7B37
:104CF000284602B0BDE8F04117F046B901981DF012
:104D0000E2FDBA5D0199284617F03EF9D4E77368D1
:104D10000BB93668E7E72146284698470028F8D0BF
:104D2000CAE700BF9B3803002414002037B50446AF
:104D30000D46202115F0BAFD2946204615F023FE28
:104D40002146012017F0C7F92146002017F0C3F9CA
:104D50000120044A00900023214617F04DF903B0CA
:104D600030BD00BF61BE020073B50C461646054655
:104D700017F023FB80F001002946C0B215F08BFD2F
:104D8000C368012C9A7907D032462146284602B0E2
:104D9000BDE8704017F017BB13441022DB8A009265
:104DA0002946034A002017F027F9204602B070BDBB
:104DB000C7C3020037B5044617F03FFB0321204666
:104DC00015F092FD00250346044A00952146012076
:104DD00017F012F9284603B030BD00BFADC2020083
:104DE0002DE9F347074602200E461DF031FF054628
:104DF000002846D0B3790C3333440021B3F8048043
:104E0000B3F806A0B3F8089017F074F82846FFF737
:104E100035FF02210446384615F066FDA4F80480EB
:104E20006081A4F806A0A4F8089017F04EFF08F1DE
:104E30000108B0FBF8F303FB1800022360806370E5
:104E4000AB79B371EA79F27103F10C00D21AD2B2E4
:104E5000291830441DF0E9F93946012015F01BFDF1
:104E60001022C660638900923946074A012017F074
:104E7000C3F83846294617F03BF8002002B0BDE8D9
:104E8000F0870720FAE700BFC7C302002DE9F3410E
:104E900004460D460146012015F0FDFC01210746A0
:104EA000284617F027F82846FFF7E8FE064600F1E7
:104EB0000108404603F052FCD6F80130C7F8123022
:104EC0007379BB750221204615F00EFD2946074671
:104ED000F080204617F00CF820230093044A3B464C
:104EE0002146012017F088F8002002B0BDE8F081CB
:104EF00093C302007FB504460D460146012015F01C
:104F0000CAFC50E8003F43F4806340E80036002EBE
:104F1000F7D1204617F051FAD8B3204615F0CCFC53
:104F2000430715D5334632460DF10F01204615F0E3
:104F30007CFF9DF80F30062B0AD8284612F0BAFAEB
:104F4000012200232046FEF7CBFC002004B070BDF8
:104F50000E21284616F0CEFF2846FFF78FFE0646A4
:104F6000FFF7B2FDC6F80510FFF7AEFD2946C6F8FB
:104F70000100204616F0BCFF0321204615F0B4FCCA
:104F80000022034600922146034A012017F034F81C
:104F9000DBE70821DDE700BFB1C2020010B5054C18
:104FA000054A0649204617F072F92046BDE8104030
:104FB000FFF7ECBD2814002079C40200295101003C
:104FC000F7B58B790C33CE18CB5C023B04460D460B
:104FD0000F2B00F2A080DFE803F0089E9E9E9E73D8
:104FE0009E829E9E2C689E9E9E4F12F0DEFD7178E2
:104FF0000746204615F0C7FC2021204615F056FC38
:105000002146012017F067F82146002017F063F8C9
:105010000123009300231846404A214616F0ECFF76
:10502000284612F047FA384612F0C5FD012003B0B9
:10503000F0BDB3887288717815F0DDFE204615F05A
:105040003BFC830708D42946204617F0F6F90121D6
:10505000204616F037FFE9E72146012015F01BFC3A
:105060002F4B82689A4203D12146012017F003F8A2
:10507000284612F01FFAEAE77778B678084612F069
:1050800019FA162F05D132460321204617F0E5FB09
:10509000CCE72146012015F0FEFB8368002BC5D02C
:1050A0003246032120469847C0E70146012015F00B
:1050B000F2FB07462846767812F0FCF9BB68EDE76C
:1050C0000146012015F0E7FB07462846767812F0E6
:1050D000F1F9BB68002BA9D032460421E2E7014672
:1050E000012015F0D8FB0F4B82689A4203D0284666
:1050F00012F0E0F99AE7D6F80120D6F805302046FC
:10510000FEF7EEFB284612F0D5F92146012016F0F5
:10511000B2FF02219CE7002089E700BF2FC40200F4
:10512000ADC20200B1C202002DE9F3410C460546B2
:1051300017F043F9A37900286BD00C33E61814F864
:105140000380B8F1010F41D0B8F1080F39D0B8F1A0
:10515000000F51D17189284616F03CFFB188738841
:1051600072788B4294BF0746002709290B4638BF47
:105170000923013B9BB29A420FD8002A08BF00279F
:10518000F3883289084616F044FE40B9204612F0F2
:1051900091F9012002B0BDE8F0814746F0E7002F09
:1051A000F4D02946002015F076FBC46073891022E4
:1051B000013B00921B4A9BB22946002016F01CFFBF
:1051C000E7E72146284617F096F8E2E7F1882846F7
:1051D00016F000FF0746701C17F049FE0028D5D0D6
:1051E000002FD3D02946002015F055FB2023C460A2
:1051F0000093F3880C4ADFE72146284617F01AFC93
:105200000028C6D12146284602B0BDE8F041FFF78C
:10521000D7BE23441B7B0E2BD3D02146284617F044
:10522000F8FBEDE7694D01004BC3020038B50446B9
:105230000D4615F041FB42070BD4204615F03CFB10
:10524000830706D429462046044ABDE8384016F0B4
:10525000B3BF284612F02EF9002038BDB54D01002D
:1052600038B505460C4615F01FFB00F01800102855
:1052700006D121462846054ABDE8384016F09CBFB5
:10528000204612F017F90C2038BD00BFE14D010097
:10529000014A16F091BF00BF8D4E010070B5054662
:1052A0000C460146012015F0F6FA0646284615F090
:1052B00003FB020704D5204612F0FCF8002070BD65
:1052C00033685B05F7D4284617F077F840B12146DC
:1052D0002846FFF7ABFF18B91DF0BAFC044630B101
:1052E00021462846034ABDE8704016F065BF0720F6
:1052F000E5E700BFF54E010073B504460E4615F014
:10530000D3FA00F0300010284FF0020031D11DF028
:105310009FFC054678B3437943F0020343710221B1
:1053200016F0E8FD2846FFF7A9FC294646702046FE
:1053300016F0DEFD1621204615F025FB2021204623
:1053400015F0B4FA2146012016F0C5FE21460020D2
:1053500016F0C1FE204616F064FF0121204615F02C
:10536000C3FA034601200090044A214616F044FE89
:10537000002002B070BD0720FBE700BFDBC20200C7
:105380002DE9F04387B004460E4615F095FA00F477
:10539000C060B0F5C06F06D102201DF059FC054673
:1053A00010B9072054E000252146012015F073FABA
:1053B00096F8068008F10C08B044814608F10F0306
:1053C00000F1120208F11F0153F8040B42F8040B1C
:1053D0008B42F9D10321304616F08CFD3046FFF7A1
:1053E0004DFC0A22074608F1050101301CF0F8FEC9
:1053F0000C210DEB010003F01FF903AB03CBC7F841
:105400000B00C7F80F10059BC7F8133007F10B020C
:105410000DB30A21284616F06DFD2846FFF72EFC35
:105420002946204616F064FDC9F80C604FF48071DF
:10543000204615F03BFA0321204615F055FA0025C9
:1054400003460D4A00950120214616F0D5FD284659
:1054500007B0BDE8F08307F113032046012115F0E2
:1054600079FE2046314616F043FDC9F80C5020461F
:1054700015F08CFEDFE700BFBBC40200F0B589B0B9
:105480000D46044617F013F8AB79002800F0A3800E
:105490000C33EA18EB5C033B082B00F23881DFE8A1
:1054A00013F0090036013601840036013601360159
:1054B0005D007E00D2F80100D2F80510B2F8097044
:1054C00003AB03C302F1130301210B32204615F095
:1054D00041FE0421284616F00DFD2846FFF7CEFBBD
:1054E0000C21064605A803F0A7F805AB03CB33460D
:1054F000C6F80100C6F80510079A43F8092F0021E5
:10550000721C204615F026FE2146002015F0C3F936
:1055100003AA0346478303CAC3F81200C3F8161050
:1055200020460821FDF778FD4FF40071204615F064
:10553000BDF9204615F02AFE2946204616F0D8FC73
:105540000321204615F0D0F903460020714A00904F
:10555000214616F051FD012009B0F0BD0B2128466F
:1055600016F0C8FC2846FFF789FB2946204616F0AE
:10557000BFFC12F01AFB4FF440710546204615F0AF
:1055800095F94FF48051204615F098F9284612F00D
:1055900012FB4FF48061204615F093F9DBE72846B3
:1055A00011F088FF4FF40071F5E70621284616F048
:1055B000A1FC2846FFF762FB204615F047FC294670
:1055C000204616F095FC204615F006FE21460020E8
:1055D00016F051FDBFE72B441B7B043B072BBBD8C8
:1055E00001A252F823F000BF095601002F56010016
:1055F00091560100595501005955010059550100B6
:1056000059550100A756010020464FF4007115F0CE
:105610004DF9AA790C322A4402F1090320460132DD
:10562000002115F097FD284611F044FF93E74FF451
:105630008060FFF7EFF9B0B14FF40061204615F03C
:1056400035F900272046CDE90577FDF7CFFC064662
:10565000204615F027F90095034605AA3946B0B251
:1056600016F0D5FA77E72146012015F014F900F17C
:105670001201204615F0C5FD0621284616F03AFC19
:105680002846FFF7FBFA2946204616F031FC62E770
:10569000284611F00FFF2146012016F01CFD204680
:1056A00015F09AFD57E712F080FA4FF400710646A4
:1056B000204615F0FBF84FF48051204615F0FEF817
:1056C000304612F078FA4FF4C061204615F0F9F830
:1056D0002946204616F00CFC2146012015F0DBF887
:1056E000C268054682B193790C331A4402F1130360
:1056F00001210B32204615F02DFD204615F046FD08
:10570000E968204616F0F4FB0023EB6023E7002055
:1057100022E700BFBBC4020010B5074C0749204672
:10572000002216F0B4FD2046FFF730FABDE8104025
:1057300001200021FFF774B9341400207D540100CA
:1057400038B505460C4615F0AFF800F018001028E3
:1057500006D121462846054ABDE8384016F02CBD42
:10576000204611F0A7FE0C2038BD00BF8153010078
:1057700038B58B790C460C331944E35C142B054681
:1057800003D0152B0FD0002038BD013116F067FF74
:1057900015212846224616F0AAFF2146284616F073
:1057A000A7FB0120F0E70146012015F074F80B4B30
:1057B00082689A4203D0204611F07CFEF1E7A1797D
:1057C00021440D31284616F04AFF204611F072FEA2
:1057D0002946012016F04FFCE3E700BF43C7020053
:1057E00037B504460A460D46142116F080FF2946B7
:1057F000204616F07DFB0321204615F075F8302277
:10580000034600922146034A012016F0F5FB0020D2
:1058100003B030BD43C7020010B5074C0749084A22
:10582000204616F034FD2046FFF7B0F9BDE81040E1
:1058300020200021FFF7F4B8401400207157010028
:1058400047C7020073B5ADF800208DF802301E4640
:105850000446009B019301A80D46114616F0E9FE8F
:105860009DF80630B34203D1BDF804308B4205D019
:10587000284611F01FFE122002B070BD204615F020
:1058800083F99DF80230827A9A4209D18288BDF864
:1058900000309A4204D1284611F00CFE0020EBE7BC
:1058A0006946204615F02CFC024A2946204616F08F
:1058B00083FCE1E7E15701002DE9F04116461A4368
:1058C000BDF8188007460C461D4605D120461146F6
:1058D000BDE8F04116F08ABF4146204616F066FB4F
:1058E00078B12146384614F0D6FF40238674C5743B
:1058F0002146069338464346034ABDE8F04116F078
:105900007BBBBDE8F08100BFA5C80200F7B5054626
:105910000E460146012014F0BEFF036813F0F00F9D
:1059200003D02946012016F0D6FB284615F093FA3D
:10593000B3790C3333445F789B781F400378C3F30B
:10594000030000EA1310384016F02AFF044668B935
:10595000284616F02EFF384016F022FF044628B9DC
:10596000284615F07BFA01F0A7FF044628460021DF
:1059700015F00CF91721304616F0BCFA3046FFF747
:105980007DF9314644708470284616F0B1FA03213F
:10599000284614F0A9FF4022034600922946034AF4
:1059A000002016F029FB03B0F0BD00BF5BC8020069
:1059B00008B581B2074815F0D2FC012000F0F6FCD2
:1059C00030B9054A536919075CBF43F004035361BA
:1059D00008BD00BF541400204C1400200123834054
:1059E0000649DB4301F1240252E8002F1A4001F17D
:1059F000240C4CE800200028F4D170474C140020FF
:105A00000123074A03FA00F002F1240353E8003FA0
:105A1000034302F1240C4CE800310029F4D1704713
:105A20004C140020044A536A4FF0804043F4002392
:105A3000536203F0A1B900BF4C14002038B51E4CCE
:105A40004FF01013E3624FF4E063238647F6FF73D1
:105A5000A4F8603094F86730012262F3030384F8FD
:105A60006730164A164B0025C4E916326562FFF707
:105A700031F84FF48073A4F84830124BE361124BB5
:105A800084F856001A68656113785278A4F8BC50FF
:105A900013445B10294604F108006376A4F8B4505F
:105AA00015F05DFC294604F1940015F058FCBDE8A2
:105AB000384017F0EEB900BF4C1400205555550082
:105AC000D6BE898E2BCB02001C1400202DE9F0419C
:105AD0001F4C9DF81C609846636A0F46D90715460F
:105AE00033D460B30120FFF78BFF626A9DF8183052
:105AF00084F8546022F4C07242EAC312052E626236
:105B000007D102F019F868B96D00ADB2BD4228BFE7
:105B10003D4694F854309A0715D413F0040F14BF7F
:105B20000326012694F86730A78566F3030384F8FB
:105B30006730E58584F830800120BDE8F0810120E0
:105B4000FFF74CFFD1E70226ECE70020F5E700BFA6
:105B50004C140020024B586AC0F38000704700BF0D
:105B60004C14002010B51D4CFFF7F4FF636A13F0CE
:105B7000010313D1A8B994F8663094F83110253B8D
:105B8000DBB20133DBB2032B28BF002341FA03F25F
:105B9000D207F6D5253384F8663018E094F85430EF
:105BA00010B194F85520134303F00503052BE2D1FF
:105BB00001F0C2FF0028DED194F8673003F00F0235
:105BC000012A05D1032262F3030384F8673010BD74
:105BD000012262F3030384F86730CCE74C14002001
:105BE000024B586A00F00100704700BF4C140020BF
:105BF000F8B52F4C40F27123E36018B1636943F0AC
:105C00001003636117F09DF8E28DE66C236DA78D9C
:105C1000151F40F271214D43AE4218D2A3F5967381
:105C200001FB0733181AE76823893B4483420EDAE5
:105C30006369514343F01003891B63618142D4BF00
:105C400021612061BDE8F840194800F0B9BB40F27D
:105C500071277A43A2F5AF722261FFF783FFA28D0D
:105C6000236D07FB023363602365AE424FF00003F0
:105C7000104AE3640DD3FFF76DFF136838B19A79CA
:105C80001B7B617E0B4493420DDC6376DAE71A7866
:105C9000F6E7FFF75FFF136838B1DA79197B637EA7
:105CA0005B1A9342F1DA6276CCE75A78F6E700BFE6
:105CB0004C1400201C14002038B50E4C054680B151
:105CC0000320FFF78BFE002384F845300123A4F85E
:105CD00046300420FFF782FEBDE838401020FFF771
:105CE0007DBE0520FFF77AFE0123A4F8B83084F8C2
:105CF000B650EEE74C140020274B70B55A6A0D469B
:105D000009B3160747D503F1450603F1460428B346
:105D1000D1061FD52388012B1CD95B0823800420C2
:105D2000FFF75CFE1020FFF759FE16F0CEFF238828
:105D3000B0FBF3F202FB1300307055B30320BDE853
:105D40007040FFF74BBE940625D503F1B60603F16C
:105D5000B804DCE70420FFF753FEE3E7D20314D5D1
:105D6000B3F84610B3F8482091420ED22288520070
:105D700092B22280B3F84830934228BF1346238062
:105D80001020FFF72BFE0420CDE71020FFF738FE90
:105D9000F9E70520D3E770BD4C14002070B54A4ADE
:105DA000054651681068AC79127A8AB06B4603C315
:105DB0000C3408201A702C44FEF72CFE20B101226E
:105DC000A11D28461CF062FDA3798DF80F30A37A3F
:105DD00003F00F0303F128026A44002112F8282C73
:105DE000ADF81020CDF82110ADF825108DF8201059
:105DF000062B08D8DFE803F0044F07075F074B00C6
:105E00000D20FFF7FDFDA37AC3F380138DF8123048
:105E1000E368CDF81330238AADF8173000231A4613
:105E20000DF113010DF1120014F0B0F9E3798DF8C2
:105E300019304FF47F43ADF81A307F238DF81C30B2
:105E400063798DF81D300023ADF81E30AB79123325
:105E5000AB711C2128461CF076FDAB792B4403ACBA
:105E60000C3309AE224603CAB24218605960144688
:105E700003F10803F6D110681860294613481CF096
:105E800009FE4FF0804002F077FF0AB070BD0D2090
:105E9000FFF7A4FDB7E7D4F81230CDF82130E38A3C
:105EA000ADF82530EB79063BEB71A37AC3F3C01351
:105EB0008DF82030A7E7064B5B6A9B0444BF42F095
:105EC0000102ADF810209EE7D53803006C140020C5
:105ED0004C14002070B583790C33C4182379DA0789
:105EE00002D44FF0FF3070BDA37AE27A03F00F05C1
:105EF000082DF6D8062D01D92846F4E7911F1F2951
:105F0000EFD8012D1FD10C2AEBD1244E736A13F068
:105F1000060F01D1DB05EFD414F045F920B914F0D8
:105F200039F90028E8D1DCE7A37A96F83020B2EB03
:105F3000D31FC3F3C010D4D104F1120100F001004B
:105F4000FEF77AFCEDE7042DD6D11449144A486ACD
:105F50000240002AC5D0C96B0029CDD08A790C3205
:105F600088188A5CC3F38013B3EBD21F08D014F0F7
:105F70001AF90028C0D114F004F90028BCDBB0E7FE
:105F800004F10C01062208301CF01AF9044614F042
:105F90000AF90028B0D1002CAED0ECE74C14002058
:105FA00008000400F0B5184C606B87B000B3A76B15
:105FB000BE790C36FDF71AF80223FF21BA5DCDE950
:105FC0000431BD19D20995F823305B090393AB8BDB
:105FD00002936B8B01932B8B0093002105F1080337
:105FE00080B215F02AFD606BFDF7AAFA0023636307
:105FF000A06B11F05FFA0023A363636A23F004032C
:10600000636207B0F0BD00BF4C14002013B5154CFF
:1060100011F0CBFD236A01930023236211F0CBFD25
:10602000019BA3B9636A1A0406D515F01EFAA0B144
:10603000636A23F400436362636A1B0305D5FFF7B9
:10604000B1FF636A23F40023636202B010BD01A8AC
:106050001CF057FC15F074FAE2E74FF0804002F0B4
:106060008BFEE9E74C14002038B50E4D044601F0D4
:106070005DF8E86B18B111F01DFA0023EB6315F021
:106080007EF90948FEF710F9AB6B0BB1FFF7CAFCBC
:106090000448214600F0E4F9BDE8384003481CF00C
:1060A00012BC00BF4C140020541400206C140020BB
:1060B000034B586A10F0050001D1FFF7D5BF7047B8
:1060C0004C14002070B53B4C636A164603F0010285
:1060D00070B95AB111F069FD636A23F001030546F6
:1060E0006362FFF7E5FF284611F065FD002070BDF3
:1060F000002AFBD19B0704D5E36BBBB10120FFF75E
:10610000DBFD94F8303003F0FD03012B16D011F0C5
:106110004CFD0546C6B10E20FFF772FC16F011FECD
:1061200042F2107303FB0600A06210E002201CF094
:106130008FFDE0630028E1D10720D8E7FEF7CCFB14
:106140000028E4D11220D2E70E20FFF747FC002000
:10615000FFF756FC636A13F00403C4D1E364E38DD4
:1061600040F27122023B5343E260236116F0ADFD21
:106170000323B0FBF3F303EB4303C31A253384F883
:106180006630FFF7EFFC16F0DCFD60602065B4F8C8
:10619000BC00002808BFF520FFF70AFC064B0548A5
:1061A0001A681378527813445B10637600F008F98C
:1061B00099E700BF4C1400201C14002038B51A4C7D
:1061C000636923F010036361054600F0AFFFB4F884
:1061D000BC302BB9A36813F4601F08BFA4F8BC300F
:1061E0001148012100F03CF9104BE361636A5A0445
:1061F00005D485F00100BDE83840FFF7F9BCA26A7C
:106200006168521A002AF4DA23F0010343F40043D0
:106210006362FFF74DFF4FF0804002F0ADFDFFF7E6
:1062200099FC0028E5D138BD4C1400202BCB02008E
:1062300008B5FFF78FFCB0B10B4B586A20F0040291
:1062400010F001005A6203D1BDE80840FFF70CBF0F
:1062500000F06CFF15F093F8FFF7E4FBBDE8084091
:106260000020FFF7ABBF08BD4C1400202DE9F04F14
:10627000314CA56B636BAE7900278BB00C36C4E94B
:106280000D7705EB0608079383468946D8F824A0C6
:1062900001F0EAFDAA5D08F10806C2F3C01231461A
:1062A0000DF127008DF8272013F085FFCDE904B903
:1062B000636A0798C3F380230393FF2302939DF837
:1062C000273052463946CDE9006308F10E03FDF749
:1062D000D5F9284611F0EEF8636A23F02402D907B5
:1062E000626205D40120FFF7BFFE0BB0BDE8F08F5E
:1062F000124B94F854501A681378527813445B1078
:10630000052D637602D101F017FC40B994F85430A2
:106310009A070ED413F0040F14BF0325012594F837
:106320006730012065F3030384F86730FFF746FF09
:10633000DBE70225F3E700BF4C1400201C1400200B
:1063400010B5074C2368DA0607D523F01003236045
:1063500018B9A168012013F0EDFE0023A36010BD61
:106360000C150020014610B50446022013F0E2FE91
:10637000054B1B68D90305D463691A075CBF43F05A
:106380000403636110BD00BF0C150020014BD868E9
:10639000DC3870470C15002010B5034BDC6816F094
:1063A000D0FCDC3C201A10BD0C150020034B1B68F0
:1063B00013EA004314BF0120002070470C15002091
:1063C000F8B5002303604369044658070DD52046FD
:1063D00050F8081FC90C01F4FC7141F00501FDF7EC
:1063E00011FF636923F00403636163692589D9069A
:1063F00003D516F0A6FC28446060184E606831464C
:106400002D1A51F8043F8BB923600C60B3684BB16F
:10641000617E5A7E914219D26269D2060FD5002060
:10642000FFF78EFFBDE8F84015F0DBBC5A681F8906
:106430002A44D21B002AE7DA19461B68E3E75A68A8
:106440001B6913441B1A002BECDBE8E71A895B6815
:10645000D31AE2680344D342E4D5E0E70C150020E8
:1064600038B50B4DAB680446A342084601D1FFF78F
:1064700067FF6B68074A1BB1A342196804D111601A
:10648000BDE8384015F0ADBC1A460B46F3E700BF37
:106490000C150020101500202DE9F341634E3368E0
:1064A0005C0700F18A80B368002B40F0868056E8D4
:1064B000003F43F0040346E80032002AF7D1746835
:1064C000BCB116F03EFC01AA804601462046276971
:1064D00016F093FB08B9204622E063692568D806C8
:1064E0005CBF019BFF1AA5B96368DC371F44C6E98E
:1064F000024756E8003F23F0040346E80035002D2C
:10650000F7D1B468002C4BD102B0BDE8F04101F0E6
:1065100017BD01AA4146284616F06FFB18B9284658
:10652000FFF720FFCBE76B6928896A68D90648BF67
:1065300008EB0002DB07A2EB000005D401992B69F0
:106540005B1AE9685B1A18446368D919091A0029AB
:1065500019DD8F4204D9E168C01ADC3181421DD9AE
:106560006069C10711D42169D5F80CC00B44218999
:10657000A3EB0C035B1AE1689B1ADC318B4204DD50
:106580006A6067462C462D68ADE7697E637E994256
:10659000F9D2C3069FD5EF686A60F3E70746F2E7D2
:1065A000A36813F4601FC3F3C24009D1336843F0FA
:1065B00010033360214613F0BDFD02B0BDE8F08149
:1065C00004F108073846FDF72BFE336843F010034B
:1065D00033602146F8B913F0ADFDA36813F4601FD2
:1065E0004FEAD341C3F3C24517D0013DEDB201F4E8
:1065F000FC7129433846FDF705FE03213846FDF7B7
:106600006DFE75B1A268237E1344120C9BB2120476
:106610001343A360D1E72846CDE703213846FDF7B1
:106620005DFE3846FDF740FEECE700BF0C1500208C
:1066300008B5034B996809B113F07CFD08BD00BF94
:106640000C150020014B9868704700BF0C15002006
:106650000A4B70B59C6884420FD12146012013F08B
:1066600069FD6668258916F06CFBAD1BC5422146A5
:106670004CBF0020022013F05DFD70BD0C15002002
:10668000054B1B681B6A13F0100003D013F00300C6
:1066900018BF0120704700BF1C1500202DE9F341F1
:1066A000344B9C68A5790C356719635D03F04F0383
:1066B0006355838D0622103B064688467A700D2B63
:1066C00032D8DFE803F054315007310C3131313129
:1066D0003131310C635D6FF30303635524E0625D78
:1066E000006A012363F30302625510F4006F4FF058
:1066F0000C027A7006F12E0107F108020CD001920B
:106700004FF0FF320092C0F380201A4613F047FD8D
:10671000635D43F08003E0E7D6F82E30BB608B88E2
:106720009380336A5B05F3D4B28D635D62F34513E6
:106730006355B91C304616F058FB635D60F3861351
:106740006355A3797A7802331344E371B38D03F070
:106750001403142B04D0B8F1000FC4BF42447A7064
:1067600002B0BDE8F081635D62F30303B5E7635DEA
:106770000222F9E74812002038B529490B7D4A7DED
:106780000133DBB2B3EB921F04460B7503D3032333
:106790000B75002038BD016AC90234D590F87E20FF
:1067A0000323243A92FBF3F303EB4303D21A25327B
:1067B000D2B2A18D94F87F30B4F9340084F87E20F1
:1067C00011F0100103F00F0323D116F039FB01F093
:1067D00095F8B4F97820824204F1700504D0A4F849
:1067E000780001F033FD6881284601F0F3FB0022B8
:1067F0001146104613F0A0FC94F87E00002116F01C
:106800001EFB0120C6E75B001A4102F0030225329D
:10681000CFE702461946002001F016FED7E700BF79
:10682000481200201F4B2DE9F04104461860006C0F
:106830001D4E1CF0CDF801462046FFF72FFFA38D1B
:1068400003F01403142BB36814BF226C00221A60E7
:106850002046FFF791FFFFF713FF144B051E144866
:1068600008BF184601F0ECFC6369676803F0100884
:1068700016F067FA6D000346627EE8B2B8F1000FC9
:1068800003D1FF1AB7F59B7F07D5114601F082FCB3
:10689000B068BDE8F04101F051BC616816F057FAEC
:1068A000F6E700BF1C1500204812002041690100D6
:1068B0008D6B010070B50546FFF7E2FE104B114EDF
:1068C000041E114808BF184601F0BAFC2846FFF71D
:1068D00053FF054660B133686000597E00F0FE004A
:1068E00001F058FC094BBDE87040986801F026BCE7
:1068F00001F0A6FC30682946BDE87040FCF760B89E
:10690000416901001C1500208D6B01004812002018
:10691000034610B5094C052B20680AD0062B0CD174
:10692000002001F08DFC20680121BDE81040FCF73B
:1069300047B8BDE81040FFF7BDBF10BD1C150020D3
:10694000032803D1024B1868FFF7B4BFFFF7E0BF7D
:106950001C1500200C4B032810B51C680FD1206CAF
:106960001CF036F801462046FFF798FE074B226CD4
:106970009B6820461A60BDE81040FFF79BBFBDE84A
:106980001040FFF7C5BF00BF1C15002048120020B3
:106990002DE9F8438B790C33CC1806462379DA07B6
:1069A00003D44FF0FF30BDE8F883E77A252FF8D8FD
:1069B0003C4B9A6893790C33D118D35CA27AC3F319
:1069C0008013B3EBD21FECD1056AEB064CBF02314A
:1069D0000431062204F112001BF0F2FB0028E0D182
:1069E00094F80A9013F0DFFB05F4C04580F0010332
:1069F0002A1EC9F3801904F10C084146DBB218BF06
:106A00000122484616F0ADF9014658B1A37A03F0C9
:106A10000F03032B16D1336A9807C2D50C2FC0D1B0
:106A20000320C0E713F0C5FB0028BAD1A37A03F016
:106A30000F03002DEDD0032B85F4C04513D1A9041D
:106A4000AFD5E8E7052BACD1306AC207A9D500F075
:106A50001403142B0CD004F1180016F0F0F80028E1
:106A60009FD005209FE7052B9BD16B04ECD498E7C2
:106A700006F12E052946C0F3802013F089FB00287B
:106A8000E9D1A27A336AC2F38012C3F380239A4217
:106A900087D10622294640461BF092FB0028DAD017
:106AA0007FE700BF481200202DE9F74F4FF0FF317C
:106AB0000746002401A8019401F060F8019949B14A
:106AC0003846FFF765FF032806D005284BD001A8FC
:106AD0001BF0F9FE01203FE0DFF8A8802848DFF82E
:106AE000A89001F0ADFBD8F800302046597E01F0A7
:106AF00075FBD8F800B0D9F80860DBF844001BF04B
:106B000067FFB4790C3406EB040A335D03F04003ED
:106B100043F00403054633550AF10201584616F0C6
:106B200064F9335D60F386133355D8F80030D9F833
:106B300008005B6C002DA4BF06358AF80150036085
:106B400001F0FCFAD8F800301B6ADB0407D5019984
:106B5000384613F0EAFD002003B0BDE8F08F01A82D
:106B60001BF0B1FEF7E7019801F0C0F80199384633
:106B700013F084FD0028ADD0204601F061FBEAE768
:106B8000556901001C150020481200200E4A0328F8
:106B900010B5146805D0042809D0BDE81040FFF7EF
:106BA000B7BE617E0120BDE8104001F0AFBA2046BB
:106BB000FFF77AFF30B101F057F92046BDE81040E9
:106BC000FFF778BE10BD00BF1C15002038B50D467C
:106BD0000446002001F034FB01F046F92946204626
:106BE000FCF738FA014B00221A6038BD201500204E
:106BF0000123074A03FA00F002F1140353E8003FAF
:106C0000034302F1140C4CE800310029F4D1704721
:106C100060120020F8B5244F7B6913F4C07F05464D
:106C20000C4603D099063BD401200CE039B15A0739
:106C300005D4D5F8A43013B90820FFF7D9FF7B6934
:106C40009B0601D50020F8BD7B7FAE6A022B06F0C3
:106C5000080604D916B114B90220F4E7E4B995F88E
:106C6000921095F83701063100F00F0000F000FE99
:106C700085B20EB904B16D00FFF78EFBA8420DDBA3
:106C80007B6913F01C0FDDD11EB1002CDAD1052079
:106C9000D9E7002CFBD1D5E70320D4E70420D2E7C5
:106CA000002CCFD0C3E700BF6012002038B5124DD2
:106CB0006B69044643F400734FF4806128306B61C4
:106CC00015F0EEFF0121204613F0FBFD00212046C8
:106CD000FFF7A0FF014620B12046BDE83840FFF78E
:106CE00075BF6869617E80F48070BDE83840C0F38C
:106CF000002001F00BBA00BF6012002038B50C4B29
:106D00000446186000F5947001F064F92046FCF721
:106D10006DF9C4B2204613F01BFA0546204613F065
:106D200019FA29460246022013F006FA38BD00BFC0
:106D30002015002008B5002001F082FA01F094F837
:106D4000014B00221A6008BD2015002010B5044632
:106D5000FFF7D4FF064801F073FA6168226C637E86
:106D600001EB9202BDE81040112001F091B900BF83
:106D70003D7001003F4B37B51C68A26A00235005E7
:106D80000193D4F8A03012D504F1A40001931BF0B4
:106D9000B8FDC4F8A00050B194F84631013B84F826
:106DA00046314FF4806104F1280015F079FFD4F8E2
:106DB000A0500DB9304B9D6894F94631022B0DDC83
:106DC000D4F8A83013B1A36AD90502D5D4F8AC30F1
:106DD00023B14FF480512046FCF71EF9D4F8A410DB
:106DE000A36AAA79002902F10C024FEA830314BFB7
:106DF0000121002103F00C0343EA0113A95C21F0F7
:106E00001C0143EA0103AB540DD11B4A02F11403E8
:106E100053E8003F23F0080302F1140040E800317A
:106E20000029F3D102E00320FFF7E2FE284601F03B
:106E300085F9019B53B15B7903F00A03082B02D15A
:106E40002046FCF7CFFB01A81BF03DFD6B799A07AC
:106E50000ED5A36A1B040BD50820FFF7C9FE4FF41B
:106E6000004104F1280003B0BDE8304015F018BF20
:106E700003B030BD20150020601200202DE9F04342
:106E800085B000230446032103A8039300F076FE97
:106E9000039D35B9F4212046FFF798FE05B0BDE803
:106EA000F083AB79644F0C331D447B692A79D60794
:106EB0004ED4DD064CBF07200420FFF799FE0026C4
:106EC00001212046FFF7A6FE054650B97869617E8C
:106ED00080F48070C0F30020400001F07FF9FFF7DC
:106EE00049FF039800F002FFDDF80C807A6998F8FA
:106EF0000630510603F10C0308EB030915D458F8CA
:106F000003303B610620FFF773FEA36A1A060CD418
:106F100004F1280252E8003F43F0800342E80031C8
:106F20000029F7D10120FFF763FE4946204613F000
:106F3000CEFC99F80430DB077BD5002E52D11DB171
:106F400029462046FFF742FE03A800F0F1FCA5E722
:106F500023F0100301207B61FFF74AFEAE7AF006B2
:106F60002FD50220FFF744FEA36AAA7A83F002031A
:106F7000C2F38002C3F340039A422FD104F12800E8
:106F80004FF4006115F08CFE50E8002F42F480624F
:106F900040E80023002BF7D1A26A82F00202A2622D
:106FA0007B77AA7AA36AC2F3C00203F001018A4286
:106FB00085D183F0010316F00306A36218BF0126F2
:106FC0007EE707F1140353E8003F23F0040307F1C1
:106FD000140141E80032002AF3D1C5E77B7F013379
:106FE000DBB2DDE72046FCF701F8C0B213F0B0F8E1
:106FF00006462046FBF7FAFFCDF80480A38F0093E6
:1070000082B200233146022013F09EF84FF0FF3188
:1070100003A800F0B3FD03998B790B44DB7D002BB3
:107020008DD02046FCF7FCFA002D3FF437AF2946FF
:1070300031E7002E83D0E9E76012002008B5124A3C
:107040000346042B10680BD002D8032B18D008BDC0
:10705000053B012BFBD8BDE80840F121FFF7B6BD89
:10706000FFF70CFF094A02F1140353E8003F23F035
:10707000200302F1140040E800310029F3D1E6E7D3
:10708000BDE80840FFF712BE201500206012002066
:10709000164B033810B51C68032818D8DFE800F039
:1070A0000702181E2046BDE81040FFF7E7BE204645
:1070B000FFF7FCFD0E4A02F1140353E8003F23F0F2
:1070C000200302F1140040E800310029F3D110BD83
:1070D000F1212046BDE81040FFF778BD4FF48061F4
:1070E00004F1280015F0DCFDF221F2E72015002064
:1070F0006012002010B50446FFF700FE054801F0BD
:107100009FF8FFF737FE627E61680220BDE81040FD
:1071100015F01DBE91700100034B5B6A13F0060F62
:107120000CBFE220F12070474C14002008B5FFF797
:1071300089FA054B834206D100F096FEBDE808406F
:10714000002001F07DB808BD4C14002070B5214C22
:10715000214801F075F894F8673094F8662003F040
:107160000F030021C82015F06BFE00F0C7FBB4F937
:107170006020824205D0A4F8600001F067F8A4F80E
:107180006200164800F026FF00221146104612F059
:10719000D3FF666815F0D5FD0246FFF7BDFFB61AAE
:1071A000B6F5FA6F054609DCFFF7F0F8627EA0F548
:1071B000AF712846BDE8704000F030BF6668FFF749
:1071C000E5F8637EA0F5AF7231462846BDE8704011
:1071D00000F05EBF4C14002079760100A41400205A
:1071E00038B500F041FEFFF7D7F840F28A23984205
:1071F0000D4C0CDDFFF790FF0546FFF7C7F8627EE8
:10720000A0F5AF712846BDE8384000F007BF15F083
:1072100098FDE36C62689B1A0344E3640020BDE8B8
:10722000384015F08FBC00BF4C140020F7B5104C4F
:1072300094F8455006460F462DB1013D84F845505F
:10724000002003B0F0BD0B4B1B680220597800F002
:10725000C5FF94F83030CDE900533A46E06B032384
:10726000314615F0A0FCE06B00F068FF0120E8E774
:107270004C1400201C140020094A02F1240353E896
:10728000003F43F0080302F1240040E800310029E8
:10729000F3D1044B1B680120597800F037BF00BFC1
:1072A0004C1400201C140020438902895B0040F22A
:1072B000712043435B1AD0B24343120AB3FBF2F38B
:1072C000024A126811445818704700BF4C1700203A
:1072D00030B58C1AE41A002C08DA124C6468551A7E
:1072E0001D44B5FBF4F505FB044421441344CB1ABB
:1072F00040F2E242B3FBF2F39BB242892BB9530056
:1073000040F2712404FB031113460132B3FBF2F483
:1073100002FB143202819B1A40F2E24000FB131080
:1073200030BD00BF4C1700202DE9704306461846BB
:107330009DF8183089461446E3B9C31E012B8CBF53
:1073400002250325222100F093FA164B5B686D009D
:1073500040F2712808FB05F581446BB121463046A7
:10736000FFF7A2FFABB201464A463046BDE8704384
:10737000FFF7AEBF0125E5E7738934890133B4FB1C
:10738000F3F203FB1244F37934815B00640008FBE1
:1073900003F308FB04F404EB530404EB0900284452
:1073A000BDE870834C1700202DE9F041134E736A3D
:1073B0005B0780461BD58B790C33CF18C8B9FD7994
:1073C000CC583989284600F053FA0444B8F1000F2C
:1073D00011D1033D012D94BF032302235B0040F232
:1073E000712202FB034434647B7986F84430BDE8A3
:1073F000F0810125E4E70123F0E700BF4C140020F1
:107400002DE9F04F1F46984B9D6B5B6AAC798DB0B0
:107410000C341646021E05922A5D069108BF002113
:1074200061F345122A55314603F040023846C3F352
:10743000801A039212F0B9FE05EB04080790285D4C
:1074400008F1080B5946C00912F0AFFE039B8146B4
:10745000002B44D1002844D112F0A5FE80F0010396
:10746000DBB203F0010352463146384615F079FC91
:107470000490002800F08A80039B002B33D1B9F1DF
:10748000000F75D1079B002B72D012F07DFE0028F3
:107490006ED001220AA90DF1270012F088FE002803
:1074A00074D09DF827302A5D591E4B424B41B3EBF7
:1074B000D21F6BD106220AA958461AF081FE002875
:1074C00064D13368C8F80830B388ABF804302B5D5A
:1074D00067F3C7132B554FF00009CA4619E0012383
:1074E000BFE7039BBDE7604B5B6A13F400791CD1D7
:1074F00015F804A0CAF3801A484612F05DFE3368FE
:10750000C8F80830B388ABF804302B5D67F3C713B5
:107510002B55059B544E002B3ED196F8B630002BD0
:107520003AD0013B86F8B63030E012F02AFE00284F
:1075300006DA15F804A04FF00009CAF3801ADBE759
:1075400000221146104612F02CFE15F804A08146C8
:10755000CAF3801A0028CFD0002302211A4608EB74
:10756000010015F0F8FA2B5D60F386132B55C3E785
:107570007A1E57422B5D5741B7EBD31F06D1062227
:10758000314658461AF01CFE0028A4D0002304936C
:1075900004980DB0BDE8F08F15F0D3FB074613F04B
:1075A00076F9059B0093024639469DF8583008F15C
:1075B0000E00FFF7B9FE2D4B059A1B680746D979D7
:1075C0009AB9022000F00AFEB06B00F0B7FDB36B71
:1075D0009A7913441F63FFF735F8254BC361069B67
:1075E000B3B9736A23F4806315E0002000F0F6FD60
:1075F000B06B00F0A3FDB36B1E489A7913441F6370
:1076000000F01EFE069BC3B9736A23F4806317E083
:10761000736A43F480637362039B9BB1B9F1000FFB
:10762000B6D000231A46514608F1020015F093FA2D
:107630002B5D60F386132B55AAE7736A43F48063CE
:107640007362EBE72B5D0022C3F3C01359460AA80F
:107650008DF8283012F0ABFD2B5D9DF8282062F3E9
:10766000C7132B55DAE700BF4C1400201C14002070
:107670007DB30200457801002DE9F04F042885B064
:107680001ED005D8032800F0CF8005B0BDE8F08FEC
:10769000431F012BF9D805384FF0010118BF012015
:1076A000FEF72AFB15F04DFB644AD36C51685B1A58
:1076B00003440020D36405B0BDE8F04F15F042BA92
:1076C00003A800254FF0FF31039500F057FA039807
:1076D00058B1FEF7FFFB0828074603D8584B1E5C3D
:1076E00030070AD403A81BF0EEF8544B5B6A13F082
:1076F000060F12D0FFF774FD0FE0072F039C13D184
:107700004E482A46214613F030FE0028EDD013F0F3
:1077100037FE10B10120FEF76BFA0121084605B0D3
:10772000BDE8F04FFEF7E8BADFF81081FEF734FE4F
:10773000D8F8243013F00403814645D016F0020334
:1077400042D0A0F55573002B0DDDA2790C322244F6
:107750000120917A0090C1F380130C32C1F34011E3
:10776000FFF74EFE0546204600F0C0FA21460120F4
:10777000FFF71AFED8F82430D9072FD594F806B0B1
:1077800003F0800A0BF10C0B12F00DFDA34480F006
:1077900001039BF80A00BAF1000218BF0122DBB214
:1077A0000BF10C01C0F3801015F0DBFA70B165BB72
:1077B000D8F824309A0720463BD5F30712D4730734
:1077C00039D5FEF7EBFA90E71D46CCE7BAF1000F8A
:1077D00004D1514612F0EDFC0028E8D020460FF00D
:1077E00069FE1DE015F076FB78B1A9F2B249B9F156
:1077F000000F0ADDA0790C3020440C3010F8021C78
:10780000C1F38011FFF712FD0546042F03D1D8F80C
:1078100024309907E2D57207E0D52046FEF7BEFA7C
:10782000002D7FF47AAF60E705B0BDE8F04FFFF7B9
:1078300023BD042FC3D10FF03DFE56E74C140020AA
:10784000DF380300032808B50AD1074800F0F8FC28
:10785000064B012093F94410BDE80840FEF706BD31
:10786000BDE80840FFF708BF797601004C140020FE
:10787000064B10B55B690C4610B101F03BF80346AE
:1078800018795B8804FB003010BD00BF480D002054
:10789000084B10B55B690C4610B101F02BF803469C
:1078A0005A88A2423BBF1B79A41A0020B4FBF3F014
:1078B00010BD00BF480D00200138C0B203289ABF98
:1078C000014B185C00207047E83803008BB2002998
:1078D000054AB4BF053B05331BB20A21108093FB58
:1078E000F1F39370704700BF981E0020024B9B7805
:1078F000C01A40B2704700BF981E0020024B1B8880
:10790000C01A00B2704700BF981E0020074B1868CD
:1079100040F20D1338B9002BC1BF44334522B3FBED
:10792000F2F0C0B270470068453BF3E7480D002015
:107930002DE9F041064610F038F90746FFF7E6FF5B
:1079400035460446286818B16CB928461AF0BBFFC2
:1079500031680A481BF09EF8384610F02CF90023D5
:107960003360BDE8F081D0F800801BF065F92B682A
:10797000013CC3F800802D68E4B2E3E7480D002025
:10798000024BDB6B03B11847FEF752BE480D0020D7
:1079900010B5064AC043131D53E8003F0340141DB1
:1079A00044E800310029F6D110BD00BF480D002089
:1079B00010B5054A131D53E8003F0343141D44E866
:1079C00000310029F6D110BD480D002070B51946D0
:1079D0001546064610461C4615F0A8F92A46454DA0
:1079E0002346304615F0A7F9D5E9062300EA02043C
:1079F00001EA030654EA060313D0630104F0806031
:107A000010D56B68180623D43B4B234093BB3B4BEC
:107A100006F020022340134356D12046314615F08C
:107A200081F970BDA4F1080333431CD1EB7A012B1B
:107A300042D16B68D90743D50323EB726B8C0133BA
:107A400004206B84FFF79CFF012015F070F9E4E738
:107A50002B1D53E8003F23F08003291D41E800322D
:107A6000002AF5D1DDE7A4F10C03334317D115F05B
:107A70005EF9DBE724F0011323F4A0433343C6D1BE
:107A8000EB7A012B18D16A6840F20143934314BF8B
:107A9000002303230520EB72FFF772FFBDE7231FCE
:107AA000334302D115F044F9B7E704F17F43334380
:107AB000AAD1EB7A022B0FD0042015F01DF9ACE708
:107AC00013F40063BAD1B8E70420FFF771FF4FF059
:107AD000006001F051F9A0E76B689A0706D504230E
:107AE000EB722B8C013303202B84ABE713F02003C4
:107AF000F7D1F5E7480D0020015001000DD50155E3
:107B0000014B986A704700BF480D002010B5064C25
:107B1000A06A19F08FFF28B9A06A19F08DFF00F054
:107B2000010010BD0120FAE7480D0020014B986AC2
:107B300019F084BF480D0020024B5868C0F3402064
:107B4000704700BF480D002010B504464FF4007088
:107B5000FFF71EFF084B986A19F072FF38B10CB995
:107B6000002010BD4FF40070FFF722FFF8E7002C53
:107B7000F6D00C20F5E700BF480D00202DE9F04FAE
:107B80000468594D89B006468846002C48D0A7792C
:107B900020460C371AF01CFF27440A383C89B8F1FC
:107BA000FF3FA4EB000402D04445A8BF4446B5F80B
:107BB0003890B0EB090713D4002C0EDD6D6B3668DE
:107BC0003D44FF2C224629463046A8BFFF221AF02A
:107BD0005DFE241A36680544F3D109B0BDE8F08F84
:107BE000A9EB0009296BD6F800A0A145A8BFA146C2
:107BF00001EB000BC846B9F1000F0DD04246FF2A39
:107C000059465046A8BFFF221AF040FEB8EB0008C4
:107C1000DAF800A08344F1D1A4EB09044F44CBE788
:107C2000A86A03AA032119F066FEBDF80E7002943B
:107C3000A146E8620A3702AC09E023601B682B60AA
:107C40002368C3F800902368002F1C4611DD2B68C1
:107C5000453F002BF1D101201AF0FAFF03462060C6
:107C60000028F1D1019002A81AF02DFE019B33608B
:107C7000B3E72B1D53E8003F43F008032A1D42E8F9
:107C80000034002CF5D14FF0006001F075F8029837
:107C9000BDF81020437943F001034371069B306027
:107CA0006B63059B2A872B638379BDF80E200C3309
:107CB00003441C711A819DF80C20297A9971072AB6
:107CC000DC711FBFAB8C0133AB846B8C0ABF01220C
:107CD00003F1FF331A714FF00A0118BF6B841AF0D9
:107CE000C9FD346853E700BF480D00202DE9F0417D
:107CF00087790C37C41986B0237913F0020805463A
:107D00001BD1174E43F0020323716A46D6E90A01DC
:107D100019F0F5FD2389B06A03336946ADF80430E4
:107D200019F0EFFD009BEB519DF90E00FFF7DEFD12
:107D30006071B37A022B03D8E37106B0BDE8F0811D
:107D40009DF81130012B04D0022B04D02BB9042351
:107D5000F2E70323F0E70123EEE784F80780ECE77E
:107D6000480D002037B5124B00F00F041B88ADF80A
:107D70000430012C15D0022C15D18DF804400D4D86
:107D80006B6842F222000340A3420ED0FFF700FED0
:107D90002046FFF70DFEA86A01A919F03DFD03B0CA
:107DA00030BD2024EBE70024E9E70020F7E700BF1F
:107DB00010390300480D00202DE9F043124F85B023
:107DC00002234FF0000881461046CDE902180E4606
:107DD0001546FB7214F0A8FF0090797AB86A02ABDE
:107DE000424608F0AFFA044650B94846FFF7BAFFDA
:107DF0002B4604464246012130463D7314F090FF65
:107E0000204605B0BDE8F083480D002037B5144B7F
:107E100000F00F041B88ADF80430012C14D0022CA4
:107E200016D000240F4D6B6841F601000340A342B9
:107E300013D0FFF7ADFD2046FFF7BAFDA86A01A9F0
:107E400019F000FD03B030BD04238DF80430E9E7DC
:107E50008DF804404FF40064E4E70020F2E700BF2F
:107E600010390300480D002038B5104CE37A23B1D7
:107E700000221146104614F052FF00252846E572F4
:107E800014F055FFA06A0122032119F053FCA06AE7
:107E90002A46012119F037FD8020FFF779FDBDE862
:107EA00038404FF44050FFF783BD00BF480D00201D
:107EB00008B5FFF7D9FF044AD38C0133D3840620D9
:107EC000BDE80840FFF75CBD480D0020F8B51B4D2C
:107ED0006B68590704D50420FFF75AFDFFF7E8FF48
:107EE0006B681A070FD50FF060FE0646FFF70EFD10
:107EF000124F044624B101201AF0AAFE0146A8B987
:107F000030460FF058FE6B68DB0615D51020FFF7E2
:107F10003FFD00F001FD78B10FF047FE0446FFF78A
:107F2000C7FF2046BDE8F8400FF045BE3846013C8B
:107F30001AF0BAFDE4B2DDE7F8BD00BF480D00203D
:107F400010B50022084C1046114614F0E8FEA06A55
:107F500008F0BCF914F0EEFE20461AF0B4FCBDE8BF
:107F600010400820FFF714BD480D0020014B986A0F
:107F700019F0A2BD480D002038B5154CA37A8342F4
:107F8000054610D0431E042B08D8DFE803F0030D8C
:107F900011161800A06A08F0F7FD20B92846A5724E
:107FA00000F0A8FC606138BDA06A14F0CCFEF4E7D4
:107FB0000121A06A14F0C9FEEFE70321F9E7FFF7FA
:107FC000BBFD0028EAD0A06AFFF7D0FFE5E700BFBD
:107FD000480D002073B504460F4D408900F094FA17
:107FE000A07B287214F073FE6872E07B002600F01C
:107FF0000F00FFF7C1FF0096D4E90021A37BA86A18
:1080000019F079FD32463146304612F095F8206875
:1080100014F08FFE02B070BD480D00202DE9FF4125
:1080200000231A4E00938DF80C30C0F340134FF02C
:1080300001088DF80E30C0F300130446154686F88B
:108040000B808DF8048002918DF80D30FFF7DEFE75
:1080500028B1042014F050FE04B0BDE8F081284699
:1080600014F062FE717A03466A46B06A08F076F947
:108070002A460746C4F380114046357314F04FFE7C
:1080800012F05BF8002FE4D1E6E700BF480D0020B6
:108090002DE9FF411C4E02921D4600230F4601931D
:1080A00001210393C3060446F172009705D5736955
:1080B0001B888DF80D1013440293C4F34013284617
:1080C0008DF80E3014F030FE717A03466A46B06ABD
:1080D00008F044F928B1042014F00EFE04B0BDE805
:1080E000F0812046FFF792FE2B468046C4F38012B3
:1080F00001213846357314F013FE12F01EF8B8F162
:10810000000FE8D1EAE700BF480D002038B50A4D5E
:1081100001230C46EB72FFF779FE10B1042014F036
:10812000EBFD2B7BA34204D922460021012014F051
:10813000F6FD12F002F838BD480D0020F8B50446EF
:1081400011F0FCFFA179E279114E521A0C31074669
:108150000123B06AD2B2214419F0C7FBE579A379B3
:10816000ED1A57FA85F524680CB93561F8BDA17987
:10817000E279B06A521A0C310023D2B2214419F0CC
:10818000B4FBE379A2799B1A55FA83F5EBE700BFBC
:10819000480D0020F8B5104E02230D46F372FFF78C
:1081A000E1FD044620B1BDE8F840042014F0A4BD70
:1081B000284614F0B9FD2A460746214601203573AA
:1081C00014F0ADFD717AB06A3B46224608F0ACF877
:1081D0000028E8D1F8BD00BF480D002038B5094D92
:1081E00002230C46EB72FFF7BDFD10B1042014F022
:1081F00083FD2B7BA34204D922460021012014F0E9
:108200008EFD38BD480D0020014B587B704700BFE4
:10821000480D002068B1084B194653F8042F0AB1E5
:108220008242FAD25B1A9B10013BDBB2034A5373C2
:1082300070470123FAE700BFEC380300480D002027
:10824000014BD863704700BF480D002073B50F4B3A
:108250000F4E9B7DFF2B044615D1ADF80400002383
:10826000B06A8DF803300DF1030201A908F046FC55
:108270009DF80350B06A22462946F6F7FFFB40EA14
:10828000052002B070BD034B1D78F3E7981E002057
:10829000480D0020921E0020044BC2B2C0F30721FB
:1082A000986A82B002B0F6F769BC00BF480D0020A2
:1082B00010B50D4C0021A06A19F094FA0B49A06A80
:1082C00019F0E8FAFE21A06A19F0D3FAA06A08F0C2
:1082D0002DFA074BB3F910208242C8BF18821A8AC0
:1082E0009A805A8ADA8010BD480D0020921E002024
:1082F000981E0020F0B5154C85B0B4F91070ADF89B
:108300000210ADF80420ADF806304FF0C8124FF05F
:1083100082136946CDE90223ADF8000002AD0420C6
:108320000B46B1F9002035F9026BBA42A8BF3A46B4
:10833000B242A8BF3246013821F8022BF1D103CB5B
:10834000034BA060596005B0F0BD00BF981E00202F
:10835000A01E002073B50546F6F78CFC314E03686D
:1083600033608388304CB3800023A370238033783C
:108370008DF80130FF2D18BF1D46A5752B4DA86A3D
:108380000DF103030DF102020DF1010119F04DFB96
:108390009DF8013040B90133DBB20D2B8DF801306F
:1083A000EDD9012002B070BDA27DFF2A00D0A375D7
:1083B0008DF8053033709DF802308DF80430019847
:1083C000FFF76AFFC828A8BFC8209DF803308DF8C2
:1083D000043020820198FFF75FFF154B9842B8BF29
:1083E00018466082B4F91000FFF730FFADF80400C2
:1083F0000198FFF751FF2082B4F91200FFF726FF22
:10840000ADF804000198FFF747FF4FF6FF73A38212
:10841000642360821A4618461946FFF76BFF002056
:10842000C0E700BF921E0020981E0020480D0020CB
:108430000CFEFFFF034A0346B2F906000BB1FFF73B
:108440005DBA7047981E0020084B10B5B3F9044080
:1084500030B903EB4103B3F906309C42A8BF1C4678
:10846000A242A8BF2246104610BD00BF981E0020A1
:10847000014BB3F912007047981E0020014BB3F96D
:1084800010007047981E002073B506460FF08DFB54
:108490000C4D0446B5F91200B5F91030B042B8BF22
:1084A00030469842A8BF1846FFF7D0FEADF804004A
:1084B0000198FFF7F1FEE880204602B0BDE8704069
:1084C0000FF079BB981E002073B506460FF06DFBC8
:1084D0000C4D0446B5F91000B5F91230B042A8BFF2
:1084E00030469842B8BF1846FFF7B0FEADF804001A
:1084F0000198FFF7D1FEA880204602B0BDE8704089
:108500000FF059BB981E0020F0B5C0F3072585B0C9
:10851000FE2DADF8040027D0144C9DF804700FF028
:1085200044FB637DAB4206460ED0114B18689B8816
:10853000ADF80C300F4B029002A9986A8DF80850E4
:1085400019F0A8F9FF232375237DBB4206D0094B00
:108550003946986A19F08DF927756575304605B06A
:10856000BDE8F0400FF027BB05B0F0BD981E00201D
:10857000921E0020480D00202DE9F047DFF84490BE
:1085800086B007460E4614460DF10808A9F1100AF8
:10859000CDE900980B4B3A46802150460FF043FF3F
:1085A0000028F5D1102C254628BF102530462A4634
:1085B000414619F03AFE641B2F442E44E8D106B020
:1085C000BDE8F087231F002030B589B0202269461E
:1085D0000D4DFFF7D1FF6A4604AB144603CC9C4215
:1085E00028606960224605F10805F6D1074C08AD00
:1085F0001A4603CAAA4220606160134604F10804C7
:10860000F6D109B030BD00BF131F0020231F00208A
:1086100010B588B0694620200FF05EF9044630B9E5
:108620006846FFF7D1FF034B012283F82020204644
:1086300008B010BD131F002070B5134B93F8203005
:108640008CB005460C460BB9FFF7E2FF0023CDE9DD
:108650000033CDE9023354B91C22214605A8049405
:1086600019F0D8FD04A8FFF7AFFF0CB070BD102CB7
:10867000264628BF1026294632466846FFF77CFF6B
:108680003544A41BE7E700BF131F00202DE9F84F76
:10869000DFF86890D9F800B0824688461746BBF1EB
:1086A000000F28D099F804500026B54207D13D703C
:1086B00099F80400A84214BF0120022017E07419A1
:1086C0006110C1EBC1015944C4F34704887900F03B
:1086D0000100B8EB000003D10622504619F070FDEE
:1086E000002806DB02D0661CF6B2DEE73C70BDE86F
:1086F000F88F2546D9E70320F9E700BF441700208B
:10870000014B00221A71704744170020F8B5124C33
:1087100005460FF04AFA637985F30705AB42064632
:1087200005D1002430460FF046FA2046F8BD2068F7
:1087300065710027277110B10FF04AF8276063793F
:10874000002BEED0C5EBC5000FF024F82060002808
:10875000E7D160710724E5E744170020044BD3F804
:10876000012002605B7903F01F030371704700BFB3
:10877000341F0020F0B5244B002918BF0B461446C7
:108780001268C3F8012022795A7100218BB0197048
:108790000125C1F3C402CFB2A65C01F0070205FABD
:1087A00002F2164207D01A7802F128066E4401320E
:1087B00006F8287C1A7001312529EAD11A7828B1E7
:1087C0006946981D19F031FD0BB0F0BD002AFBD0B1
:1087D00005330126C0F3C405C1B2675D00F007058B
:1087E00006FA05F52F4208D1B1FBF2F502FB15118F
:1087F0000AAD55FA81F111F8281C03F8011F013068
:108800002528E7D1E0E700BF341F0020034B0028F4
:1088100018BF03460B449879704700BF341F0020EF
:1088200082EA12421FFA82FC8CEA010393FAA3F354
:108830001BBA9BB203EB031363449BB293FAA3F3FB
:108840001BBA9BB203EB031363449BB293FAA3F3EB
:108850001BBA9BB203EB03136344154A8CEA030C67
:108860001FFA8CFCA2FB0C23ACEB030203EB5203BC
:108870005B0903EBC30100B503EB81030D4AACEBCD
:108880000303002818BF0246C3F3C401114403F0D8
:10889000070ED8B24978012303FA0EF3194201BF3B
:1088A00013780CFB03F302EB134290795DF804FBA1
:1088B0004D91CFBA341F0020064B074A1A60074B70
:1088C000074A1A60074B084A1A60084B084A1A60A0
:1088D000012070479812002097CE020094120020C9
:1088E000CFCE02009012002095CE02008C12002004
:1088F000D1CE02000528044B08BF03200622013810
:1089000002FB0030704700BF12390300014B986D25
:1089100080B27047005008400A4B586800F0706001
:10892000B0F1106F0CD008D8B0F1E06F08D0B0F102
:10893000006F14BF002001207047B0F1406FF8E7CE
:108940000120704700400840431C07B5014606D08F
:108950000023CDE90033034A034810F05BF803B06D
:108960005DF804FB7DCF02007418002070B50E4640
:108970001546044610B302F0DDFC08B3236813F477
:10898000807F114B1CBF01221A70104A1B781460A3
:108990000F4A16600F4A15601BB902F0C1FC02F0C5
:1089A000A9FC0EF0EBFE02F08BFB0B4B0B48197889
:1089B00002F092FBBDE8704002F052B9212070BD78
:1089C00040F20440FBE700BF601F0020601700205A
:1089D0005C17002058170020FE1F0020957702002A
:1089E0002DE9F04186B00EF09DFE974B974D1A7819
:1089F000974911200EF0C6FC2B685A685423B2FB2D
:108A0000F3F2002392B2512118460EF051FC0446B5
:108A1000002840F00B810EF00FFD10F0A5F8044681
:108A200010F0A4F8844240F2D08010F09DF881B29A
:108A30000023012210200EF03BFC0446002840F0E9
:108A4000F580844B1968844B186807F0F7F800F03C
:108A50005FF90446002840F0E9802B681C7F002C59
:108A600000F0B680102C28BF102419F078FE621C8C
:108A700081B20023D2B208200EF01AFC044600286E
:108A800040F0D480754A76490D200EF045FB06462D
:108A90000446002840F0CA800EF0C4F98DF8066044
:108AA0006E46324606212C2000F008FA60B93046A6
:108AB00014F0F2FF10B1302840F08C803C2000F020
:108AC0001BFA2C2000F018FA9DF80630190740F127
:108AD000928096E80300ADF80C10090C02908DF816
:108AE0000E109DF8063013F0280F07D1DDE90201C2
:108AF000ADF80410090C00908DF806102B68186969
:108B0000002840F08D802B68586900F047F92B68E9
:108B100093F82220D20700F18D8010F00BF802A903
:108B200002460746286814F02DFA044600287DD135
:108B300008F09EF904AA0221322000F0BFF928B9FA
:108B4000BDF810104FF0FF3018F0CDFE10F014F803
:108B5000044600286AD1012000F0D0FC414B18687F
:108B60001AF0D9F90446002860D115F05CFC0446DF
:108B700002F0A2FE804614F0CEFF41460246204697
:108B800013F013F90446002850D12B681B689B058D
:108B90000CD4B7F5FA7F09D90FF000F80121074688
:108BA0000846F7F7E5FF38460EF0FCFF2B689A6998
:108BB0002D4B1A6014F034FA2C4B1860304600F03C
:108BC00039FD2B480EF0A2FA30E00FF0CFFF2EE770
:108BD00004244AE704AA01213C2000F06FF940B9BF
:108BE0009DF81030012B14BF492372238DF80630F5
:108BF0006AE74923FAE7F5F7A7FECDE90401030C7C
:108C00008DF80A30BDF81530ADF80B309DF81730EF
:108C10008DF80D304923ADF808008DF80E3060E76F
:108C200014F083FE044600283FF46DAF204606B0E2
:108C3000BDE8F08193F8230015F0E8F800283FF430
:108C40006CAF40F20C44F1E7FE1F002060170020DB
:108C500095770200C4190020C819002025D0020011
:108C600021D002005C1700209818002094180020E2
:108C70004989010002480022032119F015BD00BFF7
:108C80002C190020F8B5114814F0C9FFE0B914F010
:108C9000C7F90F4D0D4E286006F10C07286814F037
:108CA000AFFE0EF0FBF80446304614F0B4FF10B9E6
:108CB000384619F008FE02F0C3FA08B9002CEDD1CD
:108CC000BDE8F84014F026BFF8BD00BF100B00202F
:108CD0009418002008B5054B1B782BB914F034F913
:108CE000B0FA80F0400908BD0020FCE75F1F0020BB
:108CF00010B5054C01232370044B1B6803B1984742
:108D00000023237010BD00BF5F1F002098180020B3
:108D10000D4B98420DD8023B984210D870B1023BDF
:108D200098420ED020F0704020F4604000F5906032
:108D30007047064B9842F5D140F21C407047212005
:108D4000704740F21B4070470AE000F00BE000F073
:108D5000024B4FF080525A60704700BF00ED00E0B8
:108D6000044A002352E8000F42E800310029F9D1FB
:108D7000FBF7CABDA0180020064A52E8003F034393
:108D800042E800310029F8D1034B1B6803B11847B2
:108D9000704700BFA01800209C180020034B00283B
:108DA00014BF02461A46024B1A607047518D0100EB
:108DB0009C18002037B51C68E10705D514F013FE98
:108DC0001649174819F078FCA20723D501F022FBB9
:108DD000D0B9144D01900EF0E8FE0446284619F073
:108DE00090FD019020460EF0E6FE019890B1437987
:108DF0009B070CD401A8022119F065FE019801F02F
:108E0000F9FA14F09FFDE6E714F09CFDDEE701F0AF
:108E1000E5FAF6E7002003B030BD00BF240B0020C8
:108E20002C190020A418002008B505480EF006F8FB
:108E3000044B1870BDE8084001210EF00FB800BFC8
:108E4000340B0020611F002038B5044648B10EF0F5
:108E5000ACFE21460546084819F01CFE28460EF0D7
:108E6000AAFE064B022193F900000DF0F7FFBDE8C2
:108E70003840FFF73DBF00BFA4180020611F00204D
:108E8000F8B50C4B0C4F04460E4638681968154669
:108E900006F0D4FEFFF73CFF50B9386833462A4647
:108EA00044F4802107F0E0F8BDE8F840FFF730BF58
:108EB000F8BD00BFC4190020C8190020F8B50C4B3C
:108EC0000C4F04460E4638681968154606F0B6FE83
:108ED000FFF71EFF50B9386833462A4644F4802114
:108EE00007F0D2F8BDE8F840FFF712BFF8BD00BFA9
:108EF000C4190020C819002038B50A4B0A4D19685A
:108F00000446286806F09AFEFFF702FF40B9286879
:108F100044F4802118F0E9FBBDE83840FFF7F8BEC3
:108F200038BD00BFC4190020C81900202DE9F04346
:108F3000134B0E461968134B8DB00546186817463B
:108F400006F07CFE80B9009733460A2202A9284623
:108F500007F0BCF80DF1080904464FF0000844453D
:108F600005D1002CEFD120460DB0BDE8F08359F8B3
:108F7000041B284618F0B9FB08F10108EFE700BF11
:108F8000C4190020C8190020F8B50C4B0C4F064638
:108F90000C463868196806F051FEFFF7B9FE054621
:108FA00048B9E24316FA82F2386842F4802246F465
:108FB0008021FFF7BBFF2846F8BD00BFC419002081
:108FC000C8190020034B00221A609A80FF229A7170
:108FD000704700BF841F0020064A1379834207D9D7
:108FE000126801238340134214BF01200020704700
:108FF00000207047A8180020054A03461068002288
:1090000008B91A607047C10748BF01324008F7E746
:10901000A8180020014B1879704700BFA81800203D
:10902000102A2DE9FF4706460F46154623D8DFF8DC
:109030004C80DFF84CA000244FF00109D8F8002044
:1090400009FA04F3134213D046EA042040EA0A0066
:109050006A46E9B280B2FFF731FF48B92A4639467D
:10906000684619F0ADF818B960B204B0BDE8F087F1
:109070000134202CE2D14FF0FF30F6E7A818002091
:109080000080FFFF2DE9F3411D4E054601460622F3
:10909000304619F095F820B996F9060002B0BDE8FF
:1090A000F0810024EF1CA0462046FFF795FFD8B1C1
:1090B0003B88CDF800806946ADF80330E0B2BB785C
:1090C0008DF8053016F096FD21280DD0A8B90322A1
:1090D0002946684619F074F830B92B683360AB88BC
:1090E000B38060B2B071D9E70134202CDCD12B6899
:1090F0003360AB88B380FF23B3714FF0FF30CDE70F
:10910000841F0020034B93F90630013301D1FFF790
:1091100059BF7047841F0020F7B5044614F01FFDA7
:10912000631C39D114F0C5FC4FF400410846FFF729
:1091300049FFFFF729FF4B4B4B48002521462022D2
:109140001D6019F067F8284602F05CF9474D0446A7
:10915000FF267CB93720FFF7CFFE424A0C2143F6A9
:10916000FF70FFF78DFE404A20213820FFF788FE70
:10917000002017E094F97530013305D02B7843B9FE
:109180001321204615F051F9204602F03BF9044620
:10919000DFE784F87560F7E72046FFF71DFF18B991
:1091A00040F2064003B0F0BD6B4606220021204687
:1091B00013F06AFF00283CD0492368468DF806303A
:1091C00014F07BFC2A484FF47F4140EA0420084019
:1091D000FFF7DAFE2349E3B201229A400B6823EA43
:1091E00002030B60234B93F90630A34201D1FFF732
:1091F000E9FE0B791C4A0020013B0546C1B29942A9
:1092000021DBFF260020D65402F0FCF8174F05465C
:10921000002DA2D095F97530A34205D13B78EBB96A
:109220001321284615F001F9284602F0EBF805460F
:10923000EEE76B4606220121204613F025FF0028A9
:10924000C0D07223B9E75656A64200D025B15518B2
:1092500095F90150555401250130CFE785F8756027
:10926000E2E700BFA8180020641F0020621F002052
:109270000080FFFF841F00202DE9FF41354C06468A
:1092800001A8FFF7B9FE2379019A93421ED86279AB
:10929000012A40D100274FF0FF383D4610E02368F7
:1092A000EB40D9070BD5082202AB114668B213F088
:1092B000EBFE20B1039B43453CBF2F46984601354A
:1092C00023799D42EBD378B2FFF726FF236813F092
:1092D000010529D0002501220135202D18D002FAE0
:1092E00005F71F42F8D13B432360A368194A0133B5
:1092F00073610C2143F6FF70A360FFF7C1FDA8B1B5
:10930000236823EA07032360A368013BA36073611A
:109310004FF0FF3519E0022AFAD10F4A134413F92E
:10932000010D421CFBD0CFE70127DCE722790A4C74
:10933000013AD2B22146601C18F052FF6DB22246AB
:10934000202138202570FFF79BFD284604B0BDE89A
:10935000F08100BFA8180020641F0020F0B54A4C1F
:1093600089B0002501AA04213F202570FFF7A6FD42
:1093700000B101952570454C019E22460C2143F613
:10938000FF70FFF79BFDC0B10D23A380019B2560FB
:10939000032BA56011D803AD2A46142143F6FF70B4
:1093A000FFF78CFD48B995E8070084E807002246DE
:1093B0000C2143F6FF70FFF763FD019B042B06D0E1
:1093C00004210DEB01023F200191FFF759FD304AC6
:1093D00020213820FFF772FD28B12D4820224FF0C0
:1093E000FF3118F017FF237903225B00B3FBF2F380
:1093F000284A1370FFF7E6FD002523799D420DD31F
:10940000012E06D83D20FFF777FD002523799D42E8
:1094100015D314F054FB002009B0F0BD2368EB40D5
:10942000DB070AD56FB2082203AB1146384613F0AA
:109430002BFE10B93846FFF76FFE0135DDE72846F1
:10944000FFF7CAFDF0B16EB202AB04220C21304628
:1094500013F01AFE04280AD1029BC3F300238DF8EF
:109460000C30012203AB0C21304613F0DFFD00234A
:10947000CDE90333CDE90533102203AB0D2130468E
:1094800013F0D4FD0135C1E7621F0020A8180020A9
:10949000641F0020631F0020F8B5114B04461879A3
:1094A000104B00221D46D1B2884205D913F9017B29
:1094B000A74202F1010604D10B4B1B788B4202D963
:1094C000F8BD3246EFE70749481C18F089FE2C70BA
:1094D000BDE8F840034A20213820FFF7D1BC00BF87
:1094E000A8180020641F0020631F002001490248C3
:1094F00019F0E2B8440B00202C1900200A4B10226E
:10950000DA8228216422C3E906124FF6FF721A8418
:1095100002225A60002283F82B200F2283F82D00AC
:1095200083F82C20704700BFB418002038B502F033
:1095300023FD40B9094B1A6893F82A1024320346D8
:109540004824994200DC38BD04FB03F55559ED066B
:1095500001D40133F5E70120F5E700BFB41800207E
:1095600038B5124C94F82B30F3B1626812F0010553
:109570001AD104F1080004F057F8636843F00403BB
:109580006360FFF7D3FF78B194F82C3008484EF6AB
:10959000602253434FF482712A460DF0E1FD18B961
:1095A000636843F00103636038BD00BFB418002056
:1095B0002C19002022F00042052A10B50DD0B2F57A
:1095C000827F13D0032A06D1114A536823F0020385
:1095D000536002F0D9FC002010BD0D4A1B88118D8C
:1095E0009942F8D1002313850120F5E7084B5A680A
:1095F00093F82B4022F00102012C5A60F4D102F0C2
:1096000009FAFFF7ADFF204602F008FDECE700BFC6
:10961000B418002000487047C3180020044890F890
:109620002B1000F10F020830012918BF10467047B7
:10963000B4180020F0B4827912F0280F034626D027
:10964000144A0168C2F80F108188A2F813108179BA
:10965000517592F82A6011680025AE4207DC536804
:10966000F0BC43F004030320536002F0D7BC4C6A03
:1096700014F4404F08D1186808609F889879887161
:1096800044F008048F804C6201354831E5E7212021
:10969000F0BC7047B41800204379024A9B09D05CA3
:1096A000704700BF443903000B6810B503608B8816
:1096B0008380FF2A044602D10723A37109E0032A0D
:1096C00008D8054B9B5C8371072B02D1FFF7E4FFA1
:1096D000A07110BD0023F0E7483903008379024AE6
:1096E00003F00703D05C70473C39030010B5827962
:1096F0008B79094C02F0070203F00703A25CE35CDC
:109700009A4206D1062218F05BFDB0FA80F04009BB
:1097100010BD0020FCE700BF343903007FB5134BB8
:1097200003930E4605460446A0B114F086FF78B9AF
:1097300000223146204615F0B5F8022807D1012352
:10974000009303AA04233146204613F074FD0DB1A3
:1097500004B070BD204614F03FFF04460028F7D047
:1097600014F06BFF0028F5D1E2E700BF0100FFFF16
:109770002DE9F04F97B08346099114F0A4FE0998A3
:1097800083790C33C518C45C19F022F91E2C099F8B
:10979000064624D8012C26D9C54BE340DA0722D54A
:1097A000384697F8068019F013F9BBF80A2083B2FF
:1097B0009A4228D214F0010240F0A18004F07F0305
:1097C000522B00F09C801E2C00F09980099B009386
:1097D00021460423584614F0BEFB21240CE004F07B
:1097E0007F03522BDCD021460097062300225846E7
:1097F00014F0B1FB41F20614584614F069FE2046FD
:1098000017B0BDE8F08F4744013B3A7B1E2A9BB25C
:1098100042D8012ACED9023A1C2ACBD801A151F84C
:1098200022F000BFB5980100B5970100B99801007A
:10983000B5970100AF980100B5970100A598010008
:10984000B5970100B5980100B5970100B9980100DE
:10985000B5970100BD980100B5970100A5980100DA
:10986000B5970100EB980100B5970100B59701008D
:10987000B5970100EF980100B5970100F39801003A
:10988000B5970100B5970100B5970100B5970100A4
:10989000B5970100F7980100522A26D0D22A89D123
:1098A0000D2B05E0062B0FD0142B83D10CE0052BDC
:1098B00080D909E0022BF8E7042BF6E7032B7FF6AB
:1098C00079AFDB073FF576AF022C00F0F380DBF8D1
:1098D00000309B689F0516D40BF1440018F0F3FF8D
:1098E000099BCBF84430002486E7012BE0E7032BEB
:1098F000DEE7012BD9E7002B7FF45CAFE4E709A892
:1099000018F0E1FF69E71E2C584600F0928314F02E
:1099100094FE0746002840F08280584614F088FEE6
:1099200000287CD004F07F03522B00F0BC80082C70
:1099300068D1B6B2152E14BF02201020691D14F094
:1099400062FE00285ED0DBF81430D80749BF23F050
:10995000010343F00103CBF8143039465CBFCBF868
:1099600014300121584614F07FFE09980D9014F030
:1099700060FAB0F80180B0F8039004460D9819F031
:1099800027F8152814BF022510250534214628463E
:1099900003F020F821460390284614F034FE04908A
:1099A000B8F1000F00F04481C84500F241810D9AE2
:1099B0000221092014F060FABBF80A70023FBFB21E
:1099C00082463E4640464FF0FF35039A494615F021
:1099D0001BF90446002800F06D8114F0E8FE002811
:1099E00000F0858101222146584614F08AFF034683
:1099F0008DF82E00002800F020810D9A009222465A
:109A00000821A4E0DBF8143013F001063CD023F069
:109A10000103CBF814300021584614F025FE1E2C0B
:109A200063D8032C66D9231F142B63D801A252F8E4
:109A300023F000BF099D0100F59A0100F59D01008A
:109A4000F59A01006B990100F59A0100DB9E010077
:109A5000F59A0100F99E0100F59A01000F9F01009F
:109A6000F59A0100019B0100F59A010003A0010095
:109A7000F59A0100F59A0100F59A01001FA0010076
:109A8000F59A010029A0010043F00103CBF814303E
:109A90000121584614F0E8FD009612233246214673
:109AA000584614F058FA09A818F00DFF1BE700BF3C
:109AB00054554541099D934C284614F0BAF9218824
:109AC000B0F801602A46584614F05AFA2388BBF8C9
:109AD0000A10B34228BF3346172BB8BF1723ABF881
:109AE0000A30584614F0DBFCFDE6522C00F0908260
:109AF000D22CD8D0099B009300220623214626E0D1
:109B0000099F384614F095F90546B0F80180B0F881
:109B100003A0384618F05CFF152805F105010CBFBD
:109B20002046022002F056FFB5F805300490079356
:109B3000B8F1000F07D0D04505D815F0BCF950B9E1
:109B40000097102301E00097012342461021584658
:109B500014F001FAC7E63A460221112014F08CF9FC
:109B6000BBF80A3003939E1E063B9BB20590B6B22B
:109B700044464FF0FF350893049A5146204615F0AD
:109B800043F8814668B3079A514615F08AF80446AF
:109B9000484614F00CFE40B94FF6FF739C4201D0CA
:109BA0000134A4B25445E7D91BE04FF00003ADF8EF
:109BB00034300DAA0CAB4946584614F03FFF039AC7
:109BC000BDF834300690053A9A42089AD8BF134639
:109BD000002DADF8343009DB9D4202D1EB1CB342BD
:109BE00008DB691C1CD100970A23AEE7351F9D4294
:109BF000A8BF1D46042211A93846ADF84490ADF81F
:109C0000464019F023F906992A46384619F01EF9FC
:109C1000043E4FF6FF73761B9C42B6B2C0D1E0E71C
:109C2000059B04355D703946584601F0DFFC5AE665
:109C30000D9B009301234246E2E6049B13B12046AC
:109C400014F099FD204614F0CAFDD8B1002D54DC63
:109C50000DA818F038FE082358468BF81C3050F831
:109C60000C2B92F870208DF844208DF8483011AA02
:109C7000002340F20251ADF84640ADF84A3018F0EA
:109C800057FD30E6ADF844000DF12E0311AA214630
:109C9000584614F0D3FEBDF844300590BB4228BFAF
:109CA0003B46002DADF844300ADBAB4202D16B1CC1
:109CB000B34209DB6A1C0D9B1FD100930A23BAE74C
:109CC000B51E9D42A8BF1D4602220CA90D98ADF8F5
:109CD000304019F0BBF805990D982A4619F0B6F8EE
:109CE000023E4FF6FF73761B9C42B6B2E2D0601C78
:109CF00080B28145BFF469AEDCE702350D998AF880
:109D0000015091E7DA0C0020DDF82490484614F069
:109D100090F8B0F80180B0F803300493B8F1000F68
:109D200041D098453FD84A460221052014F0A4F8B6
:109D3000BBF80A400590023C4FF6FF77A4B24546B7
:109D4000BA462946584615F03AF85045064649D0D5
:109D50004FF400622946584614F0D3FD00283CD148
:109D6000304615F0C4F800280CBF022310235745D5
:109D700003931ED0304615F0BAF80690384615F019
:109D8000B6F8069B834203D1039B0133A34211DB48
:109D9000384615F0ACF8059B013058701946584606
:109DA00014F0C2F89FE5CDF800900123424604214B
:109DB000CDE637460DF146013046ADF8445002F08D
:109DC0005FFE039B11A99A1C484619F03FF8039BBC
:109DD000023CE41A5545A4B2DAD0049B0135ADB279
:109DE000AB42AED24FF6FF739F42D1D1CDF8009077
:109DF0000A23DBE7DDF82490484614F01AF8B0F89F
:109E000003A0B0F80530B0F8016003930746484658
:109E100018F0DEFDC51FADB20024102D0C9458D8EB
:109E20002A46F91D0DA818F000FA002E53D0564509
:109E300051D84A460121072014F01EF8A0460746D3
:109E400033460A249A45049307D9BBF80A003946D9
:109E500013F0F5FF0328049B04D8B8F1000F1AD0C3
:109E600039469CE7ADF84430039BADF848300DAB64
:109E700013930BAA0DF12E0311A95846ADF846A075
:109E8000ADF8505014F039FF0A280446E5D0BDF86B
:109E90002C3030B11E46CDF80090234632460621C4
:109EA00055E6ADF83030BDF82E30ADF832300CAAA2
:109EB0000423BBF80A00394613F0CCFFBDF82E305E
:109EC0004FF6FF729342CBD001339BB24FF00108A3
:109ED000B8E70424DFE70124DDE7099C0A238BF8B7
:109EE0001C30204613F0A5FF23460022B0F80110D5
:109EF000584613F070FAF6E4099C204613F099FFD7
:109F00000C238BF81C30B0F803202346EEE7DDF875
:109F10002480404613F08DFF0546404618F058FD5A
:109F20000023441EBBF80AA08DF8343061D014F031
:109F300001075ED120460DF02DFC064600285ED0BC
:109F40000AF1FF332246691C039318F06EF942466A
:109F500001210F2013F090FFB1460490002C04DC87
:109F600030460DF035FC049919E739F8025B0122FF
:109F70002946584614F0C5FC023C8DF8340068B9F7
:109F8000284614F036FB10B1284614F0F4FB28469E
:109F900014F025FC60B180238DF8343030460DF08C
:109FA00017FC9DF83430CDF800802A460E21CEE50E
:109FB0000DAB294611AA584614F040FD9DF83430E7
:109FC0000146002BEAD1039BBDF84420DB1B9A42DB
:109FD000C2BF0AF1FF33DB1BADF84430BDF84420AB
:109FE000404618F033FFBDF844309842B8D31F44C0
:109FF000B4E7042300258DF834302E46CEE7112334
:10A00000F8E7099AB5F80110584613F082FA6AE4A5
:10A01000099AB5F80110584613F0D6FA63E4099985
:10A02000584613F010FB5EE46978584613F076FB4F
:10A0300039E513F093FB36E57FB5174A13680646FA
:10A0400023F0080342F60520136014F018FE0546BD
:10A0500050B1684602F0B0FB002014F0BDFA04468F
:10A0600020B92946FFF75AFB04B070BD102204F155
:10A070002101684618F0A4F838B10121204614F0F7
:10A08000F3FA636923F0010363611EB13146204690
:10A0900014F0C6FE2046E0E79819002007B5837843
:10A0A00001916A46082104488DF8003018F040FB01
:10A0B00003B05DF804FB00BF2C190020054B002203
:10A0C000C3E90322C3E905221A70DA614FF6FF7271
:10A0D0005A84704708190020014B1860704700BF70
:10A0E000041900200D4B827813B55A60B0F8032094
:10A0F00091B2102910D040F60344A1420CD041790E
:10A100005B8C8DF80210ADF804200548ADF80030E6
:10A110006A46052118F00CFB02B010BD081900209A
:10A120002C19002073B5837901900C33C418C35CDB
:10A13000132B0ED8042B10D9053B0E2B0DD8DFE8BE
:10A1400003F01E0C0C1E0C0C0C0C0C161A0C0C0C38
:10A150002300302B13D03E2B1BD0FAF747F9019B7D
:10A16000834202D001A818F0AEFB02B070BD2046B9
:10A17000FFF7B8FFF1E70F4BE2785A60EDE701A96E
:10A18000204602F063F8E8E701A9204613F0C6FC78
:10A19000E3E7094E0025019B3BB156F8043B01A9BA
:10A1A0002046013598470E2DF5D101A818F08BFBFC
:10A1B000D3E700BF081900204C39030007B500F0B1
:10A1C00013F920B103B05DF804EBFFF7ABBF00F06B
:10A1D00017F9019018B1054B1B681BB1984703B0E4
:10A1E0005DF804FB01A818F06EFBF8E704190020E5
:10A1F000024610B1022804D070470348032118F02A
:10A2000053BAFFF7DBBF00BF2C190020024B1A78AE
:10A21000024B53F8223018470819002084390300F4
:10A2200010B504460120FFF7F1FF034B1C70BDE899
:10A2300010400020FFF7EABF0819002010B50621E2
:10A24000044642F2050013F083FB2368C0F8033094
:10A25000A388A0F807300648FAF7EAF813F0BCFB29
:10A26000407920B113F0B8FB407940F4805010BD24
:10A27000EBB5020010B5062104464FF6284013F056
:10A2800067FB2368C0F80330A388A0F807300648AE
:10A29000FAF7CEF813F0A0FB407920B113F09CFB45
:10A2A000407940F4805010BD2545010038B5054681
:10A2B0000C4669B9022142F21B0013F049FBB5F8C4
:10A2C0006E30A0F803300D48BDE83840FAF7B0B85A
:10A2D000122142F21A0013F03BFBB5F86E30A0F8E1
:10A2E00003302146053004F1100351F8042B40F8E7
:10A2F000042B9942F9D10248E6E700BF35B80200C5
:10A3000071B80200014818F0FCBA00BF181900200B
:10A310002DE9F3410D46B0F86E10019240F6FF733F
:10A32000994205D101A818F0CEFA02B0BDE8F0813B
:10A330001146134601229BBB1E4818F0ABFBFFF7EA
:10A34000E1FF04460028F0D018F042FB6379A668CC
:10A3500003F001086FF300030746637104212046F0
:10A3600018F07AFC43798179B6F86E20866004464D
:10A3700068F300030C314371DB436254084403F07B
:10A380000103C2F3032242EA0312427047802246CD
:10A390003046294613F0C7FB2046FAF759F8CEE7B6
:10A3A0005C79986024F0030414435C7100221B68FC
:10A3B000C1E700BF1819002070B5074C054620689A
:10A3C00000B970BD8368AB4204D106680DF072F825
:10A3D0002660F4E70446F2E7181900200146014818
:10A3E00018F058BB1C190020014818F08ABA00BFA9
:10A3F0001C1900200146014818F04CBB141900201C
:10A40000034BD86818B103F10C0018F07ABA704702
:10A4100008190020044BDA6822B95869003818BFBF
:10A420000120704701207047081900200138C0B290
:10A430000A289ABF014B185C002070478C39030032
:10A4400007B5064818F05DFA042101900DEB0100F4
:10A4500018F039FB019803B05DF804FB30190020B7
:10A46000F7B5186810F0020003D0164E316811B924
:10A47000012003B0F0BD0024042223460DEB0200AE
:10A48000019418F016FABDF80630DB0702D4FFF786
:10A49000D7FF04460C4F002557F8043B23B1BDF805
:10A4A00004002146984748B13368002BE0D0074BA1
:10A4B000022193F900000CF0D1FCD9E70135062DFB
:10A4C000EAD1F1E730190020341900208B1F002059
:10A4D00010B509480CF0B2FC084B0949187000246B
:10A4E00020200C600DF030F8064BC3E90044C3E9AE
:10A4F0000244C3E9044410BD540B00208B1F00200C
:10A50000301900203419002070B5084E002596F847
:10A510002A30ECB2A34200D870BD204601F014F9F5
:10A5200010B1204601F036FC0135F0E7B4180020E8
:10A5300013B5C37A0093B0F80930D0F80520D0F8ED
:10A540000110007801F0B8FB0446034800F086FED5
:10A55000848002B010BD00BF2002040337B5FF2382
:10A560000DF107008DF8073001F030FC0446044877
:10A570009DF8075000F072FE8480857103B030BDF5
:10A580002003040138B54B795B0705460C460CD413
:10A5900014212046054A13F0C7FA2179204613F00A
:10A5A00074FB10B9A3791C44257438BDB439030079
:10A5B0008378132B10B50C4608D1054B1B6803B1EB
:10A5C00098472046BDE8104018F07DB910BD00BF87
:10A5D0004C19002010B500210446007813F074FADD
:10A5E00048B16178207813F059FE0446034800F022
:10A5F00035FE848010BD0224F8E700BF200256011A
:10A6000010B54178007801F095FB0446024800F04F
:10A6100025FE848010BD00BF20025602024B0020A0
:10A620001870024B187070478D1F00208C1F00207F
:10A630002DE9F04383780D2B91B00D464FD109AC35
:10A64000821C00F11A03264610685168274603C78A
:10A6500008329A423C46F7D113883B801C21284699
:10A6600018F031FABDF826402F6814F00C043ED1E2
:10A67000384618F0ADF9A0F10208A0450DDA4FF008
:10A68000FF3400239C428DF81C301EDBA31C0122EA
:10A69000394607A818F00DF917E0631C0122394666
:10A6A00005A818F006F99DF81430012BE9D02346CF
:10A6B0000122394607A818F0FCF89DF81C3013B1A8
:10A6C00001331C44D9E78DF81C3001F04FFC012800
:10A6D00008D0022843D050B9284618F0F4F811B039
:10A6E000BDE8F0839DF81C3013F0010FF4D09DF805
:10A6F0002F0000F011FC07469DF8300000F00CFC24
:10A700000DF11C099DF828200DF12901804605A8AE
:10A71000FEF7CAFF9DF836200DF137014846FEF7D7
:10A72000C3FF134B1B78DB071ED405A812F0A5FC52
:10A73000044605ABCDE90145CDF8009042463946C7
:10A74000304600F017F82B68002BC5D0CDE9004546
:10A7500005AB42463946304616F035FEBCE79DF85B
:10A760001C3013F0030FC1E74FF0FF34E1E700BFE7
:10A770008C1F00202DE9F74FB0F802C00C9F9DF907
:10A7800034A0DDF838B01CF0100F06461C4633D05C
:10A790005FFA8CF51CF0080F184614BF05F0080589
:10A7A00005F00F0513F05DFE8146384613F059FEA3
:10A7B00096F90F30019380465A4613487678042163
:10A7C00013F0F7FA019BA0B105712268C0F80520CB
:10A7D000A288A0F8092080F80B9080F80CA04373A1
:10A7E00086733B68C0F80F30BB88A0F8133080F840
:10A7F000158003B0BDE8F08FCDE90DAB0C9703B029
:10A80000BDE8F04F13F075B9F039030010B5002121
:10A81000421D03790446084618F045FB024648B13C
:10A820006188208812F030FE0446034800F016FDCF
:10A83000848010BD1A24F8E720020A0213B50446EA
:10A84000007813F0C3FE70B10023CDE90033E27845
:10A85000B4F8011012F0AEFF0446044800F0FEFC0C
:10A86000848002B010BD2524F7E700BF20020A044F
:10A8700008B50649064817F01FFF0649064817F0B5
:10A880001BFF06480CF054FF002008BD6C0B002095
:10A89000541900207C0B002050190020640B00206C
:10A8A000014813F0B8B900BF100B002030B5114BB0
:10A8B000994285B00D46144619D193000FD503A9CE
:10A8C00002A80CF0E1FC0823E1B20193039B009382
:10A8D0000022029B41F00051284617F0D0FE0648A6
:10A8E00013F031FA00B10471012005B030BD002031
:10A8F000FBE700BF50190020643A030022F0004239
:10A90000B2F1A04F08B504D1034813F01CFA01209E
:10A9100008BD0020FCE700BF683A030070B5FFF7F0
:10A92000BFFF90B1FEF776FE002604462046FEF7F4
:10A93000D5FE0546064800F091FC86802268C0F8E6
:10A940000620A2884281057370BD024C0226EDE705
:10A9500020090115403A030008B501F079FBBDE874
:10A9600008400249024817F0CBBE00BF8C0B002004
:10A970002C190020F8B50E4E05460020307100F06D
:10A9800041FD012704466CB16DB994F872306BB18A
:10A99000377113F0BDF82046132113F046FD6468AB
:10A9A000002CF2D1F8BD204613F043FD6468EAE7BD
:10A9B000B01E002038B50A4C00232360A380036832
:10A9C0002360207813F02DFD054630B9054806496F
:10A9D00017F072FE608801F051FB284638BD00BFB9
:10A9E000B01E00202C1900208C0B002022F0004209
:10A9F000B2F5887F2DE9F0471C4600F0E2800ED8C2
:10AA000040F203139A423CD040F209139A4200F0FC
:10AA1000C2800E2A00F0B3800020BDE8F08740F22B
:10AA200007239A424AD0B2F5037F59D040F2062359
:10AA30009A42F1D120684C30FEF750FE2568A48878
:10AA400095F8736095F870A095F9759095F87680F3
:10AA50000746604813F077F90028DDD0EB6C4360BF
:10AA6000B5F850300381731E5E425E418772C67234
:10AA700080F80CA080F80D9080F80E80A0F80F40B0
:10AA8000CAE7207800F0B0FC0028C5D0524894F8FE
:10AA90000090B4F80280A788E688257A648913F0CC
:10AAA00052F90028B8D080F80490A0F80580A0F8EA
:10AAB0000770A0F80960C5728481ADE7207800F0C6
:10AAC00093FC0028A8D060782578FFF7AFFC0446F7
:10AAD000424813F038F900289ED0057144719BE775
:10AAE000A578012D1DD0022D2BD0C5B9E37894F89F
:10AAF000008094F904706679394894F90640023B65
:10AB0000DBB2022B9ABF374AD55C012513F01BF943
:10AB100028B180F8048045718771C67104720120E4
:10AB20007BE7E37894F8008094F9047066792E4806
:10AB300094F90640023BDBB2022B9CBF294AD55C4C
:10AB4000E4E7E378294894F80180277894F90490A1
:10AB5000667994F90640023BDBB2022B96BF214A8C
:10AB60000125D55C13F0EFF80028D8D0A0F80480B8
:10AB70008771C57180F8089046728472CFE72346CA
:10AB80001B4813F8014B0822002113F0EDF80028B0
:10AB9000C5D00471C3E7174894F800806788A68879
:10ABA000E588248913F0CFF80028B8D080F8048015
:10ABB000A0F80570A0F80760A0F80950A0F80B40B5
:10ABC000ADE70D481C7813F0BEF800283FF424AF21
:10ABD000047121E7C03A0300BC3A0300B43A030011
:10ABE000AC3A03006C3A0300A83A0300B03A030001
:10ABF000A43A0300A03A0300B83A030010B5007865
:10AC000000F0F2FB40B1132113F00FFC044603489F
:10AC100000F024FB848010BD2524F8E720020605FF
:10AC200070B5144606460C4A20460D46142112F013
:10AC30007BFF2179204613F028F858B9A3790C330B
:10AC40001C44064BA6711B79A5801BB1BDE8704062
:10AC500012F05FBF70BD00BF9C3A0300B01E002021
:10AC6000024B1A68024B00205A60704758170020A8
:10AC7000100B002010B5FDF7B3FE044630B90448B0
:10AC800012F09FFF044608B9FDF7F4FF204610BDFF
:10AC9000100B002073B522F000421C4640F20A63FC
:10ACA0009A4208D8B2F5C06F08D8042A48D00D2AB5
:10ACB0004ED0032A1ED0002002B070BD6FF4C063D6
:10ACC0001A44092AF7D801A353F822F0B5AD0100C0
:10ACD00063AD010087AD010097AD0100ADAD01008E
:10ACE000B7AC0100CDAD0100E3AD010003AE010042
:10ACF00051AE010001A8F3F709FE5748BDF8044022
:10AD000013F021F80028D6D000234371C3710372D9
:10AD10004372C372037343738373C3737F23072226
:10AD200083746FF031030271C37404222C23827187
:10AD3000037525226FF01E03827204824375BAE701
:10AD40004648246812F0FFFF0028B4D08480B2E7A0
:10AD50002346042253F8044B4148002113F004F821
:10AD6000F2E7207800F040FB0028A4D03D48267888
:10AD700094F90150A47812F0E6FF00289BD00671E8
:10AD80004571847197E72478374812F0DCFF00287A
:10AD900091D004718FE725783448646812F0D3FFAE
:10ADA000002888D00571C0F8054084E72578304830
:10ADB0006468F3E72F482578646812F0C4FF002820
:10ADC0003FF479AF0571A0F8054074E72A4825786B
:10ADD000646812F0B8FF00283FF46DAF057144714C
:10ADE00069E76378254824780D2B96BF244A01250E
:10ADF000D55C12F0A8FF00283FF45DAF04714571E7
:10AE000059E763781F4826780D2B98BF1C4A4FF0EE
:10AE1000000198BFD55C6368A27888BF012512F055
:10AE2000A3FF08B1067145716378012B3FF643AF6C
:10AE30008DF804301348247801AB0122002112F070
:10AE400093FF00283FF437AF01230471437132E7C9
:10AE500024780D4899E700BF043B0300FC3A030047
:10AE6000003B0300E83A0300F03A0300F43A030021
:10AE7000EC3A0300E43A0300E03A0300DC3A030052
:10AE8000C43A0300D83A0300D43A0300024814221B
:10AE9000002117F0BFB900BF5819002070B51C4C35
:10AEA00005460CF082FE63795B0706460ED414213A
:10AEB0002046184A12F038FE2179204612F0E5FEAD
:10AEC00020B13046BDE870400CF075BEA3790C335C
:10AED00023442DB91A79FF2AF3D001321A71F0E711
:10AEE000012D05D15A79FF2AEBD001325A71E8E7DA
:10AEF000022D05D19A79FF2AE3D001329A71E0E759
:10AF0000032DDED1DA79FF2A1CBF0132DA71D8E7CE
:10AF100058190020F83A03000428024B28BF0020EB
:10AF2000185C7047083B030038B50546084800F038
:10AF300011F9044648B900F063F904461DB1054B08
:10AF40001B689B792B7000F073F9204638BD00BF59
:10AF5000143B0300741900202DE9F84380460D4886
:10AF60009DF820900F4616461D4600F0F3F878B97C
:10AF7000094B1C6884F80480C4F80570C4F80960A3
:10AF8000A4F80D5084F80F90BDE8F84312F04EBEBF
:10AF9000BDE8F8830C3B03007819002038B505465E
:10AFA00006480C4600F0D6F838B9054B1B681D71F1
:10AFB0005C71BDE8384012F039BE38BD243B030057
:10AFC0007819002038B5054606480C4600F0C2F84E
:10AFD00038B9054B1B681D715C71BDE8384012F033
:10AFE00025BE38BD1C3B03007819002010B504466F
:10AFF000054800F0AFF830B9044B1B681C71BDE880
:10B00000104012F013BE10BD2C3B03007819002035
:10B0100038B505460C460748012100F0ABF838B9B1
:10B02000054B1B689D80DC80BDE8384012F0FEBDFA
:10B0300038BD00BF3C3B03007819002070B50646C0
:10B0400008480D46144600F085F848B9064B1B68C1
:10B050001E71A3F80550DC71BDE8704012F0E6BD2A
:10B0600070BD00BF343B03007819002070B5054661
:10B070000B480E4600F06EF8044678B900F0C0F8B0
:10B08000084B04461B6825B1D3F806202A605A896C
:10B09000AA800EB11B7B337000F0CAF8204670BD49
:10B0A000443B030074190020044A0346106810B1A1
:10B0B00002789A4200D170470069F8E770190020C1
:10B0C00008B512F07CFDFFF7E1FE024B00221A608A
:10B0D00008BD00BF7019002038B5104D104A044655
:10B0E000284617F03AFF4FF48270A0470D4B0146F7
:10B0F0001860287818B14FF4827217F031FF4FF4BE
:10B100008270A047084B01461860287828B1BDE836
:10B1100038404FF4827217F023BF38BD8E1F0020D5
:10B120004C3B03007819002074190020084A13686A
:10B1300033B94178036141F00101417010607047FB
:10B14000197802789142FAD003F110021B69EFE7F7
:10B150007019002010B5044616F036F928B9034BD3
:10B1600022681C60024B1B681A6010BD6C1900201D
:10B17000781900202DE9F84F04684FEA042A984610
:10B180000AF4E06AC4F307234AEA030A0AEB020955
:10B19000B9F5807F83460F46154603D91D263046F4
:10B1A000BDE8F88F16F010F906460028F7D1124BCB
:10B1B00024F47F44C3F800B024F0C7040F4B44EAE2
:10B1C00019244FEA09291B681FFA89F944EA09047E
:10B1D00043F8044B53442A464146184617F025F8D5
:10B1E000012F04D1FF2DD9D800F8015CD7E7022F39
:10B1F00008BF20F8025CD2E76C1900207819002003
:10B2000008B5074B1A68074B52F8040B1968064B30
:10B2100049681B689847054B1B68988808BD00BFA4
:10B22000781900206C1900209C0B00207419002054
:10B23000024B00221A6016F0C9B800BF6C1900203A
:10B24000054B186808B1C3681BB1003818BF01204E
:10B2500070470069F6E700BF7019002010B5034C75
:10B2600023681860FDF744FD206810BD74190020A4
:10B27000F8B504460D4601460020174612F0A0FC22
:10B28000F2F75AFC194E78BB194B1B681C603368E7
:10B29000187058709870D870204612F06BFC18B176
:10B2A00065B94368220E2BB90F250DE059799142FB
:10B2B00004D008331D68002DF8D1F5E73846A847BB
:10B2C00033681B684BB9012524F47F4020F0C70088
:10B2D00040F40070FFF7C2FF85803268012052F809
:10B2E000041B12F06DFCF8BD1425EDE77419002065
:10B2F00078190020094B802283F8012383F8042366
:10B3000083F8052383F8062383F8072383F80823AB
:10B3100083F81D23A02283F8222C704700E100E06F
:10B32000034AD2F8B03043F05403C2F8B03070474B
:10B3300000400E40054BD3F8E80010F480501CBFCD
:10B34000D3F8EC0000F00100704700BF0081E00F6F
:10B350001C4A136870B504460D466BB393F87D1014
:10B36000586811F0040129D110608C22184693F816
:10B37000706016F04FFF80F870602268C0F85A20A5
:10B38000A288A0F85E20A27980F860200346286891
:10B39000D864AA79A98883F85220FF2283F87520FF
:10B3A00083F8762040F6FF72A3F86E20064AA3F8D1
:10B3B0005010116859601360184670BD1A1D03467D
:10B3C000CBE700BF801900207C190020054A034606
:10B3D000106800B97047B0F86E209A42FAD0406801
:10B3E000F7E700BF7C190020054A0346106800B942
:10B3F000704790F870209A42FAD04068F7E700BF93
:10B400007C19002010B9024B1868704740687047DB
:10B410007C190020114A00232DE9F0418C21136092
:10B420008046024601200BF043FF044620B90C4E33
:10B4300005463060A84502D82046BDE8F0810120CD
:10B440000BF0B4FF07468C220021013516F0E2FE16
:10B4500087F8705037603E1DECE700BF7C19002074
:10B460008019002010B501238B4090F8711021EA5B
:10B47000030149B2044680F87110002949D112F045
:10B4800051FB204614F0E1FB102104F1180017F0E5
:10B490002DFD2046FEF790FF04F1380017F013FA57
:10B4A000204614F033FB214A13681BB19C425968B3
:10B4B00030D11160A36859050BD51A0509D443F49E
:10B4C0000063A18994F87000A36004F17802FFF78B
:10B4D000A7FB00236360204617F016F912F0A3FCC7
:10B4E00094F870304FF48072B2FBF0F242430344A0
:10B4F000B3FBF2F102FB1133DBB2591EC9B2FD29D5
:10B50000F5D884F8703000236360094B1A6852B98B
:10B510001C6010BD1A465B68002BCBD09C42F9D151
:10B5200063685360C6E7131D5268F0E77C1900207A
:10B530008019002010B5084C206830B9074BBDE8D1
:10B540001040186001200BF001BF436890F87110A3
:10B550002360FFF787FFEFE77C19002080190020A8
:10B5600090F8743003F00B03013BDBB20A2B9ABF57
:10B57000014AD05C002070475A3B03001FB50146CA
:10B5800090F870308DF80430FFF7EAFFB1F86230C0
:10B59000ADF80630B1F86430ADF80A30B1F8663075
:10B5A0008DF80C00ADF8083001AAB1F86C300548F0
:10B5B000ADF80E3040F2031117F0BAF805B05DF89F
:10B5C00004FB00BF2C19002007B590F870308DF8EF
:10B5D000051001AA40F2072103488DF8043017F046
:10B5E000A7F803B05DF804FB2C19002038B50A4B0E
:10B5F0001B6804460D462BB143699B0702D512F028
:10B600006CFF30B120682A460421BDE8384014F0B0
:10B610002BBAA3699D6138BD84190020014B1860C5
:10B62000704700BF84190020024B1868003818BF0B
:10B63000012070478419002013B50446019120B9F8
:10B6400001A817F040F9212012E008460029FAD09D
:10B6500017F0BEF980B20028F2D0094B01991B689F
:10B6600020464BB1984728B901992046FEF780F84B
:10B6700002B010BD0020FBE701F0D2FAF3E700BFF3
:10B680008419002038B5436A5904044615D4134A76
:10B6900092F82B20012A03F400430FD1826A92040E
:10B6A0000CD4002B01460CBF5320142011F021FDB7
:10B6B00018B9636A43F00803636238BD002BFCD1FC
:10B6C000074D20462946FEF711F80028F5D12868D5
:10B6D000AA88AB792060A280A371EAE7B4180020A1
:10B6E000C31800202DE9F041164D85F82A0038B323
:10B6F00000EBC000C1000023012204200BF0D8FDA4
:10B70000044650B904200BF051FE48272860A0469B
:10B7100095F82A30A34203DC00242046BDE8F081DE
:10B720002E6807FB046614220021C6F8188006F173
:10B73000340016F06FFD304612F0F2FC0134E7E7FA
:10B740002860E9E7B4180020074B93F82A208242CA
:10B7500081BF1B6800EBC00003EBC003586A8CBFBD
:10B7600000F0010000207047B418002008B5014621
:10B77000FFF7EAFF40B1054B1B6801EBC10103EB8A
:10B78000C103586AC0F3C02008BD00BFB418002030
:10B790002DE9F04F384A93B05168074610680FAB57
:10B7A00003C39068354A1860146807EBC70304EBBD
:10B7B000C30412AAE37B94F82E8094F82F6002EB66
:10B7C000430333F80C1C636ADA0447D4012641F0C2
:10B7D0001001B04694F80D9094F83150C3F3404AEC
:10B7E0005B0348BF4AF0020A8BB289F00809B8F13E
:10B7F000010F0B9304F1070BD4E90723C9F3C00928
:10B8000094F9324009D0B8F1020F06D0B8F1040F14
:10B8100014BF4FF000084FF00308012E05D0022E90
:10B8200003D0042E14BF002603263846CDE90C238E
:10B83000FFF79CFF0121CDE90760CDE90051CDE97B
:10B840000548CDE903BADDE90C230B99CDF8089042
:10B85000384601F08DFB13B0BDE8F08FA26A950663
:10B8600048BF41F02001500648BF41F04001DA03D3
:10B8700048BF41F00401ADE7663B0300B418002067
:10B8800070B50C4B93F82A601C6800218E4202DCD4
:10B89000FF25284670BDCDB22846FFF755FF28B1D9
:10B8A000E37B012B02D1636ADB06F2D40131483419
:10B8B000ECE700BFB4180020014B93F82A00704752
:10B8C000B418002070B504461546FFF73DFFB8B127
:10B8D0000E4A136804EBC40403EBC403E6005B6A7E
:10B8E00013F010040FD0C3F300330B70136833440C
:10B8F000DB7B5A1E042A04D8033B18BF01232B709C
:10B9000070BD0023FBE72046FAE700BFB418002013
:10B910003F4A70B5146800EBC00304EBC30406464D
:10B92000636A5B0704D500231A46194601F002FC3E
:10B93000636A9D0706D53046FFF72AFF636A23F046
:10B9400002036362636A18070CD5A2792146C2F329
:10B95000C002304601F08CFB0546E8B9636A23F06B
:10B9600008036362304612F087FD0546A0B9626A9B
:10B97000D10611D5D30404D5304611F0B8FB40B13F
:10B980001BE01206E37B09D4E37B626A023B012BD6
:10B9900015D9616A48071FD4284670BD03F0FB0320
:10B9A000012BF6D02169304601F088FB636A2561DE
:10B9B00023F0800363620028E6D00546ECE7D30558
:10B9C000E7D56169304601F097FB00236361636A44
:10B9D00023F480736362D2E7E37BA28D012B03D152
:10B9E000A2B1802A28BF802211F0400F94F8303095
:10B9F0004FF0010118BF0123304601F09BFB0028E6
:10BA0000DBD1636A23F004036362C5E74022EBE7FE
:10BA1000B41800202DE9F041114D0024482795F875
:10BA20002A30A34201DCBDE8F081E6B23046FFF7E0
:10BA30008BFE98B1286807FB04F84044436ADA0695
:10BA40000CD55B040AD4FFF71DFE2B684344304637
:10BA50005A6A42F006025A62FFF75AFF0134DEE7E3
:10BA6000B41800202DE9F04FDFF84892D9F80040D3
:10BA700000EBC00304EBC30404F1100A89B0804654
:10BA800050460E46174616F01EFF04F114031846E2
:10BA9000029316F018FF002017F0DAF80546002888
:10BAA00000F00381012F40F2726718BF1F27012E9B
:10BAB000A6735CD0022E0CBF06260426022128465F
:10BAC00012F052FB0121284612F04EFB3146284667
:10BAD00012F04AFB284616F07BFF86B2B91B012301
:10BAE00000930A2242F6072389B2284612F08CFB03
:10BAF0000644B6B2B91B04230093122242F6042373
:10BB000089B2284612F080FB0644B6B2BB1B012B5B
:10BB1000069503932DDC002399F82B20002A00F0D2
:10BB2000A480504616F0CFFE636A256143F0800280
:10BB30006262DB0400F1AB8099F82B00002840F032
:10BB4000A68017F085F80790002800F0A0803946FD
:10BB500012F015FB002800F0A4800298079D16F053
:10BB6000B2FE636A656143F4807363628FE0052609
:10BB7000A4E7002017F06CF807900028CBD0BB1E7C
:10BB80009B1B02211FFA83FB01F014F88345064634
:10BB900011D22BF001018AB2411A07A8049216F0C3
:10BBA000B9FF049A164602223EB90798F0B907A8D1
:10BBB00016F089FEAFE70322F6E7711C069804929F
:10BBC000C9B212F0D1FA049A0698114612F0CCFAD2
:10BBD000079906A817F018F8002017F039F8079011
:10BBE000002836D0ABEB06031FFA83FB5B46022B23
:10BBF00038BF02239A1E92B20F2A31D91021049223
:10BC000000F0D8FF049A824203461FD222F00F01AF
:10BC10008AB29346411A07A816F07CFF5B460622BB
:10BC2000591C06980493C9B2059212F09DFA059A20
:10BC30000698114612F098FA079906A816F0E4FF44
:10BC4000049BB21C13449BB23EB965E740B1072286
:10BC5000E6E707A816F037FE334602339BB25BE7F0
:10BC600007A816F030FE3346EEE7039AD11A89B2E0
:10BC7000284612F084FA0646504616F024FE636AFF
:10BC8000256143F080026262002E3FF452AF606A89
:10BC900010F010000AD0404609B0BDE8F04FFFF7A1
:10BCA00037BE07A816F00FFEF1E71A2009B0BDE86D
:10BCB000F08F00BFB418002070B5054614461E462C
:10BCC000FFF742FD30B3144B186805EBC50500EBD8
:10BCD000C500426A93050BD4A1F120054FF6DF732E
:10BCE0009D4217D8A4F120059D4213D8A14211D836
:10BCF000C3698B4202D1036AA34204D0C0E907148E
:10BD000042F0020242629DF8103080F830308685A1
:10BD1000002070BD2120FCE7B4180020044A1168FF
:10BD200000EBC00301EBC301CA7B12F0C6BA00BF2F
:10BD3000B4180020F8B505460C46FFF705FD28B3FA
:10BD4000052923D8124E336805EBC50203EBC20365
:10BD5000D700186916F03CFE1F2817D833683B44FB
:10BD6000586916F035FE1F2810D8012C0ED0231F5D
:10BD7000012B0BD93168394422464B6A23F4825394
:10BD80004B622846BDE8F84012F097BA2120F8BD72
:10BD9000B418002010B50446FFF7D6FC90B10A4A4B
:10BDA000106804EBC40300EBC300436A23F05003A4
:10BDB00043F00403436212F0A9F92046BDE81040A5
:10BDC000FFF7A6BD212010BDB418002070B50546B0
:10BDD000114890F82A4003680022944201DC1A209E
:10BDE00016E0596ACE0714D493F83960760710D458
:10BDF0000A4CD0F80F00A688186041F00901A0791C
:10BE00009871D4B29E8059622046FFF7C1FC2C7015
:10BE100070BD01324833E0E7B4180020C318002099
:10BE200070B5FFF72DFDFF28044615D00B4D03B26A
:10BE3000286803EBC30300EBC300DE00436A23F072
:10BE40001003436212F062F929683144204634310C
:10BE5000BDE87040FEF796BB70BD00BFB41800206F
:10BE60008378122B2DE9F0410F463CD10B689A796B
:10BE70000C321344DD781E790DB145F480553046FF
:10BE8000FFF762FCD0B1DFF86480D8F8004006EB21
:10BE9000C60304EBC304636A23F01003636295B91D
:10BEA000A0692246314608F12E0300F089F9A56108
:10BEB0002222294608F12E0016F0ACF93846BDE8DA
:10BEC000F04116F000BD204612F020F9636A5A06D0
:10BED00003D523F040036362F0E704F134013046F8
:10BEE000FEF750FBEAE7BDE8F08100BFB418002080
:10BEF00073B5144D144C6A68236802F0800103F096
:10BF000002030B431BD0530654BFA67A0126FDF74C
:10BF100085FB0196837983F00803C3F3C003009384
:10BF2000E388A288217A607A00F0DEFF40B92368B6
:10BF300023F0020323606B6823F080036B60002012
:10BF400002B070BDB418002088190020064B0121F2
:10BF5000A3F108020020C3E9000043F8081C4FF0D9
:10BF6000101353605172704790190020014B187BD9
:10BF7000704700BF88190020024BD87A003818BFDC
:10BF8000012070478819002070B5224E716811F0A9
:10BF900002013AD1204D2B68580706D5084600F01B
:10BFA000C9FF2B6823F004032B602B68726803F031
:10BFB000080302F00402134310D0FDF72FFB83792E
:10BFC0001A071FD5FEF756F90446C8B92B6823F0A7
:10BFD00008032B60736823F004037360FFF788FF86
:10BFE000044668B9EB7A5BB12B685B0708D4012182
:10BFF000084600F09FFF50B92B6843F004032B6004
:10C00000204670BDFEF71AF9DEE71124F8E7044672
:10C01000F6E700BFB418002088190020032805D1D6
:10C020000A4A136843F00803136008E0012808D1A6
:10C03000064BDA7A42B11A6842F008021A60FFF73A
:10C04000A3BF10F0FD0FEBD000207047881900202F
:10C05000094B10B500205862FFF7D4F904461CB90B
:10C06000BDE81040FFF766BA204641F2160112F013
:10C070005EF96468F3E700BFB4180020A0F11B0369
:10C08000E02B10B5044618D8042142F2240011F028
:10C090005FFC6FF06F03437142238371A0F803408C
:10C0A0000748F8F7C5F911F097FC407920B111F075
:10C0B00093FC407940F4805010BD2120FCE700BF84
:10C0C000D3B9020037B50D46044612F057F9698816
:10C0D000204611F09DFE6A7E2B7E43EA0223A4F8DF
:10C0E00062306A7F2B7F43EA0223A4F86430EA7E41
:10C0F000AB7E43EA0223A4F866301B23A4F86C301D
:10C100002D4BDA8B1B8CA4F86A30022384F8723032
:10C11000A4F86820204611F004FD204613F070FDBD
:10C1200094F87330022B15D101F056F970B194F9DF
:10C13000753001330AD1A368052143F480532046AA
:10C14000A36003B0BDE8304012F06FB90021204673
:10C1500011F061FE0021204600F02CFA288C4FF6E9
:10C16000FF73984225D000F0C5F9009400F0B0F9B3
:10C170006A46ADF8040040F20621104816F0D8FADD
:10C18000002240F20221204616F08EFA2046FFF7E8
:10C19000F5F9204613F040FD204600F079FEA36833
:10C1A00023F48043A3600121204612F046F903B036
:10C1B00030BD0020D9E700BFB41800202C190020A2
:10C1C000F7B504460F461646991D5A7968461D462E
:10C1D000FDF76AFA2CB969463046FFF7B9F804460C
:10C1E000A0B140F20323A4F8723084F8767033686B
:10C1F000C4F85A30B388A4F85E30B37984F860305C
:10C2000029462046FFF75EFF03B0F0BD032140F250
:10C21000064011F09DFB6B88A0F803300D2343719D
:10C220000148F8F705F9EFE7B7B8020007B54FF492
:10C23000887190F8703004488DF8043001AA16F027
:10C2400077FA03B05DF804FB2C1900202DE9FF41BB
:10C250000378302B04460E4639D006D8052B25D05E
:10C26000082B41D004B0BDE8F0813E2BFAD1837891
:10C270000C2B4BD8022BF5D9033B092BF2D801A28A
:10C2800052F823F01DC3010059C4010065C201002A
:10C2900065C20100F1C3010065C2010065C2010071
:10C2A00065C2010065C2010045C40100B0F8030089
:10C2B000FFF78CF828B1617909B141F4805112F08F
:10C2C00036F8304604B0BDE8F04116F0FCBAB0F8DC
:10C2D0000300FFF77BF80028F3D0A17809B141F4FF
:10C2E000805112F07DF8ECE7B0F80300FFF76EF82C
:10C2F0000028E6D0627990F8743022B143F001034F
:10C3000080F87430E9E703F0FE03F9E7212B00F031
:10C31000B880292B1FD0202BD3D0A3E78088FFF72C
:10C3200055F80028CDD0E278002ACAD1E179A27967
:10C3300042EA0122A0F86220E17AA27A42EA0122CE
:10C34000A0F86420227A617A42EA0122A0F86620ED
:10C35000FFF714F9B5E7C7783C2F00F1020502D1C9
:10C36000FFF75EFDADE790F80680B8F1000F23D12E
:10C37000544A546AC2F82480CFB147F48057294602
:10C38000204611F0FBFFE76084F8728001AA40F2BA
:10C3900001212046CDE9014716F0CAF9A36843F40C
:10C3A0008063A36041462046FFF75CF889E7294691
:10C3B0002046FFF787FE84E7408C4FF6FF739842D4
:10C3C0000BD000F097F840B1FDF728F92B46024654
:10C3D000FF210020FFF7F4FE73E73B4B223455F8B2
:10C3E000042B43F8042BA542F9D12A881A8068E768
:10C3F000B0F80300FEF7EAFF00283FF462AFB4F89C
:10C40000053090F87020A0F86C308DF80420ADF85D
:10C410000630227AE37943EA0223ADF80830A27AA3
:10C42000637A43EA0223ADF80A30227BE37A43EAD7
:10C430000223ADF80C3001AA40F20911234816F08E
:10C4400077F93EE78088FEF7C1FF00283FF439AF57
:10C45000A179FFF7B9F834E78088FEF7B7FF002825
:10C460003FF42FAF90F870308DF80430D4F80630D8
:10C47000CDF80530D4F80A30CDF8093001AA0E21E4
:10C48000DCE78088FEF7A2FF00283FF41AAF90F89F
:10C4900070308DF80430E3788DF80530A3798DF88D
:10C4A0000630E3798DF80730237A8DF80830637A07
:10C4B0008DF80930A37A8DF80A3001AA4FF4037180
:10C4C000BCE700BFB4180020E21800202C1900209F
:10C4D00050B1074B1B68C31A807A0C22B3FBF2F3EE
:10C4E00040EA032080B270474FF6FF70704700BFEC
:10C4F000A00B002009490B7A09680246FF2B01D1E5
:10C500000020704703EB430301EB830031F8233035
:10C51000C3F30B039342F4D0C37AEFE7A00B0020E0
:10C5200008B5054B054A1978054816F016FD054B68
:10C53000F7221A8008BD00BFFE1F0020723B0300D7
:10C54000901F0020DA0C002010B5044670B300687C
:10C55000836CA34222D1636883641549224616F096
:10C56000AFF804F10C0016F0CFF804F1440016F017
:10C57000AAF9FFF759F858B1A06948B1143016F07C
:10C58000A2F9A069183016F09EF9A0690BF020F905
:10C590002046BDE810400BF01BB91346002BDCD041
:10C5A0005A68A242F9D162685A60D6E710BD00BF4E
:10C5B0006BE50200F8B5054648200E4616F0D2FCA1
:10C5C0002A4F0446387818B14822214616F0C8FC94
:10C5D0008CB1FFF729F898B11C2016F0C3FC014676
:10C5E000A061387810B11C2216F0BAFCA3692BB9EF
:10C5F00020460BF0EDF800242046F8BD00221A700A
:10C600000321284611F007FCAB6C6360AC64172370
:10C6100026810026638116492560224626776664B6
:10C6200028460AF0B9FD03F0FFF93246014604F14D
:10C630000C000AF0B1FD02232374FEF7F5FF18B9D0
:10C640000C4B1B78002BD7D00B4B19881729D3D94B
:10C65000204611F06FFC0028CED11221204611F0A7
:10C6600049FF636943F002036361C5E7901F00203F
:10C670006BE502008F1F0020DA0C0020F8B505469C
:10C6800010B3002920DB114C2468247E8C421BDD72
:10C690003F2919DC01F0030600EBA101760091F8B7
:10C6A00031400327B74002F0030224EA0704B240F6
:10C6B000224381F8312013B1002111F0D5FF284623
:10C6C000BDE8F84012F02DB8F8BD00BFA019002059
:10C6D00070B5164600221A7032800A7A0D46072A73
:10C6E0004DD8DFE802F004090D111A1E304AE8683F
:10C6F00030F8023B338043E0EB68981D5B88F9E734
:10C70000EB68981D9B88F5E7697B1E4B11F0F9FFDC
:10C71000022218803280184632E002231A48338001
:10C720002EE01A4C2B7B23702B88E8890133637031
:10C730002B8801331B12E11CA37000F0A1F9033018
:10C74000308020461CE0124CA889EB89A370020AB5
:10C750001B0A20706270E37000F006FA58B1C368DB
:10C760001A88022A07D19A782271DB78637106232E
:10C770000748338004E00423FAE780221A7000207F
:10C7800070BD00BFAA1F0020823B0300971F00203E
:10C79000911F0020054A064B1860136843F00103FF
:10C7A0001360044B828B1A80704700BF98190020D9
:10C7B000A0190020B61E00202DE9F04F504E37681A
:10C7C0008FB0002317F00807CDE90433CDE9063315
:10C7D00005460DD04B4B014603F1100253F8040BF4
:10C7E00041F8040B9342F9D100200FB0BDE8F08F5F
:10C7F00010200AF0DBFD044600287ED00CF08FFFED
:10C800000220F5F723FB01462046F5F747FB0028F9
:10C810006DD1802204A92046F2F754FE002866D18B
:10C82000B946394B1B68D988BAB2914219D8294602
:10C830002046F2F79DFE2046F5F714FB2146102016
:10C840000AF0D6FD2F4B294605F1100251F8040BD2
:10C8500043F8040B9142F9D1336843F00803336085
:10C86000C2E71A68ADF80E901FFA87FB4FEA0B1863
:10C8700002EB0B1B5846019212F03BFB82465846D6
:10C8800000F046F920B3AAF520539BB2032B019A7E
:10C8900002D9BAF5245F1DD132F80830ADF8203046
:10C8A0000DF10E0259460DF10D030020ADF822A046
:10C8B000FFF70EFFBDF80E20014609A815F0B5FCE4
:10C8C000BDF80E2008A904322046F2F73FFE70B9E9
:10C8D0000137A6E70AF55643FF339BB2042BF7D87E
:10C8E00032F80830ADF82030ADF822A0E8E7014674
:10C8F00040F2074000F014FE9DE71A2075E700BFE4
:10C9000098190020AC1F0020A0190020144B1B68B0
:10C9100013F0040370B5014606D0124B1C68E3897E
:10C92000002290B2834209D80F4A1468E589002298
:10C9300090B285420AD84FF6FF7006E0A56835F838
:10C9400012508D4202F10102EBD170BDA66836F89B
:10C9500012608E4202F10102EAD1034498B2F4E778
:10C96000981900209C190020A0190020094B1B6871
:10C970005B070AD5084B1A68D389834203D99368A9
:10C9800033F810007047C01A80B2044B1B689B68D4
:10C99000F6E700BF981900209C190020A01900207C
:10C9A00038B50468094905460C22204615F008FCF4
:10C9B00050B90749022204F10E0015F001FC18B924
:10C9C0000C342C60022038BD1020FCE7853B0300AE
:10C9D000933B03002DE9F743102801910BD0022867
:10C9E00004D04FF6FF7003B0BDE8F083019B1888B8
:10C9F000FFF78CFFF7E701A8FFF7D2FF0228F5D079
:10CA00001028EED11B4B019F1E6816F0040608D0BB
:10CA1000194BD3F80080B8F816600024A5B2AE42D6
:10CA20001AD8164BD3F80080B8F816900025ACB28F
:10CA30004C45D6D2D8F81000102200EB051039462C
:10CA400015F0BEFB01350028F1D1A0196FEA404076
:10CA50006FEA504080B2C6E7D8F81000102200EB11
:10CA60000410394615F0ACFB01340028D6D145F44A
:10CA70000040B8E7981900209C190020A019002058
:10CA8000020408B51DD5124B1B685B07C0F30E00EE
:10CA900013D5104B1A68D38A98420CD2136903EB52
:10CAA000001000F1100350F8042B41F8042B9842B9
:10CAB000F9D1102008BDC01A80B2074B1B681B6952
:10CAC000EDE7FFF753FF0870000A48700220F1E716
:10CAD000981900209C190020A01900200B4B1B68FE
:10CAE00070B51D68044642F60306A5420AD22046E8
:10CAF00029B912F0FEF9B04206D1103402E012F06A
:10CB000002FA08B1204670BD103CEEE7A0190020E3
:10CB1000437ADA0702D5C3F380007047034BC2881B
:10CB20001B881A4214BF012000207047B61E002047
:10CB30000A4B1B68DB0708D570B1094B1B68DB8803
:10CB4000834234BF00200120704728B1054B1B8869
:10CB5000834294BF00200120704700BF9819002035
:10CB6000A0190020B81E002070B50246FFF7E0FFB4
:10CB7000E8B10F4B1968CD88954209D302F1805076
:10CB800001380B68040103EB00101B5B93420ED0CD
:10CB9000002398B2854201D8002008E00E681C01ED
:10CBA00006EB0310345B944203F10103F1D170BD35
:10CBB000A01900202DE9F3410025184F01900E46E1
:10CBC000A8463A68D188ABB299421DD91468ABB275
:10CBD00004EB0314B4F90430002B1CDA2046FFF7F1
:10CBE00097FFC0B1E1680B889E4214D1324601988C
:10CBF000023116F02BF9E3681B8882B2934207D00A
:10CC0000114601A815F086FF404602B0BDE8F0814C
:10CC100043441FFA83F80135D3E700BFA019002071
:10CC200037B58B7901910C33CD180A46C95C11F0E8
:10CC30000103044629D01D290AD101211E2011F02B
:10CC40001BF90146204611F06FF9012003B030BDF9
:10CC5000032916D10E4BB5F801201B884189934258
:10CC600028BF1346172BB8BF1723438111F017FCB9
:10CC7000636923F00203636140F20941204611F029
:10CC800036FC01A815F01FFEDFE71846DEE700BFFF
:10CC9000DA0C002038B5124B42891B888B4228BF22
:10CCA0000B46172B0446B8BF17234381114611F0DA
:10CCB000F6FB636923F002036361A3699D693DB1DB
:10CCC00000229A6129462046BDE83840FEF78EBC16
:10CCD00040F20941204611F00AFCA3691D7038BDDD
:10CCE000DA0C00200148FEF799BC00BF31FA0100C0
:10CCF00008B5002142F20E0010F02AFEBDE80840FF
:10CD00000148F7F795BB00BFA3B9020038B590F80A
:10CD10007230032B0446154606D1FFF7E9FF0123C5
:10CD200084F87230002019E0C9B9012B2DD90321F4
:10CD300040F2064010F00CFEB4F86E30A0F803305C
:10CD400045711348F7F774FB10F046FE8378002B0B
:10CD5000E5D010F041FE807840F4805038BDA3B19A
:10CD600002214FF6044010F0F3FDB4F86E30A0F845
:10CD700003300848F7F75CFB10F02EFE4379002BD8
:10CD8000CDD010F029FE4079E6E70220E6E700BFAB
:10CD9000B7B80200EDB80200F8B507460E4642F2F9
:10CDA00013000E2115461C4610F0D2FDB7F86E3068
:10CDB000A0F80330BDF81830A0F80B30BDF81C30D7
:10CDC000A0F80D30BDF82030A0F80F30A0F80560B5
:10CDD000A0F80750A0F809400648F7F729FB10F023
:10CDE000FBFD807820B110F0F7FD807840F4805092
:10CDF000F8BD00BF2FB90200F8B50D4607461C214B
:10CE000042F219001C46164610F0A2FDB7F86E302B
:10CE1000A0F803302B68C0F805306B68C0F8093003
:10CE2000A0F80D6023460F3004F1100253F8041BE4
:10CE300040F8041B9342F9D10648F7F7F9FA10F0CD
:10CE4000CBFD807820B110F0C7FD807840F4805091
:10CE5000F8BD00BFDFB7020070B506460D4642F2CE
:10CE60007A000421144610F073FDA0F803604571A8
:10CE700084710648F7F7DCFA10F0AEFD407920B176
:10CE800010F0AAFD407940F4805070BD31BD020021
:10CE900010B50221044642F2300010F059FDB4F8FA
:10CEA0006E30A0F803300F48F7F7C2FA10F094FD87
:10CEB000437963B910F090FDC088FEF787FA044605
:10CEC00028B110F089FD017A2046FEF77DFB10F0B5
:10CED00083FD407920B110F07FFD407940F480500F
:10CEE00010BD00BFE1470100F8B507460E4642F20B
:10CEF0004100082115461C4610F02AFD9DF8183007
:10CF0000C3709DF81C30037147718671A0F80750FB
:10CF1000A0F809400648F7F78BFA10F05DFD40795C
:10CF200020B110F059FD407940F48050F8BD00BFA9
:10CF30009144010038B505460C4642F242000621F4
:10CF400010F006FD002343718371C3710372C57035
:10CF500004710648F7F76CFA10F03EFD407920B1F5
:10CF600010F03AFD407940F4805038BDE9440100AA
:10CF70002DE9F04106460F4642F2360019211546CA
:10CF80001C46DDF8248010F0E3FC2B0AC371230A51
:10CF900083729DF8183003739DF81C3085714472BC
:10CFA00043732D0C9DF82030C670240C87800572C9
:10CFB000C4728373D8F80030C0F80F30B8F804306A
:10CFC000A0F813309DF8283043759DF92C308375F7
:10CFD0009DF83030C375002303769DF834304376D6
:10CFE0009DF83830C37686760648F7F721FA10F0B8
:10CFF000F3FC407920B110F0EFFC407940F4805010
:10D00000BDE8F0818945010038B505460C464FF66C
:10D010001940052110F09CFCC57044600648F7F7E4
:10D0200007FA10F0D9FC407920B110F0D5FC407916
:10D0300040F4805038BD00BF8BB5020038B50546BE
:10D040000C464FF61A40052110F082FCC570446072
:10D050000648F7F7EDF910F0BFFC407920B110F069
:10D06000BBFC407940F4805038BD00BFBBB5020026
:10D0700070B50D4606460121DAB1FFF7C5FF04463B
:10D08000A8B9072142F2350010F062FCC6702B6887
:10D090004360AB8803810848F7F7CAF910F09CFC9D
:10D0A000437923B110F098FC447944F4805420462D
:10D0B00070BDFFF7C3FFE2E74BB7020010B50A46A9
:10D0C0000446042142F2370010F057FC0323037199
:10D0D000002343718371C4700648F7F7A9F910F073
:10D0E0007BFC407920B110F077FC407940F480500F
:10D0F00010BD00BF3FB6020010B50A460446042129
:10D1000042F2380010F039FC03230371002343710D
:10D110008371C4700648F7F78BF910F05DFC407915
:10D1200020B110F059FC407940F4805010BD00BF90
:10D130008BB60200F8B506460F4642F239000621CA
:10D1400014461D4610F004FC01238471240A037167
:10D15000C7704671C47105720648F7F769F910F097
:10D160003BFC407920B110F037FC407940F480500E
:10D17000F8BD00BFD7B602000148FCF7ADBF00BF45
:10D1800085D101002DE9F04F867987B00C360590E6
:10D190000546805BC0F30B00FEF718F9044618B98A
:10D1A00005A815F090FB4EE090F87230022BF7D1F5
:10D1B000AB5B059AC3F30B0103F44053B3F5805FF7
:10D1C0009060A95342D153796FF300035371836B7D
:10D1D000002BE5D0042105A804F1380615F073FCF6
:10D1E0000599304615F056FCA06B002301465A1CE9
:10D1F000A9BBDBB2012B01D915F0BDFCA06B15F06A
:10D20000E7FB03281FD9D4F8389099F806704846F0
:10D2100015F0DEFB0C3709EB070539F80770A0F1B4
:10D220000408474522D9524FD4F838A007F1100915
:10D2300057F804BB5346424629462046D8474F4537
:10D2400010D00028F4D007B0BDE8F08F383015F0CA
:10D250003AFB059A537943F001035371BAE7096821
:10D260001346C4E70028EED130469AE7A06B15F0CC
:10D27000AFFB04378742F7D36988A1F140033F2B06
:10D280000BD80421304615F01EFCA26B698820469D
:10D2900012F034FC0023A363D5E705290BD006293F
:10D2A00061D00429E0D1304615F00DFCA16BA06CD3
:10D2B000FEF7C2F9EEE72946204612F01DFC0246B1
:10D2C0000028D1D12B79122B06D0132B36D06979B7
:10D2D000204612F0E9FBC7E794F87330022BF6D032
:10D2E00029898B1F9BB240F67A40834224D86A89F1
:10D2F000931F9BB283421FD891421DD8AB89B3F5CF
:10D30000FA7F19D2EF89A7F10A0080B240F6764C75
:10D31000604511D8B4F86A000290B4F86800CDE90D
:10D3200000702046FFF738FD021E18BF0122697900
:10D33000204612F075FB97E70122F8E794F8733066
:10D34000012B03D16979204612F0AEFBA3681A04C1
:10D350008AD523F40043A3602B89012B84D1204676
:10D36000FEF764FF80E7A16B204612F047FC91E7CF
:10D37000983B03000C4B1A7801469AB95B689B07EF
:10D3800010D490F97520013218BF012291F8523063
:10D3900013F0400005D091F8600010F0400018BF75
:10D3A000D0B270470122F1E7A4190020024B58685F
:10D3B00000F00200704700BFA4190020024B58681B
:10D3C00000F00800704700BFA4190020014B1B6843
:10D3D000184700BFAC0B002008B50FF025FE02284F
:10D3E0001BBF034B5868002000F0100008BD00BFB1
:10D3F000A419002007B502460846042802F00101DE
:10D4000013D9B1B903200C4B5A6002F08003019389
:10D4100002F04003009302F0200302F0040200F047
:10D42000C1F9002003B05DF804FB0029EBD003280C
:10D43000E9D12120F6E700BFA419002038B50D4935
:10D440000D480AF0F3F90446054688B90B4B0C4A1F
:10D450001A600C4A5A600C4A9A600C4ADA6000F072
:10D46000F3F9032104462846FFF7C4FF084B1D705B
:10D47000204638BDEFBEADDEBEBAFECAAC0B002002
:10D4800099D70100D1000300E5D70100F9EC0100B4
:10D49000A419002038B5044603200AF07BF905469C
:10D4A000D0B194F87030037094F875304370204612
:10D4B000FEF756F82A46A87040F20261074815F0B8
:10D4C000F3F8074B2046DB680121984794F9750073
:10D4D000BDE83840FBF716BE38BD00BF2C19002050
:10D4E000AC0B002070B5054608200E460AF052F934
:10D4F000044680B195F870300370074B46600021F8
:10D500002846DB68984722460448BDE8704040F250
:10D51000016115F0C9B870BDAC0B00202C190020BA
:10D5200038B5054608200C460AF034F9024638B1F1
:10D53000C0E900540D21BDE83840024815F0B4B8E8
:10D5400038BD00BF2C19002038B5054608200C4610
:10D550000AF020F9024650B195F87030037044602B
:10D5600040F20561BDE83840014815F09DB838BD6E
:10D570002C19002013B504460191114612B301A9DC
:10D5800004200AF0A9F9019B104AB3FBF2F102FB57
:10D590001133019345F2180201AB0021204612F02D
:10D5A000FAFC08200AF0F6F8024648B194F8703008
:10D5B0000370019B436040F20461054815F074F864
:10D5C00002B010BD01AB45F21802E8E740420F007F
:10D5D0002C19002010B5044601200AF0DBF80246A1
:10D5E00048B194F870300370BDE81040024840F232
:10D5F000036115F059B810BD2C19002038B5054647
:10D6000008200C460AF0C6F8024650B195F8703072
:10D610000370446040F20761BDE83840014815F0EE
:10D6200043B838BD2C190020014B5B68184700BF78
:10D63000AC0B002010B50F4C2068D0B1002303774D
:10D6400080F83D3080F85E3020219F3015F04EFC90
:10D65000206860215F3015F049FC206821211D30D1
:10D6600015F044FC20682121BDE810403E3015F043
:10D670003DBC10BDAC190020F0B50D468FB006467C
:10D68000144632492022284614F09AFD70B93049D8
:10D690002022204614F094FD40B92E4B1B681B7DC0
:10D6A000002B51D040F203400FB0F0BD366C202269
:10D6B00006F15101284614F083FD38B9202206F105
:10D6C0007101204614F07CFD0028EBD068460CF078
:10D6D0000BFB06AA2B4605F120071546186859686A
:10D6E000164603C60833BB423246F7D120212846EE
:10D6F00015F0EEFB2022294668460BF02AFB224655
:10D7000002F120062C4610685168234603C30832F4
:10D71000B2421C46F7D12021284615F0D9FB202221
:10D72000294602A80BF015FB012104A80BF0E1FA31
:10D73000084B18686946C030F4F764FC0446684634
:10D740000CF001FB002CADD10020ADE7DC3C030068
:10D75000BC3C0300AC19002000F0C003402B07D1F3
:10D76000094B1B6873B100F03F0053F8200070476D
:10D77000802B01D1054BF4E7054A0648C02B08BFB2
:10D780001046704703487047B4190020B0190020B4
:10D790004103030019DA0100014B1B68187A704736
:10D7A000AC19002010B50E4C0039246818BF0121B7
:10D7B000003B18BF0123A3749DF808302070003A85
:10D7C00018BF0122003B18BF0123E3749DF80C3001
:10D7D0002174003B18BF01236274237510BD00BF84
:10D7E000AC19002001280AD002280ED098B90B4BA2
:10D7F0001A68936943F00103936100207047074B57
:10D800001A68936943F00203F6E7044B1A689369B8
:10D8100043F00403F0E72120704700BFAC1900205B
:10D82000024B034A1A600020704700BFB419002061
:10D83000783C0300024B034A1A600020704700BF87
:10D84000B0190020503C030070B51F4D286838B94E
:10D850004FF4907015F086FB286058B91A2431E017
:10D86000C0300CF074FAFFF7E5FE28684FF49071B1
:10D8700015F03CFB2B6815484FF0FF310022D960B2
:10D880000326102119721E7011491A7783F83D2062
:10D8900083F85E201A829A749A6109F07DFC04462E
:10D8A00080B92868C0300CF02DFA28683146C030A5
:10D8B000F4F770FE30B122460549044814F000FF29
:10D8C00040F20744204670BDAC190020B819002072
:10D8D00007FF02002DE9F043DFF838911F46D9F821
:10D8E000003015461A7F022A8BB080460E461DD1A5
:10D8F00003F15F0403F17F0254F8041B46F8041B94
:10D900009442F9D103F19F0254F8041B45F8041B1B
:10D910009442F9D1BF3354F8042B47F8042B9C42AE
:10D92000F9D1B8F1000F66D1002442E09C6914F0EF
:10D9300001041BD0334B03F1200253F8041B46F8BB
:10D94000041B9342F9D1304B03F1200253F8041B1E
:10D9500045F8041B9342F9D12C4B03F1200253F8F4
:10D96000041B47F8041B9342F9D1DAE704A80CF032
:10D97000BBF902A80BF036F9D9F80000244B00944B
:10D9800004AA02A9C0300CF0FDF80446A8B104A80E
:10D990000CF0D9F902A80BF02AF9B8F1000F03D066
:10D9A0000821404612F0AAFC214640F20740FFF74A
:10D9B000B7FD20460BB0BDE8F0833146202204A815
:10D9C0000BF0DDF92946202206A80BF0D8F9202219
:10D9D000394602A80BF0D3F904A80CF0B4F902A858
:10D9E0000BF005F93046202115F072FA2021284667
:10D9F00015F06EFA95E7002245F21601404612F046
:10DA0000BAFA91E7A83B0300C93B0300EA3B0300D5
:10DA10005BFD0200AC19002045F20603994210B5E7
:10DA200004463CD00DD840F2032399421AD045F267
:10DA30000203994211D040F20123994212D04820AA
:10DA40002CE045F2170399423AD045F21A03994265
:10DA50001CD045F20C039942F1D10521204612F069
:10DA60004DFC1AE0174894F8701014F0FEFD94F87D
:10DA70007330012B14BF80204020FFF76DFE4FF460
:10DA8000A0410346002220469847D8E7C02112F063
:10DA900057FA07212046FFF725FD002010BD937996
:10DAA0001A44517C41F49051FFF71CFD94F87330F7
:10DAB000012B14BF80214021204612F041FAECE7EF
:10DAC0000220EBE7B8190020B1F5A04F2DE9FF4186
:10DAD0000446154600F0E980A1F5A043DE1F042EA0
:10DAE00000F2EA809279066C0C32083B96F86C7171
:10DAF0001544032B03D8DFE803F0307987D5F90705
:10DB00002ED56F1D6F481022394614F059FB00289E
:10DB100065D096F97A013B46102203210FF086FA70
:10DB200006460FF081FA022811D194F87330012BC8
:10DB30000DD13B4604F11802153553F8041B42F889
:10DB4000041BAB42F9D1A36843F48073A360102196
:10DB5000384615F0CBF9002737E017F001070ED152
:10DB60000027226C92F86C3123EA070382F86C31AB
:10DB7000204612F081FC002004B0BDE8F0810FF0D7
:10DB800053FA02280DD0206C6B4690F97A011022CE
:10DB900003210FF079FA0028E2D01021684615F031
:10DBA000A5F9206C05F10508434690F97A010A228F
:10DBB00002210FF03BFAD5F80530A362D5F8093001
:10DBC000E362B5F80D3023860646002EC9D0002149
:10DBD0003046FFF7A5FC0821204612F08FFB2046B7
:10DBE000082112F08BFB40F20340C5E7BA07B7D516
:10DBF000053596F97A0106212B4610220FF016FA08
:10DC0000102106462846A4E7BB07A9D50FF00CFA59
:10DC100002280DD0206C6B4690F97A011022062163
:10DC20000FF032FA00289BD01021684615F05EF9FB
:10DC3000697989B96B1D0A4613F8010F60B9013281
:10DC4000062AF9D194F85210206C81F0080104F1F1
:10DC50004C03C1F3C00107E00039206C05F1060355
:10DC60004FF0060218BF012190F97A010FF0DEF99A
:10DC7000226CD2F8743143F04003C2F874316B89DE
:10DC8000ADF804306B790646002BD5F806000090FD
:10DC90000CBF4923722368468DF8063002270FF027
:10DCA0000AFF92E707F004075BE712F077F8236CAE
:10DCB000002283F878215BE704B0BDE8F041FFF76C
:10DCC000ABBE00BFAC3C0300F0B5B1F5A04F8DB0CA
:10DCD000054608D045F21304A14244D00DB0BDE87A
:10DCE000F040FFF799BE046C0023CDE90833CDE97D
:10DCF0000A3394F87931042B0DF1200C2CD11F4BF1
:10DD00001B6893F85E205AB103F13E0267464E331A
:10DD1000106851683E4603C608329A423746F7D12A
:10DD200004F22113069305F15303059305F15A03F9
:10DD300004932379039363790293A37904F1E102B5
:10DD4000CDE900C304F2111104F1D103284612F009
:10DD5000E8FD00200DB0F0BD013B022B9CBFD4F8C4
:10DD600048310893DCE7016C01F2211112F032F81E
:10DD70004A21284612F0E4F8EBE700BFAC19002076
:10DD8000F0B545F20E06B1428DB0044613460BD0F5
:10DD900045F21303994260D0B1F5A04F76D111F04E
:10DDA000FDFF00200DB0F0BD9979026C0C310B44E1
:10DDB000591D02F23112153351F8040B42F8040BCD
:10DDC0009942F9D1256C102205F2311105F221108A
:10DDD00014F0F6F920B90B21204612F08FFAE0E793
:10DDE0000023CDE90833CDE90A3395F87931042BC6
:10DDF0000DF1200C2AD1284B1B6893F83D205AB115
:10DE000003F11D0267462D33106851683E4603C674
:10DE100008329A423746F7D105F5AE73069304F1FE
:10DE20005A03059304F153030493EB7A03932B7B7A
:10DE300002936B7B05F1D102CDE900C305F211110C
:10DE400005F1E103204612F06CFDAAE7013B022B2D
:10DE50009CBFD5F848310893DEE7056C102205F524
:10DE6000AE7105F2311014F0ABF90028B3D1D5F83A
:10DE700074319B0742BF94F8743043F0020384F876
:10DE800074304B21204612F05BF88AE70DB0BDE8F4
:10DE9000F040FFF7C1BD00BFAC19002073B545F2DB
:10DEA0001406B14204461AD045F21906B14221D0F7
:10DEB000B1F5A04F28D111F071FF216C01F5A273CB
:10DEC000019301F1D103009301F1110201F1E1038A
:10DED0002046513112F0C6FD002002B070BD036C27
:10DEE000D3F844210B4BB2FBF3F103FB1121FFF7F5
:10DEF0002BFBF1E713781BB90C2112F0FFF9EBE7CC
:10DF0000492112F01DF8E7E702B0BDE87040FFF7C5
:10DF100083BD00BF40420F002DE9F04F97B01C4673
:10DF2000DDE92098544B229F154604AA06468C46EC
:10DF300003F1100B9246186859689646AEE8030044
:10DF400008335B457246F6D16B4620226146504647
:10DF500011F00BFF8346002871D1484B08936523CD
:10DF60008DF824300DF1250305F11002184655F8FF
:10DF7000041B43F8041B9542F9D1102114F0A8FFAB
:10DF80000DF1350304F11002184654F8041B43F850
:10DF9000041B9442F9D1102114F09AFF99F806302D
:10DFA00083F00803C3F3C0038DF84530D9F800307F
:10DFB000CDF846300621B9F80430ADF84A300DF1FD
:10DFC000460014F085FF98F8063083F00803C3F389
:10DFD000C0038DF84C30D8F80030CDF84D30062114
:10DFE000B8F80430ADF851300DF14D0014F070FF69
:10DFF00000238DF854300124239B8DF853403522A3
:10E0000008A9684611F0B1FE8346C0B923981021D3
:10E0100014F05EFF3B46352208A968468DF8204083
:10E0200011F0A3FE834650B9B27C0146C2F1100242
:10E03000384614F0EFF81021384614F049FF10214B
:10E04000684614F053FF352108A814F04FFF102143
:10E05000504614F04BFFBBF1000F06D008213046AC
:10E0600012F04CF917B0BDE8F08F5A4645F2120194
:10E07000304611F080FFF5E70B3C03000062746C42
:10E080002DE9F04194B0074606A80C46984615467F
:10E090000BF02AFE02A80AF0A5FD0CAB04F1200C3F
:10E0A0001E46206861681A4603C208346445134658
:10E0B000F7D12021304614F00BFF2022314606A86C
:10E0C0000AF047FE2A4633462035106851681C4640
:10E0D00003C40832AA422346F7D12021304614F067
:10E0E000F7FE20220DEB020031460AF032FE20211D
:10E0F000304614F0FBFE01210AA80AF0FAFD2022A6
:10E10000414602A80AF025FE04A80AF06BFD002192
:10E1100004A80AF0EEFD1C4B1868002301931B4B6A
:10E12000009306AA02AB04A9C030F3F7D7FE044659
:10E13000A0B104A80AF05BFD06A80BF004FE02A83B
:10E140000AF055FD214640F20740FFF7E9F90821A2
:10E15000384612F0D3F814B0BDE8F0811A992022A5
:10E1600004A80AF00CFE04A80AF041FD06A80BF072
:10E17000EAFD02A80AF03BFD224645F215013846A9
:10E1800011F0F9FEE7E700BFAC1900205BFD0200CB
:10E1900045F20D039942F7B5044627D00DD8B1F5E5
:10E1A000A04F1DD045F20403994200F08F80204615
:10E1B00003B0BDE8F040FFF72FBC45F211039942D0
:10E1C00000F0A68045F215039942F0D1006C90F85A
:10E1D0007931052B06D8DFE803F0503A423A555022
:10E1E00011F0DCFD0027384603B0F0BD93790C3305
:10E1F0001A44561D02F125052A463146FFF73CFA1E
:10E20000074620B10B21204612F078F8EBE7236C8B
:10E210003146113351F8042B43F8042BA942F9D1AC
:10E22000236C01F12002313351F8040B43F8040B45
:10E230009142F9D1216C01F1F103009301F1310216
:10E2400001F1910320461131FFF71AFFCAE720467A
:10E25000452111F075FE2046FFF7BCF9C2E72046C4
:10E26000452111F06DFE364B1B68D9684B1C5A4294
:10E270005A412046FFF77EF9B4E74621204611F0C7
:10E280005FFEAFE72E4B1B6893F85E5065B100F15F
:10E290001102002100F5AE70019000913E3311464D
:10E2A000204612F079F89DE71021E13011F07EFE52
:10E2B00000283DD00821204612F020F8294640F2DF
:10E2C0000740FFF72DF940F207478CE79179036C7F
:10E2D0000C310A44511DC133153251F8040B43F877
:10E2E000040B9142F9D1256C102205F1C10105F111
:10E2F000B10013F065FF20B90421204611F0FEFFA4
:10E3000070E7D5F8743143F00103C5F8743169E75B
:10E310000B4B056C196810224E3105F5AE7013F0E9
:10E320004FFF0028E8D1102105F1E10011F03EFE79
:10E33000216C2046E13111F069FD47219EE700BFC5
:10E34000AC190020F8B545F216039942044600F0D6
:10E3500062810BD8B1F5A04F0ED045F2030399426C
:10E360000ED02046BDE8F840FFF756BB45F2170334
:10E370009942F6D1022002E011F010FD0020F8BD14
:10E380009379056C0C33D618F379DF0708D4FFF7BF
:10E390000DF828B10521204611F0B0FF2120EEE74D
:10E3A0009F4F327A3B681B7A9A4201D20621F2E7EC
:10E3B000D6F80530C5F80B30B6F80930A5F80F309F
:10E3C0000223AB7294F9523094F85210002BA6BF7E
:10E3D00081F00803C3F3C0030123AB7094F86030ED
:10E3E00083F00803C3F3C0036B70337A102B28BF8C
:10E3F0001023A374F379D8072BD5AB79DA0728D586
:10E40000737A2A7A134085F86D31B37A6A7A1340A9
:10E4100085F86C3195F97A3101331ED0206C90F873
:10E420006C319B0719D481F0080190F97A0104F14D
:10E430004C030622C1F3C0010EF0F8FD68B140F2B2
:10E440001B412046FFF74EF8A3685907A6D50821BF
:10E45000A1E7002385F86D31DAE73B68F079597C54
:10E4600000F0080229B112B1AA79120703D40321DE
:10E4700091E7002A79D0AA79110776D5D5F87411D9
:10E4800041F00401C5F87411B5F86C1121F48071E4
:10E4900021F00101A5F86C1193F81CC0B179BCF111
:10E4A000020F02D019B3022175E789B1012283F866
:10E4B0003D20DA7CB2B9042285F87921A27C0F2AAA
:10E4C00027D994F8742042F0080284F8742020E0E0
:10E4D00093F85E20002AE6D0DA7C83F83D10002A0B
:10E4E000E1D1E8E793F85E20002AE4D1DBE70243BC
:10E4F00012F004023FD072794A491878052A28BFE1
:10E50000032202EB82020A44125C85F87921002A78
:10E51000D4D1197C95F8792109B1002AA7D0206CB3
:10E52000042A00F5A6703AD103F11D022D3352F8EA
:10E53000041B40F8041B9A42F9D1D5F8743195F8C0
:10E54000792103F004017ABB23F00203C5F874318A
:10E55000E27400295AD0216C204601F1910301F1A7
:10E5600071025131FFF7B6F908E71A7F012A05D188
:10E57000B2791AB1042285F87921CAE7420703D497
:10E58000AA7912F00402F6D0727927491878052A80
:10E5900028BF032202EB82020A44125CEBE710223E
:10E5A000002113F037FEC8E743F00203C5F87431C9
:10E5B00049B90123013AE374032A3FF6DFAEDFE8ED
:10E5C00002F010181025A37C0F2B85BF94F874302F
:10E5D00043F00803012384F8743088BF0223E374F6
:10E5E000B9E72046452111F0ABFC2046FEF7F2FFCB
:10E5F000C4E62046452111F0A3FC3B68D9684B1CBA
:10E600005A425A412046FEF7B5FFB7E6432120465D
:10E6100011F096FCB2E611F031FC4221F7E700BFA1
:10E62000AC1900201C3C0300353C0300F8B504463F
:10E63000FEF7A0FE266C054628B394F975305F1CE2
:10E640000BD086F87A31FEF7B1FE0721012011F0D8
:10E65000B5FB024618BB1A2111E02046FAF70CFE62
:10E6600086F87A01236C93F97A310133EBD1FEF706
:10E670009DFE90B1A3685D0709D441F205212046B3
:10E68000FEF730FF07E0FF2386F87A31EFE7052138
:10E69000204611F033FE0020F8BD0025D5E786792D
:10E6A00031490C360968831991F800C083F801C01C
:10E6B00091F81CE0281E18BF0120BEF1010F0DD1FA
:10E6C00083F802E0D870487C00B3D87800071DD4E6
:10E6D000A3685B07DBD441F20321D0E78F69BEF169
:10E6E000020F07F002070ED191F85EE0BEF1000FB5
:10E6F00009D04FF0010E83F802E0D870002FE2D16C
:10E7000040F00800DEE74FF0000EF4E7BCF1030F25
:10E7100007D0096911F0FF1F1EBFD97841F004012D
:10E72000D97094F874108F0708D5D978480705D4A4
:10E73000BCF1030FCFD041F00401D970002D18BFF8
:10E740000325102119715D719D71216C9059C1F8DB
:10E7500003009888A1F807009B794B722046062198
:10E7600011F082F9012097E7AC190020F0B545F2CD
:10E770000E06B1428DB0044615460ED045F2130682
:10E78000B1425CD0B1F5A04F40F0BD8011F006FB66
:10E79000236CD3F87431190757D5236CD3F874213F
:10E7A00012070CD4AA790C3215446A1D03F2211306
:10E7B000153552F8041B43F8041BAA42F9D1256C05
:10E7C0000023CDE90833CDE90A3385F8783195F88F
:10E7D0007931042B0DF1200C2AD14D4B1B6893F895
:10E7E0003D205AB103F11D0267462D331068516870
:10E7F0003E4603C608329A423746F7D105F5AE7356
:10E80000069304F15A03059304F1530304932B79FF
:10E8100003936B790293AB7905F1E102CDE900C373
:10E8200005F1D10305F21111204612F07AF80CE03F
:10E83000013B022B9CBFD5F848310893DEE7056CFD
:10E8400095F8783123B1012B54D000200DB0F0BDE4
:10E85000102205F5AE7105F2211013F0B1FC20B1C4
:10E860000B21204611F04AFDEFE7D5F874319B07E4
:10E8700042BF94F8743043F0020384F874300123EB
:10E8800085F878310023CDE90833CDE90A3395F8CE
:10E890007931042B0DF1200C25D11D4B1B6893F809
:10E8A0005E205AB103F13E0267464E33106851684C
:10E8B0003E4603C608329A423746F7D105F2311375
:10E8C000069304F15303059304F15A030493EB7A7E
:10E8D00003932B7B02936B7B05F1D102CDE900C33F
:10E8E00005F1E1039EE7013B022B9CBFD5F84831BF
:10E8F0000893E3E705F2311111F06CFA8821204604
:10E9000011F01EFBA1E70DB0BDE8F040FFF784B8A1
:10E91000AC19002045F21403994213B504462BD0DC
:10E920000CD8B1F5A04F13D045F20E03994232D066
:10E93000204602B0BDE81040FFF76EB845F219035B
:10E940009942F5D1137813BB0C2111F0D7FC10E0DC
:10E9500011F024FA216C01F5A273019301F1D103A6
:10E96000009301F1510201F1E1032046113112F04F
:10E9700079F8002002B010BD036CD3F84421114B8C
:10E98000B2FBF3F103FB1121FEF7DEFDF1E7872176
:10E9900011F0D6FAEDE79179036C0C310A44511D60
:10E9A00003F22113153251F8040B43F8040B914282
:10E9B000F9D1226CD2F8743143F00803C2F87431F3
:10E9C000D7E700BF40420F0030B545F2100399422F
:10E9D00085B0044600F0A6800CD8B1F5A04F27D032
:10E9E00045F20503994228D0204605B0BDE83040E5
:10E9F000FFF712B845F21103994200F0B08045F2DA
:10EA000012039942F0D1016C91F8793113B1043BB2
:10EA1000012B03D8D131204611F0F8F9236C93F87B
:10EA20007931042B40F2DF80052B03D1862192E05F
:10EA300011F0B4F9002005B030BD9179036C0C31B0
:10EA40000A44511DE133153251F8040B43F8040B0D
:10EA50009142F9D1206CD0F8743113F0040354D0F2
:10EA600090F87931042B22D1604B1B6893F85E50EB
:10EA700065B100F11102002100F5AE700091019026
:10EA80003E331146204611F087FCD3E71021D130E8
:10EA900011F08CFA58B10821204611F02FFC40F2F9
:10EAA00007402946FEF73CFD40F20740C3E7216CD2
:10EAB00091F8793101F1E10213B1043B012B12D835
:10EAC00001F21113039301F5A673029304F15A03A3
:10EAD000019304F15303009301F1D103F131204676
:10EAE000FFF71AFAA6E701F5AE73019391F87801E2
:10EAF000D1F84831C34003F0010343F08003009391
:10EB0000134601F151021131BCE780F8783100F170
:10EB1000E102009300F5A67100F5AE73204612F0F5
:10EB200015F887E7056C102205F1B10105F5AE7007
:10EB300013F046FB20B10421204611F0DFFB79E7FA
:10EB4000D5F874319B0742BF94F8743043F0020348
:10EB500084F874308821204611F0F2F96AE7056CD8
:10EB600095F87931042B05F5AE701ED11F4B19684D
:10EB700010224E3113F024FB0028DCD1102105F1C6
:10EB8000D10011F013FA216C01F21113039301F576
:10EB9000A673029304F15A03019304F15303009303
:10EBA00001F1E10201F1D10398E70146102205F1DC
:10EBB000B10013F005FB0028BDD105F1D1012046BD
:10EBC00011F024F9216C91F878310133DBB2142B68
:10EBD00081F87831D8D0D1F8743123F00103C1F82D
:10EBE00074318421B7E78721B5E700BFAC19002055
:10EBF00045F215039942F7B5044651D00CD8B1F54A
:10EC0000A04F19D045F20D0399421BD0204603B006
:10EC1000BDE8F040FEF700BF45F216039942F5D17A
:10EC2000016C01F1F103009301F1310201F1910353
:10EC30001131FFF725FA01E011F0B0F8002738464E
:10EC400003B0F0BD93790C331A44551D02F125062B
:10EC500032462946FEF710FD074620B10B2120461B
:10EC600011F04CFBEBE7236C2946113351F8042BD0
:10EC700043F8042BB142F9D1236C01F12002313366
:10EC800051F8040B43F8040B9142F9D1216C204652
:10EC900001F1910301F171025131FEF71BFECDE745
:10ECA00011F0ECF8236C93F87931052BC6D8DFE826
:10ECB00003F0190311111E192046822111F040F9A9
:10ECC0000C4B1B68D9684B1C5A425A412046FEF730
:10ECD00051FCB3E72046822111F032F92046FEF7BD
:10ECE00079FCABE78321204611F02AF9A6E78521BC
:10ECF000F9E700BFAC190020204B1B689B6913F09B
:10ED0000040310B5044610D141B180F8773090F873
:10ED100070101B48BDE8104013F0A7BC90F873308A
:10ED2000012B03D18368580705D410BD022B02D1F3
:10ED300083685907F9D494F9772094F87730002A3A
:10ED4000F3DBB3B9012384F8773094F877305B08AC
:10ED5000EBD04FF47A72534394F8701008480022B5
:10ED600008F0FEF994F8773063F07F0384F8773089
:10ED7000DBE75A06E9D45B00E5E700BFAC190020E9
:10ED8000B819002030B545F21E03994289B00446F7
:10ED9000154610D845F21603994213D845F20103DF
:10EDA000994200F09F8145F20C03994222D0B1F5BF
:10EDB000A04F00F09D812A46204609B0BDE83040B2
:10EDC000FEF72ABEA1F5A043173B072BF3D801A2FB
:10EDD00052F823F0BDEE0100B7ED0100B7ED0100E0
:10EDE000B7ED0100A1F00100B7ED01006DF00100E9
:10EDF000A7EE010090F97730002B02DB8268530701
:10EE000007D52046092111F079FA41F2092009B00D
:10EE100030BDAB792B44A04D5B7C2D686D7C03F03D
:10EE20000801D5B121B9032111F068FA2120EEE7DC
:10EE300013F0040F03F0010308D042F008028260CF
:10EE400093B9A36843F02003A36013E0002BF8D02C
:10EE5000836843F010038360F3E7580744BF42F030
:10EE60000802A260DB0703D5A36843F01003A36088
:10EE70000029E6D1A368894943F00403A360224630
:10EE8000204608F089F9022120460EF0C4FF47F21F
:10EE90003053002245F21A01204608F061F9A368B8
:10EEA0009D0540F18980A368580740F1858094F85A
:10EEB000700009B0BDE8304010F034BE90F87430F6
:10EEC000D9074DD590F97530013342D094F913101C
:10EED00001291DDCA26893060DD56F4B15071B6831
:10EEE00001D4187C38B1187F10B91878032802D0E3
:10EEF0009B69980734D501290AD0674B11071B6815
:10EF000001D41A7C22B11A7F52BB1B78032B27D164
:10EF10000023CDE90433CDE906330EF085F802284D
:10EF200001AB35D1A06AE16A228E03C31A8094F93D
:10EF30007500BDF80450421C37D00EF0BDF8002813
:10EF400033D1204641F20601FEF7CCFA41F2060029
:10EF50005DE78368DA0616D4FEF728FA0028B5D0F4
:10EF60004D4B1B68197F022932D1DA7C82B393F8AA
:10EF70005E306BBBA3685B0720D5204611F0BEF95D
:10EF800041F2022043E7FEF7F5F90028E4D0E7E775
:10EF900094F975000A2202210EF076F80028C6D1F5
:10EFA000CDE90100ADF80C00C1E704AB2A460DF134
:10EFB00006012046FDF720FF002028E7204641F209
:10EFC0000221FEF78FFA01212046FFF795FED7E7D1
:10EFD000204610F077FFA56860B96D0705D50821B8
:10EFE000204611F08BF91A2011E71A212046FEF76E
:10EFF00079FAF8E715F0040508D0FEF7DFF9C8B193
:10F0000094F975102046FEF7F9FAD5E72246234910
:10F01000204608F0C1F8022120460EF0FCFE47F21F
:10F0200030532A4645F21A01204608F099F8A368A1
:10F030005807E2D494F97530591C06D048F20800FC
:10F0400040EA032080B2F9F757FF226CD2F87431FE
:10F0500043F02003C2F874312046FFF7E7FA002896
:10F06000AAD04121204610F06BFFA5E7FEF7A6F9D4
:10F0700000285FD0236C002B5CD0A268520759D5C2
:10F08000D3F87431980655D42B78002BD2D10521B2
:10F09000204611F033F98FE7AC19002097FF0200EA
:10F0A00090F87430D90706D4402110F049FF294662
:10F0B0002046FEF717FAA3685A077FF57DAF204672
:10F0C00045F21A0113F0D1FA20461B49224613F0EB
:10F0D000F7FAA36823F03C03A36002212046FCF763
:10F0E000C1F969E702461449144808F055F863E786
:10F0F00045F21A0113F0B9FAA36823F03E03A360A6
:10F10000236C2BB193F97A01431C01D0FAF704F870
:10F1100022462046084913F0D3FA224606490748FA
:10F1200013F0CEFA20460221FCF79CF9204610F09D
:10F1300054FF41E702206AE697FF02002C190020E5
:10F1400045F21E0399422DE9F3410446154611D8B4
:10F1500045F21603994214D845F20103994200F092
:10F16000188345F20203994200F09880B1F5A04F50
:10F1700000F015832A46204602B0BDE8F041FEF7B4
:10F180004BBCA1F5A043173B072BF3D801A252F8C3
:10F1900023F000BFB5F1010075F1010075F1010028
:10F1A00075F101004FF7010075F1010059F30100FD
:10F1B00033F30100914E33681A7F022A11D1DA7CB1
:10F1C0007AB193F85E3063B941F20221FEF78AF911
:10F1D00020460121FFF790FD41F2022002B0BDE878
:10F1E000F081A3685D0701D50220F7E72046FEF70E
:10F1F000C1F833681A78051E18BF0125032A07D005
:10F20000196911F0FF1F6AB224D042F0040503E02F
:10F2100094F87420900725D49A6992071FD41A7F16
:10F22000012A1CD045F0080502210B2010F0C6FD74
:10F230000246E0B18379034406215D7394F9753089
:10F24000013302BFA36843F00203A360204610F01D
:10F250000BFC0CE094F874108907D6D4DCE75B7CD7
:10F26000002BE1D041F203212046FEF73BF9A368D1
:10F27000634943F00403A3602246204607F08CFF55
:10F28000022120460EF0C7FD47F23053002245F21E
:10F290001A01204607F064FF00209FE783685F079C
:10F2A00003D490F97730002B05DB236C53B1D3F8EE
:10F2B0007431DE0606D52046092111F01FF841F20F
:10F2C00009208BE7204610F0FDFD28B908212046D3
:10F2D00011F014F8212081E7206CD0F8743143F04C
:10F2E0001003C0F87431AB790C332B445A68C0F862
:10F2F00003201A89A0F807209B7A4372236C01220D
:10F30000DA70A26812F0040610D122463C49204669
:10F3100007F042FF022120460EF07DFD47F23053F8
:10F32000324645F21A01204607F01AFFA3689805F5
:10F33000B2D5236C002BAFD0D3F87431D906ABD53E
:10F3400094F97530013320D094F87430DA071CD565
:10F35000A36843F00203A360236C002B3FF444AF87
:10F36000D3F87431DA067FF53FAF9F063FF53CAF27
:10F37000FEF724F820B3A3689E0721D42B78FBB9AD
:10F380000521204610F0BAFF86E7FEF717F894F93A
:10F39000751040B14B1C02D1A3689F07DCD42046F6
:10F3A000FEF72CF978E74E1CD6D094F87430D807C5
:10F3B000D2D408460DF080FE0028CDD0052186E786
:10F3C00094F97530581C06D048F2080040EA032032
:10F3D00080B2F9F791FDA368256C084FEA7923F014
:10F3E0000203A360D5F8743143F02003C5F87431EB
:10F3F0003B681B7A934205D9062168E7AC190020C7
:10F4000097FF020094F9521094F852300029A6BFD9
:10F4100083F00803C3F3C00301236B7094F86030DA
:10F42000102A83F0080328BF1022C3F3C003AB7077
:10F430002046A274AE79FDF79DFF002836D0F10773
:10F4400034D594F97530D4F840805A1C24D088F80B
:10F450007A3106F00D063B689A69900704D41A7F4A
:10F46000012A01D0310701D406F0F7061A78032AE1
:10F470001FD01B6913F0FF1F01D046F0040694F85B
:10F4800074309A071BD5730719D40321204610F056
:10F4900035FF40F20340A1E62046F9F7EDFE88F87B
:10F4A0007A01236C93F97A310133D2D106F00C063C
:10F4B000D1E71B7F002BE2D106F0FB06DFE7072137
:10F4C000022010F07BFC01900028E2D090F806C0EA
:10F4D0003A680CF10C0C00EB0C0113784B70137FA5
:10F4E000012B06D0022B45D192F85E30003B18BFAD
:10F4F00001238B70CE70102316F001060B711BBF19
:10F500002B7A6A7A4E7103F0030318BF4B71236C98
:10F5100014BF02F0030232468A7183F86D214A79E2
:10F5200083F86C2150F80C20C3F80A208A88DA810D
:10F530008A791A7406B3206C90F86C1111F00206E7
:10F540001AD194F8521090F97A0181F0080104F16F
:10F550004C030622C1F3C0010DF068FD60B13146D5
:10F56000FDF7DEFF2046082110F0C8FE01A813F0C9
:10F57000AAF98EE70023BCE7019E002E89D0FDF793
:10F5800015FF95F806C078B11CF0010F04D0236C6C
:10F5900093F97A31013307D10521204610F0AEFEF0
:10F5A000304607F087FF95E63B68597C0CF008026F
:10F5B00029B112B16A7B100703D40321EDE7002AB9
:10F5C00075D06A7B110772D5D5F8741141F004012A
:10F5D000C5F87411B5F86C1121F4807121F00101A6
:10F5E000A5F86C11187F697902280BD071B942EA2D
:10F5F0000C0212F0040248D185F879211B7C002B03
:10F60000DBD10DE021B993F85E209ABB0221C4E75B
:10F61000012283F83D20DA7C92BB042385F87931FE
:10F6200032460621204610F01FFA95F87931206CF9
:10F63000042B52D13B6800F5A67003F11D022D3357
:10F6400052F8041B40F8041B9A42F9D1D5F87431E2
:10F6500095F8792103F00401002A45D123F0020333
:10F66000C5F87431E27400294AD08121204610F097
:10F6700067FC11E683F83D10DB7C002BC6D1CCE79C
:10F6800093F85E30002BC8D1C0E72A791978534827
:10F69000052A28BF032201EB810101448A5C85F819
:10F6A00079211B7C002BBBD0002AB9D185E71A7FBA
:10F6B000012A02D16A79002AAFD11CF0040F03D1CC
:10F6C0006A7B12F0040297D02A7919784448052AF7
:10F6D00028BF032201EB8101DFE71022002100F5A2
:10F6E000A67012F097FDB1E743F00203C5F874313C
:10F6F00041B90123032AE37412D9042A7FF4CCAD63
:10F700008421B3E7A37C0F2B85BF94F8743043F0BA
:10F710000803012384F8743088BF0223E374A4E74C
:10F72000012A07D02046822110F00AFC2046FDF76E
:10F7300051FFB1E52046822110F002FC3B68D968F8
:10F74000481C424242412046FDF714FFA4E590F8D0
:10F750007430D90706D4402110F0F2FB2946204628
:10F76000FDF7C0FEA3685A077FF596AD45F21A0172
:10F77000204612F07AFF1B492246204612F0A0FFD5
:10F78000A36823F00403A36002212046FBF76AFE6E
:10F7900082E502461349144807F0FEFC7CE545F279
:10F7A0001A0112F062FFA36823F03E03A360236CEA
:10F7B0002BB193F97A01431C01D0F9F7ADFC224635
:10F7C0002046084912F07CFF06490748224612F0FD
:10F7D00077FF204610F001FCD6E700BF1C3C030079
:10F7E000353C030097FF02002C190020184622F038
:10F7F000004240F20A439A422DE9F04120D8B2F586
:10F80000806F01D800203EE06FF480642244092A12
:10F81000F8D801A353F822F05FF801006BF801005B
:10F820008BF80100D9F80100ADF80100F5F80100EE
:10F8300017F901001FF9010005F8010037F901006F
:10F840006FF4A0615318042BDCD8A2F20252032AF1
:10F8500079D8DFE812F08A009200B700CB00057873
:10F86000448864480EF06FFA3EE005784468826987
:10F8700000F10803002160480EF076FA10B105711E
:10F88000C0F805400120BDE8F0810678458804797C
:10F89000826900F10803002158480EF065FA00283B
:10F8A000F0D00671A0F80550C471EBE70479077831
:10F8B0004688C588A4F11B035942594100F108024A
:10F8C00089004F480EF075FA0028DBD00771A0F8C8
:10F8D0000560C4710581D5E7057844884269031D38
:10F8E000002148480EF040FA0028CBD00571A0F85E
:10F8F0000540C7E706784588848800F108020021A2
:10F9000041480EF056FA0028BCD00671A0F8055008
:10F91000A0F80740B6E7057844683C48A2E70478B9
:10F920003A480EF010FA0028ACD0072343710023A8
:10F9300004718371A6E7047835480EF004FA0028B4
:10F94000A0D004719EE7077846880579C48800F145
:10F95000080200212F480EF02CFA002892D00771DF
:10F96000A0F80560C57104818CE7077846880579A1
:10F97000C48829480EF0E7F9EFE7876845880479DD
:10F9800006787FB1C78800F10802002123480EF0F5
:10F9900010FA00283FF476AF0671A0F80550C47144
:10F9A00007816FE71D483B463A4639460EF0DCF9C1
:10F9B00000283FF467AF0671A0F80550C4710772C4
:10F9C00047725FE790F8008047880679C588048908
:10F9D00013480EF0B8F900283FF454AF80F80480C3
:10F9E000A0F80570C671058144814BE7057844682D
:10F9F0000C4837E72C3D0300283D0300243D03005D
:10FA00001C3D0300203D0300183D0300143D03008E
:10FA1000FC3C0300103D03000C3D0300083D0300C7
:10FA2000043D0300003D030000487047EDF701006E
:10FA300030B585B004460846039111F0B5FD830743
:10FA400008D410F0010003D003A812F03CFF0120FD
:10FA500005B030BD03998B7903F10C0288188A5CDC
:10FA6000013A1C2A00F2E880DFE802F00FE689E69E
:10FA70008CE695E69CE6A4E6ACE6B3E6BAE6C2E61A
:10FA8000E6E6C4E6D2E6D4E6DD0003790BB103F581
:10FA900088534278023A162AD6D801A151F822F0AA
:10FAA000FDFA010049FA010007FB010049FA0100D3
:10FAB00013FB010049FA01001FFB010049FA010094
:10FAC0002BFB010049FA010043FB010049FA010048
:10FAD00037FB010049FA01004FFB010049FA010020
:10FAE0005BFB010049FA010049FA010049FA0100F3
:10FAF00065FB010049FA010075FB01001721204652
:10FB0000FDF7C8F8A0E70022114620460FF074FB6D
:10FB10009AE71A46002120460FF01BFC94E70022CA
:10FB2000114620460FF086FD8EE700221146204642
:10FB30000FF06EFC88E71A46002120460FF05BFDAF
:10FB400082E71A46002120460FF038FD7CE70022AC
:10FB5000114620460FF061FE76E7194620460FF069
:10FB6000C5FE71E7009300231A46194620460FF0A0
:10FB7000C7FE69E7194620460FF014FF64E7B0F8A6
:10FB80000110BCE702338B710A46002341782046FE
:10FB90000FF032FB5BE701338B71002220460FF040
:10FBA000D8FB54E702338B714278002320460FF0D4
:10FBB00041FD4CE701338B7100231A4620460FF0BC
:10FBC00027FC44E701338B71002220460FF0F6FC3E
:10FBD0003DE701338B71002220460FF00CFD36E724
:10FBE00002338B714278002320460FF016FE2EE779
:10FBF0000021B3E705338B71B0F80320B0F80100A2
:10FC0000002300930B46014620460FF079FE1EE7C5
:10FC10000021B0E703338B710A46B0F8011020468B
:10FC20000FF0DFFE13E703338B710A46B0F80110C3
:10FC300020460FF0DFFE0AE7002009E770B507F065
:10FC4000B4FF1F4B1E6C05460EB1EEF73BFDEEF701
:10FC50008BFE1C4C8302A3F580532360EEF784FED9
:10FC60008302A3F50063636000F072FA2068082144
:10FC7000043011F0ECFC23681B68834202D020683A
:10FC800011F0F4FC60680821043011F0E0FC6368B6
:10FC90001B68834202D0606811F0E8FC2268636848
:10FCA00052685B689342084A94BF00230123137093
:10FCB0000EB1EEF717FD284607F07DFF002070BD5E
:10FCC00000000E40BC190020FB0C00202DE9F04183
:10FCD000164B93F90020164B53F822500C3506466C
:10FCE0002C46204611F0DAFCE0B907F05EFFA1795E
:10FCF00080460431201D11F0AAFC0746404607F05B
:10FD00005AFF2368BB4202D1A388B3420BD0A37928
:10FD1000033303F4FE7308331C4485EA0403B3F58C
:10FD2000006FDED300242046BDE8F081FB0C0020EC
:10FD3000BC190020431E2DE9F74F9BB24FF6FD7210
:10FD400093420646884643D8234B93F90020234B21
:10FD500053F8225007F029FF214BD3F840900C357F
:10FD60000746B9F1000F01D0EEF7ACFC2C46EA468D
:10FD70004FF6FF7B204611F091FCE8B9A38886EA94
:10FD8000030218EA020F0CD194E803008AE803008A
:10FD9000DB43ADF80430ADF806B00199201D11F039
:10FDA0005BFCA379033303F4FE7308331C4485EA38
:10FDB0000403B3F5006FDDD3B9F1000F01D0EEF706
:10FDC00091FC384607F0F7FE002003B0BDE8F08F45
:10FDD00041F21200F9E700BFFB0C0020BC19002023
:10FDE00000000E402DE9F84FDFF8C4902F4A99F932
:10FDF000003052F8238083F0010308F10C0A52F816
:10FE000023603046EEF7F6FC06F10C07D346584661
:10FE100011F044FC054648BB9BF806100BF10400AA
:10FE2000043111F014FCDBF8003083420DD09BF854
:10FE30000640033404F4FE7408345C4484EA0A0384
:10FE4000B3F5006F12D2A346E1E75C46384654F89A
:10FE5000041B11F001FC9BF806200332B5EB920F56
:10FE600007F1040705F10105F0DDE7E7D8F8041014
:10FE7000341D0131204611F0EFFB012106F108008D
:10FE800011F0EAFB0821204611F0E1FB0146304663
:10FE900011F0E2FB99F80030404683F0010389F845
:10FEA000003011F0E3FB3846BDE8F88FBC190020A4
:10FEB000FB0C00202DE9F04F9A46431E85B01646F4
:10FEC0009BB24FF6FD7293428146009100F2C380CF
:10FED000624B93F90020624B53F8227007F065FEE5
:10FEE000604BD3F840800C370546B8F1000F01D0C5
:10FEF000EEF7E8FB3C46204611F0D0FB01900028CD
:10FF000041D1A17904F1040B0431584611F09FFB53
:10FF10002368019A98422AD1A388E188994526D17D
:10FF2000CAB2964212D1324604F1080150460193FA
:10FF300012F046F9019B48B9B8F1000F4FD128469D
:10FF400007F039FE002005B0BDE8F08F94E803000B
:10FF500002AA82E80300DB43ADF80C304FF0FF3318
:10FF6000ADF80E300399584611F076FB0246A3799E
:10FF7000033303F4FE7308331C4487EA0403B3F528
:10FF8000006F1FD302BB002ED6D006F1080B04EB86
:10FF90000B035F40B7F5006F24D3FFF723FFC0F3D7
:10FFA0000A0304461BB19B44BBF5006F1AD9B8F194
:10FFB000000F01D0EEF796FB284607F0FCFD40F25B
:10FFC0001B40C0E7002A96D0B8F1000F01D0EEF731
:10FFD00089FB284607F0EFFD40F20340B3E7EEF758
:10FFE00081FBACE7009BADF80C9046EA0323ADF82B
:10FFF0000E3004F1040B04F10803039900935846F2
:020000022000DC
:1000000011F02AFB06F10309009B4FEAA90900271A
:10001000B90008B94F4513DB311D584611F017FBE5
:100020000146204611F018FB0446B8F1000F01D03C
:10003000EEF758FB284607F0BEFD002C82D0CBE738
:100040001A1D18465AF80110009211F005FB009A8B
:1000500001371346DCE7212075E700BFFB0C0020C9
:10006000BC19002000000E400846194608B580B2B1
:100070001346CAB20021FFF71DFF024B002818BF2C
:10008000184608BD06E000F073B5084616461D4642
:100090000DF1030201AB0DF1020180B211F00DFB75
:1000A000044658B99DF80330AB4209D301992A465A
:1000B000304612F0BAF8204602B070BD014CFAE7A3
:1000C000014CF8E70BE000F011E000F02DE9F74FEC
:1000D00090461D4ABDF830900D4692F900101B4A1B
:1000E00052F821600C369FB234464FF0000AC245E8
:1000F00026D2204611F0D2FA10BB07F056FDA179A6
:1001000001900431201D11F0A2FA8346019807F0F6
:1001100052FD22685A4508D1A388BB4205D34B45FE
:100120009CBF45F8043B0AF1010AA179033101F4AF
:10013000FE7108310C4486EA0403B3F5006FD6D390
:10014000504603B0BDE8F08FFB0C0020BC19002026
:1001500001480121EDF77EB800650A00084B10B593
:1001600040F201141C6098600120586011448A42DA
:1001700002D1D869C04310BD12F8010B9861F6E7AF
:1001800000C001401046044A1368591E033102D8CA
:100190000021116018477047BC0B0020034B186802
:1001A000034B002808BF1846704700BFCC19002039
:1001B000583D0300014811F0E3BB00BFD4190020F3
:1001C00013B50B4C0229226005D10A4811F0D8FB67
:1001D000002002B010BD00930A46074B01460548B7
:1001E00011F0B0FB003818BF01204000F1E700BF5C
:1001F000BC0B0020D419002085010200014811F039
:10020000D2BB00BFD41900200148002111F0EDBB82
:10021000D419002008B5064B1B68013305D0FFF741
:10022000EDFF80F00100C0B208BD0020FCE700BF78
:10023000BC0B0020F8B50D4610B900242046F8BDCF
:100240000E4F3E68002EF8D100F0A2F804460028B8
:10025000F3D0386000F0E8F8204611F080FA38B1A9
:1002600030463E6000F0E0F8204611F073FAE4E713
:10027000002DE3D02046A847E0E700BFD0190020BA
:10028000024B1868003818BF01207047D0190020B1
:1002900038B50C4605F050F8A3780B4A13705A1E77
:1002A00055425541A8420CD0012B04D02846BDE848
:1002B000384005F029B8204604F0F8FF0028F5D0B2
:1002C00038BD0020FCE700BFBC1F0020024B00210E
:1002D0005B680846184700BFD00B002010B50446E5
:1002E000FFF75CFF0C4B1A1A53425341A34201D152
:1002F000012010BD094B1B683BB9094A064B002C75
:1003000008BF1346074A1360F2E711F080FD00288A
:10031000F3D00020EDE700BF303D0300D0190020EE
:10032000583D0300CC19002010B511F05AFE0446C8
:1003300018B9034B01215B689847204610BD00BFE8
:10034000D00B002010B511F055FE20B9024BBDE8CE
:1003500010401B68184710BDD00B002010B511F0DD
:1003600077FA20B9024BBDE810401B68184710BD52
:10037000D00B0020431E033306D8044B984228BFFD
:100380001846642838BF6420704700BF40420F0001
:10039000F8B5054607F002FC0F4B1E68074626B964
:1003A000384607F0FFFB344611E0B4688CB194F88E
:1003B00010C01CF0010F0CD195E80F004CF0010C9F
:1003C00084E80F0084F810C0384607F0EBFB2046A5
:1003D000F8BD3668E3E700BFC40B002038B505461A
:1003E0000C4641B10B6833B11B68013303D0CB68B5
:1003F0000BB18B684BB911F004FCBDE838404FF4E9
:1004000092724121002000F0CBB9084601F040F87B
:100410000023044A85F8DC30C5E92343C2E90033F0
:1004200038BD00BF880D002010B5044618B9054B33
:10043000054A136010BD04F0A5F8D4F89830002BDD
:10044000F6D1F4E73D170300C00B002010B50C46B1
:1004500004F0D6F8054B00215B68032098471CB1D7
:1004600005F0F2F80128FBD110BD00BFD00B002031
:1004700008B502460868FFF77DFF08604868FFF787
:1004800079FF48608868FFF775FF8860C868FFF7E4
:1004900071FF0B69C860581C03D00B48834228BF0A
:1004A00003460B614B69581C03D00748834228BFA1
:1004B000034688694B61FFF75DFFBDE8084088612E
:1004C000104604F07FBE00BF40420F002DE9F84FF8
:1004D000D0F8903006460F4613B1038B8B4244D0C0
:1004E000D6F88CB0BBF1000F42D0DBF80830002BFF
:1004F0003ED0DBF80C1000293AD0D6F8A0A0BAF113
:10050000000F38D04FF000094D46C84601E0DBF837
:10051000083005EBC50203EB82040135E389BB42D9
:1005200014D8238ABB42304610D3B4F91220B6F94E
:1005300024309342A04653DD96F8D010EEF79EFA91
:10054000337D834281464BD9DBF80C108D42DED3DC
:10055000B8F1000F3ED00023424619463046D0473E
:100560003783C6F8908086F8D9900020BDE8F88FD0
:100570000320BDE8F88FD1465446524647F6FF7532
:1005800004EBC40803EB8808B8F80E30BB421BD854
:10059000B8F81030BB4217D3B8F91220AA4207D1DD
:1005A0004FF0FF093783C6F8908086F8D990DCE7D2
:1005B00096F8D0103046EEF761FA337D83428146DB
:1005C0004246EFD9DBF80C100134A14204D9DBF824
:1005D0000830D5E70120C9E7002AFBD09046E1E7C3
:1005E000A046B8E72DE9F04782B004468946164692
:1005F00004F0F8FF3B4D08B100236B602B68D4F882
:100600008CA0D4F890700BB153454BD04FF000083C
:10061000C5F8089005F018F8012836D12B68DAF8EB
:1006200000103A6813B11868884246D0204611F08D
:10063000B4FCC5E900A7D4F8A0508DF80760002DE0
:1006400042D000220DF1070311462046A84720465C
:1006500004F0CEFA0546B8F1000F00D08EB1B5FA1D
:1006600085F040F2DE324009332100F099F831463E
:10067000204604F079FC1C4B05461B683946204691
:100680009847284602B0BDE8F087012003F0B8FF84
:10069000164B00215B680320984704F0D5FF012822
:1006A000FBD1BBE76B68002BB0D0BB42AED1AB68CF
:1006B000994514D04FF00108AAE7696811B109689B
:1006C0009142B6D05968B1E7217D94F8D93099426A
:1006D00028BF19463246204604F05EFAB7E70025E7
:1006E000CFE700BF880D0020C00B0020D00B0020FA
:1006F000F8B505460E4607F051FA3146074628463A
:10070000FFF7E4FE044620B1384607F04BFA2046D6
:10071000F8BD04F04FFF224631462846FFF762FF3E
:100720000446384607F03EFA2046F8BD13B50446A5
:10073000694611F0C2F8204611F0C6FBFF280246B8
:1007400006D09DF800102046EEF718FA02B010BD52
:100750000048FBE70080FFFF07B54FF400730A492C
:10076000ADF806300DF1060211F0C3F8BDF8063001
:10077000B3F5007F05D1022808BF002003B05DF863
:1007800004FB0120FAE700BFEC190020024B1960BE
:10079000024B1860FEE700BFC80B0020EC1B0020D6
:1007A00008B550B90548064B01601A60054B1A6838
:1007B000054B1A601868FFF7E9FF08BDC80B002059
:1007C000F01B0020D0190020EC1B0020054B1B68FB
:1007D0000BB918467047834201D01B69F8E7012026
:1007E000704700BFF81B0020094A13680BB9184670
:1007F0007047834207D11B691360064A1368013BA7
:1008000013600120704703F110021B69EEE700BF7F
:10081000F81B0020F41B00202DE9F74FDFF8308192
:10082000DFF83091064607F0C0F998F800B0019063
:100830000123BBF1000F06D089F8003003B0BDE8FA
:10084000F04F07F0B8B9404F88F8003089F800B091
:1008500011F019F908B111F014F93D683B4965B977
:10086000DFF8F4A0DAF800203B68AA424FF0000459
:100870002FD836484FF0FF313BE06B7D8BB12B68B2
:10088000B34202D09A1B8A420BD96A6813442B6088
:10089000AB68003A18BF0122003B18BF01236A75FC
:1008A000AB752D69DBE7907D20B1107D88429CBF40
:1008B000014614461269002AF5D1002CD9D0D4E99A
:1008C0000001A275411AD4E9023220469847013549
:1008D000C8E71A46FF21EEE75A7D4AB11A68B242CC
:1008E00024D0921B824221D8914201D311461C464A
:1008F0001B69002BF0D15CB12046FFF775FF38B1C2
:100900003B682361DAF800303C600133CAF80030FC
:100910003B685A7D6AB911F0B2F8064699F8003082
:10092000002B93D1019888F8003087E71C460021FE
:10093000DEE7186800F0D4F8044611F0A0F8064687
:10094000002C83D1EAE700BFF81B0020FCFFFFBFAB
:10095000BE1F0020BD1F0020F41B002038B5054637
:1009600008B31822002111F055FC07F01EF90246C9
:100970002846FFF72BFF20B1104607F01CF9022094
:1009800038BD0A4B1C6854B909491D600B682C61BD
:10099000013310460B6007F00EF92046F0E704F132
:1009A00010032469EFE70120EAE700BFF81B0020ED
:1009B000F41B002038B50446FFF708FF07F0F5F8F0
:1009C00005462046FFF702FF637D23B9284607F05E
:1009D000F2F8032038BD00236375064B1B68A34261
:1009E00003D111F04CF8FFF717FF284607F0E3F8A2
:1009F0000020EFE7F81B00202DE9F84FDDF82890E4
:100A0000DDF830B0984604460D46FFF7DFFE92460B
:100A100007F0CBF8074611F032F806462046FFF7FC
:100A2000D5FE637D23B12046FFF7C4FF0023A375E5
:100A3000BAF1010F23D175B9B8F1000F21D1B9F185
:100A4000000F03D05A4631462046C847384607F0C3
:100A5000B2F8002019E035440D4BAA1B9A4210D879
:100A6000012363759DF82C30C4F80890C4E9005840
:100A70002375C4F80CB03046FFF7CEFEE6E7AE4271
:100A8000EAD1384607F097F80120BDE8F88F00BF9B
:100A9000FCFFFFBF2DE9F04107468846FFF796FEB1
:100AA00007F083F83D68064610F0E9FF7B7D7BB1D7
:100AB00085420DD0094B2C1A9C4209D8304607F0CC
:100AC0007AF8B8F1010F08BF25462846BDE8F08145
:100AD000304607F070F80025F7E700BFFCFFFFBFC6
:100AE00008B50023044A194603F028FF10B1012875
:100AF00018BF032008BD00BF491A03002DE9F74FB6
:100B000015460E2200900F462A70EBB11C4C5B6814
:100B1000A3428CBF00240124DFF868904FF0000846
:100B20004FF0060AD9F800105FFA88F30AFB03F3C6
:100B3000CA185079012809D92878A0F10E03584223
:100B4000584103B0BDE8F08F1C46E5E7A042CE5EF9
:100B5000B2F902B0117902D008F10108E2E7009879
:100B60000191002210F054FF0028F5D0019929705E
:100B7000B7F90020B242EFDB5A45EDDC0020E0E798
:100B8000FFC99A3BCC0B0020014910F07EBF00BF8B
:100B900049570200014910F078BF00BF1D570200FD
:100BA00070B5164E0328337804460D461ED023FA3E
:100BB00004F202F00102AA421DD053B10122A24068
:100BC00023EA0203A5402B43DBB233704BB1012073
:100BD00070BD2DB10A4B01201B6898473378EDE7B3
:100BE0003570074B00201B689847F0E79A07DED066
:100BF00003F0FC03E9E7002070BD00BFBF1F002029
:100C0000381C002038B504460D46FFF739FB60B1AB
:100C100004F0FEFC48B9012D07D8012011F0F7F9C6
:100C20000D4B1B6823B15B6898470C4B1C7038BD9B
:100C300007F074FF0A4B1A68801A1860F0F770FC0E
:100C4000084B1B684FF47A7202FB003010F078FEFC
:100C5000012004F0E5FCE8E7BC1C0020FD0C0020AE
:100C6000301C0020341C0020F8B5124F05460C46FD
:100C700006F094FF3B78064633B1012D04D01CB931
:100C80000D48F0F74FFB3C7021462846FFF788FFE0
:100C90000A4B1B7804463BB93B782BB911F09FF9FE
:100CA00010B1074B1B689847304606F07BFF204683
:100CB000F8BD00BFC01F00200C1C0020BF1F00207B
:100CC000D00B0020054A0B46117831B1002111707C
:100CD000034A18785268012110477047C01F00204E
:100CE000D00B0020124B0239012910B518701ED804
:100CF000FFF7C6FAD8B104F08BFCC0B104F0E6FAF5
:100D0000A8B90C4B1C6834B123689847BDE8104063
:100D1000002011F07CB910F011FE074B186007F0AD
:100D2000FDFE064B1860204604F07AFCEEE710BD8D
:100D3000FD0C0020BC1C0020341C0020301C0020B6
:100D400038B5044680B106F029FF01210446084663
:100D5000EFF70EFF012108460A4A07F050FE204631
:100D6000BDE8384006F01EBF06F018FF21460546D4
:100D70000120EFF7FDFE0120024A214607F03FFE69
:100D80002846EDE7A43D0300F0B5324D85B006F0EE
:100D900005FF2B78044623B12F48F0F7C3FA00284B
:100DA0004AD1F0F751FB02AA03A911F002F9034658
:100DB000002832D011F011F9029B98421ED1002078
:100DC000264B03991B68264E9942307021D9C91AC7
:100DD00000270123CDE900771F482B70214A3346B5
:100DE00007F053FE00282FD11F4A1378D90717D4D4
:100DF000204606F0D7FE002005B0F0BD11F0EBF85C
:100E0000029B98421ED0154B154A1B680393002085
:100E100010700121FFF7C4FEEAE720462B70E8E7D7
:100E200031780029E4D103F0FE031370002BDFD1E9
:100E30000E4B1B689847DBE7204606F0B3FE032005
:100E400005B0F0BD0220BBE7032320462F703370AE
:100E5000F3E700BFC01F00200C1C00202C1C00204A
:100E6000FC0C0020C50C0200BF1F0020381C002015
:100E700038B5134D06F092FE2B780446C3B9114ADB
:100E800011491370114B124A1A601248124A5A60E3
:100E9000EFF7E8FE11491248EFF7E4FE114B124A52
:100EA0001A60124B1B68124B02221A6001232B702E
:100EB000AFF30080204606F075FE002038BD00BF6D
:100EC000C11F0020C01F0020AC3D0300D00B00203C
:100ED000890D0200FC1B0020690C0200B43D0300D8
:100EE000041C0020381C0020410D020000300E4080
:100EF0002C1C00200D4BD3F8E020D20314D50C4954
:100F00004FF48032C3F8E820C1F8EC209A6BD1B2DC
:100F1000C2F3072299679A6704229A6700229A67A8
:100F20009A679A679A679A67704700BF00100840EF
:100F300000100846F8B50C4C0D461746064606F05C
:100F40002DFE0123A362042327606660A560C4F818
:100F5000E830064B4FF48072C3F8802106F022FE81
:100F60000DB10223A362F8BD0010084000E100E0CB
:100F7000054B1860054B01229A6540F6FF72196314
:100F800058635A65704700BF401C0020001008409D
:100F90002DE9F04F042A83B0054639D90B788361D7
:100FA0004B7883618B788361CB7883610068D5F857
:100FB00008B06E6800F007000123063003FA00F85D
:100FC00008F1FF3909EA0B07A2F1040AA8EB0702AE
:100FD000924501F1040446F000560DD8F01921465F
:100FE000524611F022F90AEB0B0248EA09031A40B3
:100FF000AA6003B0BDE8F08F2146F019019211F00C
:1010000014F9019AA118AAEB080230463A44E8E71D
:10101000013A032AEDD8DFE802F00B08050211F8C7
:10102000013B836111F8013BAB6111F8013BAB61FE
:101030000B78AB6103B0BDE8F08F00BF38B50C464C
:10104000104B1546014668B10122C3F8B8200E487E
:101050002246FFF79DFF1DB10A4B0422C3F8B820BA
:10106000002038BD64B1D3F89C20A24284BF012285
:10107000C3F8B820C3F898400222C3F8B820EAE7C2
:101080000122FAE7001008409010084010B506F061
:1010900085FD184B184901229A65C3F888201A6605
:1010A000164A5A660722C3F884200A80144900228F
:1010B0000A804FF4A021C3F8E81003F1C06304468E
:1010C000C3F8EC100F4B1A600F4BD3F888305B025B
:1010D0000AD50E4B18680E4B4FF48002C3F88820D7
:1010E000416BA43001F0AAFA2046BDE8104006F09A
:1010F00059BD00BF00100840BC1E0020E00E0020BB
:10110000BA1E00203C1C002000400840D0190020DE
:10111000004008440D4B07221A800D4B00221A8014
:101120000C4B0121C3F8B810C3F890204FF40052C3
:10113000C3F89400C3F8B420074BF0221A6403F1FB
:101140000073A0221A64FFF7A1BF00BFBC1E0020DD
:10115000BA1E002000100840000008442DE9F041AC
:10116000044688B1394E3A4F06F018FD3388394AA3
:1011700003F07801032C054603F07F0C114453D192
:101180003C6824B906F00EFD0320BDE8F08124F090
:101190000104386820F00100A0424AD100223A60E0
:1011A00022886FEA42426FEA52428C42228036D154
:1011B000294CDFF8B8C02788ACF180083A46083AD5
:1011C00092B201F10800604528BF4046082A04D9C0
:1011D000B0F900E0BEF1000F36DB22803B440C8802
:1011E00088781E499B1ADBB2C4F30C04CC6300F070
:1011F00007003380CB66C1F88420FFF77BFE04280C
:101200000DD1174BD3F88830164B1868164B4FF496
:101210008002C3F88820416BA43001F00FFA284601
:1012200006F0C0FC0020B0E7601E012898BF0C4605
:10123000AFE7094862440088A21A48BF80320838E4
:101240009042ADDC28469DE70146B8E7BA1E002073
:101250003C1C0020E00E0020BC1E002000100840B6
:1012600000400840D019002000400844600F0020D2
:101270000E490F4B0A881B880E481344073B03F0A6
:10128000780303440832987892B20A8000F007008D
:1012900009490428C1F8842004D101F540514A6865
:1012A0001203FCD4054A1360704700BFBC1E002027
:1012B000BA1E0020E00E0020001008403C1C002058
:1012C00010B5054C206828B1C30701D4FFF746FFCD
:1012D0000023236010BD00BF3C1C0020084B4FF4CE
:1012E0008032C3F8EC2003F17C43C3F8E420D3F848
:1012F0008030C3F30C03782B01D8FFF7FBBD704798
:10130000001008442DE9F84304460E4606F046FC5A
:10131000504B514D1A882D888146504802F0780173
:10132000032C02F07F03014417D14D4C24688CB983
:101330002A44073A02F0780284180344E31A48BFAB
:101340008033AB4210DB484606F02CFC00242046DC
:10135000BDE8F88324F00104EFE7012C02D0022C51
:10136000EBD1083D0C46E8E7002E41D08C423D49C8
:1013700042D1D1F83C800A6B02F007020632012705
:101380009740D1F88020C2F30C029A4247DDB4F9AD
:1013900000302588002BD6DBA378C5F30C0503F0BD
:1013A00007037A1EA5EB08053A43052B337005EABF
:1013B00002052CD82DB2E84340F236420421C00F7A
:1013C000FFF7EEF97580E378274A337412687B1EC5
:1013D00003EA0803D118B160A9B213FA85F5BD423A
:1013E00089BFFF1A0023B780F2609CBFB180F36011
:1013F000484606F0D7FBAAE7A4F10802824238BFAC
:1014000004F17802B2F80080C8F30C08B3E7174B78
:10141000DB6C003B18BF0123A5EBC305CAE78B6B50
:101420007A1EA3EB08033A431A40114B15B25B68CE
:101430006AB9C3F30363D91E4B424B41DB003370DF
:101440000B4B7280D3F89030C3F30723BCE708231B
:10145000F5E700BFBA1E0020BC1E0020E00E0020F1
:101460003C1C002000100840401C002000000840E8
:1014700000400840431C08D0044AD2F83C311B0C01
:101480001B0480B20343C2F83C317047004008405F
:10149000054BD3F8B400431C14BFC0F38070012087
:1014A000A6223121FFF77CB90081E00F034B1A68B7
:1014B0009B88026083800020704700BFDC0C002006
:1014C0000F4B0628D3F8883104D183F40013C3F3FB
:1014D00040507047022805D113F4400F0CBF012083
:1014E0000020704750B9074AD2F8D40010F001002C
:1014F00005D083F48003C3F3805070470020704709
:1015000000400E400081E00F0C4A5288B2F5E16FB6
:1015100094BFC8225A2210B594BF78245024904218
:101520008CBF172210220A70054A0346107818B1A2
:101530009C422CBF0020012010BD00BFDC0C00200D
:10154000010D002013B5234B1B780E2B04463ED013
:101550000DF10701FFF7D8FF1E2C8CBF1E4C1F4C4E
:101560009DF807304FF001028CBF01210021C4F823
:10157000082170B1194A4DF60174C2F804411B02EA
:1015800002F1007243F44043C2F80431144AA2F855
:10159000D430134A134C92F8D83023F0010303439C
:1015A00023F0020343EA4103DBB282F8D830247807
:1015B0006CB923F0040343EA800323F00803B2F874
:1015C000D440A2F8D64043EAC10382F8D83002B032
:1015D00010BD00BFDC0C002000400846004008445D
:1015E000001F0021C41F0020084B094AD3F888318E
:1015F000DB4303F4FE1343F40053B3FA83F30E33D7
:10160000A3EB4313013B1370704700BF00400E4033
:10161000000D002002280CD0062802D020B10020A6
:101620007047054B18787047034B18780430C0B2E8
:1016300070470720704700BF000D00202DE9F743D9
:101640003A4E3B4F96F8009015463A4AD2F8C820D9
:10165000B9F1020F0446884607EA02071AD147EAA1
:10166000006788F80000002372882B60B2F5E16FF4
:1016700094BFC8225A2227F47F57944227F00807C4
:101680009ABF380A00F47F5043F6C870384303B05D
:10169000BDE8F083284A1278904228BF144604EB34
:1016A00083030B70F4B1013CE4B24FF030632B6064
:1016B0006A4601A9204610F0C8FADDE9002347EA8E
:1016C00003671E4B98F800101B7847EA823747F4EF
:1016D0007F5747F008073BB90029194B18BF4FF057
:1016E0007F43C1E7164BE2E7164B1748B9F1060FE7
:1016F00008BF03462AB90029114B18BF4FF07F439A
:10170000B2E7B2FA82F2C2F11F02D2B29B5CDBB244
:1017100039B15A1ED2B2FD2A05D81B0643F0040384
:10172000A2E7074BA0E74FF07F439DE7DC0C0020CA
:101730003F00C0E0001F0021000D0020C51F002059
:101740000400000BB883E00FB083E00F2DE9F341F4
:101750000446C820FFF7F6FE2B4B2C4E18780E28B7
:1017600001D0FF2C05D1FF243470204602B0BDE823
:10177000F08102282DD1072C204628BF0720012800
:101780004FF0000301AA0DF1030138BF0120FFF75C
:1017900055FF05461E4B1F4FDDF80480C3F85881E6
:1017A000C7F8C8509DF8034034702046FFF7CAFEC2
:1017B000194A4FEA082303F4E063127843EA1863F6
:1017C000A7F8D030002AD0D1C7F8CC50A7F8D23033
:1017D000CBE7A0B9052C32BF002701270420201A2F
:1017E0003B4601AA0DF10301C0B2FFF727FF4FF4FA
:1017F0008003054637B1094AC2F80831CAE7002715
:101800003846ECE7064AF7E7DC0C0020020D002022
:1018100000400840001F0021C41F0020004008466F
:101820000040084408B501F059F8094B094A00285E
:1018300018BF1A46136823F47F115B0803F4FE13E4
:101840000B431360044B4FF00072DA6108BD00BF18
:1018500000410840184108400040084008B501F028
:101860003DF8064B4FF4001228B1C3F800214FF0A9
:1018700000621A6208BDC3F81821F8E70040084466
:10188000014B1868704700BF441C0020436C012BBB
:1018900038BF01232DE9F0479A46464B464F9B69D6
:1018A000464E474D03F4E073A3F5C07280464548A9
:1018B0005142514102685245434A0FD114788C423B
:1018C0000CD198F8D0C03C78A44507D198F815C041
:1018D0003478A44502D1A888BDE8F087B3F5C07F6D
:1018E000C0F800A011704AD1D8F8944024B1236800
:1018F000082B58D994F838400F21204610F087F96A
:10190000BAFA8AF3002852D0B0FA80F29B1A002B60
:10191000C6BFD840C3F10F094FF00F09504501D998
:1019200009F1FF39234B2004C3F8BC0003F18063A5
:1019300040F6FF72C3F8B82003F100734FEA0921A3
:10194000C3F8B81010F094F9A88000F045FD09F034
:101950001F094FF4FA7304FA09F45C4341F66A0371
:10196000B0FBF3F00A23B4FBF0F45C43174B1C60AC
:1019700098F8D0303B7098F815303370ABE798F892
:10198000D030062B06D1124B1B78002B0CBF9624AF
:10199000C824B1E7022B08D00D4B1B78002B0CBFDD
:1019A000B424F024A8E70024A6E73224A4E74FF0EB
:1019B0000F09B7E700600840FF0C0020FE0C002074
:1019C000DC0C0020D80B0020C71F0020441C002086
:1019D000C51F0020FF290DD00F4B1048C3F8500140
:1019E0000B04090501F0F87103F4E0230B430C49E3
:1019F000C1F85031FF2A0DD0074B40F2F711C3F860
:101A00005011130103F4F87302F007021343044A60
:101A1000C2F8503100207047004008440000F70130
:101A200000400846F8B5134B134E1F68134D384657
:101A300000F040FF3378C4B2A34201D12B78A3B1A8
:101A4000092C14D80E4B012C195D05D10D4B1B78B8
:101A5000022B01D141F0400101F00F023846090983
:101A6000FFF7B8FF002334702B700020F8BD00246E
:101A7000FA21F1E7D0190020C31F0020C21F002067
:101A8000BC3D0300DC0C002038B5044600F04CFCE3
:101A9000142200212E4810F0BDFB2E4B25781A7819
:101AA0002D49521B18BF01220A7022681A60C820F3
:101AB000A2889A80FFF746FD284BD3F8C820284B10
:101AC000FF211970274B2849062D03EA0203274AF4
:101AD0001AD14FF4EE40C2F824014FF48A42C1F803
:101AE0002421012243F08043C1F820211B4AC2F87F
:101AF000C8301E4B0322C3F85821FFF793FF1C4B3D
:101B000001221A70002038BD022D4FF007000ED1BF
:101B1000C2F80C010620C1F80C011649C2F80811E0
:101B20004FF4404143F00303C2F80411DEE7C2F86A
:101B30000C010520C1F80C01C020C2F8080143F0D7
:101B40008043812243F00403C1F80821CEE700BF9F
:101B5000C81F0021DC0C0020C21F0020001F002134
:101B6000020D00202800C0A00040084600400844A4
:101B7000C61F0020C1004000014B1870704700BF15
:101B8000C51F00202DE9F0472D4C2E4B236000F09F
:101B900023FC4FF4FA7307464FF47A76B0FBF6F65F
:101BA00029482A4A7343190E1B02181841F10001F3
:101BB000002304F0AFF9A0F580730546A36220B9B5
:101BC00066222B21FEF7ECFD01254FF47A726A4361
:101BD0004FF0000A53465008310204F09BF91C4BA9
:101BE00019601C4BB7F57A7F4FEA056889460446B1
:101BF00018604FEA152505D276222B215046FEF7B4
:101C0000CFFD01264FF47A73A8FB030103FB0511F6
:101C10007308C01841F100010023324604F07AF93C
:101C20000D4B023419600D4B49F10009A4081860EE
:101C300044EA8974024B013C1C63BDE8F08700BF95
:101C4000005008400211010020A1070040420F008F
:101C5000541C0020501C00204C1C0020481C00205C
:101C6000044B4FF00052C3F880211A60024B01224E
:101C70005A60704700E100E000500840074B4FF009
:101C80000052C3F88021C3F88020BFF34F8FBFF309
:101C90006F8F034B04225A60704700BF00E100E0E1
:101CA0000050084010B50446A242A2EB0000A3EB8E
:101CB000010104D2034B1B6B01331844013901F0BD
:101CC000030110BD0050084038B502010A4B012540
:101CD0009D500A4A4FF4807383405366044605F0D2
:101CE0005DFF074A1378A54023EA05031370BDE89A
:101CF000384005F057BF00BF00510844005008406D
:101D0000C81F00202DE9F0471546044688461E46A8
:101D100005F044FF022D00F0B880074605F045FFAE
:101D20006C4B6D4AD3F8189092F815A0DA6D5FFAF3
:101D30008AFA520744BFD3F818900AF1010A05F055
:101D40003AFF664B664A1B6811684FEA8A7CA3FB20
:101D5000093213F1004301FB09CCD8F800304CEBF9
:101D6000020C012D04BF01336344ACEB030C08BF2C
:101D7000C8F80030BCF1804F0AF0030AC0F0988028
:101D8000584AD2F800C0584AD2F800E0514A23F02D
:101D90004041106B4FF000480022ECFB01820EFB2B
:101DA000012282424FEA937381BF01330130121A3C
:101DB00003F00303A3EB0A03914588BF4549DFF80D
:101DC00048C184BF096B03F1FF3303F003030CF830
:101DD0000430A2EB0900A3B1F10742BF434B41F627
:101DE0001F71D966B30742BF404B4149D96671079D
:101DF00042BF384B00211967330742BF354B0021E2
:101E00001965344B04F1100103EB041E0901CEF8EF
:101E10000C2111225A5037499A694FF0010EA2EB5A
:101E2000090A0EFA04F8D3F85C900A785FFA88F889
:101E300048EA020282450A7026D34FF48072A2401B
:101E400019EA020F20D11CF8040000283FD10DB37D
:101E5000F0071A6608D5254B274941F61F7240F254
:101E60000110DA66C866DA66B10706D51F4B22494B
:101E70001F4A2248DA66C866DA66720742BF204BFC
:101E800001229A60330719D4384605F08BFE0120F1
:101E9000BDE8F0871B48240140F804E05A6605F0CD
:101EA0007DFE14490B7823EA08030B7005F07AFED7
:101EB000384605F077FE0020BDE8F087212000F0CD
:101EC000A5F9044B4FF480325A603846DDE71A66B4
:101ED0003846DAE700500840881C0020481C0020E3
:101EE0004C1C0020501C0020541C002000500844B2
:101EF00000001F1FC81F00200050084600000101FD
:101F00000040084000510844C91F0020024B1878C7
:101F1000003818BF01207047C81F00201030034B45
:101F20000001185800F00100704700BF0050084041
:101F30001030044B01F46001000141F0030119501D
:101F4000704700BF0050084038B505F02EFE084B22
:101F5000084A9D69547DDA6D520748BF9D69E4B215
:101F600048BF013405F027FE284604F0030138BDC0
:101F700000500840881C002038B50B4B03EB0012C2
:101F800010300001D2F80C411D58FFF7DDFFAB0700
:101F900006D5844200D90139204601F0030138BD3D
:101FA000844238BF0131F7E70050084008B52220CD
:101FB00000F02CF9024B4FF480225A6008BD00BF9C
:101FC00000500840064B1B68434303EB8171054BEF
:101FD0001B68A3FB003013F1004341EB0000704786
:101FE0004C1C0020481C00200D4A10B5146820F03D
:101FF000404301464FF000420020E4FB0320094A21
:10200000126802FB0300084B1B6B98424FEA917168
:1020100004D901330131C01A01F0030110BD00BF22
:10202000501C0020541C002000500840F8B5064603
:1020300003F0EEFA044608B1FFF720FE084D094F01
:1020400000232B6130466B61AB617B75FFF7CCFFE2
:10205000C9B27975A8610CB1FFF702FE0020F8BD86
:1020600000500840881C00203B4B082270B501211D
:102070000546C3F8C8203948394CEBF7EBF8394B23
:102080001D702378013B012B0CD8237CE07B0122BF
:102090009A400C21302313FB001303F1884303F50E
:1020A00020431A60304B00225A677DB92F4A4FF601
:1020B000FF71D16702F10072F821D1675D672C4B87
:1020C0004FF08042C3F89420002070BD636853B382
:1020D00000F082F9626800EB5203B3FBF2F3013BBC
:1020E0001B0243F0F80326782049224A022E1CD016
:1020F000032E1D484FF6FF7521D0012E27D143F046
:102100000203CD67D36707234367237CE07B01226B
:102110009A400C21302313FB001303F18C4303F589
:1021200020431A6011E0F823DDE743F001034FF686
:10213000FF70C867D3670C4B05225A67E5E743F089
:102140000503CD67D367012343670B4BB8E7CD6722
:10215000D3670023F8E700BF00400E4600350A00B1
:10216000581C0020CE1F002000000840000008443A
:10217000004008440000084600400846F8B50646FE
:1021800004460FCE1C4F3D460FC533682B601B4BDA
:102190001B480822C3F8C8200121EBF75BF8194A55
:1021A00000235367A37BE17A1B0443EA0123217ACE
:1021B0000B4393673B78032B1BD8DFE803F0140233
:1021C000080E617B207B00230422ECF71BF9217CA5
:1021D000E07B00230422ECF715F9A17A607A012351
:1021E0000422ECF70FF9084B1878BDE8F840FFF728
:1021F0003BBF0120F8BD00BF581C002000400E4628
:1022000000350A0000000840CE1F0020044BD3F820
:102210009430002BBCBF034BC3F88000704700BF55
:1022200000400840000008404FF0006318B1034A26
:10223000C2F894307047024AFAE700BF00400846EF
:102240000040084408B5064B06491A684FF0045090
:1022500092000FF0EAFFBDE8084000F0A5BD00BF06
:10226000FC3D0300003E030007B501A8ECF74EFB60
:10227000134B144AC3F8442148F2E672C3F83821DC
:102280004FF40862C3F834210F4AC3F8A0200F4A64
:102290004AF63F41916002F580424FF0C071916271
:1022A0000022C3F8FC200A4AC3F89C20094B7F2275
:1022B0005A6203F1007323225A6203B05DF804FBF3
:1022C00000400840C0E653517A27000F0030084014
:1022D000806D6303003008440F4B002210B5C3F833
:1022E0008820C3F88C20C3F890200C4A0121D160CB
:1022F0005A6812F0706FFBD14FF00452DA67012474
:1023000002F5FD52C3F880401A66054B1B689847DA
:10231000044BDC6010BD00BF004008400040084690
:10232000DC0B002000400844034BFD22C3F8C8200A
:102330000122C3F8CC20704700400E4638B5FFF7A5
:10234000F3FF1B4B1B481C4C1C490222C3F8C8203E
:102350001B4B1A6842B102EA0005A54204BF5D6842
:10236000156008338B42F4D1164B0222C3F8C82003
:10237000154B164AD3F83C111160154AC3F8942046
:1023800000F04AFBFFF770FF124B0322C3F8D8207E
:10239000A3F500530122C3F894204FF46072DA6071
:1023A0004FF04072C3F8F820C3F8102138BD00BFC9
:1023B00000400E460000FFFF00000840B081E00F23
:1023C0000080E00F00400E4400400840E00B002079
:1023D0000048F0000060084608B5EAF7DBFA044B55
:1023E000D3F81031C3F308230133B0FBF3F008BD79
:1023F00000400E4070B5044618B1284D2268531CA9
:1024000000D170BDC2F30063110C35F8130011F058
:10241000FE0F93B243EA0043606818D00434CAB296
:10242000022A216808D9D4E90160033AC3E90016F9
:1024300098600C340C33F3E704D16268C3E90012EE
:102440000834DBE7012AD9D104341960D6E7120F2A
:10245000072AF5D8DFE802F00704090D1013181D4C
:10246000C04303F180631860EAE71A6842401A60CB
:10247000E6E703F1C063F6E70FF028FCE0E701228E
:10248000824003F1C063F2E70122824003F18063DE
:10249000EDE71A6830EA0202FBD1D1E7C63D03003E
:1024A000024B0122C3F89420704700BF0040084649
:1024B000024B0122C3F89420704700BF004008443B
:1024C000024B4022C3F89420704700BF00400844EC
:1024D000024B4022C3F89420704700BF00400846DA
:1024E00008B50C4B1B68D3F8943023B11A68022A44
:1024F00001D9186A08BDFFF76FFF074B1B6D024635
:1025000098B20028F6D0C3F30743D2085343B3FB75
:10251000F0F0EFE7D019002000600840064B5B6840
:10252000C3F30363984206D1044A936B23F0F0038C
:1025300043EA01119163704700400840001F0021E9
:102540002DE9F0470E460FF0ABFBDFF8B090DFF857
:10255000B0A08046002505F021FBD9F80430C3F374
:102560000363012B07460BD1711C1AD00FF098FBA7
:10257000A0EB0805384605F015FBAE42EBD80DE0A0
:10258000052BF1D00B2BEFD0023B012B0CD90136E0
:1025900002D00FF085FB384605F004FB1648BDE875
:1025A000F08705F0FFFAD6E7DAF808301A04C3F32B
:1025B00089140FD4013602D00FF072FB384605F0B3
:1025C000F1FA24B2A4F1C8006FF4FF739842B8BFC7
:1025D0001846E4E7731C03D00FF062FBA0EB08057C
:1025E0006FEA84546FEA9454384605F0DBFA14F528
:1025F000007FC2D0E6E700BF00FEFFFF00400840BA
:1026000000700840024B012218619A60704700BFB9
:1026100000200840084910B5D1F8703140B11C467F
:102620004A68D1F870319C42F9D1C2F3036202705A
:1026300003F00F0010BD00BF00400840094BD3F865
:10264000883001F0800103F480030B4309D1064B6D
:102650004FF400129A61837F1BB1044B0122C3F82F
:10266000F8207047004008400060084400600846B9
:1026700010B505F093FA084B1B6804463BB1984728
:1026800028B1002200204FF4806100F0BFFC2046FA
:10269000BDE8104005F086BA6C1C00202DE9F04121
:1026A0001F4CDFF89080069F0646A2FB03502C19B2
:1026B00060F1000E9C46A0454FF0000373EB0E0E38
:1026C00007D24FF4B4720E211846FEF769F80220C3
:1026D0001BE00029FBD0C6F3130601EB5C04B4FB3E
:1026E000FCF4A4FB0646E40C44EA46340D4E346088
:1026F0000D4C22600D4A914209D10D4AA5FB0253AF
:1027000002FB00339B093B600020BDE8F081C4045C
:102710000A46E80444EA553103F0FCFB3860F3E76D
:1027200000C9E876701C0020741C002000F04902EB
:102730000A3BB2DF0046C32338B5164D2B780C4652
:1027400023B9154B1B6D03F03F032B70134BD3F8CC
:1027500094305B051CD5124BB0FBF3F040F24D53A7
:102760004343A3F546430C3B584300F5C91000F51D
:10277000556028B940F21B322B21FEF711F80120D9
:102780002B78084A5343B3FBF0F30020236038BD95
:102790000220FCE7D21F0020003008400040084023
:1027A00000366E018096980070B5374C374B256B1C
:1027B000374C1B682468ED024CBF1B191B1BB3F17F
:1027C000804F04D8002B3AD1324E1C460AE0B3FAAF
:1027D00083F4314EC4F10204E340304DAB4201D9E1
:1027E00001345B0803EB5605B5FBF6F52C4EB342FE
:1027F00034BF002601262403013D44EA86242C43ED
:102800000C60D8B1B3FBF0F1642400FB11336343D7
:10281000984288BF01F1FF31480801380139072883
:10282000204D214C4FEA510311D900212970062176
:10283000C4F894101B0243EA0013136070BDB3FA8E
:1028400083F4D4F10204134EC6D50024C5E7102941
:10285000EBD068B1012129700621C4F89410134906
:1028600009780029E6D012490224C1F89440E1E732
:10287000012914BF0121002129704FF00601C4F87D
:102880009410ECD1D6E700BF00300840741C002043
:10289000701C0020E0673500C0CF6A003FBE4025B5
:1028A000401B5F13CF1F002000400844D01F0020B2
:1028B00000400846084B5B6B03F00700C3F3C202FD
:1028C00013F0380F18BF5043C3F3821213F4E07FA4
:1028D00018BF5043704700BF00300840034BD3F887
:1028E000380180F01000C0F300107047004008402D
:1028F000174B4FF4002210B5C3F89420154C164B1B
:10290000B0F1804F88BF1C46144BDA6CD2071DD53E
:102910001B6F134A04F5F42404F59074B4FBF2F42D
:10292000033CE4B203F00703A34202D02046EBF7D6
:10293000C7FC0C4B1B784BB10B4B4FF47022C3F808
:10294000942003F100732404C3F8944010BD00BF29
:1029500000400846E0673500C0CF6A0000300E40F6
:1029600040420F00D11F0020004008447FB50446BC
:10297000EAF74CF81C4B06462C3358680093A379B1
:1029800022683146FFF78AFE054648BBA379012B32
:1029900014BF164916491022C1F83821206815497C
:1029A0005843FFF7C9FE03AA02A93046FFF7FCFE11
:1029B0000F4A43F6FF53C2F8A4300C4B0299C3F8F8
:1029C000A4104FF4EE611163039A1A632068FFF7B5
:1029D0008FFF094BA2881A6203F5405300229A63C5
:1029E000284604B070BD00BF0030084000400846D3
:1029F00000400844503008400000084008B5044B2F
:102A000001221A70034B1868FFF772FF002008BDFF
:102A1000D11F0020741C0020024B4FF48062C3F8C9
:102A200094207047004008460D4BD3F80421D3F89A
:102A3000B030D2B2FF2A03D043F30743591C01D16F
:102A400090221923074903EBD37302EB630202239D
:102A500081F84630232381F8472081F845307047BC
:102A60000081E00F001F002140B10368012B05D950
:102A70000069034B002808BF18467047004870479C
:102A8000CC3D030038B5054614480C46FFF7ACFAB8
:102A90002DB1C30103EB5503B3FBF5F32360104ADB
:102AA0005368D80217D40F4B1B68D2F8A810C3F391
:102AB000810311F4806203F10103C9B218BFDA0087
:102AC000FF2906D00649D1F8AC10490501D502EB23
:102AD000C302626038BD0022FBE700BF40420F0026
:102AE0000000084000200840084B1A68C117A2FBEC
:102AF000000310F1807002FB013343F10003400E2C
:102B000040EAC310803820EAE07070477C1C002047
:102B1000174B072270B5C3F88420FFF75DFC154BF7
:102B2000154A164EC408010B0546E005C01841F1D0
:102B30000001002303F0EEF9114B18604EF66020FF
:102B4000FFF7D2FF4042C6F89C000E48FFF74CFA50
:102B5000024658B1E301500818184FEA15714FF0BA
:102B6000000341F1000103F0D5F9706770BD00BFAB
:102B700000400840B2E60E0065CD1D00001F002198
:102B80007C1C002040420F002DE9F8430546084612
:102B90009846FFF769FF16460746002D00F0A9800A
:102BA00018F0050F5DD02C69002C00F0A480FEF712
:102BB00067FE4FF47A735C43201A7B68A0F6AC5032
:102BC000C01AFFF791FFAC8B3062002C00F09680AA
:102BD000FEF756FE4FF47A735C43201A7B68A0F62A
:102BE000AC50C01AFFF780FF70614A4BEC68D3F815
:102BF0000090002C00F08580FEF742FE4FF47A73BF
:102C00005C43241A7B68A4F6AC54E41A3B68E41ACB
:102C1000414B1A68E117A2FB044314F1807402FBD4
:102C2000013343F10003640E44EAC314803C3B4B80
:102C3000B4613B4CD3F88430F36123684BB1484610
:102C40000FF0E6F928B12368D9F848003246394632
:102C50009847AC69FEF714FE014620460FF097F83E
:102C6000F06218F0020F29D06B684FF47A70584365
:102C70005BB13B6803F51C5310331844AB7F002B4A
:102C800046F2A81308BF00231844FFF72DFF6B6915
:102C9000B062002B38D078684FF47A7202FB0300E0
:102CA000AB7FA0F50350002BA0F1100046F2A81353
:102CB00008BF0023C01AFFF717FF706218F0040F57
:102CC00017D0A86818B34FF47A735843A0F503508F
:102CD0001038FFF709FFF0602B684FF47A70584303
:102CE00023B13B6803F51C5310331844FFF7FCFE77
:102CF0003061BDE8F8834CF2503062E74CF250305E
:102D000070E74CF2503483E747F23050D3E747F294
:102D10003050DEE7D01900207C1C0020001F00216D
:102D2000781C0020064BD86DDB69C0F3011203F05C
:102D30001F03000C02FB000001331844704700BF62
:102D40000060084010B508461C460EF0B0FF094B65
:102D50000246D3F8F800FFF787FE0368A018002B9F
:102D6000054AA8BF4FF4FA721A44044B92FBF3F2DF
:102D7000104410BD001F00210CFEFFFF18FCFFFFD8
:102D8000074BD3F8D8304FF604014FF605029BB23B
:102D90008B4208BF1346034A01209365704700BF6A
:102DA0000081E00F0050084070B5194C0FCC86B080
:102DB00001AD0FC5C822236816482B6000210FF013
:102DC00029FA7C22002114480FF024FA134B144AEC
:102DD000C3F8F020FFF728FE124B1B782BB101AD92
:102DE0000FCD0B4E0FC62B6823600F4B0F4AC3F855
:102DF000DC2F0F4AC3F8E02F0E4AC3F8E42F02F18C
:102E0000957202F27112C3F8E82F06B070BD00BFD0
:102E1000C81F0021381F0021BC1E0021001F0021F7
:102E20003F003700C61F0020001000210200620290
:102E300009C805780708DC060A4B197801F0FF027B
:102E400029B10021197008499202C1F8A0205978CF
:102E500001F0FF0229B1002159709302024AC2F821
:102E6000A4307047D31F002000000846074BD3F85A
:102E7000E40E074BD3F88C301A0103D4054B1B6EBC
:102E80001B0401D500F58070704700BF00100021C1
:102E9000004008400000084008B504F07FFE0F4BDA
:102EA0001A78B2B90E4A126812F4843F11D10D4A51
:102EB0001021C2F894101B786BB9094B1B68DB0515
:102EC00009D4084B2022C3F89420BDE8084004F040
:102ED00069BE054AECE7044BF4E700BFD71F0020AA
:102EE000600F0020004008440040084610B504F080
:102EF00055FE0E2104460320FFF710FB044B40F261
:102F0000012220465A62BDE8104004F04BBE00BFCB
:102F100000000840044B00221A70044B197811B1CC
:102F20001A70FFF7B9BF7047D61F0020D71F0020C7
:102F300008B504F033FE244B4FF08052C3F88020D4
:102F4000BFF34F8FBFF36F8F4FF48072C3F88020B1
:102F5000BFF34F8FBFF36F8F0222C3F88020BFF300
:102F60004F8FBFF36F8F1022C3F88020BFF34F8FB6
:102F7000BFF36F8F2022C3F88020BFF34F8FBFF3C2
:102F80006F8F4FF00052C3F88020BFF34F8FBFF315
:102F90006F8F8022C3F88020BFF34F8FBFF36F8FF6
:102FA0004022C3F88020BFF34F8FBFF36F8F4FF0E5
:102FB0000042C3F88020BFF34F8FBFF36F8FBDE88F
:102FC000084004F0EFBD00BF00E100E008B504F0E8
:102FD000E5FD0D4B4FF080521A604FF480721A607D
:102FE00002221A60002283F8012310221A60202294
:102FF0001A604FF000521A6080221A6040221A6054
:10300000BDE8084004F0CEBD00E100E070B5084C1A
:1030100001232370074B1E68074BD3E9005332404E
:103020001940284001F0F4F90023237070BD00BF5F
:10303000D51F0020841C0020600F00202DE9F047E0
:10304000DDF820A003EA0108099B06460D4602EAC6
:10305000000703EA0A09BAF1000F40F04981031F93
:103060000B4300F00F81052871F1000380F0E3802D
:1030700050EA010300F05C81431E0B4300F01D8108
:10308000FFF756FFAB4AD2E9004323EA050324EADF
:1030900006043C4343EA0807A74BA84D1E68DFF827
:1030A000EC8226EA0A0646EA09061E60C2E90047E3
:1030B000FFF7F2FE14F02A4F14BF48F202034FF458
:1030C0000043B0079E48C26E48BF43F4005383EAF2
:1030D000020122EA0302EA669A4A81660B40D3663D
:1030E000C4F380421203210348BF42F48072E30616
:1030F00048BF42F40052A50648BF42F40072600681
:103100009148924DD0F80C3248BF42F480622106BB
:1031100048BF42F4006282EA030123EA0203C5F8D1
:103120000C328B4BC0F808120A40C7F34025AD049F
:10313000C3F80C22E20448BF45F48035A30348BF1E
:1031400045F48015A00748BF45F4001514F4001F8E
:1031500006D0D8F800000EF08AFF08B945F4002523
:10316000E1027C497C4848BF45F40035FA0648BF77
:1031700045F480050A6A730748BF45F0040585EAEF
:10318000020323F001031A4002621D40CB61734B1E
:1031900073481D62734B744A16F0010F18BF1A462C
:1031A000836E7D0748BF42F40012704D82EA03012E
:1031B00023EA0203AB666E4B41660A4000F50050FD
:1031C0009A66C16B04F0010305F5005581EA03021C
:1031D00021EA0301E96382631A40664BDA63D8F897
:1031E0000020200248BF644B92F8E92058BF634B8F
:1031F000610748BF43F4806322B114F4C06F18BF65
:1032000043F480735E485F4CD0F8EC10320748BF3F
:1032100043F0004383EA010222F4A0221140C4F8E3
:10322000EC101340C0F8E820574ABDE8F047C2F858
:10323000EC30FFF7CBBEA0F580630B4306D020F443
:103240008063A3F500730B437FF41AAF04F0A6FC70
:103250003849D1E9003223EA060322EA050242EAAC
:1032600008023B43C1E90032484A126892F8E9205B
:103270000AB313F4C06F1ED0434B4FF48072C3F8EF
:10328000EC2014E004F08AFC2A4AD2E9003123F051
:1032900004033B4341EA080157EA0807C2E9003149
:1032A00014BF394A374A4FF48063C2F8EC30BDE8A6
:1032B000F04704F077BC334BDFE704F06FFC1D4AA6
:1032C000D2E9003123F001033B4341EA0801C2E99E
:1032D00000312F4A57EA08074FF0010315BF9363E7
:1032E0002C4902F1C062CB6314BFD3639363DEE762
:1032F00050EA01037FF4C4AEBAF1010F7FF4C0AE0F
:1033000004F04CFC0C4A136823F0010343EA090360
:103310001360134A4FF48063B9F1000F04D0536671
:1033200002F1C0629366C2E710498B665366BEE73E
:10333000BDE8F087600F0020841C002000000844D6
:103340000000084000000846006008400060084493
:10335000006008460040084000400844004008461D
:1033600000500840041C500004185000005008444D
:1033700000500846007008460D0A0A09090A0A09A1
:10338000001008400010084400100846D019002022
:103390000070084000700844024B5868C0F3C00039
:1033A000704700BF600F0020024B186800F001005A
:1033B000704700BF600F0020024B5868C0F3C03058
:1033C000704700BF600F002010B50446FEF7B6FF3F
:1033D000FFF7AEFD04F14C00FDF79CFEFEF77CFF0D
:1033E000FEF7D0FBFEF73CFCFFF792FB1049114AB9
:1033F000D1F8F810072304F1A400FFF7C5FB4FF440
:1034000040010020FEF794FD4FF400110120FEF76B
:103410008FFDFFF7B5FC20B940F2E7221421FDF73C
:10342000BFF9FFF7EBFABDE810400120FEF71CBE24
:10343000001F00216C1F0021084B8022C3F8882048
:1034400003F17E430822C3F88820054AD2F8BC3E27
:1034500023F02003C2F8BC3E704700BF004008467E
:103460000010002108B504F099FBFFF7E5FF034BBE
:1034700001229A60BDE8084004F094BB0040084077
:10348000F0B583B00646144602F0C2F8002800F0FA
:103490009B80514BDD6815F0060540F0958004F0E7
:1034A0007DFB23790095022B07463ED1237B022B1F
:1034B00035D00320FEF732FD18B9484B5B685B043A
:1034C0007FD5A37B257B4649A2680192003B18BFAC
:1034D0000123012D0B705DD0424A434C0023137031
:1034E0002278002A61D13C4E0420FEF7EDFBF36EFA
:1034F00023F0F85323F4F81343F0506343F480337C
:10350000F3662A46022301A90420FEF7FBFB0028EC
:1035100052D0364B012130222170C3F89420384616
:1035200004F040FB002003B0F0BD0320FEF7F6FCE2
:10353000002846D12279D6F8AC30012A226838D04A
:10354000D51A254B2A4A0095DA6600221A67627B53
:10355000284B002A0CBF012200221A70264B264A53
:10356000D3F8BC3E0CBF43F0200323F02003C2F885
:10357000BC3E0320FEF7A8FB174B204ADA662279EF
:10358000012369460320FEF7BDFBF8B11C4B012265
:103590001A708BE72379022B9ED0009BD6F8AC10D3
:1035A0000B4413440025019396E72370FFF774FC46
:1035B00099E79A42C5D3C3E70320FEF785FB0C4B7E
:1035C000F366384604F0EEFA0320ACE7384604F020
:1035D000E9FA0120A7E700BF00500840004008407A
:1035E000D91F0020D61F0020D71F0020004008460A
:1035F00000000101D81F002000100021010C010073
:10360000DA1F00202DE9F3410D46074604F0C6FA03
:103610001B4BDFF8788000241C70FFF70DFF194B5F
:10362000C8F86C30C8F8704006466879431E5842A6
:10363000584101F08DFC40F60143C8F870302A79FA
:103640002968D7F8B430012A01D1994200D3CC1AA5
:1036500004230DEB030103200194FEF753FB50B943
:10366000094B88223046C3F8882004F09BFA0120D9
:1036700002B0BDE8F081304604F094FA0020F7E78C
:10368000DA1F0020000001010040084400500840FB
:10369000F8B5194C05462078B0FA80F040F20642A1
:1036A0003E214009FDF77CF855B96078B0FA80F00A
:1036B000BDE8F84040F206423E214009FDF770B8EF
:1036C0000E4F0F4DD7F8A0304FF44066C3F381235F
:1036D0002370C5F8A0606078B0FA80F040F206422E
:1036E0003E214009FDF75CF8D7F8A430C3F38123ED
:1036F0006370C5F8A460F8BDD31F00200000084027
:1037000000000844F8B50B4C0B4DD4F888300B4F33
:103710000423C5F88830D4F888305B0300D4F8BDA2
:103720000426C7F8886002200EF0D0FAC5F8886039
:10373000F1E700BF00400840004008460040084450
:103740001C4B70B5D3F888601B4D03F18063A82231
:10375000C3F8882010221A60184A194B93666B66CA
:10376000FFF76AFB174B1B7813B90320FEF7ACFA7F
:1037700000242C67FFF7C6FF134A144BD2F8E41E4F
:103780000B40C2F8E43E124B0422C3F88820114BD0
:10379000B206C3F8C44008D503F580739B6CB3F53B
:1037A000817F22BF034B80229A60BDE8704001F008
:1037B000C9BD00BF00400840005008400050084408
:1037C00010000002DA1F002000100021DF0000FFBF
:1037D00000400844001E002110B549B918B3144A2E
:1037E00053681B0E13F00E0F1DD113689A061AD4DE
:1037F000FFF77CFB0E4C0020FEF70CFF032801D0E6
:10380000092806D1D4F88C30DB03F4D4636F0C2B79
:10381000F1D9FFF777FF074B0122DA6003F17E430E
:103820000422C3F88820044B4FF4C0625A6210BDD2
:1038300000400840004008460060084408B50321E5
:103840000920FEF76BFE024B20229A6008BD00BFE4
:103850000040084038B5054604F0A0F90446FDF7DD
:1038600015FC35B1FFF756FB2046BDE8384004F0A3
:1038700099B9084B1B78002BF6D0074B1D78002D0B
:10388000F2D1FFF747FB2A464FF480400021FFF7B3
:10389000BDFBE9E7D61F0020D51F00202DE9F84F1A
:1038A000564B0646D3F888300D461446002A40F0A1
:1038B000A28013F0A00F14BF4FF001094FF00009D0
:1038C000DFF854814E4F01F03DFDA023C8F8883049
:1038D0000320FEF7F9F90420FEF7F6F94FF0000A8D
:1038E000FFF718FB474BFB66C7F870A0FFF70AFF0E
:1038F000454BD3F8BC2E42F02002C3F8BC2EFF2269
:10390000C8F800203D4A4FF480719160D3F8E42E4E
:103910003E494FF0040B1140C3F8E41EC8F888B0CC
:10392000C3F8C4AEFB6813F0060F04D0FEF73EFBED
:103930005846FEF7C9F9B9F1000F08D0344B4FF4DF
:103940000062C3F88820334B4FF400425A6666B1D8
:10395000304B5B6C180701D4FFF7C8FAFFF76EFF16
:103960000420FEF7B1F9FFF767FA244BDA68D107B4
:103970003FD55A6812F0706FFBD1274B274AC3F826
:103980008820274A936B23F0F003936315B12046F8
:10399000FFF760FF234BD3F8B4305A1C01D05B0013
:1039A00002D51D4B0122DA601CB31A4BDA6E9A66FF
:1039B000124A136A23F00103D3611B4BD3F80C2284
:1039C000C3F80822A3F54053DA6F9A67A3F50053B2
:1039D000D3F8EC20C3F8E82003F5C043DA6B9A6310
:1039E000A3F50053114A5A660B4B4FF60842C3F831
:1039F0008820BDE8F88F4FF0000961E700400840DB
:103A0000005008400000010100100021DF0000FF0D
:103A10000040084600000840004008441000300004
:103A2000001F00210081E00F006008405000F002FC
:103A30009A4B196EDA6E2DE9F04F01EA0209C3F8CC
:103A4000689003F5805385B0D3F8E060D3F8EC209C
:103A50001640C3F8E86003F5A043D3F80012D3F88A
:103A60000C2201EA020AC3F808A2A3F5005359691F
:103A70001A6A01EA02088A4A08EA0202DA61894BF4
:103A8000D3F80022910006D4D3F800319A00C3F392
:103A9000407740F1E18004F081F8834BDA68DF6D14
:103AA00012F0060F9A6E07EA020727F4800222F44A
:103AB000006214BF4FF0010B4FF0000B5A667B07FA
:103AC00004D57A4A537D0133DBB2537504F06AF8AA
:103AD000B9F1000F00F0DF8019F4004427D004F0A2
:103AE0005DF80146FFF7C2F96F4D0446AA69AB695C
:103AF0009A42FCD0AA699342FCD0FFF7B7F9A042E2
:103B000040F0AC80084604F04DF8694B1C60694BEE
:103B1000D3F8885015F4E05240F0A28024F07F449E
:103B200024F0DF040CB9FFF70BFE4FF0807419F09E
:103B3000020F4FF0000516D05E4B5F49D3F8883076
:103B400003F46042C1F88820002A00F09E801D0422
:103B500000F19E8013F4005F0CBF4FF000534FF054
:103B600000631C430025C9F340394FEA4909534B10
:103B70003340002B4AD016F4206F0AD040F60F02D3
:103B800006210020FCF70CFE0020FFF763FE26F460
:103B90008026F00506D5484BFF221A6044F4C06425
:103BA000FFF7A4F916F0090F0AD040F62402082105
:103BB0000020FCF7F5FDFFF741FE414B01229A6220
:103BC00016F0106F0CD040F62D0209210020FCF7F2
:103BD000E7FDFFF733FE002211461046FDF72EFAEF
:103BE00016F4202F0AD040F6350207210020FCF7FA
:103BF000D7FD0020FFF72EFE26F48026F10301D525
:103C0000FDF76CFB002EB8BF49F0080972070DD50F
:103C10002B4B5B6A13F4005F14BF2A4A2A4A4FF405
:103C200000531ABF536244F400045362730548BF43
:103C300044F0040416F4802600F0AA80FDF718FB77
:103C40000138062842D8DFE810F0210124012101C3
:103C500027012A012D012D01BB4639E7044645E71E
:103C60000192FFF76DFD144B019AC3F8882015F4FB
:103C7000805307D115F4806F0CBF4FF080544FF084
:103C8000806454E74FF0804451E74FF0007368E7D9
:103C90004FF0004365E74C464D4668E7000008409A
:103CA0000000F7FF00E100E000500840881C002001
:103CB000801C00200040084000400844090B0B898C
:103CC00000100840001008440010084640F6660244
:103CD00003210020FCF764FD7C4A136ED2F88000BB
:103CE00003F007030633012101FA03F3C0F30C00CC
:103CF0001B1A9BB2072B13D9754BD3F88830580287
:103D00000ED47448136B126DC06C58B103F00703E6
:103D100006339940C2F30C03C91A89B2072901D8A6
:103D200044F400746C4B1B78002B31D0674BD3F8F4
:103D3000E03013F4A02F2BD1684B694A1B7893B95C
:103D4000FB0410D4137873B1E308664943EA457362
:103D500083F00103D1F8E41E03F001035B0021FAB4
:103D600003F3980714D10420FDF7AEFF5E4B5F49C3
:103D7000D966FFF7CFF85A4A13782BB95C4B5D4AE6
:103D80001B682340134201D144F4804427F4805738
:103D9000BAF1000F1DD01AF4805F18BF44F48024DC
:103DA0001AF4807F18BF44F400241AF4005F18BF8F
:103DB00044F010041AF4007F18BF44F020041AF4F1
:103DC000806F18BF44F040041AF4006F18BF44F02D
:103DD0008004B8F1000F3BD018F4802F18BF45F4D1
:103DE000007518F4803F18BF44F4805418F4801F05
:103DF00018BF44F4003418F4001F18BF44F0020444
:103E000018F4003F18BF44F4801418F4800F18BF52
:103E100045F0100518F4002F1AD0324BD3F8BC3EF1
:103E200013F0C00F14D02A4B5A68C2F30362032A5E
:103E300001D0072A07D1D3F88C20D10603D4D3F8B8
:103E40009020120731D54FF40022DA6128F40028BF
:103E5000002F00F00D81380540F18180264ADFF8FF
:103E600088A0D378002B4DD0013B4FF40061DBB22A
:103E7000CAF86410D37033B9204B1B78C3B1204B00
:103E800040F60142DA660023002266E044F4803402
:103E900022E744F400641FE744F480641CE744F420
:103EA000807419E744F0080416E744F40014CFE7DF
:103EB000DAF8703013F4A05F15BF4FF4807340F64A
:103EC0000143CAF85030CAF87030DCE700100840EF
:103ED0000040084000000840D71F0020D61F0020E7
:103EE000D81F0020001000210050084000000101F0
:103EF000600F0020088D0100C91F0020DA1F00207C
:103F0000005008460320FDF7DFFEDAF80C30A84821
:103F1000A84913F0060F02BFA74B41F61F72DA66DD
:103F20004FF40063CAF86430DAF80C3013F006037B
:103F300008BFCAF87030C38A13F4006260D023F45B
:103F40000063C3820B7803F0FF0A002B5CD1FEF7FD
:103F50002DF8FFF7F5FB534620221C431543B9010A
:103F60000BD52E20FEF752F9934A4FF0007393665B
:103F700002F17C4245F008055366FA0608D52B206D
:103F8000FEF744F98C4A1023936602F17C42536693
:103F900017F4E00F05D1FB045ED5BBF1000F00F074
:103FA000AC80B80210D52920FEF730F9FFF7F4F9FC
:103FB00040B18249824A834B53668B668249496885
:103FC000490424D445F0040517F4800BDFF8F0A170
:103FD00029D00420FDF778FE2720FEF717F9FFF718
:103FE000AFFB4FF48003CAF86430784BD3F8E42E6B
:103FF00050067CD4764B02221A6045F0020528E078
:104000000B784FF40053A8E74FF400433CE76A49AC
:1040100020208B665366FEF7F9F82D2045F00C053D
:10402000FEF7F4F8D0E7FA024CD50420FDF74CFE79
:104030002820FEF7EBF8DAF87030002B3FD1FFF7BD
:104040007FFB5D4A5F4B936602F17C4245F00105C0
:1040500053665B4B00221A657B0509D55D4A937850
:10406000002B00F09880013B9370002349EA03097C
:104070004A4620462946FEF7C9FF0EB1FDF720F952
:1040800018F4002F00F08C804F4B4FF40022DA61BF
:1040900018F0206F00F0888018F0007F01D0FDF745
:1040A000C1FB18F0006F01D0FDF7D8FB0022002003
:1040B0004FF4006105B0BDE8F04FFEF7A7BFCAF8A6
:1040C00070B0BEE7FB04C4D50420FDF7FDFD424BF4
:1040D000CAF86C30FDF76AFFDAF85C3013F4A00F11
:1040E000B7D12A20FEF792F8FFF72AFB7DE7D3F835
:1040F000BC3E990681D4394B7DE7364A13794BB1E2
:10410000013BDBB2137113B92C4B354ADA6600233D
:104110001C43A1E70420FDF7D7FD0320FDF7D4FDE4
:10412000274B2D4ADA6603F039FD82460DF10F0068
:10413000FEF770FA2B4B1B7883460BB1FEF7D6FEC9
:10414000BBF1030F0ED1DFF880B00020FEF762FA5A
:10415000032807D1DBF88C30DA03F6D4DBF87430AF
:104160000C2BF2D99DF80F30032B06D11E4B0122E8
:1041700050461A7003F016FDC9E71C4BD3F8E03027
:1041800013F4A02FF2D1FEF7C5FE504603F00AFD4E
:104190004FF48043BCE70220FDF796FD012365E75D
:1041A000B8F1000F7FF474AF05B0BDE8F08F00BF29
:1041B000881C0020DA1F00200050084400500846E8
:1041C000005008401000000200400840001000218C
:1041D00000400844C91F00200000010100400846BB
:1041E0000000010DD91F0020D61F0020001008403C
:1041F000014B1B68184700BFF00B0020034A012346
:10420000136202F17C42D361704700BF0040084452
:104210000B4B10B55C691A6A1440A2B2DA61E2076E
:1042200004D55868C0F30360FFF7E8FF630706D5BD
:10423000BDE81040042200200021FEF7E7BE10BDBB
:10424000004008400C4A08B5136BD16B0B409363D8
:10425000DB070FD5094B187840F6AC22122100F08D
:104260000100FCF79DFABDE8084000220120002172
:10427000FEF7CCBE08BD00BF00700840600F0020F4
:10428000044BDA6FD207FCD41A6FD96F0A409A67D1
:10429000704700BF0030084070B50D46144603F06B
:1042A0007DFC064BD3F8BC6E74402C407440C3F8C0
:1042B000BC4E03F077FC05EA060070BD001000213B
:1042C000034BD3F8BC3E99430CBF0120002070473C
:1042D0000010002109490A4AD1F8EC0010B5042366
:1042E0000124C2F8EC308C624FF400515162410756
:1042F00044BF02F10072C2F8EC3010BD001008405B
:104300000010084437B5204D0C4641B90A46072134
:10431000FFF7C2FF1D4B2C635C6003B030BD07226A
:104320001146FFF7B9FF1A4B07225A60237985F827
:10433000303063790193012101A80DF0BAFE019B91
:10434000C2B2D34000F00F0040EA031085F83100FC
:10435000A27985F83220E27985F8332020686863F5
:1043600083B1028801218B4205D82379013B134494
:10437000084A9361D1E730F81150AA4228BF2A4673
:104380000131F0E71A46F0E7001F0021301F00213D
:10439000000008440000084010B5054C237823B104
:1043A00001F0D0FB0020207010BD0320FCE700BF0F
:1043B000DC1F002008B501F0AFFB024B01221A7090
:1043C000002008BDDC1F0020431C07D0044B6FF009
:1043D000FF029A6103F1007310409861704700BFBB
:1043E0000070084400F01803182B0AD003070AD401
:1043F00010F0100040F2011318BF1846034BD864A8
:1044000070470020FAE70120F8E700BF001F0021F5
:10441000344B2DE9F7431E6801F4007900F00103E5
:10442000174653EA090205460C462ED04FF0000805
:1044300003B30023002201200021CDE90088FEF70C
:10444000FDFD41463046FEF77BF841467083012072
:10445000FBF7FCFF716B06F1A400FEF7EFF82249B1
:104460000868FFF7B1FF4FF0FF330B60337C43F078
:1044700004033374B9F1000F07D0012130460DF069
:1044800020FA24F4007405430C43D6E93E232A4065
:10449000234052EA030103D0144930460968884793
:1044A000FB070FD51249134A0868136800211160F1
:1044B000114A0121117003B19847104B00215B682C
:1044C0000220984717F00E0F08D040F2F3123B215C
:1044D000002003B0BDE8F043FCF762B903B0BDE8CB
:1044E000F08300BFD0190020F40B0020F80B00204F
:1044F000B01C0020B41C0020DE1F0020D00B0020C8
:10450000F7B50446D4E93EC71046DDE908268CEA33
:10451000020587EA06010540194085EA0C05794045
:10452000C4E93E5123F4004106EA010320F00100F2
:10453000002543F40073024043F00203CDE9005527
:10454000FEF77CFD237C9A0717D5D4F8FC309B0539
:1045500013D54FF4881120460DF0B3F9237C65F391
:1045600041032374D4E93E2302400B4052EA030185
:1045700003D00349204609688847002003B0F0BDF6
:10458000F80B002038B10368044A002B08BF13461B
:10459000034A13607047014BFAE700BFB71D0300E1
:1045A000F80B0020024B986B00F00F00704700BF23
:1045B000001F00210F2938B505460C460ED801F022
:1045C00043F801280CD1074A936B23F00F032343D0
:1045D000936328460DF01FFD002038BD0120FCE745
:1045E0000220FAE7001F0021014BD86B704700BF83
:1045F000001F0021014B0020D9637047001F0021DC
:1046000003282DE9F7434CD8274B13F80080274B9C
:104610001E5C274B13F8009003F0C0FA0746FEF724
:10462000C3FE054640B10023CDE90033002200233C
:1046300001200021FEF702FDFEF7BEFE48B1002377
:10464000CDE900330022002300204FF40041FEF7A3
:10465000F5FC26B3174B5C6C04F00804164B31468E
:104660005C644046FFF7B8F84A4631464046FFF7DB
:1046700015F9124B5C6465B1114B1868416BA4309D
:10468000FDF7DCFF0F490868FFF79EFE4FF0FF3390
:104690000B60384603B0BDE8F04303F083BA3446FC
:1046A000DCE703B0BDE8F083DC3D0300D83D030048
:1046B000D43D030000000840000008440000084604
:1046C000D0190020F40B0020104AD2F8883013F0E3
:1046D000A00F16D1D2F88C0010F0040013D10C4BAF
:1046E000D3F8E43E23F07F4323F0FF035BB153682C
:1046F000C3F30362092A07D0B2F10C0018BF0120EE
:104700007047002070470120704700BF00400840FC
:104710000010002170B50D4616460BB1FFF7DAFD0B
:104720000A480368026A03F00703063301249C4029
:10473000C2F30C03E41AA4B2B44228BF34462246A2
:104740002946FCF725FC204670BD00BF001008403C
:1047500070B50D46064620B9194B1B68A3B103205E
:1047600011E000F071FF012828D1164B93F90040A9
:10477000C4F11C04641BC4F11C03002BB8BF5B42D2
:10478000232B0CDD012070BD81EAE173A3EBE17303
:10479000DBB2232BF6D80B4B19700020F3E7B5746E
:1047A00003F0FCF9084A5369E40223F4FF2304F4FC
:1047B000FF241C43546103F0F5F9EEE70220E2E721
:1047C000D0190020DB1F00200070084090F8C23094
:1047D00053B9074BDA69920208D49B6F13F4706FD8
:1047E00014BF01200020704700207047012070474F
:1047F00000600840F8B5436B02EA010523EA0103B3
:104800002B434363344A01F00B030C4623EA0501B2
:10481000516402F100722B4061070646536411D5C2
:104820000121FFF7D3FF68B1FEF76CFF15F0040F0D
:1048300014BF2A4A2A4A4FF40073D361294B042239
:10484000C3F88820E20606D515F0100F264B14BFDA
:1048500000221B22DA6423061DD52F0616D51F4B16
:104860004FF400129A6103F17E430122C3F8F8204D
:1048700003F094F90E2107460320FDF74FFE1A4B73
:1048800040F201225A62384603F08CF9294606F1BB
:10489000A400FDF7D3FEE00503D5E90516D5FDF725
:1048A00007FEA20503D5AB0513D5FDF711FE14F0E5
:1048B000600F09D0D6F8941030460DF07DFA0B4BFE
:1048C00098640B4B80229A600020F8BDFDF7E8FD4C
:1048D000E7E7FDF7F5FDEAE7000008440060084659
:1048E000006008440040084400000840001F002108
:1048F00000400840014B1868704700BFAC1C002006
:1049000037B5012300240022CDE9003400231046EE
:104910001946FEF793FB0220FDF7D6F9054D064B2D
:1049200021461C6002206B6898472B6803B0BDE8E5
:1049300030401847D00B0020B41C00202DE9FF4167
:10494000022903900C461546984605D1FFF7D8FF7B
:10495000002004B0BDE8F081194E03F01FF9336860
:1049600007463BB1AB4205D003F01CF9002333608E
:104970000120EEE7134B3560C3F8008001230022CD
:10498000CDE90033002310461946FEF757FB0E4BC6
:10499000002502201D70FDF797F922462B4603A93A
:1049A0000220FDF7AFF9094B039A1A60084B1B6808
:1049B00004469847384603F0F5F8002CC8D1D5E7EF
:1049C000B41C0020B01C0020DE1F0020AC1C002006
:1049D000D00B0020044BDB6D5B055ABF034B1878EE
:1049E000012000F00100704700500840DE1F002049
:1049F000014B98690DF077B900600840014B986948
:104A00000DF087B90060084070B50E4603F0C6F897
:104A1000054600F03DFE044620B1284603F0C2F8EA
:104A2000204670BDFEF76EFE114B3278D3F8E43E9F
:104A3000022A23F0F00316D0101F424242415200D6
:104A400043EA02137278022A0FD0111F4A424A41E8
:104A5000520043EA8213064AC2F8E43E054B0422A0
:104A6000C3F88820D9E70122EAE70122F1E700BF75
:104A7000001000210040084470B50E4603F08EF887
:104A8000054600F01DFE044620B1284603F08AF8D2
:104A9000204670BDFEF736FE104B3278D3F8E43E68
:104AA000022A23F00F0315D0101F42424241520048
:104AB00013437278022A0FD0111F4A424A41520012
:104AC00043EA8203054AC2F8E43E054B0422C3F8D8
:104AD0008820DAE70122EBE70122F1E7001000214C
:104AE00000400844F8B50E7890F8D070044630467F
:104AF0000D46FCF7E5FC002844D094F8D030B342D2
:104B000008D1AA88636C9A4204D16A88B4F8D2307A
:104B10009A4235D084F8D060AB88A4F8D4306B8842
:104B2000A4F8D230AB886364FF23637530460DF080
:104B30007EF804F1D00520752846FCF7A5FF10BBD0
:104B40002846FCF7B3FCF0B9D4F8903053B194F890
:104B5000D010B94206D0B3F912202046E9F78EFFF3
:104B600084F8D9002046FCF791FE0949A4F8D40046
:104B7000084AD1F8F810012304F1A400FEF704F864
:104B80000020F8BD01200E2384F8D030F9E700BFE3
:104B9000001F00216C1F002170B5054690F8D00061
:104BA0000E280C461DD0FF291DD01AB10F4B4FF017
:104BB000FF321A600DF03BF8064695F8D000FCF77E
:104BC00029FD844228BF0446E4B2B44238BF3446CB
:104BD000E0B26875FCF7BAFDA0F1FF0358425841F6
:104BE00070BD0220FCE70120FAE700BFD80B0020CF
:104BF000C36B012B01D10020704770B5364BD0F844
:104C00009060D3F8F830C0F8943086B03146058B08
:104C100004460DF0A3F8B3898DF80600D6E901210A
:104C2000EB1A9BB201FB032268460021ADF8043069
:104C30000092FDF79BFE38B9284B228BDA63FCF714
:104C4000F1FE20B106B070BD022006B070BD227C1E
:104C500060F3410222740DF044F8D4F890305969A1
:104C6000431EDBB209680291FD2B02460BD9CD1C15
:104C700009D91B4B01311B680CD0D81C07D802A9DD
:104C80002046029301E002A920460CF0A6FF002076
:104C900006B070BDD91C04D802A9204602930CF0BE
:104CA0009CFFD4F8FC309B0504D4237C43F0020322
:104CB0002374ECE74FF4803120460CF002FED4E977
:104CC0003E2302400B4052EA0301E0D00549204652
:104CD00009688847DBE700BF001F0021003008405B
:104CE000E00B0020F80B002038B590F8DC400546BA
:104CF000ACB102F053FF0A4B1F22DA61013C03F111
:104D000000731440DC6103F17A43D5F8E0201A66A1
:104D1000D5F8E4205A66BDE8384002F043BF38BDFC
:104D2000006008442DE9F74F06461546084619B9B4
:104D3000012003B0BDE8F08F002AF9D0032904D880
:104D40000021FCF7DFFA0028F2D08278048803798A
:104D500090F805B0C788B0F90000002802F00701FC
:104D6000C0F2D180A1F1070CDCF1000040EB0C0097
:104D7000052928738CBFC2F300100020C2F3801CE9
:104D80006873900985F810C000F00200C2F3C00CEF
:104D900040EA0C00C2F340126874AA74AF820BB9E7
:104DA00096F8CA30013BDBB2EB74736BD80600F1A6
:104DB00096800639012900F29280544BDB6C544BEB
:104DC0005A6B1B6B03F0070306334FF0010909FA16
:104DD00003F909F1FF39083C42F0005804EA0904DC
:104DE000002318F804A0AB60013404EA0904631D31
:104DF00003EA09035A1C02EA090218F8037018F8BA
:104E00000220BAF1800F47EA0227727C18BFAAF18C
:104E1000320A3BB214BF4FFA8AFA6FF07F0AC7F327
:104E20000B079AB30020D6F89C300BB15146984737
:104E3000631C03EA0903E87385F80EA018F8031051
:104E4000013303EA090318F80320013303EA0903D5
:104E500041EA022118F80320013303EA090341EA79
:104E6000024118F803006A7C002341EA00613046E1
:104E7000FDF768FF2860737C042B03D1022FDCBF91
:104E8000013028600423AB71002052E7D90422D5F9
:104E9000D6F894209AB11368022B10D992F8240006
:104EA000FB0008B1B3FBF0F39B45BBD8002BB9D096
:104EB000CBEB0B20B0FBF3F0C043C0B2B3E73046FE
:104EC0000CF0B8FF019030460CF0A4FF019BB3FB3F
:104ED000F0F0C0B2E4E718F804004000EDE700236A
:104EE000EB730C4BDA68C2F30723120448BF63F07C
:104EF000FF035AB212F1800F1CBF323B5AB200239B
:104F0000AA732B60BFE7022013E700BF0000084030
:104F1000001008400070084070B50A4B0A4DD3F8E5
:104F2000EC604FF48064C5F8EC400020FEF792FC82
:104F30004FF400536B65730544BF044BC3F8EC405A
:104F400070BD00BF00100840001008440010084663
:104F5000082318B1024AC2F888307047014AFAE7BC
:104F60000040084600400844F8B504460E4641B9E2
:104F7000037C5A0641BF4FF6FF7261F386138283AA
:104F800003743C4BD4F894701B680BB120469847CF
:104F9000394BA18BD3F8842012F4E05F04BF2022A8
:104FA000C3F810224FF6FF73994204D0334B1B68AD
:104FB0000BB120469847324DD4F894102A6891429C
:104FC00007D020460CF0F8FE2E4B98642E4B802024
:104FD0009860974245D02D4B1B684BB11FB13A6882
:104FE000002A40D0BF68394620469847D4F894102C
:104FF00008460CF0F9FE30B32549FDF743FD0727BD
:105000002046FCF743FC16B3224B94F9122093F987
:1050100000302149D4F89400C3F11C039B1A4A695B
:10502000DB0222F4FF2203F4FF2313431B4A4B61EC
:105030001B4B286006211167204601221A700CF0D4
:10504000EAFF0020F8BD20460CF095FBD4E70D4B9D
:105050000F4AD3F8F81004F1A4003B46FDF794FD85
:10506000D2E70127CCE71746394620469847D4F8BF
:105070009410BDE7C01C002000600840A81C002060
:10508000A01C0020001F002100400840A41C00209C
:105090006C1F0021DB1F0020007008400000084446
:1050A000DD1F0020B1F5007F38B50C461BD200F0A3
:1050B000CBFA0128054618D1E8F77EFC00221146FC
:1050C0000220E8F7ADFB0A4B0A4A1A6303F10073AA
:1050D000E40202201C632A462946E8F7A1FBE8F710
:1050E0003BFC002038BD0120FCE70220FAE700BFAE
:1050F00000400E4400F80F000248482200210DF045
:1051000089B800BFE81E0021002373B583746423AF
:10511000C0E92C33C0E92E334FF0FF35C0F8AC3076
:10512000A0F8C0300E264FF6FF73C0E9075580F88F
:10513000D06045648582837504461120E8F736F90E
:10514000042834D11B4B5B6813F4403F2FD1204619
:10515000FEF73AF92046FFF7CFFF94F912102046E8
:10516000FFF7F6FA144A6023536402F5805240F6C2
:10517000FF7151625165114A5364114B4022C3F8CB
:105180008820626B29462046FFF734FB002240F25C
:10519000022310461946CDE90066FDF74FFFFCF7E4
:1051A00023FA204602B0BDE87040FBF7D5BA0220D2
:1051B00002B070BD00300E400000084000000846FC
:1051C0000040084470B50C68B0F8D4208D680346E0
:1051D000013404BFD3F8AC400C604C68013404BF08
:1051E000D3F8B8404C606E1C00F1A40038D1D3F85D
:1051F000B440CE688C60751C38D1D3F8B0500E69BD
:10520000CD60013604BFD3F8A4600E614E6901364B
:1052100004BFD3F8A8604E618E69013604BFD3F88D
:10522000BC608E618E693EB34132B24238BF3246B5
:105230000E688A61C3F8B4404C68C3E92E420A691B
:10524000C3F8A4204A690D49C3F8A820C3E92B6517
:105250000B4AD1F8F8100723FDF796FC002070BD2B
:1052600002F14104AC4238BF2C46C2E702F16405AA
:10527000B54238BF3546C2E76422D9E7001F002196
:105280006C1F002138B5084D04462868003818BF47
:105290000120621C214600F033FC2B68003B18BF44
:1052A0000123A370002038BDB81C002038B5054C80
:1052B000054B417800782568236000F0D9FB00B1E8
:1052C000256038BDB81C0020E83D030070B502F031
:1052D00065FC0C4E054600F0B7F9012804D02846BD
:1052E00002F060FC022070BD736813F0706FC3F3AE
:1052F0000364F0D1F36BDB06EDD5284602F052FCD7
:105300002046F0E700400840074B1B684BB10028DF
:10531000064A074B08BF00231360064B1870002095
:1053200070470220704700BFB81C0020BC1C002042
:10533000E03D0300DF1F0020014B1878704700BFDD
:10534000DF1F002038B502F029FC0B4A13884FF606
:10535000FF718B4203D102F025FC032038BD074CBE
:10536000074DE56504F100741B04E365118002F04C
:1053700019FC0020F2E700BFE20C002000600844A6
:105380000000FFFF2DE9F34105460F461446FFF7E5
:105390009BF980B1DFF81882D8F80C30DE0740F1B5
:1053A000EA8002F0FBFB06460320FCF7B7FD38B1AC
:1053B000304602F0F7FB0226304602B0BDE8F0812D
:1053C000D8F80C3013F0060FF2D1304602F0EAFBA9
:1053D0006A4B4FF400612846D3F8E48ED3F8C46ECC
:1053E000FEF76EFF40B1664B4FF400720121C3F827
:1053F00088200846FBF72AF839462846FBF778F953
:105400005E4BC3F8C46EC3F8E48E06460028D3D1C1
:105410002B7CD80601D4002C66D0C4F34000FEF7E4
:1054200037F914F4807F14BF564A554A4FF00203EF
:105430001BBFC2F88830544AC2F8883000211CBF14
:10544000D16093624D4BD3F8BC7EFEF75BF94F4AB7
:1054500014F0040F07EA02034FF480616BD04C484C
:105460009342C16106D14B4A92F8D03043F0020317
:1054700082F8D030424B042214F0400FC3F8882049
:1054800014BF454A454A40232046C2F88030FEF703
:10549000A9FF28460CF01FFD40B114F0010F14BF06
:1054A000384A374A4FF48073C2F88830A1064CD589
:1054B0006B8C4FF6FF7293420FD0394A3949D26D47
:1054C000100CC2F30112088001323749B3FBF2F32A
:1054D0002F4A3648C8651B04D3652B7C003C18BF97
:1054E000012464F304132B7428460CF091FDF0B1F1
:1054F00028460CF0F0FCD0B14FF400312846FEF7FE
:10550000DFFE431C9BB203221F4801A90CF03AFBAB
:105510009DF8042002F00703052B9DF805301DD1EE
:10552000120715D443F480731A4AC2F8CC30002015
:105530000CF06AFB40E71C489342C1619AD1154ABE
:1055400092F8D03023F0020392E7FFF7FBFEC4E7A6
:1055500013F0040F09D19DF80630E3E703F03002A1
:10556000202A05D113F0010FF4E74FF48073DBE735
:105570009DF80630D8E703261EE700BF0010002183
:1055800000400844004008460010084080000040E9
:1055900000600846001E00210070084600700844A4
:1055A00000600840E20C0020006008440000FFFF9B
:1055B0000050084008B5094BD3F8B4305A1C0BD042
:1055C0005B0009D40320FFF71BF8054B4FF0806206
:1055D000C3F894200122DA6008BD00BF0081E00F0B
:1055E00000400846054BD3F8880003F180634FF470
:1055F0000022C3F88820C0F3C04070470040084034
:10560000014B024A1A607047A41C002005430200A7
:10561000024BD86800F00100704700BF00500840FE
:10562000084BDA68D10707D508B9FCF727BBDB6858
:10563000DA0706D4FCF714BBDB68DB0701D40028CB
:10564000F8D17047005008400F4B5B68C3F3036309
:10565000013B0B2B0FD8DFE803F006060C0606060D
:1056600006080A0808080220704704207047052031
:10567000704703207047054BDB6813F0060F0CBF23
:1056800001200420704700BF00400840005008403F
:105690000A4A5368C3F303630B2B08D06FF490508E
:1056A000184100F0010080F0010040007047D2F87E
:1056B000880010F48030ECD1704700BF00400840F3
:1056C0000C4A5368C3F30363062B07D8042BD8B2E4
:1056D0000CD8C31E5842584140007047072B07D1D1
:1056E000D2F8440110F00050EBD17047022070470F
:1056F000002070470040084008B5437C033BDBB204
:10570000072B96BF044A0021D15CFEF773FFBDE86A
:1057100008400120FCF788BDF43D0300012310B5CB
:1057200080F8C2302823C0F8A83004234374054B06
:10573000044619680CF021F82046FFF7DDFF002031
:1057400010BD00BFA0580300012310B580F8C2307F
:105750002823C0F8A83002234374054B0446196877
:105760000CF00BF82046FFF7C7FF002010BD00BF6C
:10577000A4580300F8B5D0F8E0308B4204460D463B
:10578000164601F0010703D190F8DC30202B19D028
:105790004FB3002E14BFAA23552393FAA3F31B0B78
:1057A00003F4702395FAA5F243EA124323642023FD
:1057B00084F8DC300023C4F8E050C4F8E43020461C
:1057C000FFF792FA164A17490F23D365164BDFB13C
:1057D0005EB90120D865C2F8FC10226CC2F3130236
:1057E000C3F8FC20F8BDAA23D7E70220D865C2F889
:1057F000FC10226CC2F31302C3F8FC200B4BE564CF
:105800000222C3F8B820EDE70220D865C2F8FC10E8
:10581000226CC2F31302C3F8FC20002EE2D0EDE7A5
:1058200000600844FFFF0F000060084600100840B9
:10583000134A072310B55363124C134B89B144210B
:10584000E16240F040000121206359634FF480433E
:10585000C2F8A030C2F8A430C2F8A830C2F8AC3008
:1058600010BD4FF48042E16221635963C3F8A02068
:10587000C3F8A420C3F8A820C3F8AC20F0E700BF09
:1058800000000844000008400000084608B5094828
:10589000E7F732FE084A136813F4805F08BF126806
:1058A0004FF0010304BFC2F303229340B0FBF3F0B7
:1058B00008BD00BFA0091400002004402DE9F74FE7
:1058C000DFF8ECB08146DBF800A00F46FCF73CFBAC
:1058D0004FF0FF35CDE9000100202C46064606F1C9
:1058E00010031B015BF8033003F00308B8F1010F4C
:1058F00015D13046FCF740FB02460B46DDE90001BE
:10590000FCF7D0F9DBF85C3006F10802D340DB0786
:1059100037D5002F3ED000253E602C46404601364C
:10592000052EDCD150B3224F396B0131A4FB01416C
:1059300064190AF4403341F10001B3F5003F4FF020
:1059400000022FD1FB6A0AF4405A013342F10006EB
:10595000BAF5805F21D1BD6A15F5807542F100026C
:105960006E4303FB0266A5FB03323244594304FB3A
:105970000212A3FB04341444C9E9003403B0BDE8A7
:10598000F08FA84271EB0403C8D207B13E60054610
:105990000C46C3E73D463C46C0E7320242EA13628A
:1059A0001B02E3E7BB6A13F5807342F10002DDE7F7
:1059B000005008402DE9F84302F0F0F8274C284D3C
:1059C000DFF8A8800646607B030103F1804303F5FE
:1059D000842300221A64AF6EAA66D5F800112161F3
:1059E000217B090441F00301C5F8001101300121B8
:1059F0008140C8F820104FF480716966D8F808100B
:105A000001315964A16002211964A3680133D8F8F7
:105A10000810E86D10F4807913D18B42F7D13AB1B8
:105A2000304602F0BFF8C3221A214846FAF7B8FE02
:105A3000617BA3680B4A09010233A3605350012222
:105A4000E3E74FF480736B66074BAF660122C3F840
:105A500000213046BDE8F84302F0A4B8881C0020BD
:105A600000500840442004400050084400200440F6
:105A70000B2870B53CD802293AD81E4C20736173AC
:105A80004FF48A400121E7F7E5FB637B227B1A494B
:105A90000133143243F4801343F4306341F822306D
:105AA000FCF79AFC4608C507FFF7F0FE0023024604
:105AB0003146284600F02EFA090241EA1061C0F38F
:105AC000C05040EA41000D4B2060986A10F580708C
:105AD00005D14FF4E1722B21FAF762FE0220024653
:105AE00000230020012100F015FA6060002070BD45
:105AF0000120FCE7881C002000600E400050084098
:105B000028B1044B187B0870587B1070704707232E
:105B10000B70FAE7881C002010B502F03FF804462D
:105B2000FFF748FF054B02225A60054B0122204631
:105B3000BDE810401A7002F035B800BF00500840B0
:105B4000E01F00200C490B78A3B10C4B5A7B0123BA
:105B5000013293400A4A53620A4B4FF08042C3F825
:105B6000802100230B70084BD3F80C01D3F80411EB
:105B700000F0A6B8704700BFE01F0020881C00207E
:105B80000020044400E100E00050084010B5044645
:105B9000FFF77CFE604300F5F420034B00F59070A6
:105BA000B0FBF3F010BD00BF40420F002DE9F04FF5
:105BB00085B0FFF7EBFF044601F0F0FFDFF8F89047
:105BC000DFF8F8800021054602A889F80010FFF7E9
:105BD00075FE354BD8F808605B6813F0706F1ED106
:105BE000DFF8C8A0DAF80C7017F0060717D1E0B19B
:105BF000FCF7F2FB611DA1FB00B10191FFF746FE2E
:105C00003B4602460199584600F084F9DDE902B3AB
:105C1000090241EA10610002584599410ED3284615
:105C200005B0BDE8F04F01F0BDBFFFF7C3FE1F4B4D
:105C300002225A60012389F80030F0E70193FFF750
:105C4000B9FEFFF723FE019B4FEA1B2242EA0362E3
:105C5000A0FB02B21B0A00FB03210191FCF7BCFB75
:105C6000019902463B46584600F054F910494A7BD8
:105C70001301013403F18043361B03F584230644EA
:105C80005E64561C0122B2400A4EC8F8202072629F
:105C9000D8F808205B6C241AD31AA342C7D20B6928
:105CA000CAF80031BBE700BF004008400050084080
:105CB000881C002000200446E01F00200020044033
:105CC0002DE9F74F8B4CDFF83C82637B0191043365
:105CD0001B01002748F80370237B874A1B0593604C
:105CE0004FF400339360854B02225A60D8F8083095
:105CF00005465E1E9B1B002B40F3CB800137022F15
:105D00004DD9DB220D210020FAF74AFD7B4E7C4A5B
:105D10004FF0807373662369C6F80031237B1B053F
:105D200043F400339360637B764A04331B01002401
:105D3000D45001F033FFB769D6F85CC02246234641
:105D40004FF4807E02F110010901715801F0030146
:105D5000012910D10EFA02F111EA0C0F0BD106EB5A
:105D60000214AF42D4F80C41C0F09B80A54202D28D
:105D7000A74280F099800132052AE3D1624D29685B
:105D8000012940F294802BB15A49CA8A1A43CA8227
:105D90005A4A136603B0BDE8F04F01F003BF637BBE
:105DA00004331B01002248F8032001F0F7FE534999
:105DB00000904FF080734B6694F80DC0D8F80860DF
:105DC0004FEA0C1C0CF1804C0CF5842C0136CCF8FD
:105DD00044600B68D80356D5A36822680198F31A6B
:105DE000A3FB02AE8B6A03F580796368AEFB0321E7
:105DF000AAFB03B39B1841F10001A9FB032BBAEBEB
:105E0000020209FB01BB6EEB0B0E120A42EA0E62A4
:105E10000244B2EB192F4FEA192E04D3013341F19A
:105E20000001A2EB0E02AEF1040E7245DFF8CC9039
:105E300028BF7246C9F81020627DD9F818E0EB1827
:105E4000D2B241F100017545D9F830E084BF02F1CA
:105E5000FF32D2B2BEF1FF3F0ED04FF0000A0EF17A
:105E600001099E457AEB010B08D20132B3EB09031D
:105E7000D2B261F10001F4E70A44D2B202F00302A7
:105E800062751E4A936102230098CCF8403001F0FD
:105E900089FE1A4AD8F80830D26DD2017FF52AAFB0
:105EA00034E7A542BFF464AF19438BB263E7174AE6
:105EB0001478142C01BF0024154E1470347014781B
:105EC00001341470002B3FF465AF0A4EF48A1C4372
:105ED000F4820A4C23660E4C23780133DBB2022B8A
:105EE00023707FF457AF00230131296013702370B2
:105EF00050E700BF881C00200050084600500840B2
:105F000000500844002004402C1C0020E21F002008
:105F1000E11F002053B94AB9002908BF00281CBF5F
:105F20004FF0FF314FF0FF3000F06AB9ADF1080CCF
:105F30006DE904CE00F006F8DDF804E0DDE90223A7
:105F400004B070472DE9F047089D0C46002B4ED158
:105F500094468C458646B2FA82F262D94AB1C2F1C1
:105F60002003914020FA03F30CFA02FC194300FAD3
:105F700002FE4FEA1C471FFA8CF6B1FBF7F44FEA1A
:105F80001E4307FB141143EA014304FB06F1994247
:105F90000AD91CEB030304F1FF3080F0138199420E
:105FA00040F21081023C6344591A1FFA8EF3B1FB90
:105FB000F7F007FB101143EA014300FB06F69E428F
:105FC0000AD91CEB030300F1FF3180F0FD809E42F3
:105FD00040F2FA80634402389B1B40EA04400021EF
:105FE0001DB1D3400022C5E90032BDE8F0878B42E5
:105FF00005D90DB1C5E9000100210846F5E7B3FA5E
:1060000083F1002946D1A34202D39042C0F0F1802F
:10601000861A64EB03030120002DE6D0C5E9006376
:10602000E3E7002A40F09180A1EB0C044FEA1C4802
:106030001FFA8CF70121B4FBF8F64FEA1E4308FB68
:10604000164443EA044307FB06F0984208D91CEBC8
:10605000030306F1FF3402D2984200F2CE802646B6
:106060001C1A1FFA8EF3B4FBF8F008FB104443EA45
:10607000044300FB07F79F4208D91CEB030300F120
:10608000FF3402D29F4200F2B1802046DB1B40EA7F
:106090000640A5E7C1F120068B4022FA06F71F4310
:1060A00020FA06FC04FA01F343EA0C03F44000FA78
:1060B00001F8380C4FEA1349B4FBF0FE1FFA87FCD5
:1060C00000FB1E4449EA04440EFB0CF9A14502FA08
:1060D00001F20AD93C190EF1FF3A80F08580A14502
:1060E00040F28280AEF1020E3C44A4EB09041FFA98
:1060F00083F9B4FBF0F300FB134449EA044403FBC7
:106100000CFCA44507D93C1903F1FF3068D2A44523
:1061100066D9023B3C4443EA0E40A0FB0293A4EB49
:106120000C049C42CE469C4652D34FD055B1B8EB9E
:106130000E0364EB0C0404FA06F6CB40CC401E437D
:10614000C5E900640021BDE8F087C2F1200320FA10
:1061500003F10CFA02FC24FA03F394400C434FEAD7
:106160001C4800FA02FE1FFA8CF7B3FBF8F008FB9C
:106170001031230C43EA014300FB07F1994208D98F
:106180001CEB030300F1FF362CD299422AD90238C6
:1061900063445B1AA4B2B3FBF8F108FB113344EA81
:1061A000034401FB07F3A34208D91CEB040401F1EB
:1061B000FF3613D2A34211D902396444E41A41EAEA
:1061C000004138E70446EFE6084605E7C845ADD28A
:1061D000B9EB020E63EB070C0138A7E73146EDE798
:1061E000034698E73046D4E7D6467EE76344023854
:1061F0004CE70646234608460EE7023E63442FE777
:10620000704700BF024B0A46014618680BF063BF97
:10621000100C002008B5064B044613B10021AFF363
:106220000080044B1B6803B19847204602F013FA24
:1062300000000000041E0020024B0146186800F018
:106240002DB800BF100C0020024B0146186800F06A
:1062500085BA00BF100C002070B50F4E0C46316897
:10626000054611B900F034FA30602146284600F0A6
:106270002FFA431C03D14FF0FF34204670BDC41CDD
:1062800024F00304A042F8D0211A284600F020FA96
:106290000130F2D1EFE700BFC41C00202DE9F0412E
:1062A000CD1C25F0030508350C2D38BF0C25002D1D
:1062B000064601DBA94204D90C2333600020BDE867
:1062C000F081314F00F062F83B681C4644BB294620
:1062D0003046FFF7C1FF431C044650D13C682146BD
:1062E000002941D1002C44D02368304604EB030838
:1062F00000F0EEF980453CD121686D1A2946304600
:10630000FFF7AAFF013034D023682B4423603B6899
:10631000002B36D05A68A24229D100225A600EE0E2
:106320002268521B1DD40B2A16D96119A34225607D
:1063300018BF5960636808BF396062514B603046CE
:1063400000F02AF804F10B00231D20F00700C21A08
:10635000B5D01B1AA350B2E7A3426268DED13A60FF
:10636000EDE723466468B1E70C464968B8E7134691
:10637000CEE70C233360304600F00EF89EE7056050
:10638000DDE75B60FFDE00BFC81C002001480BF0AA
:106390004ABF00BFE31F002001480BF045BF00BF0C
:1063A000E31F0020002310B50446C0E90033C0E914
:1063B0000433836081814366C28183611946082268
:1063C0005C300BF027FF0D4B63620D4BA3620D4B4E
:1063D000E3620D4B23630D4B24629C4206D003F114
:1063E0006802944202D0D0339C4205D104F1580097
:1063F000BDE810400BF016BF10BD00BF3B210300ED
:106400005D21030095210300B9210300CC1C00206D
:10641000024A034903480BF072BE00BF040C00207F
:106420007B240300140C002041680C4B994210B5EA
:10643000044601D00CF021F8A168094B994202D022
:1064400020460CF01AF8E168064B994204D0204629
:10645000BDE810400CF011B810BD00BFCC1C0020EE
:10646000341D00209C1D002010B50B4B0B4C0C4A1A
:106470001A60204600220421FFF794FF04F168000F
:1064800001220921FFF78EFF04F1D0000222BDE8AE
:1064900010401221FFF786BF041E0020CC1C0020F4
:1064A0001164020001480BF0BEBE00BFE41F0020D3
:1064B00001480BF0B9BE00BFE41F002010B5044630
:1064C000FFF7F0FF236A1BB1BDE81040FFF7F0BFF4
:1064D000044B2362044B1B68002BF5D1FFF7C4FF6C
:1064E000F2E700BF29640200041E00202DE9F743F3
:1064F0001D46574B1F6804460E46904627B13B6A1F
:1065000013B93846FFF7DAFFB8F1020F06D0B8F139
:10651000010F00F29A80002DC0F29780636ED907B8
:1065200005D4A3899A0502D4A06D0BF07CFE214608
:1065300038460BF0A2FF616B41B104F1440399426C
:1065400002D0384600F00AF9002363630023A361F8
:106550006360A3891B0603D52169384600F0FEF865
:10656000A38923F44A6323F00303B8F1020FA38144
:1065700061D001AB6A46214638460BF0A6FFA389DD
:106580001843A0812DBB009D2846FFF755FE064607
:10659000002852D1DDF80090A94540D14FF0FF35D9
:1065A000B4F90C3043F00202A2810022A26004F18F
:1065B00047022260226101226261626ED60704D422
:1065C000980502D4A06D0BF02FFE284603B0BDE85D
:1065D000F083002ED8D03B6A13B93846FFF76EFF20
:1065E000B8F1010F08BFA389266004BF43F001037F
:1065F000A381B4F90C3013F00802C4E904651ED07D
:10660000D90741BF00226D42A260A56158BFA560B5
:10661000626ED20701D49B0513D50025D5E7484605
:10662000FFF70AFE06460028B8D0A38943F080038E
:10663000A3814D46CFE70025B2E7A946F5E7A26062
:10664000E6E7A06D0BF0F0FDE7E74FF0FF35BCE7A4
:10665000100C00200B46034902460868816800F0D0
:10666000C7B800BF100C002038B5064D0023044603
:1066700008462B6001F0EDFF431C02D12B6803B1EB
:10668000236038BD081E002038B5074D0446084673
:10669000114600222A601A4601F0E5FF431C02D190
:1066A0002B6803B1236038BD081E002038B5074DA4
:1066B00004460846114600222A601A4601F0D5FF1A
:1066C000431C02D12B6803B1236038BD081E002093
:1066D00038B5064D0023044608462B60E6F7E6F978
:1066E000431C02D12B6803B1236038BD081E002073
:1066F00038B5074D04460846114600222A601A465E
:1067000001F0C1FF431C02D12B6803B1236038BDE7
:10671000081E002070B50D4D0D4C641BA410002602
:10672000A64209D10B4D0C4C0CF09AFC641BA41032
:106730000026A64205D170BD55F8043B98470136A6
:10674000EEE755F8043B98470136F2E71C0D0020B0
:106750001C0D00201C0D0020200D002038B5054622
:10676000002941D051F8043C0C1F002BB8BFE4189D
:10677000FFF70CFE1D4A136833B9636014602846A6
:10678000BDE83840FFF708BEA34208D920682118A9
:106790008B4201BF19685B6809182160EDE71A4652
:1067A0005B680BB1A342FAD911685018A0420BD113
:1067B00020680144501883421160E0D118685B687A
:1067C000536008441060DAE702D90C232B60D6E747
:1067D000206821188B4204BF19685B68636004BF9E
:1067E000091821605460CAE738BD00BFC81C0020EA
:1067F0002DE9F04F0D469DB014469846064618B157
:10680000036A0BB9FFF75AFE6B6ED90705D4AB8943
:106810009A0502D4A86D0BF006FDAB891B0701D5C4
:106820002B699BB92946304600F026FA70B16B6E91
:10683000DC0704D54FF0FF301DB0BDE8F08FAB8909
:106840009805F7D4A86D0BF0EFFCF3E7002309934C
:1068500020238DF82930CDF80C803023DFF8AC816F
:106860008DF82A304FF0010923469A4613F8012B80
:106870000AB1252AF9D1BAEB040B0BD05B462246AC
:10688000294630460BF0F6FC013000F0A780099A4B
:106890005A4409929AF80030002B00F09F800023A0
:1068A0004FF0FF32CDE905230AF1010A0493079363
:1068B0008DF853301A935446052214F8011B53489F
:1068C000E5F72EF8049AD8B9D10644BF20238DF8F5
:1068D0005330130744BF2B238DF853309AF8003000
:1068E0002A2B15D0079A544600204FF00A0C214657
:1068F00011F8013B303B092B4BD9B0B1079214E0A2
:10690000A0EB080309FA03F313430493A246D2E76A
:10691000039B191D1B680391002BBBBF5B4242F018
:10692000020207930793B8BF049223782E2B0AD153
:1069300063782A2B32D1039B1A1D1B68039243EA0A
:10694000E37302340593DFF8D4A021780322504684
:10695000E4F7E6FF38B1049BA0EB0A004022824036
:1069600013430134049314F8011B29488DF82810AF
:106970000622E4F7D5FF00283FD0264B1BBB039B24
:10698000073323F0070308330393099B3B44099320
:106990006AE70CFB02320C460120A8E70023013411
:1069A000059319464FF00A0C204610F8012B303A97
:1069B000092A03D9002BC6D00591C4E70CFB01219D
:1069C00004460123F0E703AB00932A46124B04A9C7
:1069D0003046AFF300800746781CD6D16B6ED907DE
:1069E00005D4AB899A0502D4A86D0BF01DFCAB89C8
:1069F0005B063FF51FAF09981EE703AB00932A46DD
:106A0000054B04A9304600F00BF8E4E71A5E0300DA
:106A1000245E03000000000075220300205E0300D6
:106A20002DE9FF470F7E0C9E782F914680460C463D
:106A30009A4601F1430207D8622F0AD8002F00F0CE
:106A4000DD80582F00F0C38004F1420684F84270C4
:106A50003AE0A7F16303152BF6D801A151F823F012
:106A6000B96A0200CD6A0200496A0200496A02005E
:106A7000496A0200496A0200CD6A0200496A0200BE
:106A8000496A0200496A0200496A0200E36B020097
:106A90005B6B02009B6B0200496A0200496A0200BC
:106AA000056C0200496A02005B6B0200496A020041
:106AB000496A0200A36B020033681A1D1B6832602A
:106AC00004F1420684F842300123A8E031682368CB
:106AD000081D30601E0601D50D6803E05D06FBD57C
:106AE000B1F900506168002D78DA2D20002984F872
:106AF0004300A1602DDA5E486D420A231646B5FBBD
:106B0000F3F103FB1157C75D06F8017D2F46BB4229
:106B10000D46F4D9082B0BD12368DF0708D523696C
:106B200061689942DEBF302306F8013C06F1FF366A
:106B3000921B2261CDF800A04B4603AA2146404695
:106B40000BF0AAFB01306FD14FF0FF3004B0BDE86D
:106B5000F08723F004032360CDE72168336808063B
:106B600053F8045B02D4490648BFADB26F2F4048CA
:106B7000336014BF0A230823002184F84310666899
:106B8000A660002EBADB216821F004012160002DEF
:106B9000B4D1002EB2D11646BCE7236843F02003DF
:106BA00023603448782784F84570236831681F06CD
:106BB00051F8045B02D45F0648BFADB23160D9071B
:106BC00044BF43F0200323601DB11023D4E72848BD
:106BD000E9E7236823F020032360F6E724480A232B
:106BE000CDE7336825686169181D30602E061B6883
:106BF00001D5196002E06806FBD5198000232361E6
:106C0000164697E733681A1D32601E6862680021D5
:106C10003046E4F785FE08B1801B6060636823613D
:106C2000002384F8433085E72369324649464046CD
:106C3000D047013088D023689B0714D4E068039BB9
:106C40009842B8BF184681E701233246494640467C
:106C5000D04701303FF478AF0135E36803995B1A00
:106C6000AB42F1DCEAE7002504F11906F5E700BFC5
:106C70002B5E03003C5E030038B5294B05461868BF
:106C80000C4618B1036A0BB9FFF718FCB4F90C30C5
:106C9000190722D4DA0607D409222A6043F04003F8
:106CA000A3814FF0FF3033E0580712D5616B41B13B
:106CB00004F14403994202D02846FFF74FFD002318
:106CC0006363A38923F02403A38100236360236902
:106CD0002360A38943F00803A38123694BB9A389E7
:106CE00003F42073B3F5007F03D0214628460BF050
:106CF00012FCB4F90C3013F001020AD00022A26099
:106D000062695242A261226942B913F08000C5D182
:106D100038BD990758BF6269A260F4E70020F7E721
:106D2000100C002038B5074D0023044608461146D4
:106D30002B6001F091FC431C02D12B6803B123604E
:106D400038BD00BF081E002038B5064D002304469C
:106D500008462B6001F085FC431C02D12B6803B16F
:106D6000236038BD081E0020C0F3C7537F3B162B9D
:106D700007EE900A20F000412FDC002B16DB1C49A7
:106D80001941084226D09FED1B7A37EE877AB5EE7F
:106D9000C07AF1EE10FA1DDD002804DD4FF4000288
:106DA00042FA03F3184420EA010070479FED117A7C
:106DB00037EE877AB5EEC07AF1EE10FA0ADD0028D8
:106DC00013DBB7EE007A002914BF17EE100A17EE96
:106DD000900A704717EE900A7047B1F1FF4FF9D350
:106DE00077EEA77A17EE900A70474FF00040704791
:106DF000FFFF7F00CAF24971094A5168C84390FAFF
:106E0000A0F048B1B0FA80F0042805DC01238340EB
:106E10000B43536040B270474FF0FF30704700BFE4
:106E2000341E0020034B044800212822C3E900112E
:106E30000BF0F0B9341E00200C1E002038B50546BA
:106E4000FFF7DAFF04460448294600EBC4000BF0C4
:106E500033FC204638BD00BF0C1E0020C3B2042BFB
:106E600010B515D80B4A042303EBC003134453E8B1
:106E7000002F0A4343E80024002CF8D101220649E0
:106E8000824051E8003F134341E800300028F8D128
:106E900010BD00BF0C1E0020341E0020F7B51A4A9A
:106EA0001A491B4D012608274FF0040C106800B347
:106EB0000B7806FA03F420421DD0E04352E8004F5D
:106EC000044042E8004EBEF1000FF7D117FB03C3A8
:106ED0002B4453E8000F43E800E4002CF9D1019063
:106EE00048B108780B4901AA05EBC0000BF020FC63
:106EF000012003B0F0BD0B78506883423ABF0133E4
:106F0000DBB200230B70D1E7341E0020E51F002008
:106F10000C1E002078563412024B1868003818BF37
:106F200001207047341E002010B5044600F03DFEDD
:106F3000074B1B684BB1DB681B1B002BCCBF00242D
:106F4000012400F038FE204610BD1C46F9E700BFC2
:106F50004C1E002038B5054600F027FE094B1A6884
:106F60004FF0FF341AB900F026FE204638BDD2E9B2
:106F700003310B445B1B23F000439C42526828BF43
:106F80001C46EFE74C1E00202DE9F84F0C9F9DF8A2
:106F90002CA00E4615469946804608B103687BB979
:106FA00037B129463046B84740F20340BDE8F88F74
:106FB000002DF9D0002EF7DB284600F009FCF3E79E
:106FC00000F0F3FD8346504600F0F0F904465846C1
:106FD00000F0F1FD8CB947B129463046B84703208F
:106FE000314600F0BBFB1A20E0E7002DF7D0002E61
:106FF000F5DB284600F0ECFBF1E7C4F80080DFF891
:1070000078800A9B65610025C4E90797A660236123
:1070100084F818A0D8F800306560984709EB00069E
:1070200000F0C3FD07461248E6600268114631B120
:10703000CB689B1B002B13DBCB689E4210D09DB905
:107040000C4B626004601C682CB1D8F80030984783
:10705000FFF780FFA047384600F0ADFD0020A5E710
:107060004B680D461946E2E76B6863606C60F2E7B7
:107070004C1E00203C1E0020441E00202DE9F74F2E
:10708000DFF884B081460D4692461E4600F08DFD25
:10709000DBF8004001904FF000082CB9019803B0D4
:1070A000BDE8F04F00F087BD23684B451CD12DB1E2
:1070B000A3682A6823F00043934215D17EB9636820
:1070C000B8F1000F13D1CBF800300D4B1F6887B11A
:1070D0000C4A12689047FFF73DFFB84709E0606926
:1070E0005146B0470028EAD0A0466468D5E7C8F802
:1070F0000430676820460BF09BFA3C46CDE700BFA2
:107100003C1E0020441E00204C1E0020014B186035
:10711000704700BF3C1E002070B50B4B04460E4666
:1071200015461978094A0A480BF017FF094A002347
:107130001360094A1660094A242115600720224677
:10714000BDE8704000F0B4B8FE1F00204D5E0300A3
:10715000E61F00204C1E0020441E0020401E002080
:107160007FB504461846002303930A4B1B680D465F
:10717000164613B9212004B070BD03A99847002812
:10718000F8D10090039B3246294620460BF083FA43
:10719000F1E700BF401E0020F8B5054610200F465D
:1071A000164600F0F7FA0A4B0446187818B1102278
:1071B00021460BF0D5FE44B10123E3602B68236028
:1071C000C4E9017600202C60F8BD1A20FCE700BF5E
:1071D000E61F00202DE9F843264FDFF8A880264D52
:1071E00038603868FFF7A0FE30B9244B1B68984719
:1071F000BDE8F843FFF7AEBE00F0D7FCD8F800407A
:107200000646ECB16368C8F800301D4BD3F8009017
:10721000B9F1000F0CD100F0CEFCA3682C6033F064
:10722000004311D128680BF003FA00232B60D8E744
:10723000124B1B689847FFF78DFEC8473046EAE7B8
:1072400000F0B9FC2C60CCE72368002BEAD018686A
:107250000028E7D0A26832F00043E3D0D0E900690B
:10726000636921688068C8470028DBD1002ED9D027
:107270003046EFE7501E0020481E0020441E00202C
:107280003C1E00204C1E002038B504460D4600F080
:107290008CFC064B1B683BB1DA6922601B692B60D2
:1072A000BDE8384000F087BC2360F8E7481E0020A6
:1072B0002DE9F74FDFF88C90DFF88CB009EB001563
:1072C00003314FEA001A4FF6FC770F400024DBF839
:1072D00000306A8029F80A708046EC6002FB07F0F3
:1072E0001646984717FB06F292B2034668602A8159
:1072F00008B300921148124A9BF8041052F8282053
:1073000040440BF02BFE21462A8968680AF082FF70
:10731000214623469E4206DCD1440020A9F80260A3
:1073200003B0BDE8F08F6A68E86850505418EC600C
:1073300001333944EEE71A20F2E700BFE71F0020CF
:107340004C5F030064170020541E002070B50B4EE4
:1073500006EB00150446696839B1094B2A89185CA7
:107360000BF0FDFD686800F033FA06EB0410102204
:10737000BDE8704000210AF04DBF00BF6417002037
:10738000E71F0020044B19601A7198600201002168
:1073900002480AF03FBF00BF541E002064170020BF
:1073A000014B185C704700BFE71F002070B50A4C06
:1073B00004EB00130601DD68084B185C18B1A25BF2
:1073C00029460BF0CDFD2DB134442B68E360638872
:1073D000013B6380284670BD64170020E71F002032
:1073E000024B03EB00139878704700BF641700202E
:1073F000094B03EB001310B45A88DC680C600132AF
:10740000D9605A80054B185C18B15DF8044B0BF03D
:10741000A8BD5DF8044B704764170020E71F0020EB
:10742000044A010102EB0013505A10B11B89B3FB4F
:10743000F0F070476417002038B5164B164D002445
:107440001C70164B2C601C60154B6C6020461C7029
:10745000AC60FFF7E5FF80B2A0F10E036B80A0F1F6
:107460001403013068812046EB80FFF799FF0D4D32
:107470000D4A0446014628460BF06FFD2146681E62
:107480000A4A0BF06AFD2146681C094ABDE83840EB
:107490000BF063BDFC1F0020BE1E0020781E0020E4
:1074A000FB1F0020F91F0020905F0300995F03007D
:1074B000A35F030070B5044680B300F076FB6379E8
:1074C0006FF382036371237913F01006054605D02C
:1074D00010232371BDE8704000F06DBB03F003037F
:1074E0000F4931F82320013A21F823203046214664
:1074F000FFF77EFF0B4B0C4E1C681CB90A4B28464D
:107500001C70E7E7237A1BB933781BB92468F4E7CA
:10751000012BFBD1636820469847F7E770BD00BF99
:10752000BE1E0020781E0020FC1F002010B504465F
:1075300000F03BFB034B1A6822601C60BDE8104062
:1075400000F039BB781E002010B5064B1A78541C89
:107550001C70054B00F0E00003F8320003EBC2039F
:10756000596010BDFB1F0020601E00202DE9F04F68
:107570004607044689B048BF00F0F704634F049201
:1075800004F00306029100F010FB07EB860337F8C6
:1075900026205B889A4204F0EF0A81464FEA86086B
:1075A00031D20020FFF702FF054640B337F82630FE
:1075B0004846013327F8263000F0FDFA28460BF044
:1075C0003BFB029B029AAB71049B85F804A0134419
:1075D000EB7100F0EAFA4E4B1C680746002C40F0B5
:1075E0008C80384600F0E7FA4A4B985D18B1452286
:1075F00029460BF0B5FC284609B0BDE8F08F464B94
:1076000001221A70484600F0D6FA25071DD51F2C16
:107610001BD904F0E003039300F0C7FA07EB08035B
:1076200037F826805B88DFF8F89098452CBF002358
:107630000123019300F0BFFA07EB86034FF0000B24
:107640000593364B1B789B4508D384F004005146C4
:10765000C0F3800000F082F80025C5E799F80030FB
:10766000039A1A4204D0D9F80480D8F8003023B91C
:107670000BF1010B09F10809E3E707935A79D007E9
:1076800008D51A79510705D5019941B98AEA02024C
:10769000920704D098461B68002BEFD1E5E74046DF
:1076A0000BF02FF90579079007A80BF00CF9294684
:1076B000002000F053F800F078FA059B37F82620F8
:1076C0005B889A4234BF012300230546019309D207
:1076D0000020FFF76BFE079058B137F826300133D2
:1076E00027F82630284600F066FA079D002DBCD00A
:1076F00064E7094B01221A70F4E7237A012B02D1C7
:10770000636820469847246868E700BFBE1E0020D3
:10771000781E0020F81F0020FC1F0020FB1F002007
:10772000601E0020014B00221A6070477C1E002062
:1077300010B5044600F039FA074A13682BB91460F3
:107740002360BDE8104000F036BAA34202D01A46CA
:107750001B68F3E710BD00BF7C1E0020064B70B510
:107760001C6805460E4604B970BD6368314628465C
:1077700098472468F7E700BF7C1E0020024B034AAD
:10778000197803480BF0E9BBFD1F0020B05F030030
:10779000FE1F002038B5C41C24F00304204601F06D
:1077A000F6F90A4B0546187818B1224629460BF01F
:1077B000D7FB2DB921460220FFF7D0FF284638BD60
:1077C0002246002128460AF025FDF7E7FE1F00208B
:1077D00010B5044628B1054B187810B121460BF0BE
:1077E000C0FB2046BDE8104001F0EFB9FE1F0020AD
:1077F00038B50B4C0B4B206800251D7028B102F0EA
:1078000006F92068FFF7E4FF2560074C206830B1D7
:1078100002F068FB2068FFF7DBFF0023236038BD20
:10782000841E002000200020801E00202DE9F3414E
:10783000224F3B78002B3FD1214B224E1978224A10
:10784000224C30460BF089FB01F092F90546FFF718
:10785000A1FF01462060307810B12A460BF080FB72
:10786000236883B101F086F98046FFF793FF184D36
:1078700001462860307810B142460BF071FB2B684E
:107880002BB9FFF7B5FF1A2002B0BDE8F0812068E0
:1078900002F0ACF82868EAF7C1FE002300932A68DA
:1078A0000C49206802F0C7F820B1FFF7A1FF40F2B1
:1078B0000740E9E701233B700020E5E700200020B6
:1078C000FE1F0020FF1F0020BA5F0300841E00205F
:1078D000801E00202F9F020038B50C4B1B780446F9
:1078E0000D465BB10A4B22461868294602F042F960
:1078F000002840F2074008BF002038BD054906486F
:10790000FFF794FF0028EDD0F7E700BF002000202C
:10791000841E0020EFBEADDEBEBAFECA704708B5B9
:1079200001F00AF9E4F764F901F013F9FFF7F6FF43
:10793000E9F7BAF9F8E7F1F713BA08B5E9F7E0FFA4
:10794000BDE80840F3F796B910B50446E4F7E2FC49
:107950002046E4F791FA2046E4F768F910BD0120CB
:10796000704700B5C3B0F1F78DF905F0BDFA48B125
:10797000FFF7F5FF30B101A806F0F6F810B901A83D
:10798000FFF7E2FF43B05DF804FB704708B5E5F789
:107990009DF8E4F7F3FBBDE80840E4F729BF08B51C
:1079A00000F06CF8E9F784FCE8F7C8FC00F0B1FCE3
:1079B000E8F788FFBDE80840E4F74ABC08B5E7F7F8
:1079C0004DF900F0F9FAE7F759F9BDE80840FFF77B
:1079D000B4BFE4F793BD7047E4F7B4BEFFF7C1BF8F
:1079E0007047E4F743BC012070470120704738B569
:1079F000E4F7E2FE0546F1F76DF9041E18BF2C46C8
:107A0000FFF7F1FF002818BF204638BD38B5E9F769
:107A100051FA0446E4F7C6FE04281ED002284FF0AF
:107A2000000508BF012405F0A1FA042817D0022898
:107A300008BF0124E4F720FC042812D0022808BF64
:107A40000124FFF7D2FF04280DD0022808BF01242B
:107A5000002D18BF0024204638BD0125E3E701258D
:107A6000E8E70125EDE70024F5E782B002AB03E982
:107A70000300012002B07047704770470F20704725
:107A800070B5002506462C46052C20D8DFE804F00A
:107A900003070B0F13175B210820E5F77DF80C2176
:107AA0000820E5F779F8D1210820E5F775F880215D
:107AB0000820E5F771F800210820E5F76DF8294660
:107AC00008206C1CE5F768F8E4B225460624A4F10A
:107AD0000E03012B05D85A210820E5F75DF8013483
:107AE000D2E7102C05D1BDE870405D210820E5F7F4
:107AF00053B8B31F195DEFE707B520F07F4040EAA8
:107B000081700123019068460093FFF7B9FF03B02D
:107B10005DF804FBFEE74FF4004070474FF47A70C5
:107B2000704700230360704703680B600160704773
:107B30004FF060420123D2F8001E83400B43C2F88D
:107B4000003E002070474FF060410122D1F8003E16
:107B5000824023EA0203C1F8003E0020704710B5BE
:107B600088B004460E9807900D9806909DF8300056
:107B700005900B9804909DF8280003900020CDE913
:107B8000013000920B4622460121E5F78BF808B040
:107B900010BD08B5E5F7A4FB013008BDEFF3108078
:107BA00072B6704700B962B67047EFF31180602378
:107BB00083F31188704780F31188704784B00B6895
:107BC00000934B6801938B680293CB680393009BEF
:107BD0000360019B0360029B0360039B036000231F
:107BE000009301930293039304B0704784B0036839
:107BF0000093036801930368029303680393009B57
:107C00000B60019B4B60029B8B60039BCB6000234E
:107C1000009301930293039304B0704730B5D1E908
:107C20000223D1E90054056004600260036030BDA6
:107C300030B50568046802680368C1E90054C1E909
:107C4000022330BDFFF7EABF7FB58A0704460B4623
:107C500010D06D4601F11006186859682A4603C213
:107C60000833B3421546F7D169462046FFF7D6FFE1
:107C700004B070BD0091009904B0BDE87040FFF7FA
:107C8000CDBFFFF7D5BF30B58B0785B00C4610D000
:107C90006946FFF7CDFF0D46234604AC2A4603CACA
:107CA000A24218605960154603F10803F6D105B0E9
:107CB00030BD0091009905B0BDE83040FFF7B8BF76
:107CC00010B5FFF7ABFFBDE810401031FFF7A6BFBE
:107CD00010B5FFF7ADFFBDE810401031FFF7A8BFAA
:107CE00010B5FFF79BFF0C461031FFF797FF04F12B
:107CF0002001FFF793FF04F13001BDE81040FFF7CA
:107D00008DBF00F1424303F58013102A10B54FEAEE
:107D100043130AD101221A6000F58870FFF74EFF65
:107D20001031BDE81040FFF749BF00221A6024302F
:107D3000F7E7F0B50B46990789B0044615462DD0F4
:107D4000082A19D16D4603F11006186859682A46A9
:107D500003C20833B3421546F7D1082269462046CC
:107D6000FFF7CFFF03226B460020013A186003F1B2
:107D70000403FAD209B0F0BD6E4603F1200718687B
:107D80005968324603C20833BB421646F7D12A4629
:107D900069462046FFF7B5FF0722E4E70093009904
:107DA00009B0BDE8F040FFF7ACBF436823F01F0304
:107DB0000E290BD8DFE801F008080808080B0B0BA8
:107DC000080808080B0B0B00194341607047194362
:107DD00041F01001F9E710B52030FFF707FF102A36
:107DE00004D1BDE810401031FFF700BF10BD30B521
:107DF0008B0789B00C46154625D06946FFF7EBFF87
:107E0000082D6A4613D104AD134603CBAB42206064
:107E100061601A4604F10804F6D103226B46002083
:107E2000013A186003F10403FAD209B030BD08AD7D
:107E3000134603CBAB42206061601A4604F108048C
:107E4000F6D10722EAE70091009909B0BDE8304079
:107E5000FFF7C1BF704770477047E5F763BFE5F7AD
:107E6000F3BE70B505460E461446FFF797FE2B6825
:107E70005C4034405C402C60BDE87040FFF792BE2F
:107E800000F1424000F58010400101607047E6F7C4
:107E900071BCCB435B0003F00A03C360C160704751
:107EA00038B5E6F7ADFD8B7C04460D461BB1036883
:107EB00043F080430360EB7C1BB12B7D43F08003D8
:107EC000A3652A8A6B7B1343EA89134363602B7B88
:107ED000D5E901122046E6F74FFD6B7D1BB1236803
:107EE00043F480332360AB7D1BB1236843F400432C
:107EF0002360EB7D2A7E1B07120502F4E00203F0EB
:107F0000E04313432366636F23F030036367626FBC
:107F10006B7E134363672B78E36038BD38B5E6F7B3
:107F20006FFD0B8A026843F0010313438A7B43EA27
:107F30008223036003680A7D43EA427303608B7CFB
:107F400004460D461BB1CB7C43F0800383652B7B3D
:107F500043F480536360D5E901122046E6F73EFD05
:107F60006B7B0BB11023E3606B7D1BB1236843F483
:107F700080332360AB7D1BB1236843F4004323604F
:107F8000EB7D2A7E1B07120503F0E04302F4E002BA
:107F9000134323662B78E36038BD03695A06FCD58A
:107FA000416303699B06FCD5C069C0B27047036991
:107FB0005B06FCD541637047F8F75ABF24220021C5
:107FC0000AF028B918B1242200210AF023B9704719
:107FD00070B515460E462422002104460AF01AF90F
:107FE000C02D0DD0B5F5807F01D0802D0BD120465E
:107FF000EA0840F8045B31460AF017F9002070BD2A
:108000006FF07100FBE76FF01F00F8E72DE9F0411A
:1080100014460F462422002106460AF0FBF8C02C25
:108020003CD0B4F5807F2CD0802C3AD13460E7F777
:108030001BFC0023436003600446FFF7AFFD4FF0D5
:1080400008080546424639462046FFF772FE284694
:10805000FFF7A8FD0523A360256915F00205FBD1F4
:10806000FFF79CFD4246311D07462046FFF7BFFE45
:108070003846FFF797FD2046E7F700FC2846BDE8A5
:10808000F0813460E7F7F0FB0023436003600446AF
:10809000FFF784FD4FF010080546D3E76FF071003D
:1080A000EDE76FF01F00EAE701292DE9F0470546EB
:1080B0000E4692461F463AD80368802B02D0B3F58D
:1080C000807F37D1E7F7D0FB00234360036004468D
:1080D000FFF764FD2946814651F8043B802B14BF0D
:1080E00010220822204604F18008FFF722FE5146A4
:1080F0004046FFF7A9FD4846FFF754FD012E0CBF8F
:1081000005230623A360256915F00205FBD1FFF7BF
:1081100045FD394606464046FFF7B5FD3046FFF7B8
:1081200041FD2046E7F7AAFB2846BDE8F0876FF03F
:108130002000FAE76FF07100F7E703699B07FCD1B5
:108140007047CA880B68032AF0B50DD803EB82018B
:108150008B4205D100230132082A0360FBD1F0BD18
:1081600053F8044B0460F3E7072AD3E90076D3E918
:10817000025413D8076003F11001066003EB820379
:1081800005600460994205D100230132082A03608A
:10819000FBD1E4E751F8044B0460F3E707600660A5
:1081A00005600460D3E90441D3E90623046001605B
:1081B00002600360D3E7F0B5CA88082A89B0064692
:1081C0000C460DD1FFF7EAFC216805463046FFF763
:1081D0007FFD2846FFF7E6FC0026304609B0F0BDDB
:1081E00012D9FFF7DBFC216805463046FFF770FD2A
:1081F0002846FFF7D7FCE2882068083A9200002161
:1082000020300AF007F8E7E7694600252B460F46BD
:10821000306841F8040B0133002818BF1D46082BB5
:10822000F6D1AA420EDA2946204600F0EEFC0646B8
:108230000028D2D12068AA00394609F0F6FF0123B0
:10824000A380CAE720689200394609F0EEFFC3E731
:10825000CA88072A38B50D46044609680DD8920029
:1082600009F0E3FFE888C0F10802920004EB800007
:108270000021BDE8384009F0CDBF01F1200351F8DD
:10828000042B44F8042B9942F9D138BD0078C31E61
:1082900058425841704700207047704710F1860FD0
:1082A00012D010F1850F0ADA10F1930F0FD010F1F0
:1082B000870F0CBF6FF073004FF0FF30704700382E
:1082C00018BF0120404270476FF0710070476FF097
:1082D0006F00704700F0EEB800F0ECB808B5E7F7B3
:1082E00081FCBDE80840FFF7D9BF07B50023019323
:1082F000202201ABE7F7F6FC03B05DF804EBFFF7D3
:10830000CDBF08B500F022F9002818BF6FF03B0080
:1083100008BD7047F0B591B01546169C49228DF8FE
:10832000202004F10C060DF1210254F8047B42F8E0
:10833000047BB442F9D1247814704FF48074ADF802
:1083400030409DF85C408DF8324004240694189C1F
:10835000059410240022049408ACCDE90234CDE940
:1083600000150B461146CDE90D228DF82E208DF813
:108370002F508DF833200F92E7F768F911B0F0BD58
:108380001FB5079C02949DF81840CDE900341346B0
:108390000A4601460020FFF7BDFF04B010BD1FB51F
:1083A000079C02949DF81840CDE9003413460A4614
:1083B00001460120FFF7AEFF04B010BD2DE9F843E0
:1083C0000746B020914688461E46E7F771FA0546F3
:1083D0000023B9F1800F4360414645F8803B14BF4C
:1083E0001022082204464FF00508FFF7A2FC7FB1D7
:1083F00031462846FFF728FCC4F80880089928462B
:10840000FFF741FC2046E7F75DFA0020BDE8F8835E
:108410008C23C4F808803146A3602846FFF714FC7B
:108420000623A360EAE72DE9FF478046B02089468E
:1084300017461E46DDF830A0E7F73AFA0546B9F1CF
:10844000800F4FF00003436014BF1022082245F84C
:10845000843B41460446FFF76CFC0EB33146284688
:10846000FFF7F2FB4823A3600523A36003233946EB
:1084700004F1A000A360FFF7E7FB0D9904F1800071
:10848000FFF701FCBAF1000F03D051462846FFF771
:10849000FAFB2046E7F716FA002004B0BDE8F087A3
:1084A00031461022684609F0B5FE69462846FFF7B6
:1084B000C9FBD7E708B518B16C22002109F0AAFE64
:1084C000002008BD2DE9F8431546894680461F4621
:1084D000E7F7CAF90023436003600446FFF75EFB39
:1084E000B9F1100F14BF102208220646414620465B
:1084F00004F18008FFF71DFC29464046FFF7A4FB66
:108500003046FFF74FFBFFF749FB3946064604F1BB
:10851000A000FFF799FB0523A36023699B07FCD408
:1085200008994046FFF7AFFB3046FFF73BFB089B3F
:1085300003F1100253F8041B45F8041B9342F9D1D0
:108540002046E7F79BF90020BDE8F8832DE9F041CC
:108550001C4600230F46164623604FF00508256889
:108560002246711B7819E7F7E1F923681D44B542EB
:10857000256006D2B8F1010801D00028EFD1BDE88E
:10858000F0810020FBE713B5022300246846009425
:108590008DF804408DF80530E5F776FC204602B0F2
:1085A00010BD70B50C46154610B9E7F7BBFE38B1E3
:1085B00043682BB12A4621460068BDE87040184741
:1085C000232070BDF7B50D4616461C4648B103B9C9
:1085D00001AC87685FB12346324629460068B84738
:1085E00006E0E7F79FFE04B901AC0028F1D1232093
:1085F00003B0F0BDF8B50C461546064658B9E7F786
:1086000091FE20462946FEF725F80446002CD4BFEB
:1086100037200020F8BDE7F785FE86420746F0D0F8
:108620003046E7F773FE29462046FEF713F8044666
:108630003846E7F76BFEE9E70EB403B503AA52F834
:10864000041B0192FFF7D6FF02B05DF804EB03B004
:10865000704700207047FEE74FF400534B60002046
:108660007047012070470020704707B5002001AB1C
:108670000190FFF7A7FF0198002808BF4FF0FF30D7
:1086800003B05DF804FB10B500201446FFF789FF26
:10869000204610BD034670B190F8382090F83C0099
:1086A0002AB1022803D1012283F83C207047042814
:1086B0004FF00102F8D00120704780F82C1070476D
:1086C00090F82C00704790F839007047037A3022F8
:1086D000534303F1804303F56223D3F89410D0E9A8
:1086E00003231344994214BF084610467047F8B557
:1086F00090F8393004460D4681B173B990F83A606C
:10870000FFF74CFA012105463046E8F731FA2846D2
:10871000FFF748FA012384F83930F8BD002BFCD06C
:1087200090F83A70FFF73AFA294606463846E8F7D5
:108730001FFA3046FFF736FA84F83950EDE72DE995
:10874000F8430446164690F82C800D46FFF72DFAA4
:1087500094F8382003469AB1FFF72DFA94F83B902D
:10876000FFF71CFA012107464846E8F701FA3846A8
:10877000FFF718FAFFF719FA0022034684F83820A9
:108780001846FFF718FA2E44B54204D1236A012196
:10879000204698473CE094F82D3023B3FFF705FAC4
:1087A000237E0746E3B12046FFF790FFE168D4F847
:1087B00030C0013888423EBF206900F1FF304018C8
:1087C00003469C450BD013F80129112A01D0132A26
:1087D00021D1A2F111035A425A4184F83420206376
:1087E0003846FFF7E8F994F83430002BCCD0B8F1D4
:1087F000000F06D02B780A2B03D1E3690D21204608
:108800009847E36915F8011B204698470028BBD01C
:108810000020BDE8F883994282BF236903F1FF334A
:108820005B18CEE7F8B590F83830044603F0FF0641
:10883000A3B9036A31469847012384F8383094F885
:108840003B70FFF7ABF9314605463846E8F790F93B
:108850002846FFF7A7F9022384F83C30F8BD026CE4
:10886000D36C43F00403D3647047026C10B5044624
:1088700013695906FCD500231A4694F8491094F858
:108880004800E5F7BFFD00231A4694F84B1094F812
:108890004A00E5F7B7FD94F85030DA0707D5002312
:1088A00094F84D1094F84C001A46E5F7ABFD94F897
:1088B00050309B0707D5002394F84F1094F84E00D2
:1088C0001A46E5F79FFD206CC36C23F00103C364D7
:1088D000C36C23F00403C3640021FFF7DAFA606C71
:1088E0000021E4F7B7FC002010BD08B5006CFFF7CD
:1088F0005EFB002008BD036CDA6C19B142F0010286
:10890000DA64704722F00102DA6401229A64704747
:1089100038B50468206C056C15F0010509D00123F9
:10892000836403699B060FD52046BDE83840FFF7F6
:1089300079BF042384F83C30237E33B9C36C23F021
:108940000403C3640123237638BD637E23B394F804
:108950002D300BB384F835501321FFF728FB236C1F
:10896000DA6C42F00402DA64DB69DBB2112B0ED15F
:10897000012384F83430237A3022534303F18043B7
:1089800003F56223D3F89430013B2363DCE7132B18
:10899000DAD184F83450EEE7C36C23F00403C364E7
:1089A000D2E7013A42EA520242EA920242EA121243
:1089B00042EA122230B542EA12420132B2F5807F19
:1089C00038BF4FF480725442044015198D4205D3CC
:1089D0001C60039B1D60049B1A6030BD5200F2E7CF
:1089E00008B5E7F7EBFF08BD10B5FFF7D7F8044669
:1089F000E8F732F82046BDE81040FFF7D3B87047DB
:108A0000FFF72BBA70477047012070474FF416707C
:108A1000E8F73AB92DE9FF410D4616461F460446D0
:108A2000A8B14FF00008C0F81C80E8F77BFCBDF847
:108A30002C3002939DF828304246CDE90073294638
:108A400033462046E8F7D4FB04B0BDE8F08122208D
:108A5000FAE7F0B50D4685B016461F46044690B1BC
:108A60000023C361E8F75EFCBDF82C3002939DF84B
:108A700028302A46CDE90073294633462046E8F7D8
:108A8000B7FB05B0F0BD2220FBE7F0B587B01F466D
:108A900000230D4616468DF817300446A8B1C36171
:108AA0000DF11701E8F76EFC9DF817207AB9BDF8B3
:108AB000343002939DF830302946CDE900732046CA
:108AC0003346E8F795FB07B0F0BD2220FBE7032013
:108AD000F9E7F0B587B01F4600230D4616468DF81E
:108AE00017300446B0B1C3610DF11701E8F74AFC35
:108AF0009DF8173083B9BDF8343002939DF83030BB
:108B00002A46CDE90073294633462046E8F770FB34
:108B100007B0F0BD2220FBE70220F9E738B5FFF7E8
:108B200044F80546E8F708FE04462846FFF743F8F0
:108B3000204638BDE8F790BE08B5E3F7D7FAFEF750
:108B400025FFFEF72CFFFEF739FFBDE80840FEF7D2
:108B500040BF08B5FEF73FFFFEF73EFFFEF73EFFC2
:108B6000BDE80840FEF73CBF24207047482070470E
:108B70004C2070474020704708B501F01FFBECF710
:108B80005DFF02F0D5FA03F005F9002008BD38B505
:108B90000446FFF703F805462046FDF74DFB044663
:108BA0002846FEF7FFFF204638BD70B504460E4646
:108BB000FEF7F4FF314605462046FDF723FB044649
:108BC0002846FEF7EFFF204670BD38B50546FEF794
:108BD000E5FF04462846FDF737FB2046BDE8384050
:108BE000FEF7E0BF00220123C0E90023704710B563
:108BF000044648B1006818B1E188890001F04EFAD6
:108C000000220123C4E9002310BD42F210739942EF
:108C100070B504460D4602D96FF00F0070BDC388D1
:108C20008B4201D30020F9E704212846FFF7BDFF5E
:108C300006460028F0D0216841B1E288920009F090
:108C4000F4FAE1882068890001F028FAE5802660BE
:108C5000E8E738B504460D4619B9FFF7C8FF00200C
:108C600038BDC2888A4207D100689200002109F00D
:108C7000D1FA0123A380F2E7FFF7B9FF2946204686
:108C8000BDE83840FFF7C1BF884270B505460E46C3
:108C900009D0C988C28841B92AB1012383809200D2
:108CA000006809F0B7FA002070BD4C1E8CB9013481
:108CB000B6F90430AB80A24212D221462846FFF713
:108CC000A4FF0028F0D131682868A20009F0ADFAAD
:108CD000E9E7336853F82430002BE8D1013CE5E79D
:108CE0002868121B9200002100EB840009F092FA20
:108CF000E9E770B50C4601210546FFF786FF0646F9
:108D000088B9EA8801469200286809F083FA84EA63
:108D1000E472A2EBE472E40FC4EBC4342B68640089
:108D200001341A60AC80304670BDC388B1EB431F7C
:108D30003FBF03684A0901F01F0153F822003ABF00
:108D4000C84000F0010000207047C188006800F0B2
:108D5000A9BA70B50E4612F0030118BF012101EB4C
:108D6000920105461446FFF774FF38B9E988286870
:108D700023463246BDE8704000F0B6BA70BD1346D7
:108D80000A46C188006800F0D4BA38B504460D46DA
:108D9000FFF7DBFFE3882844B0EB431F06D82068C9
:108DA000E1882A4600F035FB002038BD10F01F0195
:108DB00018BF012101EB50112046FFF726FF0028C4
:108DC000EDD0F2E70A46C18808B511B1006800F09D
:108DD000E2FA002008BD10B5C38823B9CA885AB981
:108DE000ABB1012017E0026802EB830252F8042CB9
:108DF000002AF3D1013BF0E70C6804EB820454F83D
:108E0000044C0CB9013AEAE79342EAD80FD3013B8C
:108E10005A1C01D1002010BD026852F823400A6894
:108E200052F823209442DCD803F1FF33F0D24FF004
:108E3000FF30F0E730B5C38823B9CA885AB9002B90
:108E40003DD136E0026802EB830252F8042C002A7E
:108E5000F3D1013BF0E70C6804EB820555F8045CA4
:108E60004DBB013AEAE7B1F9045003D2B1F904006D
:108E7000404226E0B0F90420002A03DD002D0CDA80
:108E800001201EE0002D08DD3AB14FF0FF3018E060
:108E900003F1FF330BD2504213E0013B016851F85C
:108EA000235054F823108D42F2D9104609E0591C82
:108EB000F4D1002005E0002BD8D09342D3D9B0F9EB
:108EC000040030BD1FB581EAE173A3EBE173C90F64
:108ED000C1EBC1314900019301310123ADF80C1000
:108EE000ADF80E3002A901AB0293FFF7A3FF05B066
:108EF0005DF804FB90422DE9F04105460F4614460B
:108F000002D0884206D127460123FC88AB803CB9B9
:108F1000002003E0FFF7B8FE0028F4D0BDE8F081A0
:108F20003B6803EB84034FEA840853F8043C0BB915
:108F3000013CECE721462846FFF767FE0028EDD10B
:108F40002E683A6823463146304600F098FA06EB20
:108F500008030746002FDBD0EA88A24204F101068D
:108F600008D831462846FFF750FE0028D6D12B6896
:108F700003EB84031A68D21943F8042B2CBF012792
:108F800000273446E6E72DE9F041D48805460E4631
:108F900090463CB9F188A1420ED26FF009073846DD
:108FA000BDE8F081D8F8003003EB840353F8043CAB
:108FB000002BEFD1013CECE72846FFF726FE0746E1
:108FC0000028ECD1F28894420BD2AE4209D0286836
:108FD0003168121B920001EB840100EB840009F060
:108FE00024F9EA88F088824207D92B68121A920085
:108FF000002103EB800009F00DF9D8F8002031685A
:109000002868234600F051FA024610B90123AB80CC
:10901000C5E72968EB8801EB84011B1B084600F0BB
:109020006DFB0028F2D0B8E72DE9F843B2F804C090
:10903000B1F904401CFB04FC6646734381460D46AF
:1090400017461CD511462846FFF7C5FEB0F10008AB
:109050000DDB3A4629464846FFF795FF98B9B8F127
:10906000000F08BF0124A9F8044000200BE02A46A5
:109070004846FFF788FF30B9644224B2F3E7FFF7B0
:1090800039FF0028EFD0BDE8F8830123FFF7CCBFFC
:109090004FF0FF33FFF7C8BF1FB582EAE273A3EBBF
:1090A000E273D20FC2EBC2325200019301320123AC
:1090B000ADF80C20ADF80E3002AA01AB0293FFF719
:1090C000E7FF05B05DF804FB2DE9F047012386B00A
:1090D000164688424FF00002CDE90223CDE9042371
:1090E00007460D4606D102A8FFF7CEFD044600282C
:1090F00033D102ADB74206D1394604A8FFF7C4FD0B
:10910000044650BB04AEB5F80680B8F1000F2ED16E
:10911000B6F80690B9F1000F33D14FF0010A09EB10
:1091200008013846FFF771FD0446B0B901463846DC
:10913000FFF7DFFD044680B9CDF800903368296859
:109140003868424600F08AFABAF1000F22D1AB88A3
:10915000B28813FB02F31BB2BB8004A8FFF747FDE4
:1091600002A8FFF744FD204606B0BDE8F0872B6853
:1091700003EB880353F8043C002BC9D108F1FF38F6
:10918000C3E7336803EB890353F8043C23B909F1BF
:10919000FF39BFE70123DFE7B8FA88FA4FEA5A1A26
:1091A000BDE72DE9F341CF880546884616463FB115
:1091B000D8F8003003EB870353F8043C3BB146B9C1
:1091C0000021284602B0BDE8F041FFF792BD013F03
:1091D000EDE7791C2846FFF718FD044670B94146B3
:1091E0002846FFF751FD044640B9013E0096D8F8E5
:1091F0000020E98828683B4600F074F9204602B058
:10920000BDE8F08170B504460D46104600211646B3
:10921000FFF758FE002824DB2A463346214600206B
:10922000E8F7B6FB054638B1284670BD3246214600
:109230002046FFF72AFF90B900212046FFF742FEA3
:109240000028F3DB31462046FFF7F4FD0028EBDB76
:10925000324621462046FFF71BFF0028F2D0054684
:10926000E2E76FF00905DFE7F7B50E1E0446154685
:109270001F4614DB1046FFF725FE00280FDDE988A6
:109280002046FFF7E6FC40B9089BCDE90073314664
:10929000E3882A682068E8F78FFD03B0F0BD6FF01F
:1092A0000300FAE70139002901DA0020704750F87D
:1092B0002130002BF6D0B3FA83F00131C0EB41101E
:1092C000704739B101F18041013900EB81018142E0
:1092D000034600D270471B680A681BBA12BA40F8EE
:1092E000042B41F80439F2E72DE9F0411C4613F054
:1092F000030318BF012303EB94038B4206460D467C
:10930000904613D879B18F003A46002108F082FFC9
:109310002CB1381B22464146304408F086FF2946CE
:109320003046FFF7CEFF0020BDE8F0816FF0070068
:10933000FAE7B3EB810F70B504464FEA810510469A
:1093400019D95A1B8618002108F064FF30462B46B5
:10935000C21800218B4210D1002070BD22F0030101
:1093600002F003066158F600F140C9B281B901323A
:10937000AA42F3D1ECE71A46FAE721F0030001F024
:1093800003052058ED00E84002F8010D0131E1E746
:109390006FF00700E1E7F8B50546500988420C4632
:1093A00002F01F0601D80AD136B1A20028460021DA
:1093B000BDE8F84008F02EBF1F2A02D8F8BD1F2ACA
:1093C0000FD9820005EB8003291F05EB8407BB4200
:1093D0001AD1201A38BF0022002105EB800008F0C6
:1093E00019FF002EEAD005EB84040022C6F120000C
:1093F000AC42E3D054F8041C21FA06F3134344F8BA
:10940000043D01FA00F2F3E753F804CB41F804CF2E
:10941000DDE71F2AF8B503460D464FEA521402F065
:109420001F0613D96FF0030000FB04300A46944274
:1094300002F1FF3113D3621BAC4288BF00222A44E1
:1094400018469200002108F0E5FE034636B103EB12
:1094500084030021C6F12007AC4206D3F8BD50F8C2
:10946000212043F821200A46E1E7186800FA06F2B5
:109470000A4343F8042B013420FA07F1ECE7F0B576
:109480000024844620469C4200D1F0BD51F824506F
:1094900052F824702E182CBF01250025BF194CF856
:1094A000247045F100000134EDE7F0B500240646D4
:1094B00020469C4200D1F0BD51F824C052F82470DF
:1094C000ACEB0005AF4294BF4FF0000E4FF0010E21
:1094D000ED1B46F8245084452CBF70460EF1010068
:1094E0000134E6E78B422DE9F04728BF0B4696464C
:1094F000DE08089A0446C91A03F0070875460346B1
:10950000B44600200CF1FF3CBCF1FF3F03F1200307
:1095100005F1200511D104EB46140EEB46164FEA77
:10952000880C06EB880E2546764540F08180644421
:10953000013980F08B80BDE8F08755F8207CA2FBD4
:10954000079710EB090953F8200C47F1000710EBBF
:10955000090043F8200C55F81C0C47F10007A2FB4A
:1095600000093F1853F81C0C49F10009C01943F8D1
:109570001C0C55F8180C49F10009A2FB000719EB67
:10958000000953F8180C47F1000710EB090043F8E5
:10959000180C55F8140C47F10007A2FB00093F18FE
:1095A00053F8140C49F10009C01943F8140C55F88C
:1095B000100C49F10009A2FB000719EB000953F850
:1095C000100C47F1000710EB090043F8100C55F898
:1095D0000C0C47F10007A2FB00093F1853F80C0CD4
:1095E00049F10009C01943F80C0C55F8080C49F171
:1095F0000009A2FB000719EB000953F8080C47F11A
:10960000000710EB090043F8080C55F8040C47F16B
:109610000007A2FB000A17EB000953F8047C4AF18B
:10962000000017EB090740F1000043F8047C69E7EC
:1096300056F8043BA2FB0337C318286847F100071C
:10964000C31845F8043B47F100006DE723681B1879
:1096500044F8043B2CBF0120002069E72DE9F347C3
:10966000DDF8289015464A440F4692000021064630
:10967000984608F0CFFD002405F1010A4C4502D1BF
:1096800002B0BDE8F08758F82430009306EB840060
:109690002B463A465146FFF725FF0134EEE72DE908
:1096A000F04712F0030418BF012404EB92048C422B
:1096B0000646884617461D464FEA840AC2EB8409CF
:1096C00019D84A46002108F0A5FDA8EB0402920033
:1096D000002106EB0A0008F09DFD08983A4606EBCB
:1096E0000901A847054618B921463046FFF7E9FDAC
:1096F0002846BDE8F0876FF00305F9E730B5054669
:10970000104600229A4200D130BD51F82240241A5E
:1097100045F8224034BF012000200132F2E7482200
:10972000002108F077BD10B50446FEF74BFC20463B
:10973000BDE81040FFF749BA10B524210120FFF71A
:1097400034FA044608B1FEF739FC204610BDFEF796
:109750005DBCFEF73DBCFEF7A7BC2DE9F04F502ADB
:10976000BFB006460C46154600F29F8022AF70221D
:109770000021384608F04EFD0DA8FEF71FFC2BBA5D
:1097800026932A463023214628A88DF89F3008F0DA
:109790004CFD05F1F8036B44802203F8582C05AA10
:1097A000002302F8013B0133202BFAD14FF48072E1
:1097B00005A90DA8FEF70CFC8346002857D11935E2
:1097C000804601AC10220021204608F023FDA94666
:1097D000BA46524610232146204600F04BFCB9F110
:1097E000100F234622464FF001010DA894BFA9EBAC
:1097F0000909A9F11009FEF757FC0AF1100A83467E
:10980000A8BBB9F1000FE4D116AB08EB030C94E848
:109810000F008CE80F009DF88B3008F11008013321
:10982000B8F1300F8DF88B30CCD14FF4807216A97F
:109830000DA8FEF7CDFB8346C8B906F130083446C3
:109840001EAB1A4601210DA8FEF72EFC834670B907
:109850000DF1780C2546624603CABA422860696059
:10986000944605F10805F6D11034A045E8D10DA8BD
:10987000FEF7A8FB70213846E8F75CFF302116A8F8
:10988000E8F758FF202105A8E8F754FF102101A8A8
:10989000E8F750FFBBF1000F03D030213046E8F766
:1098A00049FF58463FB0BDE8F08F6FF0370BF8E73F
:1098B0002DE9F0438DB004460E4630220021684663
:1098C00008F0A8FC002704F12009E8460DEB070387
:1098D00004F11001A14206D011F8012D0132D2B2DB
:1098E0000A70002AF6D0224601214846FEF7DCFB2A
:1098F000054638B168463021E8F71CFF28460DB010
:10990000BDE8F0831037302FDFD1731E2F3698F863
:10991000002013F8011F4A40B34208F8012BF6D18A
:109920004FF4807269464846FEF752FB0546002810
:10993000E0D108AA0CAE134603CBB34220606160AD
:109940001A4604F10804F6D1D4E72DE9F041846900
:10995000502C94B00546884617461E4643D8C4F19D
:109960005003B3423FD3C6F150031B1B93423AD37B
:1099700050220021684608F04DFC6B6CA86C224612
:109980006946984728B16FF03304204614B0BDE80B
:10999000F081AC6946B16B6CA86C32460DEB0401EA
:1099A00098470028EFD13444B8F1000F07D037B101
:1099B0000DEB04003A46414608F037FC3C44224691
:1099C00069466846FFF7C9FE044638B96946284625
:1099D000FFF76EFF044608B901232B61502168464A
:1099E000E8F7A8FED1E76FF03704CEE710B54C22B8
:1099F0000446002108F00EFC04F12000FEF7DEFA18
:109A00004FF0FF33236142F21073E36110BD10B5D4
:109A1000044660B12030FEF7D5FA4C212046E8F725
:109A200089FE42F21073E3614FF0FF33236110BDF2
:109A30000023FFF78ABF2DE9F041054688B04FF0BB
:109A400020080F4614460021424668461E4608F08C
:109A5000E1FBAB69C5E911740BB9C5F818802C6935
:109A6000002C05DAAC692F2C9ABF0134640800245D
:109A70004FF48072694605F12000FEF7A9FA28B973
:109A80000E9A234631462846FFF75FFF08B0BDE82F
:109A9000F0812DE9F04190B0B2F5806FDDF858808B
:109AA00005460F4616461C465ED8B8F5807F5ED840
:109AB0003022002104A808F0ADFB2A69EB699A4224
:109AC00001DC6B699BB1214642462846FFF7B0FF97
:109AD000044628BB05F1200836BB04A92846FFF739
:109AE000E7FE0446A0B92B6901332B6110E0B8F101
:109AF000000FEFD02146424604A8FFF72EFE044691
:109B000030B904A92846FFF7D3FE04460028E1D067
:109B1000302104A8E8F70EFE10216846E8F70AFE97
:109B2000204610B0BDE8F08105F11002AA4206D02F
:109B300012F8013D0133DBB21370002BF6D06B46F7
:109B40002A4601214046FEF7AFFA04460028DFD13D
:109B5000102E344628BF102438462246694608F0A5
:109B600064FB2744361BB7E76FF03504D8E76FF086
:109B70003704D5E707B500230093FFF78AFF03B04A
:109B80005DF804FB2DE9FF41DDF828801D461646EF
:109B900043462A4604460F46E8F7DEFC48B9CDE9BD
:109BA0000180009504F11C033A4631462046E8F74F
:109BB000C5FC04B0BDE8F081F7B50D460446083594
:109BC00068461646FFF70EF800212846FFF77AF997
:109BD000211D07462A466846FFF75AFA044648B947
:109BE000002F0CBF002206F0010269462846E7F765
:109BF0009FFE04466846FEF7FAFF204603B0F0BD1C
:109C000070B50C460546114620461A46FFF73DFA48
:109C1000064630B9043529462046FFF70BF90028DF
:109C200001DA304670BD2A4621462046FFF7ABF9DF
:109C30000028F0D00646F4E710B50446FEF7D7FF3B
:109C400004F10800FEF7D3FF04F11000BDE8104056
:109C5000FEF7CDBF13F07E0F2DE9F0470C461546F9
:109C60000CBF4FF0010A4FF0000A07465246294642
:109C700020461E46C3F34508E7F75AFE48BB04F1E9
:109C80000809524605F108014846E7F751FE00BBB6
:109C900008F1FF33D3F1000848EB0308424605F111
:109CA00018012046E7F744FE98B9424605F1200125
:109CB0004846E7F73DFE60B9F20921463846FFF70E
:109CC0007BFF30B904F110000121BDE8F047FFF738
:109CD00010B8BDE8F0870346C06920B15B6A002B6D
:109CE00014BF01200220704710B50446FEF77AFF2A
:109CF00004F10800FEF776FF04F11000BDE8104003
:109D0000FEF770BF38B50025044600F8045BFEF787
:109D100069FF04F10C00FEF765FF04F11400FEF783
:109D200061FF04F11C00FFF7DFFF04F13400FEF7D0
:109D300059FFC4E90F55C4E91155C4E91355C4E9E5
:109D40001555E56538BD08B1FFF776BF704770B5AA
:109D5000044658B3436C012B11D00C30FEF747FF7B
:109D600004F11400FEF743FF04F11C00FFF7EBFFC2
:109D700004F13400FEF73BFF201DFEF738FFA36D12
:109D80008BB920466021BDE87040E8F7D3BC06FBE4
:109D90000500FFF7D8FF0135D4E91603AB42F6D82A
:109DA000FEF713FFEDE700251826F5E770BD38B57F
:109DB00004460D46FEF768FF70B905F1080104F18D
:109DC0000800FEF761FF38B905F1100104F1100039
:109DD000BDE83840FEF758BF38BD08B50021103047
:109DE000FFF770F8B0FA80F0400908BD2DE9F041A6
:109DF000202B8AB00546884617461E460BD90920F7
:109E0000E8F726FC02AB32463946E8F77FFC044609
:109E100028BB02AF20262C698DF804808DF80560E0
:109E200084B90920E8F714FC224601462846E8F7E1
:109E300017FC044698B92846E8F73EFC044670B97A
:109E400001232B61022201A92846E8F743FC0446BE
:109E500028B9324639462846E8F73CFC044602A8B1
:109E60002021E8F767FC20460AB0BDE8F0812DE923
:109E7000F0430023A3B0064605461F466FF03B049F
:109E80009946726997420BDB002B08BF6FF03C04C8
:109E900002A88021E8F74EFC204623B0BDE8F083FD
:109EA000D5F82880AC69E869CDF80490B8F1010FC5
:109EB00018BF9846802201AB02A9A047044600289B
:109EC000E6D1019B53B102AAF9B23046FFF78EFFEB
:109ED0000028E2D12B6A019A13442B620137143512
:109EE0004346CEE70369013310B504460BD000F0BA
:109EF000A4F800236361282104F11800E8F71AFC94
:109F00004FF0FF33236110BD30B54569012D0BDCE7
:109F1000142404FB050401356362039BA362C4E9B6
:109F200006124561002030BD6FF03D00FBE72DE9D2
:109F3000F041202A88B005460F46164676D840F2F2
:109F400001186B69002B6ED02846FFF790FF04467E
:109F5000002848D1D5F814E002462B460120A6453A
:109F60004FDC002847D01F2A45D92022002168460F
:109F700008F050F969462846E8F7BAFB044690BB5A
:109F8000284600F05AF8284600F053F80920E8F770
:109F90005FFB224601462846E8F762FB044610BBF9
:109FA0002846E8F789FB0446E8B920226946284696
:109FB000E8F790FB0446B0B90920E8F749FB6B4687
:109FC00020226946E8F7A2FB044660B96A690346A5
:109FD000142105F1200025469A421EDC32466946CE
:109FE000384608F022F920216846E8F7A3FB20460E
:109FF00008B0BDE8F081B8F10108A2D16FF03B04D0
:10A00000F1E7D3E908C18C4538BF0020996A0129DE
:10A0100008BF624401341433A1E701FB03FC0133A0
:10A0200040F80C50D8E76FF03F04DCE76FF03B04DA
:10A03000DDE71022002108F0EDB810B50446C0B1EC
:10A040000368B3B1806838B11B78092B01D1FEF7E2
:10A0500043F9A068FEF7B9FDE06820B1236899785C
:10A06000490000F01BF820461021BDE81040E8F739
:10A0700061BB10BDF0B50024261DB34202D29C4244
:10A0800006D3F0BD0D5917597D4005513446F3E70D
:10A090000D5D165D754005550134F0E710B50446B9
:10A0A00008B1E8F747FB2046BDE81040FEF78DBD3C
:10A0B000F0B506469DB00F4615461C46D3B901A81B
:10A0C000FEF708F9214601A8E5F7AAFA044658B9AF
:10A0D0003A46314601A8FEF701F9044620B929465F
:10A0E00001A8FEF702F9044601A8FEF7F5F820469C
:10A0F0001DB0F0BD6FF07304F9E750E8003F0B436B
:10A1000040E80032002AF8D17047C94350E8003FC8
:10A110000B4040E80032002AF8D17047431E032B61
:10A1200006D8DFE803F0020402040320704704208D
:10A1300070477047CB6918477047704700207047D9
:10A1400070474FF00000704700207047704770471D
:10A1500000207047002070470020704700207047A3
:10A1600000207047704700207047002070477047FC
:10A1700070470020704770477047112070470020DB
:10A1800070474FF0FF3070470020704770477047AE
:10A1900000207047002070474FF0FF3070471120BB
:10A1A0007047002070470120704700207047002052
:10A1B00070470020704770477047704701F0E4B95E
:10A1C00038B50446FDF7F1FCD4E9101205462046E7
:10A1D000E8F7BCFAE18C228DE060521A40F271215E
:10A1E00001FB020303F59C53083323612846BDE8B5
:10A1F0003840FDF7E0BC08B52030FFF77EFFBDE832
:10A2000008404FF08050EEF7B7BD38B504460D4614
:10A210000830EAF749F829462046ECF721F9E06EC4
:10A220000025E56110B1E9F78BF9E56604F150000E
:10A23000BDE8384008F047BB38B5044619B390F87C
:10A2400038208AB190F839300133DBB29A4280F875
:10A25000393009D10121FFF7D8FF4FF08071204636
:10A26000BDE83840FFF7C7BF236ADA030BD5E36BBD
:10A2700062689B1A002B06DA01212046FFF7C5FF12
:10A280004FF08061EBE7236A1B0426D402F01DFD2A
:10A290001123B0FBF3F303EB0313C01A94F96130FD
:10A2A00085B213FA80F0102888BFC5F110056DB291
:10A2B000083B2B4484F8613020460121ECF7D0F8AC
:10A2C000E28C63682A4440F2712101FB023363602F
:10A2D0002046BDE83840ECF773B80025ECE72DE9DF
:10A2E000F84F1D46C369DDF830809DF838909DF821
:10A2F00040B09DF850A00F4604469DF84810164601
:10A30000002B40F0D180EB0600F1BE8005F0030386
:10A31000032B08BF05F0FD0505F0F705BDF83C303F
:10A32000A386A8069DF8540048BF05F0FC05FFF77A
:10A33000F5FE47F6FF731BF0020F84F83600A4F811
:10A34000783040F0A4801BF0040F00F0A28000F0F1
:10A35000FD00012814BF0323042394F87F209DF8F7
:10A36000580063F3030284F87F20FFF7D7FE47F617
:10A37000FF738A0784F83700A4F8883000F18B80D7
:10A380004B0740F18A8000F0FD00012814BF032133
:10A39000042194F88F30606E61F3030384F88F30EA
:10A3A000FFF7EAFE216C00222046E8F7CFF940F2E1
:10A3B00071237343984279D804F1200049F6FF7164
:10A3C000FFF7A3FEFF2384F85430BAF1000F03D047
:10A3D000236A43F480532362290705D5236A06269E
:10A3E00043F4841323623746236A6A0723F4C04385
:10A3F00023620CD419F0010F1CBF43F400532362F5
:10A40000236A19F0020F1CBF43F480432362236ABE
:10A41000A5852B43236204F12E03B8F1000F3ED033
:10A42000D8F80020C4F82E20B8F804209A809DF8AF
:10A430002C30012B03D14FF48061FFF75EFE236ABD
:10A440009DF8282023F4407343EA0223236202F09C
:10A450003CFC94F860309DF84C2084F85F0023F0B9
:10A460000F03C0F30320034362F3071384F8603043
:10A470009DF83430E7842046268584F82A30FFF79B
:10A480009FFE0020BDE8F88F01218B4646E702239E
:10A4900063E7012361E702217BE7012179E7C4F843
:10A4A0002E80A3F80480CAE70C20EBE74520E9E7FB
:10A4B0002DE9F743894617460193044630B901A8B0
:10A4C00008F001FA422003B0BDE8F083012920D052
:10A4D000022910D089B9C369C3B900F140054FF40E
:10A4E0000036236AD9061ED55A0726D501A808F0DA
:10A4F000EAF90020E7E7406E20B901A808F0E3F987
:10A500000C20E0E71946FFF738FEDCE700F14805CC
:10A51000E5E7C36923B900F144054FF48026E0E77D
:10A5200000F14C05F9E79B0707D5B9F1000F04D1FD
:10A5300001A808F0C8F91220C5E704F12008404638
:10A540003146FFF7E2FDF80702D5284608F0BBF9CF
:10A55000019921B1284608F09DFA0023019328684B
:10A5600008F036FA236AD90605D51F2801DC032F27
:10A5700016D02846DDE740F27262904204DD28469C
:10A5800008F0A1F907209EE7B9F1000F08D1BF2814
:10A5900006DD9A0704D0284608F095F9452092E791
:10A5A000D4E912122046E8F7D1F8E3696BB1E38CE5
:10A5B00040F271225343984207D9238D8342EAD354
:10A5C00000F51C70B0FBF2F0E084FDF7EEFAE369F1
:10A5D00005467BB1BB070DD531464046FFF78DFDE3
:10A5E0006368C3F57A7602F0ACFBF04202D52046F0
:10A5F000ECF72EF82846FDF7DEFA7AE738B50D4677
:10A600000446C8B1E90704D54FF400112030FFF724
:10A6100074FDAA0705D54FF4000104F12000FFF7EF
:10A620006CFD6B0701D4002038BD4FF0006104F1D0
:10A630002000FFF762FDF6E74220F5E738B50D464A
:10A640000446C8B1E90704D54FF400112030FFF7E4
:10A650005CFDAA0705D54FF4000104F12000FFF7C7
:10A6600054FD6B0701D4002038BD4FF0006104F1A8
:10A670002000FFF74AFDF6E74220F5E7E8F74CBB7C
:10A6800038B5C36904460D463BB1036A13F00100B7
:10A6900011D194F82430FE2B0CD004F120004FF49B
:10A6A0008001FFF72AFD2B68C4F85530AB88A4F869
:10A6B0005930012038BD0020FCE7036A10B504467C
:10A6C00013F4602030D09A0307D504F1400008F05D
:10A6D000FAF8A36C23640023A364236A5B0307D501
:10A6E00004F1440008F0EFF8E36C63640023E364D2
:10A6F0004FF4602104F12000FFF707FD2046FFF72B
:10A700005FFD94F8602094F85F3002F00F0143EA97
:10A710000123013384F85F3022F00F02C3F30323D7
:10A720001A4384F86020012010BD10B50446503053
:10A7300008F0B0F920464FF00071BDE81040FFF777
:10A740005ABD50E8003F0B4340E80032002AF8D1E0
:10A750007047C94350E8003F0B4040E80032002AF0
:10A76000F8D1704738B50446D0F8A00010B9D4F835
:10A77000A40058B194F8375108F0D6F805F00F0549
:10A7800081B206312846EDF773F880B2B4F878301C
:10A7900040F27122534300F548709842B8BF184602
:10A7A00038BD38B505460C4602F051FB20B149F6DC
:10A7B00040439C4228BF1C46EA68A2420BD2B5F82F
:10A7C0007A3040F271214B43934238BF1346A34283
:10A7D00028BF23461A462A6138BD034644309A6A88
:10A7E000920404D5D3F82821998FEEF719B893F87D
:10A7F0006F10EEF70BB80020704701207047002063
:10A8000070470020704701207047C8207047002023
:10A81000704700207047704770471120704770479D
:10A820007047002070477047002070477047012034
:10A8300070477047704790F88520531C03F00F0352
:10A84000072B28BF002363F30302034410B580F8ED
:10A85000852083F87E1090F885306F2B4FEA131215
:10A8600098BF013204469CBF62F3071380F885301D
:10A87000FFF7E0FF94F83711204601F00F01FFF7D2
:10A88000CBFF10BD70477047704700207047002015
:10A8900070470020704710B101F1B000704701F11E
:10A8A000D4007047F8307047806A70472830FFF74F
:10A8B00048BF2830FFF74DBFC06A70472C30FFF704
:10A8C00040BF2C30FFF745BF00F59C70704708B5BE
:10A8D0000B79DB0702D4FFF7D5FF08BDBDE80840C0
:10A8E00091F90510FFF7A7BF02290346808F11D009
:10A8F000032909D0012906D11A8F5B6B1201B2FB23
:10A90000F3F3184480B270475A6B4FF47A43B3FBA9
:10A91000F2F3F6E75B8F073000EB4300F2E770B528
:10A9200040F27126456806FB01F35643826A1D44D6
:10A930001207044645600ED500F1400500F13402CF
:10A940002946EAF7D5F83346294620460122BDE8D4
:10A95000704001F054BA05EB5605456070BD836A3E
:10A96000590505D4D0F8A03013B15B799A0708D403
:10A97000D0F8A40000B9704743799B0701D4006860
:10A98000F8E70120704780F87710704738B5044623
:10A9900001F047FC04F1A40007F095FF04F1A800C2
:10A9A00007F091FF04F1AC0007F08DFF04F1A00067
:10A9B00007F089FF2046E8F719FBC4B22046FFF7ED
:10A9C000C7FB05462046FFF7C5FB01462846FFF7B3
:10A9D000BEFB38BD38B5836A1B07044613D5024653
:10A9E000B0F87C3052F8341F4B4340F271214B4396
:10A9F00000F14001EAF77CF8236C20469D08FFF740
:10AA0000B1FE2844E060616B40F271250139694371
:10AA10002046FFF7C6FE20460121EBF721FD636BC0
:10AA2000B4F87C205A43636805FB02336360204618
:10AA3000BDE83840EBF7C4BCB0F8303110B5A0F831
:10AA400034310446E8F7D2FAC0B2FFF7DEFE94F8DC
:10AA5000373194F8362103F00F0304F1440102F07A
:10AA6000EFF9ECF74BFFB4F93021824205D0A4F89E
:10AA70003001EDF7EBFBA4F83201B4F93421B4F95D
:10AA800030319A4209D0A36A9B0306D520464FF481
:10AA90000041BDE81040E8F7BFBA10BDFFF7CCBFDA
:10AAA000836A0A4600F14401C3F34030EDF762BE09
:10AAB00010B5A0F87810A0F87A200446FFF752FEEF
:10AAC0002169E0602046BDE81040FFF76ABE38B556
:10AAD00004460D463AB94FF4C0212830FFF739FE3D
:10AAE0009DB9002038BDFFF79CFE98B128344FF483
:10AAF000C0212046FFF72DFE1DB14FF40031FFF7B6
:10AB000020FE4FF48021204601E04FF40031FFF792
:10AB100018FEE6E71120E5E72DE9FF41836A9B0374
:10AB200004462CD5B0F93081B0F934710020EDF72E
:10AB300081FC8045CCBF0025012502F086F994F800
:10AB40003711C82201F00F01EDF77EFC06462046C2
:10AB5000E8F74CFAB04594F83711A8EB0707B4BFF3
:10AB6000002601263FB245EA46050023CDE90085CF
:10AB700002971A4601F00F0180B200F0B7FC04B052
:10AB8000BDE8F081FFF7C8BF86307047F8B50446CE
:10AB90000E4600295AD0476B40F271235F43A7F25B
:10ABA0008A277F0839463046ECF772FE94F88E30DB
:10ABB000851FADB29D4239463046A8BF1D46ECF711
:10ABC00067FE94F88F20B4F88610831F9BB29342DF
:10ABD000A8BF1346F21E012AB4F888202BD8B1F57D
:10ABE000296F44F29020B8BF4FF429618142A8BF79
:10ABF0000146B2F5296FB8BF4FF429628242A8BF5F
:10AC000002461B2DB8BF1B251B2BB8BF1B2384F886
:10AC1000913084F89050A4F88A10A4F88C20304623
:10AC2000ECF736FE831F9BB2AB42A8BF2B46DBB2CC
:10AC300084F89230F8BDB1F5A47FB8BF4FF4A47189
:10AC4000B2F5A47FB8BF4FF4A472DAE71B23EFE795
:10AC500070B54900466B89B28E4204461FBF4068FA
:10AC6000616340F2712505FB060018BF05FB11006A
:10AC7000658F1ABF6060012100219542208F17D097
:10AC80008342628700D02387238F94F83711626B49
:10AC9000204601F00F011B01B3FBF2F3A4F89C3036
:10ACA000FFF774FF20460421BDE87040E8F7B4B90F
:10ACB0008342E8D1A36A1B07E6D50029E4D170BD21
:10ACC000F0B585B004460E4600F186036A4600F1F1
:10ACD0008E0718685968154603C50833BB422A46D3
:10ACE000F7D1186828609B88AB8031462046FFF773
:10ACF0004DFF9DF80B2094F891309A4211D1BDF888
:10AD00000620B4F88C309A420BD19DF80A2094F8B2
:10AD100090309A4205D1BDF80420B4F88A309A42A6
:10AD200007D04FF48141204605B0BDE8F040E8F778
:10AD300073B905B0F0BD37B50446BDF8180094F8F6
:10AD40008E508D420BD1B4F88650954207D194F8BD
:10AD50008F509D4203D1B4F8885085421DD08DF8A4
:10AD60000610ADF8042084F88E1094F83711019D78
:10AD700084F88F30A4F88800C4F84051A4F88620E5
:10AD800001F00F012046FFF79BFFB4F88A30A4F8CA
:10AD90008630B4F88C30A4F8883003B030BD90F819
:10ADA000373170B503F00F03044616460D46D9B18E
:10ADB0008B4219D00122FFF732FD2946002220469E
:10ADC000FFF72BFD94F8373165F3030384F837312F
:10ADD00005F00F012046FFF773FF20464FF4844132
:10ADE000BDE87040E8F718B919462046FFF768FF3C
:10ADF000002EF2D170BDF8B51D46C36A5B0704464C
:10AE00000F46164610D404212C30FFF79AFC84F824
:10AE10009A70A4F89660A4F8985020464FF4006108
:10AE2000BDE8F840E8F7F8B8F8BD10B511B190F8F2
:10AE30009A400C7012B1B0F89610118013B1B0F8AE
:10AE400098201A80C06AC0F3800010BD4FF4004102
:10AE50002830FFF776BC00F5A270704790F83701F4
:10AE600000F00F00704770B50446FCF79EFE656861
:10AE7000064601F066FF2D1AB5F5FA7504D5304681
:10AE8000BDE87040FCF797BE636B94F8701040F219
:10AE900071225343B5FBF3F5A38FAAB29B1AA38784
:10AEA00094F86F3002FB1133252193FBF1F001FB85
:10AEB0001033002BB8BF5B1884F86F30B4F89C30A7
:10AEC0009B1AA4F89C30204600211546EBF7C8FADF
:10AED000636B5D43636840F2712202FB153363606C
:10AEE0002046EBF76DFACAE72DE9F3474E790446A1
:10AEF000B0074FF0000358BF06F0010608460D46A4
:10AF0000ADF8043054BF01360326FFF71AF907469F
:10AF100007F01F03002BE36A15BF4FF001084FF045
:10AF200000084FF003094FF0020999050CD59DF870
:10AF3000043066F3010368F345138DF80430019A79
:10AF40002946204600F08EF9284607F041FD494683
:10AF50008246284607F0F7FC9DF80430AA798DF860
:10AF600005A066F3010368F345130C328DF8043035
:10AF7000BDF80430AB529DF80430A9189A066B79DD
:10AF800048BF8F7043F001036B71FCF70EFE06465D
:10AF90002046294650F8A48F07F07CFD94F84631EE
:10AFA000013384F84631A36A1B070CD5B4F87C3012
:10AFB000012B02D92046FFF756FF304602B0BDE80C
:10AFC000F047FCF7F8BD656801F0BBFE0746EBF7FC
:10AFD00039FB8442F1D1ED1BB5F57A7FEDDDB8F197
:10AFE000000F03D0D4F8A030002BE6D1EBF7C2FE5F
:10AFF000E3E708B5022007F02BFE10B100F045FE94
:10B00000012008BD10B54FF4407104462830FFF709
:10B01000A0FB20460021BDE81040E8F77FBC0123DB
:10B0200010B5A1F12002C1F1200423FA04F403FABF
:10B0300002F222438B40D0E9084123400A401343E7
:10B0400014BF0120002010BDC36A10B5044613F0E0
:10B05000080012D00123A1F12002C1F1200023FA3F
:10B0600000F003FA02F202438B40D4E908010340E6
:10B070000A40134314BF0120002010BD10B50C4638
:10B08000C9B2FFF7E1FF70B1E9F71EFDC4F120027C
:10B09000A4F12003E04001FA02F2104321FA03F385
:10B0A000184300F0010010BD70B504460E46E9F7E4
:10B0B0003DFEFCF77AFD84F87760054602212046C4
:10B0C000E7F7AAFF20460021EBF7CAF92846BDE8BA
:10B0D0007040FCF770BD70B504460D46FCF765FD89
:10B0E0000646EBF7AFFA844201D1EBF723FE304678
:10B0F000FCF761FD29462046BDE87040FFF7D4BF4C
:10B100000B68C0F84031704738B5D0F840310B605B
:10B1100040F648059BB2AB420C4604D90B21FFF721
:10B12000ADFF08B9258038BD44F290232380FAE7AB
:10B1300008B500F0FBF8E8F7D9F800F046FB00F09E
:10B1400008F8E9F72BFDEAF7E7FABDE80840EAF767
:10B1500063BB704770B515460E461C46FFF7A2FB51
:10B160002B684EB103606B6843602368C0F82530DC
:10B170002368C0F8153070BD83606B68C3602368B6
:10B18000C0F829302368C0F81930F4E770B50546D7
:10B19000FFF788FB0446FCF708FD4FF48071064674
:10B1A0002846FFF783FB4FF400612846FFF786FB34
:10B1B0003046FCF700FD002323612375236284F8E9
:10B1C00024302846FFF770FB802310F0080F14BFCF
:10B1D000237584F8243070BD10B50446FFF712FFC4
:10B1E00020461021BDE81040E7F716BF10B54FF418
:10B1F00060610446FFF765FB2046BDE81040FFF79D
:10B2000001BF7FB506460C46FFF74CFB4FF4C0610B
:10B2100005463046FFF752FB4FF400613046FFF71A
:10B2200050FB4FF48060E9F7F5FB224670B96946A0
:10B230002846E8F759FF6B4605F1100213F8011B89
:10B2400002F8011DAA42F9D104B070BD6C4602F1AA
:10B25000100610685168234603C30832B2421C46E8
:10B26000F7D1E8E7F0B587B00D46ADF80C20FFF751
:10B2700019FB0446284607F0ABFB064600B32846F8
:10B28000E8F770FF9DF80C3005AF03F0230322466A
:10B2900031460093019704F12003FDF780F828461A
:10B2A000E8F776FF04223946284607F0CFFD236AE7
:10B2B0000133236223B994F82430013384F8243015
:10B2C00007B0F0BD30B585B00391ADF80820FFF7A9
:10B2D000E9FA0446039807F07BFB051F002D02DC0A
:10B2E000002005B030BD0398E8F73CFF43190193F7
:10B2F0009DF8083003F023030093224604F1100365
:10B300002946FDF73DF80028EAD10398E8F740FF09
:10B31000042103A807F0FEFB2369013323610BB16D
:10B320000120DEE7237D01332375F9E708B54FF4EB
:10B330000060E9F76FFB40B94FF48050E9F76AFB12
:10B3400040B9BDE80840EDF7B7BAFFF79EFA00280C
:10B35000F2D008BDFFF79DFA0028F2D0F9E741F0DE
:10B36000004141F4E0210160704707B501A8019157
:10B3700007F0A9FA002003B05DF804FB704770479E
:10B38000002070477047704710B5DC1D043383738D
:10B390004379C47123F0030343F003030E24437184
:10B3A000012344738371C3730182827410BDD31C63
:10B3B000C3713E2343734379827323F0030343F045
:10B3C0000303437101238371C17370470F234373D8
:10B3D000042383734379A0F8111023F0030343F08F
:10B3E0000303437140F20173C38001230374C273EA
:10B3F0007047D31CC3714379417323F0030343F0B7
:10B4000003034371012382738371704708B50023DE
:10B41000FFF7BAFFBDE80840E8F7A8BF2DE9F843F9
:10B4200080460220894617461E4607F011FCD0B11F
:10B430004579A0F810800C2343730823837325F00B
:10B44000030540F60133C38045F003059DF8203025
:10B45000457180F81290A0F81370A0F81560C373BE
:10B46000E8F784FF0120BDE8F88308B5022007F063
:10B47000EFFB30B101221121FFF799FFE8F776FFCA
:10B48000012008BDF8B50F461646132109221D46B6
:10B49000FFF78DFF837904460C331C44A170E770DD
:10B4A00026712B68C4F80530AB88A4F80930BDE8D4
:10B4B000F840E8F75BBF70B5064602200D4607F07E
:10B4C000C7FB044668B114210422FFF770FF83799B
:10B4D0000C331C44A170A4F803606571E8F746FFC3
:10B4E000012070BD08B501F099FD08BD2DE9F041BE
:10B4F000074602200D4690461E4607F0A9FB04466B
:10B50000E0B109222121FFF752FF83790C331C445B
:10B510000A22BDF9183093FBF2F323729DF81C3018
:10B52000637284F80380BDF92030A78093FBF2F3A7
:10B53000A671E571A372E8F719FF0120BDE8F0815B
:10B5400037B5044607F044FAA3790C33E518C0B2C6
:10B550003E22E254831E6B700D23AB70AB798DF8E5
:10B5600007301C38012BE87609D100231A46E91D63
:10B570000DF10700FEF70AFE9DF80730AB7120467B
:10B58000E8F7F4FE03B030BD704710B5E8F728FFC8
:10B5900083790C33C4180021E078E7F743F9616838
:10B5A000FFF72CF80446E8F721FF22460023BDE808
:10B5B00010404FF61941FFF7E7BE10B5E8F710FF4E
:10B5C00083790C33C4180021E078E7F72BF9616820
:10B5D000FFF734F80446E8F709FF22460023BDE8E8
:10B5E00010404FF61A41FFF7CFBE70B5E8F7F8FEEE
:10B5F000002186790446FE20E7F714F90546EAF7AC
:10B60000A9FA50B10C24E8F7F1FE22460023BDE868
:10B61000704042F20501FFF7B7BEEAF7E1FA0028F1
:10B62000F0D134440F342DB121462846FFF728F8D5
:10B630000028E7D02046E9F739F90024E3E72DE9AF
:10B64000F041E8F7CDFE83790C33C4180025E67885
:10B65000E8F7C6FE0768E8F7C3FEA6F1FE03594205
:10B66000594105603046E7F7DDF822793B46294627
:10B67000FEF71EFF0446E8F7B9FE2B46224642F2CB
:10B680003701BDE8F041FFF77FBE2DE9F041E8F753
:10B69000A7FE83790C33C4180025E678E8F7A0FEEE
:10B6A0000768E8F79DFEA6F1FE035942594105607F
:10B6B0003046E7F7B7F822793B460121FEF7F8FE5E
:10B6C0000446E8F793FE2B46224642F23801BDE8D5
:10B6D000F041FFF759BE2DE9F047E8F781FE837985
:10B6E0000C33C418277994F8038027B9B8F1010FF7
:10B6F00027D0E7F7F9FA05340026BE420ADB002519
:10B70000E8F774FE2A460023BDE8F04742F239010B
:10B71000FFF73ABE2078B4F8015094F80390A0F1F6
:10B72000FE03594259410434E7F77CF858B12A46E0
:10B730004B464146E7F7D4F905460028E0D10136EB
:10B74000DBE71225DCE74225DAE710B5E8F748FE2B
:10B7500083790C33C4180021E078E7F763F880B1EF
:10B76000211DFEF78DFF00280CBF0C240024E8F7F4
:10B770003DFE22460023BDE8104042F23501FFF7AE
:10B7800003BE4224F3E7FE282DE9F8430646894626
:10B7900090461F4616D0022007F05AFA044690B190
:10B7A00006221221FFF703FEA5790C35254412234A
:10B7B000AB7085F803902E71A5F80580EF712046D7
:10B7C000E8F7D4FD0120BDE8F883704710B5EAF72B
:10B7D000C1F90446FEF7CDFC2043C0B210BD38B518
:10B7E000E8F7FEFD8379C17903F10C020244CB1A1C
:10B7F00002200021B2F8035007F055FB044640B97F
:10B80000E8F7F4FD0722BDE8384042F21901FFF7DE
:10B81000DDBD2846E7F7D6FB38B12146E9F790FFB2
:10B820000446E8F7E3FD2246EDE72046FBF742FE3B
:10B830000224F6E770B5E8F7D3FD83791844B0F831
:10B840000F60B0B2E7F7BEFB80B1002100F06EFEE2
:10B850000546E8F7CBFD044602232A4642F21B01C7
:10B86000FFF792FDA3791C44668270BD0225F0E7C4
:10B8700070B5E8F7B5FD83790C33C418B4F80350FC
:10B880002846E7F79FFBA0B1611D00F04FFE06467A
:10B89000E8F7ACFD04460223324642F21A01FFF7F4
:10B8A00073FDE37923449D72E3791C442D0AE5720C
:10B8B00070BD0226ECE710B5E8F792FD83790C33F2
:10B8C00018444479B0F80300E7F77CFB60B12146E7
:10B8D000E9F712FD0446E8F789FDE2B240F20641BD
:10B8E000BDE81040FFF772BD0224F4E770B5E8F739
:10B8F00077FD83791844B0F80F50FCF756F90446E9
:10B900002846E7F75FFB80B11621FFF7E4FB00252F
:10B910002046FCF750F9E8F769FD2A460023BDE808
:10B9200070404FF60441FFF72FBD0225F0E7F8B550
:10B93000E8F756FD84790C3404440546B4F8030056
:10B94000E7F740FB064640B9E8F750FD0222BDE8A4
:10B95000F84042F21301FFF739BDAB79E97903F101
:10B960000C022A44CB1A0220002107F09CFA01465F
:10B9700018B9E8F73BFD0722E9E7837903338371C0
:10B980003046B4F80D50B4F80F70E9F769FC3A4648
:10B99000044629463046FFF78BF8E8F727FD224694
:10B9A000D5E738B5FCF701F90446FFF70FFF00288B
:10B9B0000CBF0C250025E8F719FD2A4642F20E01BE
:10B9C000FFF724FDEAF734FC2046BDE83840FCF7D9
:10B9D000F2B810B5E8F704FD83791844B0F80F0009
:10B9E000C0B2E7F73FFEE8F701FD0023BDE81040D5
:10B9F0001A4642F22401FFF7C7BC2DE9F8438146FD
:10BA00000220884617461E4607F022F9044690B1E8
:10BA10000A220321FFF7CBFCA5790C35254400232E
:10BA20002046EB70A5F80490A5F806802F816E8162
:10BA3000E8F79CFC0120BDE8F8832DE9F04385B0D0
:10BA4000814602209DF844808DF80F200E461F4647
:10BA500007F0FEF80546002844D022222921FFF7EE
:10BA6000A6FCAC790C342C4404F10E03002204F142
:10BA70001401C4F80E2030469A806261228300913E
:10BA80003A460DF10F01FEF782FB9DF84030E3705E
:10BA900006F00103A3719DF80F30A4F80490E37140
:10BAA0003B68A360BB88A38116F0FD0F4FF6FF73C0
:10BAB00004D0032E08BF43464FF0FF08BDF83020E6
:10BAC0006283BDF83420A283BDF83820E2839DF85C
:10BAD0003C2084F82020284684F821806384E8F7FD
:10BAE00045FC012005B0BDE8F083F8B5074602200B
:10BAF00016461D4607F0ACF8044690B10C2204210E
:10BB0000FFF755FCA1799DF818300C3121442046EF
:10BB10008F80C1F80660C1F80A50CB70E8F726FCA8
:10BB20000120F8BD70B5064602200D4607F090F8DA
:10BB3000044668B103223021FFF75BFCA3790C3384
:10BB400023442046A3F803609D70E8F70FFC012012
:10BB500070BD70B5064602200D4607F079F8044620
:10BB600088B104220821FFF744FCA3790C33234455
:10BB7000B5FA85F252092046A3F803605A719D7008
:10BB8000E8F7F4FB012070BD2DE9F843814602205F
:10BB9000884617461E4607F05BF80446B0B10B22F4
:10BBA0000721FFF704FCA579BDF820300C352544AA
:10BBB0002046A5F80390A5F80580A5F80770A5F81C
:10BBC0000960A5F80B30E8F7D1FB0120BDE8F88348
:10BBD000F8B5074602200E46154607F039F8044628
:10BBE000A0B10D220521FFF7E2FBA3790C3323441A
:10BBF0002046A3F80370A3F80D602A68C3F8052057
:10BC00006A68C3F80920E8F7B1FB0120F8BD2DE907
:10BC1000FF410A9C16466A4680460F4603F1100E05
:10BC20001546186859689446ACE803000833734514
:10BC30006246F6D124B9022007F00AF8044608B398
:10BC40001D22ED212046FFF7B2FBA3790C332344DC
:10BC5000A3F80380A3F80D702EB13268C3F8052055
:10BC60007268C3F809200F3304AE2A4603CAB242F1
:10BC700018605960154603F10803F6D12046E8F72D
:10BC800075FB012004B0BDE8F08113B58279019005
:10BC90000C321321815484184FF44072C280E8F7AB
:10BCA000FBF8A07020B901A806F00DFE02B010BD8F
:10BCB0008000013060700198E8F758FBF6E770B536
:10BCC000064602200D4606F0C3FF044678B1042262
:10BCD0000521FFF78EFBA3790C3323440022204675
:10BCE000A3F803605D719A70E8F740FB012070BD16
:10BCF00013B5837901900C33C418C05CE7F762F97F
:10BD000020B901A806F0DFFD02B010BD63780199EB
:10BD100013F0300F8B7903F104038B714B790CBF57
:10BD20000122002262F300034B71E7F7F7FDEBE716
:10BD30002DE9F041E8F754FB83790C33C418B4F8CB
:10BD400003801FFA88F0E7F73DF9054600B3A279B2
:10BD50006179FEF7BCFE0646E8F748FB074602237A
:10BD6000324642F27A01FFF70FFBBB793B4438467B
:10BD7000A3F81280E8F7FAFA46B9A37933B1284656
:10BD8000FFF76CF801462846FEF74DFDBDE8F0814F
:10BD90000226E1E700F05FBE50E8003F0B4340E8B9
:10BDA0000032002AF8D17047704770B50E4615462C
:10BDB000E7F7C8FA044648B93046E7F779F8044689
:10BDC00020B92846ECF7A2FC044640B10020E7F772
:10BDD000B9FA0020E7F76CF80020ECF797FC204652
:10BDE00070BD4FF40010ECF7C7BFEBF789BEE8F762
:10BDF0003FBD4368143B4360A0230B6070471AB9F2
:10BE00004268A2EB530242600A6802EB83020A60B6
:10BE10007047884210B518D8052816D9B1F5486F73
:10BE200013D8B3F5FA7F10D2A2F10A0080B240F61F
:10BE30007644A04209D801339BB24B435B00B3EB7D
:10BE4000C20F94BF0120002010BD0020FCE7C943B1
:10BE500050E8003F0B4040E80032002AF8D170471C
:10BE6000002070472DE9F04104460F4600264FF0B0
:10BE70000108214686F00100FEF70DFD4FF48051C8
:10BE8000FFF7E5FF836833B940460EB1BDE8F081A6
:10BE900001268046EDE7028ABA4206D1002201213E
:10BEA000204698470028EFD1EFE70268D205EBD58E
:10BEB00000221146F4E708B5FEF706FD00230380D3
:10BEC000436008BD70B506460C46FBF76EFE05469E
:10BED0003046FEF7F9FC30B103781C4304704FF490
:10BEE0000070ECF749FF2846BDE87040FBF763BEE1
:10BEF000E7F714BD07B542798DF8071022F0030269
:10BF000042F00302427140F20332C2800DF1070198
:10BF1000012206F0BBFC03B05DF804FBF8B5174640
:10BF200006460C461D46FEF7C7FC020713D5022144
:10BF30003046FFF774F870B111212046FFF7DAFFA1
:10BF40002046E8F79BFE4570877021463046BDE8E5
:10BF5000F840E7F7E3BC2820C5F120024FF08861E4
:10BF6000A5F12003E94000FA02F220FA03F311439D
:10BF70001943CB07E0D40D212046FFF7BBFF204635
:10BF8000E8F77CFE4770E0E770B50C4605460721F0
:10BF900020461646FFF7AEFF2046E8F76FFE214623
:10BFA00046702846BDE87040E7F7B8BC38B50C4687
:10BFB00000210546FEF798FC241AA4B247F6FE734A
:10BFC0009C4205D928462821FFF76EF8002038BD8D
:10BFD0000120FCE738B504460D4601460020FEF777
:10BFE0005AFC03689B0505D429462046BDE8384025
:10BFF000FFF7DCBF002038BD2DE9F04115469DF864
:10C0000018801F46FEF747FC0446FBF7CEFDB8F14B
:10C01000010F064623D154E8003F43F4807344E8FF
:10C020000032002AF7D105B354E8002F42F4007221
:10C0300044E80023002BF7D1FF212046FFF707FF3C
:10C0400054E8002F48EA020244E80023002BF7D10D
:10C05000A56027823046BDE8F041FBF7ACBD4FF448
:10C0600080712046FFF7F3FEDDE74FF400712046B4
:10C07000FFF7EDFEE0E773B5064601200C46FEF73C
:10C080000AFC0023054600931A4621463046FFF776
:10C09000B3FF6B6863B14FF480712046E6F7BCFFD5
:10C0A00055E8003F43F4007345E80032002AF7D119
:10C0B000FBF77BFD05462046FEF706FC28B103880A
:10C0C0001BB14FF40070ECF757FE284602B0BDE8F4
:10C0D0007040FBF770BD38B505460C46FEF7DBFB3C
:10C0E00083684BB10221204600229847214628460A
:10C0F000BDE83840FFF7BFBF38BD012938B5054658
:10C100000C4608D0CC1E012C03D801460120FFF7B5
:10C11000E2FF012038BD2221FEF735FC20462946EA
:10C12000FFF7D9FF0020F5E708B5FEF7B4FB00687C
:10C1300000F0F00008BD10B5014604460120FFF7ED
:10C14000F3FF20B92146BDE81040FFF7EDBF10BD59
:10C1500070B506460C4601460120FEF79CFB3146B1
:10C1600005460020FEF797FB2B680268014643EA6C
:10C170000200C0051ED49B0502F4007203D49AB9D4
:10C180004FF0FF3070BD2B8A1B1B98B27AB1098A21
:10C19000091B89B28842A8BF08464FF6FF73984230
:10C1A00008BF4FF0FF30EDE74FF6FF70EFE74FF6B7
:10C1B000FF71EFE70120E5E72DE9F3410446019126
:10C1C000014601201546FEF766FB21460646002083
:10C1D000FEF761FB80462046FEF766FB810606D52A
:10C1E00001A806F070FB0C2002B0BDE8F081FBF75F
:10C1F000DCFC33689A05074603D4D8F800309B0569
:10C2000009D50199301D8D6006F044FC3846FBF7D6
:10C21000D2FC0020E8E7FBF7CEFC01992046A847B6
:10C22000E2E738B5014604460120FEF734FB054637
:10C230000C3006F048FB281D06F045FB2146002087
:10C24000FEF729FB04460C3006F03DFB201DBDE83F
:10C25000384006F038BB70B5014605460120FEF7B0
:10C260001AFB0646043006F0ABFB044670B14FF4EF
:10C2700000713046FFF7EBFDA3682146284698473A
:10C2800020B12046BDE87040FBF714B970BD002313
:10C29000C0E900318260704708B50B460146184678
:10C2A000FEF7F9FA0068C0F3402008BDFFF725BF8C
:10C2B000CB1E012B70B504460D46164606D81A2132
:10C2C000FEF761FB40212046E6F7A6FE32462946EE
:10C2D0002046BDE87040FFF710BF38B504460D4654
:10C2E000FEF73DFB28B1012D04D122212046FEF7A7
:10C2F0004AFB002038BDF8B58B790B440C46D3F8C7
:10C300000D60D3F8113032460746E7F7E9FA092104
:10C310002046FFF7EFFD2046E8F7B0FCA579E8F7E7
:10C32000D3FB0C35254466F0FF060640C5F80160D6
:10C33000E8F7CAFB3846C5F805102146FFF7D8FDD7
:10C3400002213846FFF7BEFDF8BD70B50E46054622
:10C3500001460020FEF79FFA012E044603D0022E6C
:10C3600011D0012070BDC1688B7919440D31284668
:10C37000FEF796FBE068FBF79DF80020E060294699
:10C38000FFF779FEEDE7C068FBF794F80023E36060
:10C39000E7E738B50D46044601460120FEF77BFA73
:10C3A000012D08D100F112012046FEF779FB21464C
:10C3B0002846FFF760FE012038BD08B5FEF774FA85
:10C3C000C0F3C00008BDF8B50C460746FFF7F5FFFF
:10C3D00080F00106F6B239463046FEF75CFA0546B3
:10C3E000C068012C837903D0022C1BD00120F8BD3A
:10C3F0000C33C41838462389E288A188FEF728FC4C
:10C4000061886278490089B252003846FEF787FA9F
:10C41000E868FBF74FF80023EB6039463046FFF73A
:10C420002AFEE3E7FBF746F80023EB60DEE708B5FA
:10C43000FEF742FA00F0010008BD38B50C460221B3
:10C440000546FEF73BFA0C212046FFF753FD204638
:10C45000E8F714FC4FF0FF3383700223C3700D2301
:10C4600043706FF02F030371052343712146284663
:10C47000BDE83840FFF73CBD042910B5044601D0A3
:10C48000002010BDFFF799FFC0F10200E8F7C2FAE3
:10C490000028F5D106F0DCFB014608B90220F0E7E0
:10C4A0002046E8F7FBFE0028F8D10120E9E708B5AF
:10C4B000FEF7FAF9C0F3C00008BD2DE9F0410F46C0
:10C4C00004469046FFF7F3FF80F00105EDB22146E8
:10C4D0002846FEF7E0F9012F064603D0032F0FD0C0
:10C4E00001200BE02046FEF781FE22212046FEF7C8
:10C4F0004AFA28462146FFF7EEFD0020BDE8F0810C
:10C50000C068FAF7D7FF0023F3602046FEF76EFEFF
:10C510005FFA88F12046FEF736FA20462021E6F73A
:10C520007BFD21462846FFF7D6FDD9E737B50446FF
:10C530000D46FEF7C1F903054CD5022006F088FB35
:10C540000190002848D0204645B3FFF7B0FF50B116
:10C5500005210198FFF7CEFC0198E8F78FFB0199C0
:10C560002046FFF7C5FC20462946FEF74AFE204636
:10C57000FFF79DFF78B94FF400612046FEF799F967
:10C5800006210198FFF7B6FC0198E8F777FB0199BF
:10C590002046FFF7ADFC002003B030BDFFF787FF5A
:10C5A00068B10199032306222046FFF7B7FC204615
:10C5B000FEF71CFE21462846FFF78DFDEBE701A89C
:10C5C00006F081F920463D21FEF76EFD2046FEF77C
:10C5D0000DFEE0E70C20DFE70720DDE7F7B50146B9
:10C5E00004460020FEF757F9054600F112074FF404
:10C5F0008060E8F70FFA50B92046E6F7F7FC698B40
:10C600003A4680B203B0BDE8F040FFF7E1BA2046F9
:10C61000E6F7ECFC064620466D8BFEF743F9002258
:10C620000346009229463A46B0B2FFF7F0FA03B04B
:10C63000F0BD83781A2B09D81B2383700288B2F5CA
:10C64000A47F07D24FF4A473038007E0FB2BF5D936
:10C65000FB23F2E744F290239A42F5D87047F0B5F5
:10C66000CA798B7987B043EA0223ADF80C308B8806
:10C670008DF80E30CA788B7843EA02230446ADF871
:10C68000103003A80B888DF81230FFF7D2FF04A8F2
:10C69000FFF7CFFF05A92046FEF736FD0B21204608
:10C6A000FEF7ECFC40F6480544F29023002818BF42
:10C6B0001D469DF80E30BDF81460BDF81020BDF881
:10C6C0000C709DF816009DF81210AF42D4BF009771
:10C6D0000095FB2BA8BFFB23B242A8BF3246814284
:10C6E000A8BF01462046FEF726FB07B0F0BD37B5D0
:10C6F000144605461046FFF7FDFB2046E8F7BEFA54
:10C7000001A904462846FEF7FFFC0B212846FEF748
:10C71000B5FC6FF0040363700023A37044F2902211
:10C7200040F64803002818BF1346A4F803309DF8CC
:10C730000630A4F80530BDF80430A4F8073003B083
:10C7400030BDFFF7DABC022973B505460C4603D0AD
:10C750000024204602B070BD0521FEF760FC0028D1
:10C76000F6D0E6F785FF1B28F2D94FF40040E8F732
:10C7700051F90028ECD106F06BFA06460028E8D003
:10C7800001A92846FEF7C0FC9DF80630BDF804203C
:10C7900031462846E9F756F80028D9D10124D8E7D0
:10C7A00030B190FAA0F00123B0FA80F08340D8B203
:10C7B000704770B50646FEF77FF880F04004020629
:10C7C0000546C4F3801406D408213046FEF73CFC2D
:10C7D00008B144F00204EB0506D40B213046FEF705
:10C7E00033FC08B144F00404204670BD2DE9F84341
:10C7F000044691460F46FEF75FF8C0F34015204609
:10C80000FEF729FB214680462846FEF744F84946B4
:10C8100006462046FEF7B7F898F80110384601F0B2
:10C820000F0100F046FA062814BF014600212A46EF
:10C830002046FEF7B4FA21462846FFF71CFC2021CB
:10C840002046FEF73EF856E8003F43F4805346E8A2
:10C850000032002AF7D1BDE8F883F8B50E46044649
:10C860001546FEF729F8032EC0F340170DD0042E0D
:10C8700016D0012E12D122212046FEF784F8384628
:10C880002146FFF728FC0020F8BDEAB2002120462F
:10C89000FFF7ACFF21463846FFF71DFC0120F3E708
:10C8A0000C22F3E7012910B504460BD1FEF704F87A
:10C8B0002146C0F34010FDF7EEFF0022817C2046A8
:10C8C000FFF794FF012010BD2DE9F7430F46054601
:10C8D000FDF7F2FF00F02009C0F340182846FEF7EC
:10C8E000BAFABB790C333B445E789B781E400378E0
:10C8F000C3F3030000EA13103040FFF751FF044672
:10C9000048B9B9F1000F06D12846FFF752FF304071
:10C91000FFF746FF04462846FEF7A0FAEAF7CCFFE9
:10C92000A04223D01CB302212846FDF7DDFF0021E1
:10C9300006462846FEF72AF918213846FFF7DAFAA4
:10C940003846E8F79BF9B6B244708470A0F80360EB
:10C9500039462846FFF7CCFA009623462246294658
:10C960004046E8F7A9FF03B0BDE8F083002426465F
:10C97000E2E770B504460D46FFF7DDFB28B929460E
:10C980002046BDE87040FFF79FBF4028294620465B
:10C990004FF01603BDE8704014BF2A222322FFF790
:10C9A000BDBA38B505460C46FDF786FF830604D4AC
:10C9B0002046BDE83840FAF77DBD21462846BDE84F
:10C9C0003840FFF781BF73B58C790C340C440646B0
:10C9D0000D46FDF771FFA278032AC0F3401014D072
:10C9E000052A28BF00226378032B10D0052B28BF0F
:10C9F0000023B4F8031000913146E8F75DFF2846A4
:10CA000002B0BDE87040FAF755BD0022EBE7002305
:10CA1000EFE708B58B790B441B7B162B03D0172B44
:10CA200005D0002008BDFFF7A4FF0120FAE7FFF7BB
:10CA3000B8FFFAE708B58B790B441B7B162B03D0A4
:10CA4000182B05D0002008BDE8F760FF0120FAE7A9
:10CA5000FFF7B9FFFAE770471FB54A1E042A0346DD
:10CA60000C465FD8012902D1008804B010BD02290C
:10CA700005D100885B88984238BF1846F5E74A0020
:10CA8000014601A805F0D1FB032C07D10023ADF826
:10CA90000A304FF6FF73ADF80C3001E0042CF8D0EB
:10CAA000BDF80620BDF80430934284BFADF80630CF
:10CAB000ADF80420BDF80A30BDF80C20934288BFC1
:10CAC000ADF80A20BDF80A2088BFADF80C30BDF8DB
:10CAD0000430934288BFADF80A30BDF80620BDF897
:10CAE0000C309A4288BFADF80630BDF80820BDF87A
:10CAF0000630934284BFADF80830ADF80620BDF88B
:10CB00000A30BDF808209A4288BFADF80830BDF859
:10CB10000820BDF806309A4238BFADF80830BDF89D
:10CB20000800A2E74FF6FF709FE7012804D0022813
:10CB300004D030B9EAF70ABBEAF7F8BA0020E9F7FF
:10CB40003DBB704710B1012803D070470120E9F7C1
:10CB500035BB0020FBE7F7B51F468B1E012B0546B2
:10CB60000C46164613D8FDF70CFB0023CDE9000553
:10CB7000F01A18BF01201A463946FDF710FB80B1A4
:10CB8000022C0BD12846E7F76BFE002004E00029B9
:10CB9000F8D0012902D0FF2003B0F0BD2846E7F706
:10CBA000A3FE0120F8E770B59DF810600D46002146
:10CBB0000446817106F10C014173111E03F00F0050
:10CBC000237B18BF012140EAC11003F04003184342
:10CBD00020732B469DF8141004F10E00FFF7BBFFE5
:10CBE000237B60F3861323732B686361AB882383F5
:10CBF000A3790E363344E37170BD0023136043699B
:10CC0000F0B513F010070589044603D00D444560C4
:10CC10000120F0BD4668701AB0EB050CF8D513F092
:10CC200001000AD1D4E90373DB1B13EB0C0FF0D422
:10CC300029448E1B16606160EAE73846E9E710B5C3
:10CC400041898389C28904460846FFF7E2F8E0B1CA
:10CC5000E279531E072B19D86389934216D922898A
:10CC60009A4213D8237C43B9637C33B9A37C23B99C
:10CC7000E07C10B9237D0F2B07D9607D1B3000F0BD
:10CC80001F000B288CBF0020012010BD0020FCE7F6
:10CC900008B5EBF7E9F8BDE808400020EBF7D0BA9B
:10CCA000C94350E8003F0B4040E80032002AF8D169
:10CCB0007047022808D0042803D0012818BF062096
:10CCC000704701F00101C81C7047EBF71FBE0A282E
:10CCD00002D80130C0B27047242801D80230F9E7E9
:10CCE000252805D0262805D0272818BFFF20704703
:10CCF000002070470C20704708B5EAF759FEBDE8E0
:10CD000008404FF00060ECF737B808B5EBF704FEC9
:10CD100020B1BDE808401020FFF7EEBF08BD704706
:10CD200070477047704770470020704770477047E2
:10CD30007047704770471046194670470020002121
:10CD4000704704F0FBBDF3F725BF04F0AFBE08B594
:10CD5000EBF732F820B1BDE808400420FFF7CCBF64
:10CD600008BDF0B587B00D468DF80700164602B92C
:10CD7000A3B39DF807002946FDF717FA0446B8B992
:10CD80009DF807002946FDF714FA40BB16B39DF83D
:10CD90000710003918BF01210DF10F022846EBF7EB
:10CDA00075FCF8B99DF80F40013418BF012416E056
:10CDB00004AF012239460DF10700FDF7F8F90446EA
:10CDC0004EB19DF80730191E18BF0121002818BF69
:10CDD0003D46E1E70124FDF7D7F900B901242046DB
:10CDE00007B0F0BD4FF0FF34DEE737B50246084626
:10CDF000136A03F4007403F40015DB0505D47CB951
:10CE0000E7F72EFD204603B030BD4CB9D2F85510DF
:10CE10000160B2F859208280B5FA85F46409F1E71F
:10CE2000019092F95430009300231A46194618468F
:10CE3000B5FA85F4FDF7B3F96409E3E77047704785
:10CE4000024619460020EBF7FFBA00207047002089
:10CE5000704707B500214FF0FF336A46084600933C
:10CE60008DF80430EBF786FC03B05DF804FB38B5B1
:10CE70000546006805F0C9FB0446287900F01F004C
:10CE800005F0C3FB2044C0B2012894BF002001205C
:10CE900038BD70477047914270B50D4614461E4626
:10CEA00009D2FFF712FF641B013490FBF4F303FB7C
:10CEB00014000544ACB23480FFF707FF3388013318
:10CEC000B0FBF3F202FB1300049B188070BD7047A7
:10CED000704770470120704708B5202000F0B1FE70
:10CEE000003818BF012008BD08B5FFF7F5FF20B1D5
:10CEF000BDE80840202000F0ACBE08BD73B5064672
:10CF00000D461446D2B100F099FEA84218D830461A
:10CF100000F0A9FE01460190A0B100232A46204658
:10CF200005F0C7FC01A805F0CEFC2246022052F80D
:10CF3000041B00F045FE002002B070BD2220FBE77C
:10CF40002120F9E72D20F7E708B5F9F7E5FF08B14B
:10CF5000012008BD00F064F8F9F7E6FF0028F7D1DA
:10CF6000EEF76EF9003818BF0120F2E708B5EBF7CD
:10CF7000B1FE00280CBF0420012008BDEBF7B8BEAD
:10CF80000020704730B5044687B008461546FEF7C6
:10CF90002EFF122200210DF1060005F03BF9A368D7
:10CFA0000293E3680393E38BADF81030238CADF864
:10CFB0001230ADF80450FFF7E3FF029B8DF8140028
:10CFC00043F41053029300F0AAFD18B1029B43F002
:10CFD00004030293029B01A843F480330293E7F712
:10CFE0002BFD10F0FF0516D1A38CADF800300DF12C
:10CFF0000201E38CADF80230684600F011FDEBF75A
:10D0000013FFFEF7F2FE012104F083FBEDF760FA57
:10D01000284607B030BD40F20C40FAE7EBF714BFEA
:10D02000FBF77CBDE4F716BA0120704770B50C46DB
:10D03000064611461D46EBF7CFFF58B144EA0620DD
:10D040006FEA40406FEA50402A4680B2BDE8704027
:10D05000EBF716BF40F2064070BD83791A07014610
:10D0600003D506220020EBF7DBBF9B0602D5062284
:10D070000120F8E74FF0FF3070478379532B01D13F
:10D08000ECF700B8FFF7E9BF70B5064614461D4639
:10D09000EBF7A2FF10B90024204670BD41EA06203C
:10D0A0006FEA40406FEA50402A46214680B2EBF7D3
:10D0B00005FF0028F0D0EEE713B50446EBF78CFF30
:10D0C00010B9002002B010BD08226B461146204660
:10D0D000FFF7DAFF0828F4D19DF80230002BF0D0DA
:10D0E0009DF90300013018BF0120EBE770470020D5
:10D0F0007047532838B505460C4604D1BDE8384082
:10D100000846F0F791BA0620FAF7E6FB68B96379AA
:10D11000142D03F03F03637104D0722D08D163F026
:10D120003F036371A571002038BD40F20740FBE763
:10D130002120F9E71FB550F80C4BADF8061094F814
:10D1400070408DF80820ADF80A3001AA069B8DF8D2
:10D15000044040F20351039305F0EAFA10B906A81F
:10D1600005F0B1FB04B010BD2DE9F04186B04FF0E1
:10D17000000804460E46CDF80C8000F14407154621
:10D1800012B303A805F09FFB384605F09CFB84F81A
:10D190001C800023009332462B461821204600F0C5
:10D1A000DAFE05F58855204604AA50F80C3B059593
:10D1B00093F870308DF8103040F2055105F0B8FA50
:10D1C000002006B0BDE8F08143691A0710D4A846D4
:10D1D000384605F096FB03460390C0B903A805F056
:10D1E00072FB384605F06FFB0023237755B1D0E77B
:10D1F00023F00803436103A805F065FB384605F0FA
:10D2000062FB2577204600F022FF0025CBE79979C5
:10D2100001F10C021A440531B2F80160B2F80320A2
:10D2200099712046314601F037FCCDF80C8000287A
:10D23000CED00546D2E72DE9F84F0E469DF828B02E
:10D2400091469A46054610B1037C012B60D02846D2
:10D2500001F039F9304601F0B2FA00223146804639
:10D26000284601F01FFB0746304601F0A1FD42F6BB
:10D27000052398421CD118F0300F26D1BBF1000FC6
:10D2800033D018F0200F3FD0BA073FD5EB8B002BDF
:10D2900038D153464A463146284600F00CFF044632
:10D2A000E8B9EE8340F20A41284601F01AF916E087
:10D2B000284601F0BDF90028DDD0284601F0CDF95F
:10D2C0000028D8D041F2121409E0B907D6D031466F
:10D2D000284601F083FB0028D0D000F5885428466A
:10D2E00001F0F6F82046BDE8F88F18F0100F0BD0CB
:10D2F000FB070BD553464A463146284600F0B6FE9A
:10D300000446ECE70524EAE72124E8E70224E6E7FF
:10D310000724E7E72DE9F04786B000259DF838900F
:10D3200090F81CA00F9E057704460F469046B9F171
:10D33000000F09D00A4600964B46514600F00BFEFE
:10D34000284606B0BDE8F087BAF1080FADF8169090
:10D3500026D14589043DADB29D4232464FF00201CF
:10D360004FF00900A8BF1D4600F086FD022281464D
:10D3700005A93046ADF8147005F068FD2A4641460F
:10D38000304605F063FD831C054689F801303146BF
:10D390002046EEF72BF9ADF81650BDF81600D0E791
:10D3A000BAF10A0F0DF11602CDE9016200930CBF2C
:10D3B0000B210D214346012200F0F1FD1A28ECD18A
:10D3C000CDF8009011233A4651462046ADF816900C
:10D3D00000F0C1FDE1E7F0B589B017460025012254
:10D3E00004460E460393ADF8165001F08AFA8DF804
:10D3F0001500002846D1304601F0FBF810B1304648
:10D4000001F0B9F9304601F0EAF9B8B103A805F026
:10D410005AFA2046237F50F80C2BADF81A6092F888
:10D4200070208DF8182040F2025106AA8DF81C30A9
:10D43000ADF81E7005F07CF909B0F0BD0DF11503D3
:10D440000DF116023146204601F0F8FA9DF815302C
:10D4500002465BB9BDF81630BB4235BF0723DB1B64
:10D460008DF81530D21928BFADF81630039B019303
:10D470009DF8153000933146BDF816302046FFF771
:10D4800049FFD9E72A46F1E770B504460D4616462E
:10D4900001F0AFF840B933462A46214601F0FCFAC4
:10D4A00008B100F5885070BD41F20310FBE71FB5CD
:10D4B00050F80C4BADF8061094F870408DF8082029
:10D4C000ADF80A3001AA069B8DF8044040F20151E4
:10D4D000039305F02DF910B906A805F0F4F904B08E
:10D4E00010BD1FB550F80C4BADF8061094F8704005
:10D4F0008DF80820ADF80A3001AABDF818308DF873
:10D50000044040F20451ADF80C3005F011F904B0BC
:10D5100010BDF0B585B012270392077702220546A9
:10D520000E4601F0EEF9044668B103A805F0CBF908
:10D5300000232B77002300933246234612212846EE
:10D5400000F009FD0FE0039A93790333937130469D
:10D5500001F045F948B1039B00933A462346314612
:10D560002846FFF7E7FD05B0F0BD42F6293001F08F
:10D5700086FBB04220D1039830B903A805F0A3F987
:10D5800000232B770D24D5E705F022FA80B201287D
:10D59000F3D1039B9A7913442846197B01F083F851
:10D5A000044603A805F08FF900232B77002CC1D186
:10D5B000284600F013FDD6E72246039B3146284655
:10D5C00001F06AFA0446EFE72DE9FF4103920422D5
:10D5D00004460D4601F095F9074628B103A805F069
:10D5E00072F904B0BDE8F081039A93794FF05208C4
:10D5F00003339371284684F81C8001F0F0F8064646
:10D6000040B1039B009342463B4629462046FFF724
:10D6100091FDE6E742F6293001F031FBA842039B79
:10D620000BD19A7913442046197B01F03CF803A8EA
:10D6300005F049F900232377D3E7324629462046EF
:10D6400001F02AFAF6E72DE9FF418B790C330B4400
:10D650000446B3F80170B3F8038038460E4601F073
:10D66000A6F8002858D002223946204601F049F990
:10D670000546E8B9384601F0B2F868B116222277BB
:10D68000B3790533B3713946009643462046FFF718
:10D6900051FD04B0BDE8F081F9F7A2FE33461B68E6
:10D6A0000135EDB2002BFAD10635A8421DDC092563
:10D6B00004F1440005F007F900962B463A4616217E
:10D6C000204600F048FC092DE3D1204602AA50F87C
:10D6D0000C3B93F870308DF8083040F2055141F260
:10D6E0000913039305F024F8D3E70121304605F030
:10D6F00078FB01460028DAD004F1440005F0CAF9AD
:10D70000B3790533B371424633463946204604B0F7
:10D71000BDE8F04100F071BC0125C9E713B504462E
:10D7200041B9443005F0CFF8204602B0BDE81040C2
:10D7300000F08DBC4369182213F00803027706D06D
:10D74000002300931946FFF7F5FC02B010BD1A46FE
:10D75000194602B0BDE81040FFF706BD7FB5C58B86
:10D7600004462DB342F6052001F089FAA84207D1FC
:10D770000021204600F078FF636923F00103636114
:10D7800040F20A41204600F0B2FE00260DF10E02E2
:10D7900029462046ADF80E6001F084F8BDF80E2051
:10D7A00000920346022229462046FFF79AFEE683AE
:10D7B00004B070BDF7B504461F460E46154600F08E
:10D7C00082FE237C012B58D0237F182B2CD0636939
:10D7D0001B0713D5217F16292DD008D8122914D064
:10D7E0000225204600F074FE284603B0F0BD18293B
:10D7F0001AD05229F4D10023237713E0304600F0E9
:10D80000EEFF0028E6D12125EBE70023237735B191
:10D81000009332462B46204600F09DFB02E0204656
:10D8200000F0DCFB0025DCE72A4631462046FFF706
:10D830009BFC0546D5E700232377002DE8D1BDF8F2
:10D840002430089A00950521172000F039FB20B9F3
:10D850000095112332461221DDE700F0EEFA6269ED
:10D8600042F00802626182790532034682713146D4
:10D870003A46204600F0C1FBD4E70725B1E72DE981
:10D88000F041054688B042F6052001F0F8F9064659
:10D8900004A8EEF791FF102205F121010DEB020023
:10D8A00004F08EFC50B10121284600F0DDFE284630
:10D8B00001F097FA6B6923F001036B6142F60303F1
:10D8C00003A90220ADF80C30EFF784F801240746D5
:10D8D0004FF0000820463A464FF6FF7101F094F9E8
:10D8E000044610B908B0BDE8F08100F060FF0134D3
:10D8F000A4B20028EED0A64203D131462846EBF769
:10D900000DFF0DF10E0221462846ADF80E8000F005
:10D91000C9FF03460028DDD0BDF80E200092214645
:10D9200001222846FFF7DDFDD4E708B5EEF732FF08
:10D930000020ECF781FB002008BD10B90120ECF7B6
:10D940006FBC70470220ECF761BC0020ECF75EBCB6
:10D9500038B50C460546E6F743FD4379C47523F018
:10D96000030343F0030343710923837104F10C03A0
:10D97000C371A0F81550153038BD2DE9F3410D469F
:10D9800016468046E6F72CFD05F10C03C37143797A
:10D99000019023F0030343F00303437109238371D0
:10D9A0000446A0F8158000F11507304605F010F880
:10D9B0000544E57533463BB901A8314605F06AF8E0
:10D9C000384602B0BDE8F0815A7922F0030242F0F5
:10D9D00002025A711B68EEE708B5E6F707FD837986
:10D9E0000C33184408BD08B5ECF768FBEFF7C4FB2F
:10D9F000EBF77CFDEEF794FDBDE80840FFF7A5BF0F
:10DA000010B50446ECF706FD20B92046BDE81040ED
:10DA1000F9F7E0BB2046F9F7DDFBFFF793FFF1E7ED
:10DA200073B50E4605F0BDFA044610BB42F607205A
:10DA300001F025F90546E0B1B6F90030002BCCBF66
:10DA40000533053B4FF00A02CCBFB3FBF2F393FB67
:10DA5000F2F35BB28DF8073001230DF107020021CC
:10DA6000184605F020FA002203462946104601F028
:10DA700013F8204602B070BD430803F05503C01AE6
:10DA800000F03303C0F3850000F03300184400EBCE
:10DA9000101000F00F00704710B5421D441E002109
:10DAA00014F8010FFFF7E8FF94420144F8D108464B
:10DAB00010BD0E2070470E2070470E2070470E20BC
:10DAC00070470078EDF70EBE13B50C460DF1070256
:10DAD0000DF10601EDF7F6FE30B19DF80600031BCF
:10DAE0005842584102B010BD0120FBE77047EEF7E5
:10DAF0002DBA704708B5EFF7F5F8002008BDEFF72D
:10DB00009DBCEDF7CBB902F009B802F009B8704737
:10DB1000704770477047EBF77DBA70477047002039
:10DB20007047704770477047F8B513681D0A044680
:10DB30000F46164604350A46002104F06BFBEDB291
:10DB400021222046394604F00CFE2046294604F0E6
:10DB500091FEA27933681444E360F8BD70477047C2
:10DB6000704770477047704702464FF4827120201B
:10DB7000FFF7C4B908B5014600F03800EDF794FA94
:10DB800078B1D0E90132407810F0020F08BF134697
:10DB9000C1F30741043B53F8040F10B102788A42E5
:10DBA000F9D108BD38B505460C4604B938BD013C6D
:10DBB00055F824301B69002BF7D09847F5E77047DC
:10DBC0007047F8B54378DB07054601D4EDF7AEFAA8
:10DBD0006B786F6823F00C0343F002036B70002630
:10DBE00057F826402CB905F10C012020F9F7ACFCC0
:10DBF0000FE0A3680136002BF2D0984704460028B6
:10DC0000EED031463846FFF7CDFF6B7823F00203A4
:10DC10006B702046F8BD4078C0F3400070474378F1
:10DC200013F00E0F0CBF01200020704710B5EDF768
:10DC3000E7FA0446EDF7FCFA204610BD4FF4827077
:10DC4000704708B5EDF730FAC068003818BF0120FA
:10DC500008BD08B5EDF728FA20B1BDE80840C06856
:10DC600004F062BE08BD38B5EDF71EFA044650B1A7
:10DC7000F9F79BFF054604F10C0004F042FE044650
:10DC80002846F9F798FF204638BD37B583790190CB
:10DC900003440446D86800F03800EDF705FA05465D
:10DCA00028B901A804F00FFE022003B030BD2046C1
:10DCB00004F013FEF9F779FF0199044605F10C0011
:10DCC00004F0E8FE2046F9F776FFEBF711F80020A4
:10DCD000EBE72DE9F041044625021F4605F4E06517
:10DCE000C4F3072324F47F441D4324F0C7048B7935
:10DCF000EE1944F0800444EA162436020C33B6B21E
:10DD00003443CC50084601EB03081146FFF7BDFF32
:10DD100020B94544EF704046BDE8F0814FF000085F
:10DD2000F9E7427810B50432044601F00400D2B29B
:10DD3000002140F0290005F04CF818B183792268E1
:10DD40000344DA6010BD10B50021FFF7EAFF044676
:10DD500008B9002010BD0179FFF797FF0028F8D11E
:10DD6000A3790C33E018F5E72DE9F04117461A4680
:10DD700003681C0204F4E064C3F307231C4301F0AE
:10DD8000040141F02905043406463B462146284655
:10DD900005F089F8804650B1E1B204F0D4FD306856
:10DDA0003B462A464146BDE8F041FFF792BFBDE839
:10DDB000F0812DE9F34101F0040141F0290500242F
:10DDC00007682946064610681460019004F085FD36
:10DDD000019804F0FDFD390201F4E061C7F3072763
:10DDE000394380460122043101A804F06EFF30B1AE
:10DDF00001A804F068FD204602B0BDE8F081019959
:10DE0000306843462A46FFF764FFF5E70020704775
:10DE1000A0F86E10704701238B4090F871101943E1
:10DE200080F87110704708B50120F9F7F9FAC0B20F
:10DE300008BD83790C33184470471438704710B507
:10DE40000446A1F1140004F0C3FD201A20EAE0709A
:10DE500080B210BD70B51C460D461646FFF7EFFFA9
:10DE6000A04207D322463146A5F1140004F0EEFF8C
:10DE7000012070BD0020FCE770B506460D46144633
:10DE80007AB90A462046082104F0A3FF044690B957
:10DE90002A460821292004F09CFF044658B9204650
:10DEA00070BD104604F00FFD204604F0C5FE0823A7
:10DEB0001D44A371E571A3790C331C442670EEE771
:10DEC0002DE9F0411646069A074688461D46FFF79B
:10DED000D3FF0446F0B114382A463146069004F0C8
:10DEE000B5FF854217D9069B1C7906A804F02004CB
:10DEF00004F0E9FC74B942460821292004F069FFC6
:10DF00002A463146069004F0A1FF854206D906A8AC
:10DF100004F0D9FC00242046BDE8F081069A9379EC
:10DF20000C33D418D754F6E711B11439EDF75EBBB2
:10DF30001A20704738B5002204460D4602200321FE
:10DF4000FFF79AFF014608B1A0F801502046BDE84E
:10DF50003840FFF7E9BFF8B504460F4616460521DD
:10DF6000069A01201D46FFF787FF014638B147702A
:10DF7000468005712046BDE8F840FFF7D5BFF8BDE3
:10DF800038B50D46032104460846FFF775FFA0F893
:10DF9000015001462046BDE83840FFF7C5BF73B5C4
:10DFA000054608466C89089E1146641A1A46BDF853
:10DFB0001830A4B29C4228BF1C46079B00932346FE
:10DFC000FFF77EFF014630B12846348002B0BDE83D
:10DFD0007040FFF7A9BF1A2002B070BD10B5012133
:10DFE000044600221320FFF747FF014620B12046D8
:10DFF000BDE81040FFF798BF10BDF7B54489019305
:10E00000054618460F46164604F0E2FC053CA4B24D
:10E01000844203DA011B01A804F07CFD052101986C
:10E0200004F01AFE014628B901A804F04CFC1A209D
:10E0300003B0F0BD83790C33C2181720C854A2F87E
:10E040000170A2F803602846EDF7D0FAF0E710B5AA
:10E050000121044600221920FFF70EFF014620B1DE
:10E060002046BDE81040FFF75FBF10BD73B544897F
:10E07000033CA4B2A3420E464FF0000100910546B6
:10E080004FF0030128BF23461B20FFF719FF01466D
:10E0900070B110F80F3CA0F80160012262F3071381
:10E0A00000F80F3C284602B0BDE87040FFF73CBFC7
:10E0B0001A2002B070BD73B54489033CA4B2A342D8
:10E0C0000E464FF00001009105464FF0030128BFB6
:10E0D00023461D20FFF7F4FE014638B1A0F8016089
:10E0E000284602B0BDE87040FFF71EBF1A2002B0FC
:10E0F00070BD4B88042B07D1836C08885B899842DC
:10E100008CBF0020012070470020704710B50446E6
:10E11000806920B10021EDF7A5F90023A36110BDAE
:10E1200038B5A0224FF4A073C0E9072300250723C8
:10E13000044680F83130C5818571103004F0C3FB8E
:10E1400004F1140004F0BFFB2046FFF7DFFF40F2AC
:10E150000113E3857F2384F83230A562656220468F
:10E16000BDE83840FEF7C2BF07B501228DF80710A1
:10E170000DF1070104F06AFE03B05DF804FBF7B58A
:10E1800005464FF428500C4600F079FD064600F095
:10E190000EFBB0B3022C02D8002003B0F0BD002764
:10E1A0000DF105030DF1060231463846ADF8067053
:10E1B00000F044FCBDF80620631E934206461EDCB8
:10E1C000072C1AD9023CADF806400824BDF80630E9
:10E1D000002BE1D00133D9B22846FFF7C5FF214615
:10E1E0002846FFF7C1FFBDF806203146284604F057
:10E1F0002DFEBDF806000230CFE7ADF80670092409
:10E20000E4E74FF0FF30C8E702292DE9F341044667
:10E210000D461746184603D8002002B0BDE8F0812D
:10E2200000F02DFD064600F0C2FA0028F4D04FF0B1
:10E2300000080DF105030DF1060231464046ADF828
:10E24000068000F0FBFBBDF80630BDF820209342AD
:10E2500028BF13460646AB429DF8050028BF2B4653
:10E26000ADF80630C0B9002BD7D001339AB2954231
:10E27000D3D9D9B22046FFF777FF39462046FFF7BA
:10E2800073FFBDF806203146204604F0DFFDBDF8DF
:10E2900006000230C0B2C0E74046BEE738B50446CB
:10E2A000EDF752FA38B1022905D820460022BDE820
:10E2B0003840EDF7D7BB212038BD91F839305B07E6
:10E2C00073B506460C4615462DD40846EDF7DAF927
:10E2D0006B1E042B16D8032D14D0A379142B24D035
:10E2E000A3697BB90093ADF804308DF80630EBF7E5
:10E2F00095F96946EDF72CF818B91A25284602B0A9
:10E3000070BDA061636AE57343F016036362EBF7C7
:10E3100027F93046EDF7FCFA05460028EED02046F6
:10E32000FFF7F4FEEAE70225E8E72125E6E7002308
:10E3300037B580F8723040F6FF73A0F86E3083680E
:10E34000C160DA0404460D4610D443F48063A36030
:10E350006A4640F203212046CDE9004504F0E8F981
:10E3600000212046EDF77EF803B030BD90F876002E
:10E37000EDF7D4FCA36823F48053E8E773B56E4649
:10E3800004464A7930460D460631EBF78DF996E89A
:10E390000300A4F85010090C11F0800FE06484F819
:10E3A000521004F1530312D0012205F11201184654
:10E3B000EBF77AF90C352846FFF76EFB28B10122FE
:10E3C000294604F15A00EBF76FF902B070BDB4F8BA
:10E3D000501094F85220C4F8530099809A71E9E7DC
:10E3E0001FB590F87420019002F0010304468DF8E7
:10E3F00008300BB102F002038DF80930204694F882
:10E4000075308DF80A30039101F0E2FB01AA4FF458
:10E410000171204604F08CF92046EDF7AFF804B006
:10E4200010BDECF7F7BFFFF7FEBC0A460021EEF780
:10E430006DBC13220121EEF769BC826838B5C2F3C6
:10E4400080320446B0F86E000D46EEF705FD20B9A7
:10E45000A3681DB143F40053A36038BD23F40053F7
:10E46000FAE783791A0705D413F0100F0CBFFF20C9
:10E4700001207047002070470020704710B5044607
:10E4800060B1806C50B1EEF75FF8A06C0028FAD153
:10E4900020460321BDE81040ECF7E4BF10BD4389DE
:10E4A0008B4207B50CD050F80C2BADF8063092F823
:10E4B00070208DF8042040F2014101AA04F038F9DF
:10E4C00003B05DF804FB436943F004034361704704
:10E4D000436923F00403436170474069C0F380003F
:10E4E0007047006847F230530022F8F739BE0068E1
:10E4F00004F0BBB838B543699B0704460D4603D505
:10E5000040F20941FFF7F3FFEDF78EF808B1A36978
:10E510001D70204640F20941BDE83840FFF7E1BFD9
:10E5200007B5027C012A09D00122027440F2094297
:10E53000914206D040F20A4291420ED003B05DF8FB
:10E5400004FB50F80C3B93F870308DF8043001AAAE
:10E550004FF4816104F0ECF8F0E750F80C3B93F8CD
:10E5600070308DF8043001AAF4E738B522F000438A
:10E570000D46114640F20322934204461AD0B3F5E9
:10E58000017F09D240F20122934213D040F20222CD
:10E59000934209D0002038BD6FF481621344012BEF
:10E5A000F8D8FFF7BDFFF5E700F022F92046FFF7A6
:10E5B00066F9EFE763699B0704D540F209412046FD
:10E5C000FFF795FF2846FFF759FFE3E708B5ECF79B
:10E5D0000BFF00B1806C08BD08B500B10068ECF716
:10E5E00011FF08B9034602E0836C002BF7D01846F0
:10E5F00008BD10B5044642F62A3000F040FB031B6C
:10E600005842584110BD022806D1088842F62A33E4
:10E61000C31A5842584170470020704710B504464D
:10E6200042F6293000F02BFB031B5842584110BD25
:10E6300090F8200000F0010070471FB504466846BE
:10E64000EEF7BAF81022694604F1210003F0B8FD94
:10E65000B0FA80F0400904B010BD08B5FFF7EDFF37
:10E66000B0FA80F0400908BD70B5044600F12105FC
:10E6700091B92846EEF7A0F8236893F97500FEF7E4
:10E680001BFD78B120682B4690F97500BDE87040FD
:10E6900010220D21FEF7CABC10220021284603F0EB
:10E6A000B9FDE9E770BD38B590F820200446002395
:10E6B00041FA03F0C50703D442FA03F0C0071ED4A1
:10E6C0000133082BF4D101F0010523682A4384F8B3
:10E6D000202093F97500FEF7EFFC40B1234601229C
:10E6E00053F8200B0C2190F97500FEF79FFC0DB933
:10E6F000002038BD00212046FFF7B6FFF8E71320C1
:10E70000F7E768B13F290AD800EBA10001F0030147
:10E7100090F831004900084100F0030070470020E4
:10E72000704710B50368044693F97500431C0DD07B
:10E73000FEF7C2FC50B12346102253F8310BBDE85E
:10E74000104090F975000B21FEF770BC10BD10B59C
:10E7500090F87430DB0706D490F97530013314BF9C
:10E760000F20052010BD847CEEF730FE844234BFBC
:10E770000C200020F6E730B585B004466846EEF779
:10E780001BF81021684604F0A3FB2046EEF7ECF9D5
:10E79000C2686B46063204AD1C4603CCAC42106026
:10E7A0005160234602F10802F6D105B030BD08B52C
:10E7B000EEF7DAF908B1EEF7ABF9C0B208BD0138EF
:10E7C00010B580B2EEF7D0F9044608B9002010BDAC
:10E7D000408800F07FFB0028F8D0207BF7E708B5E1
:10E7E000EEF7C2F918B1007AC31F5842584108BD6C
:10E7F00070B50546044655F8213B93F97500431C56
:10E8000004D12846BDE87040EDF7D6BFFEF754FCB2
:10E810000028F6D02346102253F8310B0B2190F933
:10E820007500FEF731FC2346012253F8200B0C2122
:10E8300090F97500FEF728FC20682B4690F97500CA
:10E84000BDE8704010220D21FEF71EBC01302DE9FD
:10E85000F04185B228460E46EEF786F942F60217D9
:10E86000044642F603089CB12046EEF751F978B110
:10E87000204600F03EFBB84205D10EB1238833801C
:10E88000607BBDE8F081204600F033FB404502D1BB
:10E890004FF0FF30F5E70135ADB22846EEF764F9E9
:10E8A0000446E0E72DE9F04707460E4690460D4640
:10E8B00042F6021942F6030A0135ADB22846EEF7D8
:10E8C00053F9044678B1EEF723F960B1204600F021
:10E8D00010FB484505D1237A072B04D10320BDE85E
:10E8E000F0875045E8D141463046FFF7AFFF431C63
:10E8F000014604D03846BDE8F047FFF702BF0020CC
:10E90000EDE770B5054608461646EEF72DF90446C4
:10E9100008B9012070BDEEF7FBF80028F9D0F00728
:10E9200013D4B10734D4720702D5A3885B0732D55C
:10E9300016F0060F31D116F40060EBD0A38813F463
:10E94000006F14BF00200620E4E7A388DA0743D550
:10E9500013F0700F0AD1980610D45806E1D52B6831
:10E9600093F975300133DCD10820D3E72868FFF72D
:10E97000EEFEA388990608D50028CBD12A6892F824
:10E9800074209207E9D40520C4E70028C2D1E4E747
:10E99000A3889907C7D40320BCE7A38813F4E06FCA
:10E9A00009D198050FD45B05C5D52B6893F975304F
:10E9B0000133C0D1D8E72868FFF7C9FEA3889905BD
:10E9C00007D50028A6D12A6892F874209207EAD4C5
:10E9D000D9E700289ED1E6E702209BE738B5044638
:10E9E0000846EEF7C1F8054608B9012038BDEEF734
:10E9F0008FF80028F9D0AB8813F4E04F0CD19804BD
:10EA000012D413F48040F1D0236893F97500431CAD
:10EA100058425841C000E9E72068FFF798FEAB88EC
:10EA2000990408D50028E1D1226892F87420920751
:10EA3000E7D40520DAE70028D8D1E2E72DE9F0474E
:10EA40004FF0000983F800900446A2F800900846B1
:10EA5000884616461D46EEF787F8074620B901237B
:10EA60002B700020BDE8F08774B1EEF751F8002854
:10EA7000F5D04046FFF7D2FD30B1012385F8009074
:10EA800004F120003380EDE72B463246394620461C
:10EA9000BDE8F047EDF71CBE2DE9FF4107460846EB
:10EAA000884616460393EEF75FF8044638B903A884
:10EAB00003F009FF0125284604B0BDE8F0811FB12D
:10EAC000EEF726F80028F2D0237A072B05D8DFE8E6
:10EAD00003F017262F381C17172126BB0398002890
:10EAE00035D13246257A022D62D0032D64D0012D16
:10EAF0003BD0002F7FD1002503A803F0E4FEDAE726
:10EB000003A803F0E0FE0325D5E703A803F0DBFE2E
:10EB10000625D0E703A803F0D6FE8025CBE7E368FF
:10EB20005D88B54209DA03A803F0CDFE0725C2E7E8
:10EB3000E3689A88B242F6D35D88039840B90246EA
:10EB400009E0022EEFDC039868B90246CAE73546B1
:10EB500003F03EFF82B29319AB42C3DD03A803F07A
:10EB6000B2FE0D25A7E70225F2E7E068039906301B
:10EB70000023304403F09DFE002FBCD0237A032BEA
:10EB800039D103A803F09FFE00212046EDF7A6FF30
:10EB900068B30588617B3846FFF7B3FD0122034661
:10EBA000CDF8008029463846FEF79BFC002582E719
:10EBB000E068B3188380D9E7039B9A79D979891AD9
:10EBC000C9B2481E012810D8134402291A7B04BF79
:10EBD0005B7B42EA0322237B32EA03038CD1617B15
:10EBE00001233846EDF74AFDC6E70D2584E708F115
:10EBF000FF35ADB2CEE7039B00933A7F33464146E3
:10EC00003846FEF754FCD1E7884270B504460D46FD
:10EC1000164611D8012838BF01242046EDF7A4FF7D
:10EC200010B14388B34208D00134A4B22046EDF7B6
:10EC30007FFF08B1A542F0D20024204670BD70B518
:10EC40000C4616461D460146B8B1B3B1022C01D0A0
:10EC5000102C12D1E0B2EDF7BDFE4FF6FF718842E5
:10EC6000024602D141F20A1070BD3046FFF7CCFFD8
:10EC70000028F7D028800020F6E72120F4E707B528
:10EC80000023ADF80400ADF8063001220DF10603B3
:10EC9000022101A8FFF7D3FFBDF8060003B05DF81D
:10ECA00004FBF8B5441C0F461646A4B22046EDF707
:10ECB0005BFF10B9013CA0B2F8BD00F01AF905469F
:10ECC000304600F0F2F820B1284600F0EEF80028B7
:10ECD000F0D1304600F0E2F820B1284600F0DEF82E
:10ECE0000028E7D10134A4B22046EDF721FF08B196
:10ECF000BC42DBD94FF6FF70DEE72DE9F04F87B05D
:10ED00000D460C8881469A4602208B88ADF810305B
:10ED100004A99046EDF75EFEAB680090A888AF8925
:10ED2000059300F0BBF838B1102F05D105A8EDF719
:10ED300037FE022808BF02274FF6FF7B33E0009A18
:10ED40002046FFF761FF064680B3AA886988FFF76F
:10ED5000A8FF04463046FFF72AFD00B30DF10F036C
:10ED60000DF1120231464846FFF768FE9DF80F305C
:10ED70002BB1A8F80060184607B0BDE8F08FBDF8C9
:10ED80001220BA420BD1059901933A4603F018FAC2
:10ED9000019B20B9A8F80060AAF80040EBE75C45A9
:10EDA00004D00134A4B26988A142C8D80A23E2E79A
:10EDB00008B5EDF7D9FEBDE8084000F09AB838B5BF
:10EDC00005460846EDF7D0FE044610B94FF6FF7031
:10EDD00038BD0DB96088FBE7EDF79AFE0028F9D140
:10EDE000F4E770B5044642F60520FFF748FFB0B1DE
:10EDF0000021FFF72BFD054601462046FFF781FC69
:10EE000010220646002104F1310003F003FA3246D5
:10EE1000294620460023BDE87040EDF72FBC70BDA9
:10EE20007FB504460D4610220021684603F0F2F932
:10EE30000026AB575A1C1BD031462046FFF761FC19
:10EE4000002B194604AAB8BFD91C02EBA10100F09F
:10EE50000302584200F0030003F0030358BF43428B
:10EE60005B0002FA03F311F8102C134301F8103C75
:10EE70000136402EDDD16B4604F1310504AE1A4651
:10EE800003CAB24228606960134605F10805F6D14D
:10EE9000204604B0BDE87040FFF743BCA0F5205009
:10EEA00001288CBF00200120704742F60303C31ADB
:10EEB00058425841704708B5030409D4EDF756FD90
:10EEC000A0F5205080B201288CBF0020012008BD91
:10EED0000020FCE7020408B507D4EDF747FD42F631
:10EEE0000303C31A5842584108BD0020FCE7C00B79
:10EEF000704703464088B3F90230002B01DBEDF781
:10EF000035BD0020704708B5FFF7F3FFA0F520508E
:10EF100080B201288CBF0020012008BD10B5044636
:10EF20008069143003F0CFFCA069BDE810401830B0
:10EF300003F0C9BC2DE9F04105460F4614461E46B4
:10EF4000FFF7ECFF23463A4608210020D5F8188049
:10EF500003F0A9FFAA69C8F81400536923B15481CA
:10EF600016820020BDE8F0811A20FBE770B5044648
:10EF7000084603F02DFDA1698A894D8986B212B138
:10EF8000521B96420CDA6389581E80B225B90A7862
:10EF9000082A04BF043B98B2831B5842584170BDF5
:10EFA0000020FCE730B504468DB054F80C0B9DF8FA
:10EFB000405090F870008DF8040042EA014202923D
:10EFC00019462A4603A8079503F02FF901AA40F233
:10EFD0000241204603F0ACFB0DB030BD10B550F837
:10EFE0000C4B86B094F87040ADF80E10ADF81020C0
:10EFF00040F2064103AA01938DF80C40059303F0FB
:10F0000097FB10B901A803F05EFC06B010BD37B540
:10F0100004460D46FFF782FF204640F20941FFF704
:10F0200066FAA369204600221A7050F80C3B01953D
:10F0300093F870308DF800306A4640F2074103F0D3
:10F0400077FB03B030BD13B501910021044602F0F7
:10F050009BFA042200230DEB02012046FFF76AFF12
:10F0600002B010BDF0B5044685B00F461E461546E9
:10F0700052B983691B78072B30D0082B14BF154673
:10F080000925002E18BF0D250A9803F0A1FCA369DD
:10F090009A894AB15B8981B2D21A914204DD92B257
:10F0A000891A0AA803F036FD204601AA50F80C3B45
:10F0B000ADF8067093F870308DF8043040F20541D9
:10F0C0000A9B8DF80850ADF80A60039303F030FBFB
:10F0D00010B90AA803F0F7FB05B0F0BD0B25D0E787
:10F0E000B0F80AC0ACF1020C9C452DE9F041054690
:10F0F0000E4617461C4603DDBDE8F04102F0EFB9AD
:10F1000083692246198100233946FFF713FF04461D
:10F1100058B9AB6902460E333146284602F0FAF977
:10F12000044610B12846FFF7F9FE2046BDE8F081FD
:10F130002DE9F0438FB0202A0546039117461C465F
:10F140000BD941F2041421462846FFF760FF03A8BB
:10F1500003F0B9FB0FB0BDE8F083002B46D10846A1
:10F16000A2F1060803F034FC5FFA88F81FFA80F970
:10F170004FF6FF764C4510D3AB69DA88B24239D9E5
:10F1800042F60203ADF81430711C0223009389B2D9
:10F1900005AB284602F04CF925E023463A46039990
:10F1A00006A803F086FBAB69BDF818609A88B242E6
:10F1B000C7D8DA88B242C4D3BDF81A10BDF81C20F3
:10F1C000B8F1000F09D0CDF800800DF11E032846DC
:10F1D0003C44FFF7E7FEA4B2CCE79E8019815A8138
:10F1E000284602F03EF904460028B0D041F20A1346
:10F1F0009C42A8D10024A6E72DE9F04796B01C4612
:10F20000836901921B78062B064603D0102B60D031
:10F2100001A81CE001291046039214BF4FF010080A
:10F220004FF00208002C4CD103F0D2FB08F1020988
:10F2300087B24FF6FF75A7420ED8B369DA88AA42A3
:10F2400037D8002421463046FFF7E1FE03A803F03B
:10F250003AFB16B0BDE8F08723464A46039904A856
:10F2600003F027FBB369BDF810509A88AA422DD845
:10F27000DB88AB422AD39DF81330282BE1D0B2466D
:10F2800042465AF80C3B0DF1120193F870308DF89C
:10F2900030300DA8ADF83250CDF844804C4402F027
:10F2A000C4FF0CAA40F20441504603F041FAA4B254
:10F2B000C1E7691C89B2304602F08AF8044600288A
:10F2C000C4D041F20A139C42BBD0BBE741F2041404
:10F2D000B8E701291046049214BF1227042784BB03
:10F2E00003F076FB42F6021885B24FF6FF71A54295
:10F2F0000DD8B369DB888B4221D901314FF6FF72FB
:10F3000089B2304602F064F80446A0B119E00499CD
:10F3100023463A460CA803F0CCFABDF83220BDF8DB
:10F3200030109DF83330424507D1B26902230A32CA
:10F330003046FFF7D5FE04A889E7282B06D141F215
:10F340000A1421463046FFF762FEF4E73C44A4B2BB
:10F35000CDE7F0B587B0836903911B78022B054692
:10F36000144653D108460491002A47D103F030FBDC
:10F370004FF6FF7687B2A7420DD8A869C288B2427D
:10F380002BD8002421462846FFF741FE04A803F0AD
:10F390009AFA07B0F0BD04990422234605A803F0A9
:10F3A00088FAAA69BDF814109088BDF816608142E9
:10F3B00029D3D388994226D8864224D39E4222D884
:10F3C0005069927A837900920C330344324628467E
:10F3D0000434FFF7E7FDA4B2CDE74369408901900B
:10F3E00098790C300344711C009389B24FF4205378
:10F3F000284602F001F804460028C7D041F20A135B
:10F400009C42BFD1BDE741F20414BBE703A8BEE7AD
:10F41000F0B587B00546039117461C4653B9FFF770
:10F42000A5FD38B1039901232246284600F084F84F
:10F4300007B0F0BDA9690B78082B05D8062B44D876
:10F44000032B0FD003A83DE00E2BFBD1039B0593AC
:10F45000002C6DD1002B6BD0098922462846FFF77E
:10F46000BDFD59E00398059018B3ECB983794A893A
:10F4700009890C331026034400962846FFF792FDB5
:10F48000AB699988DA88914217D242F60203ADF847
:10F49000103001310223009389B20DEB0603284698
:10F4A00001F0C6FF044660B141F20A139C4204D148
:10F4B00001E0002CF8D141F21F0421462846FFF755
:10F4C000A6FD05A803F0FFF9B2E7039805907CBB01
:10F4D00070B303F07DFA0FB386B2B7421ED239463D
:10F4E00005A803F052FC38B905A803F0ECF91A217D
:10F4F0002846FFF78CFD9BE78379C2180233918978
:10F500008371AB69F61B5B89009000222846B6B276
:10F51000FFF7A8FDB742E2D92146E9E7AA69538976
:10F520001189059A009228460022FFF79BFDF3E718
:10F5300005A803F0C8F9EFE7F0B585B006460391DA
:10F540001F46144632BB084603F042FA054608B38C
:10F55000B1690B784A89082B0BD8062B0BD9039B72
:10F5600009890093304613462246FFF77BFD03943A
:10F5700001E00E2B19D0B1694B89EA1892B2B2F5AD
:10F58000007F4A8117D82FB10989304601F07AFFF0
:10F59000044628B10022234611463046FFF738FFC3
:10F5A00003A803F090F905B0F0BD039B098930462C
:10F5B000FFF714FDDBE741F20414EBE773B5836951
:10F5C00001911B78082B044615460ED8062B0ED940
:10F5D000019E20463146FFF7C9FC2A4603463146C4
:10F5E0002046FFF7A9FF02B070BD0E2BF0D001A896
:10F5F00003F069F9F7E730B587B0836903911B78A9
:10F60000092B0546144611D105915AB900911346AC
:10F6100021460F22FFF726FD21462846FFF7F7FC7B
:10F6200007B030BD05A803F04EF9F5E703A803F0D5
:10F630004AF9F5E72DE9F04F9FB0876903913F78CC
:10F64000052F054616461C4604D8032F16D810D0A1
:10F6500003A867E0082FFBD108461391002B00F0A8
:10F66000C28013A803F02FF921462846FFF7CFFCEC
:10F6700001E0FFF75DFD1FB0BDE8F08F202A0846CE
:10F68000049148D8002B40F0A880571F03F0A0F940
:10F69000FFB21FFA80FA4FF6FF780DF11C0BA2455E
:10F6A00006D8AB69DA88424500F28780002434E04E
:10F6B0002346324604990BA803F0FBF8AB69BDF86A
:10F6C0002C809A88424526D8DA88424523D3596946
:10F6D000F1B9A946BDF82F2059F80C1B9DF82E3022
:10F6E00091F870108DF84C10ADF84E200DF13101ED
:10F6F0003A4615A88DF85030199702F096FD13AAD6
:10F7000040F20341484603F013F83444A4B2C6E77C
:10F710005A89102A09D941F2041421462846FFF7D4
:10F7200076FC04A803F0CFF8A5E70023584603F0C1
:10F73000C0F8AB690DF13101102FCDE9051B93F82D
:10F740000A902BD1B9F1020F34D105A8EDF728F9B1
:10F750000228DAD14A46DDE9051002F031FD002821
:10F76000D3D12B46BDF82F1053F80C0B9DF82E204B
:10F7700090F870008DF84C00ADF84E108DF85020C8
:10F7800059464A4615A80293CDF8649002F04DFD03
:10F79000029B13AA40F203411846B4E7022F09D195
:10F7A000B9F1100F06D106A8EDF7FAF80228ACD18E
:10F7B0003A46D0E73A465846CFE742F60303ADF85B
:10F7C0004C3008F101010223009389B213AB2846A3
:10F7D00001F02EFE04460028A3D041F20A139C42F9
:10F7E0003FF464AF99E759B90021AA6900239381D6
:10F7F00053811181139932462846FFF709FE3AE7F3
:10F8000003F0E6F816B180B28642EDD1139A9379EF
:10F81000D118023389899371E7E72DE9F0438FB05E
:10F820001C46836903911B78012B054617465BD163
:10F830000846059103F0CCF8202F0BD941F20414AF
:10F8400021462846FFF7E3FB05A803F03CF80FB07C
:10F85000BDE8F083002C42D1059803F0B9F8A7F178
:10F8600004081FFA88F81FFA80F94FF6FF765FFA4E
:10F8700088F8A14505D8AB69DA88B24220D80024BF
:10F88000DEE7059923463A4606A803F012F8AB696D
:10F89000BDF818109A88BDF81A609142CED3DB8863
:10F8A0009942CBD89642C9D39E42C7D8CDF80080A2
:10F8B00007AB324628463C44FFF774FBA4B2D8E7B6
:10F8C0004FF42053ADF81030711C0223009389B21D
:10F8D00004AB284601F0EAFD04460028B4D041F20A
:10F8E0000A139C42CBD0ABE703A8AEE783691B7831
:10F8F0000A2B02D00F3B012B01D8FFF788BB7047C2
:10F90000F0B585B01746019383690A9E1A780A3AC2
:10F910000446072A42D8DFE802F00441304141049E
:10F9200041290198039003F053F885B203A802F02F
:10F93000CAFF26B131462046FFF785FB0FE0A169DB
:10F940007A194B8992B293420BD90A8201F10E03C4
:10F950002046098901F0DEFD01460028EBD105B003
:10F96000F0BD0121204601F00FFEF5E72EB91A8AFD
:10F970000198BA420BD04FF48166019B039303A810
:10F9800002F0A1FF31462046FFF741FBE7E7DA89A5
:10F99000596903F028F80028EDD1EEE701A802F03C
:10F9A00092FFDCE738B5826913780D2B04460D46CB
:10F9B00012D00F2B01D00A2B12D1536933B1997990
:10F9C0000B4402F11400DD6802F07DFF2946204659
:10F9D000BDE83840FFF78ABFBDE83840FFF717BBE6
:10F9E00038BD07B5002300921B22FFF73BFB03B095
:10F9F0005DF804FB07B583695980009200231D223E
:10FA0000FFF730FB03B05DF804FB4B88052B05D1F5
:10FA100008880E288CBF0020012070470020704706
:10FA2000F8B505460F46164604210A22002003F0C9
:10FA3000D0F90246B8B184790C34031905210020AD
:10FA40004FF0060CD870997002F804C013241C7192
:10FA50005F7102245870D8719C711E812846BDE8E0
:10FA6000F840EAF755BCF8BD73B50546104601925B
:10FA70000C4602F0ADFF042186B2019803F0ECF8C9
:10FA8000024628B901A802F01EFF1A2002B070BD7C
:10FA9000837901900C33C1184C80C6522146284608
:10FAA000EAF736FC0020F1E72DE9F04106468846EA
:10FAB000174604210A22002003F08BF90246B8B150
:10FAC00085790C3543190024052106209970DC70D6
:10FAD000505501201871022098715C70304683F8EF
:10FAE0000580DC711F81EAF713FC2046BDE8F08138
:10FAF0001A20FBE7002070470020704707B501A8D7
:10FB0000019202F0E0FE03B05DF804FB70470020B4
:10FB100070470F2070470F2070477047EDF780BE89
:10FB2000EDF788BE10B588B0EBF75EFC0446002800
:10FB30004AD090F87200022848D1A36813F4407F9D
:10FB40002AD094F87320012A32D194F97500421C0E
:10FB500001D1D9052CD594F8743013F0010327D1C5
:10FB6000CDE90133CDE90433CDE90633ADF80C30EE
:10FB7000FDF7A2FAA36888B9DA0519D5A06AE16A87
:10FB8000228E01AB03C31A80BDF8042004AB0DF133
:10FB900006012046EDF730F908B010BDDB05EDD4C5
:10FBA00094F9750001AB0A220221FDF76DFAEBE72B
:10FBB000002345F217021946204600F0ECF9B0FA8E
:10FBC00080F040094000E7E72120E5E70220E3E775
:10FBD00038B545F21B020C460B460021054600F0E5
:10FBE000DAF930B92CB121462846BDE83840EDF7A6
:10FBF00079BC38BD00F036BA01F0C6BB01F0CFBB0E
:10FC000010B504464C30FDF738FA84F875002046EC
:10FC1000BDE8104001F093BB10B50446FDF704FAAF
:10FC200002280DD194F8733094F97000012B14BFA1
:10FC30000521032184F83210BDE8104001F0C7BB54
:10FC4000A36843F40073A36010BD00F0C6B938B5D3
:10FC500003783E2B04460D4604D18378052B02D051
:10FC6000ED2B0FD038BDB0F80300EBF7AFFB20B1A0
:10FC7000B4F80D10621D00F050FA2846BDE8384077
:10FC800002F021BEB0F80300EBF7A0FB0028F4D08F
:10FC9000B4F80D1004F10F03621D00F0F8FAECE760
:10FCA0002DE9F04188B06B4614460D46024600F13E
:10FCB000100C1E46106851681F4603C70832624583
:10FCC0003B46F7D11021304603F002F904AB22463F
:10FCD00004F110079846106851681C4603C40832A6
:10FCE000BA422346F7D11021404603F0F1F8102024
:10FCF000F7F75CFB0746F8F761F980224146384682
:10FD0000F8F766F9044610BB2B4632460121384607
:10FD1000F8F7CAF90446D0B91021284603F0D8F8FC
:10FD20001021304603F0E2F83846F8F74BF9404628
:10FD3000102103F0DBF83046102103F0D7F83946E4
:10FD40001020F7F755FB204608B0BDE8F0812146AA
:10FD500040F20740EDF7E4FBE2E708B51046F7F79D
:10FD6000BBFD003818BF012008BDF7B504460D469D
:10FD700016461F460220E2F769F82146CDE90067E2
:10FD80002B468022DFF70CFC044620B1014640F2EE
:10FD90000740EDF7C5FB204603B0F0BD10B545F2B6
:10FDA0001A01044602F061FC204647F23053BDE8D8
:10FDB0001040002245F21A01F7F7D2B910B50A46F1
:10FDC00004460821002003F004F810B183790344AD
:10FDD0001C7310BD38B505460C460D201121FFF7E8
:10FDE000EDFF024688B18379034421460D3304F1C7
:10FDF000100051F8044B43F8044B8142F9D12846D6
:10FE00000621BDE83840FFF72FBE38BD38B505469E
:10FE10000C4604201121FFF7D1FF024688B18379F7
:10FE2000034421460D3304F1100051F8044B43F80C
:10FE3000044B8142F9D128460621BDE83840FFF73E
:10FE400013BE38BD38B505460C4603201121FFF717
:10FE5000B5FF024688B18379034421460D3304F18E
:10FE6000100051F8044B43F8044B8142F9D1284665
:10FE70000621BDE83840FFF7F7BD38BD37B5002291
:10FE800005460821104602F0A4FF0446C0B10C2329
:10FE900001220DF107018DF8073002F0D7FF296C20
:10FEA00020225131204602F0D1FF296C20227131ED
:10FEB000204602F0CBFF224606212846FFF7D4FD5C
:10FEC00003B030BD10B50446006C30B94FF4BE70BD
:10FED00003F048F8206420B910BD4FF4BE7103F060
:10FEE00005F8226CFF2382F87A31A3681B0603D53C
:10FEF000C02313700120EFE794F87330012B14BF77
:10FF000080234023F5E708B5D0B2EBF76DFA28B1AE
:10FF100090F8773003F07F0380F87730012008BD38
:10FF2000036C4BB983681B0608D490F87330012B1F
:10FF300014BF80204020704718787047C020704759
:10FF400070B50446FFF7ECFFEDF706FC0D460346DF
:10FF5000002245F2010120469847236C03B11D7031
:10FF60002846EDF7F9FB4FF4A04103460022204656
:10FF7000BDE87040184770B51546044648B1FFF714
:10FF8000CFFFEDF7E9FB2A4603462046BDE8704067
:10FF90001847022070BD114608B51A4621F00041ED
:10FFA000FFF7E9FFB0FA80F0400908BD08B50B463D
:10FFB00001461846F7F790FC003818BF012008BD2D
:10FFC00010B50446006838B11A2102F08FFF20688E
:10FFD000F7F7FEFB0023236010BD10B50446EDF7D4
:10FFE00029FB04F13400FFF7EBFFA3685A0606D59E
:10FFF00023F04003A36000212046EAF757F9206C64
:020000023000CC
:1000000038B1042102F072FF206CF7F7E1FB002306
:10001000236410BDFF2838B50C4615460BD00B469F
:100020001022062140B2FDF72FF8102815D100202C
:1000300005B1286038BD0A4637201021E8F73EFF99
:100040000028F4D010212046FFF7B0FF38B922462F
:1000500010213720E8F714FFEAE72120E8E740F213
:100060000740E5E730B58DB00D46002208A9FFF73F
:10007000D1FF044648BB01460D220DF1030002F0FA
:10008000C9F8B5F803206B79ADF8002004A908AAD7
:1000900068468DF80230FFF703FE40F20343BDF8D7
:1000A00010202A80002818BF1C469DF81230AB7023
:1000B0001021684602F01AFF10210DEB010002F03A
:1000C00015FF102108A802F011FF20460DB030BD29
:1000D00038B50446C51C03212846FFF767FFC8B999
:1000E000E27863797AB922791A43F4D003F07F0376
:1000F00043F0400363715323A3712146FF20BDE801
:100100003840FFF7AFBFFF2AF0D122791A40FF2A0B
:10011000E1D0EBE740F2074038BD0021EAF7C6B86E
:10012000F0B583685E0689B0044655D523F04003D8
:100130008360FFF7F5FE802801D040286ED194F946
:100140007560751C04F134071CD1FCF76DFF0228A3
:100150004ED0636B1A888DF810201A46042032F8AE
:10016000021B090A8DF81110D3F80230CDF81230B5
:100170005368CDF816300A2204A9E8F751FF064665
:10018000701C35D0A368D90532D42046FFF7C8FECD
:10019000802876B222D06B46102203213046FCF72D
:1001A00073FF0546102D56D1606B04A96A460A30CC
:1001B000FFF776FD29460646684602F097FE002EB8
:1001C00049D104A92046EAF771F8294604A802F0AB
:1001D0008DFE3846FFF7F4FE09B0F0BD6B461022E5
:1001E00005213046FCF750FF05460028D3D0D9E75B
:1001F00094F87430DA0702D4A368DB052BD5606B62
:1002000004F1180204A90A30FFF74AFD04A92046A8
:10021000EAF74CF810210DEB0100D8E7636B1A8860
:10022000CAB9882801D04B2815D1591C002211F8D1
:10023000010F80B90132082AF9D1226C04A902F514
:10024000A67203F10A00FFF72BFDA0B110210DEB00
:10025000010002F04BFE204641F20601EDF742F9A3
:1002600020460021EAF722F804F1340009B0BDE885
:10027000F040FFF7A5BE04A92046EAF717F81021C1
:100280000DEB010002F032FE04F13400A2E7F8B5F4
:100290001D4683685B0604460F4616462DD41A2079
:1002A00002F060FE0146606320B92046BDE8F840D8
:1002B000E9F7FCBF034605F1100123F8027B326821
:1002C000C0F8022072685A60636B2A460A3352F8FB
:1002D000040B43F8040B8A42F9D11021284602F09E
:1002E00005FEA36843F0400213F4407FA26004D0EF
:1002F0002046BDE8F840FFF713BFF8BD38B5044607
:100300000D4605200221FFF759FD0246B8B1837959
:10031000034406215D732046FFF7A6FB45F4905188
:100320002046EDF7DFF894F87330012B204618BF14
:100330008021BDE8384008BF4021FFF701BE38BD2D
:10034000B1F5A04F70B504460D4616460AD045F2E9
:100350000603994218D0324629462046BDE870402F
:10036000EDF75ABB836843F08003836090F87330E5
:10037000012B14BF80204020EDF7EEF90022034648
:100380002046BDE87040184793791344597C41F4E6
:100390009051EDF7A7F8DEE72DE9F04196B015464C
:1003A0001D9F05AA1C4606460B4601F1200E9046ED
:1003B000186859689446ACE80300083373456246F0
:1003C000F6D12021404602F083FD0DAB2A4605F10F
:1003D000200E9C46106851681D4603C508327245C0
:1003E0002B46F7D12021604602F072FDAEB3336C8C
:1003F00093F87931013B022B2FD89DF8703043F0F0
:10040000800301AA8DF8543004F1100C23461546E0
:1004100018685968144603C4083363452246F7D167
:100420001021284602F054FD3B4641224146284611
:10043000FFF79BFC10210446284602F057FD41219E
:10044000404602F053FD54B11EB108213046FFF77B
:1004500055FF204616B0BDE8F0810023D1E71021FA
:10046000384602F035FD002EF3D0224645F2110148
:100470003046FFF780FDECE72DE9F34790F87380F5
:10048000056CB8F1010F044604D195F86C31002BCE
:1004900040F04E8195F8783195F86D91032B00F27C
:1004A000E880DFE803F0027EA6CB19F0010F73D0DD
:1004B00011210620FFF782FC8246002800F03881D7
:1004C00086790C360644771C10213846FFF76EFDFE
:1004D000014658B120460821FFF710FF002140F2E5
:1004E000074002B0BDE8F047EDF71AB8A07CC0F1B4
:1004F0001002384401F08EFE95F97A013B46102235
:100500000521FCF793FD58B1002140F21B40EDF7A7
:1005100007F80821204602B0BDE8F047FFF7EEBE1D
:10052000FCF782FD02280FD1B8F1010F0CD004F1C5
:100530001803113657F8042B43F8042BB742F9D1AE
:10054000A36843F48073A360524606212046FFF758
:100550008BFA0B210720FFF731FC0746002800F03B
:10056000E780867995F97A310C36064443F43F43A7
:10057000A6F801300821F01CFFF718FD95F97A0163
:10058000731C0A220421FCF751FD0028BCD13A4615
:1005900006212046FFF768FA95F87831013385F88F
:1005A000783119F0020F1FD011210820FFF706FC47
:1005B0000646002800F0BC8081790144002301AA8E
:1005C0000D31FF200193FFF725FD40B108212046A2
:1005D000FFF794FE019940F20740ECF7A1FF324685
:1005E00006212046FFF740FA95F87831013385F867
:1005F000783119F0020F1CD008210920FFF7DEFB2B
:100600000746002800F0948086790C360644E9F706
:1006100001F8837983F00803C3F3C00373700368A0
:10062000C6F802308388F3803A4606212046FFF759
:100630001BFA95F87831013385F8783119F0040FF9
:1006400012D011210A20FFF7B9FB064600286FD00F
:10065000807930441022AB210D3001F0DBFD3246B1
:1006600006212046FFF700FA95F87831013385F826
:100670007831B8F1010F08D0236C93F86C31002B5E
:1006800056D195F87831042B52D1A36C95F97A01A3
:10069000313310220B21FCF7C9FC78B140F21B4129
:1006A0002046ECF71FFFB8F1010F14BF8021402155
:1006B000204602B0BDE8F047FFF742BCA36C95F9B5
:1006C0007A01203301220C21FCF7B0FC0028E5D18F
:1006D000A36C95F97A01213310220D21FCF7A6FCB9
:1006E0000028DBD1082295F97A0104F110031146A4
:1006F000FCF79CFC0028D1D1236C93F87A2184F874
:100700007520FF2283F87A21D3F874315B0603D475
:1007100004F14C00FDF7CFF9FCF786FC022802BF7C
:10072000A36843F48073A3602046ECF7B3FEBAE7F6
:1007300002B0BDE8F087EDF7C7B970B5B1F5A04FCD
:1007400088B0044615467BD045F21B06B14240F006
:10075000E38090F87430DA076AD5056CB5F86C312F
:100760002BB14C21FFF7ECFB002008B070BDD5F891
:1007700074315B074BD5AB79DE0748D56B7BD80767
:1007800045D5A36C95F97A01313310220B21FCF782
:100790004DFC38B140F21B412046ECF7A3FE40F27D
:1007A0001B40E2E7A36C206C203390F97A01012210
:1007B0000C21FCF73BFC0028ECD1A36C206C21330E
:1007C00090F97A0110220D21FCF730FC0028E1D1CC
:1007D000206C082290F97A0104F110031146FCF70D
:1007E00025FC0028D6D104F14C00FDF764F9236CF8
:1007F00093F87A2184F87520FF2283F87A21204625
:100800004021FFF79DFB2046ECF744FEACE705F5E1
:10081000A67304F1180205F5AE7553F8041B42F8EF
:10082000041BAB42F9D1A36843F48073A360E6E7ED
:100830004021FFF785FB29462046ECF753FE93E75E
:10084000006CD0F8743159073AD50023CDE9013353
:10085000ADF80C308379DA0724D5437BDB0721D54B
:1008600000F5A673102290F97A010321FCF7DEFB54
:1008700048B1002140F21B40ECF752FE082120460F
:10088000FFF73CFD8BE7FCF7CFFB02280AD1206C79
:10089000102200F5A673052190F97A01FCF7C6FB3A
:1008A0000028E6D10023BDF80420CDE90433CDE9CA
:1008B00006330DF1060104AB2046ECF79DFA53E731
:1008C000D0F8D130C0F8E930D0F8D530C0F8ED30EC
:1008D000206C00F5A6721146E130FFF7E1F90546FC
:1008E00030B120460821FFF709FD40F207403CE700
:1008F000236CA07C03F5A673C0F1100229461844AE
:1009000001F088FCCDE90155CDE90455CDE9065546
:1009100004AB2A4601A9CFE708B0BDE87040EDF767
:100920007BB82DE9F04796B0DDE922971D46DDF84A
:10093000908005AB06460C4602F1100A9E461068F0
:1009400051689C46ACE80300083252456346F6D134
:100950007046102102F0BCFA09AA2B4605F1100ED0
:10096000944618685968154603C5083373452A46E6
:10097000F7D16046102102F0ABFA1E9B0DAA03F1DD
:10098000100E944618685968154603C50833734518
:100990002A46F7D16046102102F09AFA9DF87C3081
:1009A0008DF844309DF880308DF845309DF88430C6
:1009B0008DF8463099F80630D9F80000129083F08F
:1009C0000803C3F3C0038DF847300621B9F804309B
:1009D000ADF84C3012A802F07BFABB7983F0080323
:1009E000C3F3C0038DF84E303B68CDF84F3006217D
:1009F000BB88ADF853300DF14F0002F069FA01AA3F
:100A0000234604F11007154618685968144603C4B4
:100A10000833BB422246F7D11021284602F058FA8B
:100A20004346412205A92846FFF79FF910210446B5
:100A3000284602F05BFA412105A802F057FA34B1CA
:100A400008213046FFF75AFC16B0BDE8F087404653
:100A5000102102F03DFA224645F213013046FFF71D
:100A60008AFAF1E72DE9F0419CB01546239F08AAC8
:100A70001C4606460B4601F1200E90461868596840
:100A80009446ACE80300083373456246F6D1202152
:100A9000404602F01DFA10AB2A4605F1200E9C4696
:100AA000106851681D4603C5083272452B46F7D1C0
:100AB0006046202102F00CFA229B18AA03F1100EC6
:100AC000944618685968154603C5083373452A4685
:100AD000F7D16046102102F0FBF904AA234604F185
:100AE000100C154618685968144603C4083363454A
:100AF0002246F7D11021284602F0EAF96B4650222F
:100B000041462846FFF731F910210446284602F0F5
:100B1000EDF95021404602F0E9F934B108213046A0
:100B2000FFF7ECFB1CB0BDE8F081039B3B6038464F
:100B3000042102F0CDF96846102102F0D7F92246CF
:100B400045F214013046FFF716FAEBE72DE9F041C4
:100B50001D46069B90F8738004460F46164653B117
:100B600010211046FFF722FA28B120460821BDE8DF
:100B7000F041FFF7C3BB236C013E691E03F1100077
:100B800013F8012F16F801CF834282EA0C0201F814
:100B9000012FF5D13A4629462846FFF781F800286B
:100BA000E3D1B8F1020F0CBF002306232B4404F15C
:100BB000590204F15F0012F8016F1978904281EA3E
:100BC000060103F8011BF6D1B8F1020F14BF002390
:100BD00006232B4404F1520204F1580012F8016F6D
:100BE0001978904281EA060103F8011BF6D13A46D2
:100BF00029462846FFF754F802460028B5D120467A
:100C000045F21001BDE8F041FFF7B5B973B545F203
:100C10000406B142044615460DD045F21006B14215
:100C200022D0B1F5A04F38D1FFF7B8F8236CD3F834
:100C30007431D90720D5236CD3F87421D2070BD493
:100C4000AA790C3215446A1DB133153552F8041BCC
:100C500043F8041BAA42F9D1216CD1F8743113F086
:100C600004030CD0832104E0016CC131FFF7EAF8E2
:100C700085212046FFF764F9002002B070BD81F89D
:100C800078310123009301F1D10201F1C103204623
:100C900001F5A671FFF75AFFEEE702B0BDE870401C
:100CA000ECF7BABEF0B545F21003994285B00446A0
:100CB00000F087800CD8B1F5A04F1CD045F2050399
:100CC00099421DD0204605B0BDE8F040ECF7A4BE27
:100CD00045F21103994200F08D8045F212039942CA
:100CE000F0D1036C93F87931042B40F2B380052BDB
:100CF00003D148217BE0FFF751F8002005B0F0BD9B
:100D00009179036C0C310A44511DD133153251F8DD
:100D1000040B43F8040B9142F9D1256C05F1E1076E
:100D200005F1D10610223146384601F049FA20B9C2
:100D300004212046FFF7E2FADFE7D5F8743113F01B
:100D4000040332D095F87931042B13D105F2111335
:100D5000039305F5A673029304F15303019304F181
:100D60005A0300933A46334605F1F1012046EDF768
:100D7000D3F8C2E705F5AE7005F1110105F1510296
:100D800001900BB1052B06D100230093204633467A
:100D9000FFF702FBB1E795F87801D5F84831C34079
:100DA00003F0010343F08003EFE785F87831324622
:100DB000009305F5A67105F5AE732046FFF7C6FE54
:100DC0009BE7056C102205F1C10105F5AE7001F03D
:100DD000F7F90028ACD1D5F874319B0742BF94F8DD
:100DE000743043F0020384F874304B212046FFF73F
:100DF000A7F882E7056C102205F1C10105F5AE7078
:100E000001F0DEF9002893D195F87931013B022BEE
:100E10000FD895F878310133DBB2142B85F878318F
:100E200007D0D5F8743123F00103C5F8743143219C
:100E3000DCE705F21113039305F5A673029304F1A1
:100E40005303019304F15A03009305F1E10205F104
:100E5000D10389E74921CAE7B1F5A04F70B504462F
:100E6000154607D045F20406B1420CD0BDE87040EB
:100E7000ECF7D2BDFEF792FF236CD3F87431D9079B
:100E800001D4002070BD236CD3F87421D20718D48C
:100E9000AA790C3215446A1DC133153552F8041B6A
:100EA00043F8041BAA42F9D1206C102200F1C101C1
:100EB000B13001F085F920B904212046FFF71EFA70
:100EC000DFE7206C1021E130FFF770F858B10821FE
:100ED0002046FFF713FA40F207400021ECF720FB11
:100EE00040F20740CEE7216C2046E131FEF78EFF4D
:100EF00047212046FFF724F8C3E7B1F5A04F70B5AE
:100F00000346144607D045F21806B14207D0BDE8A3
:100F10007040ECF781BDFEF741FF002070BD126804
:100F2000551C03D10121FFF7E9F9F6E7016CD1F86F
:100F30007401400741BF002281F878212268C1F87E
:100F4000482158BFC1F84C2118464321FEF7F8FF4D
:100F5000E3E7B1F5A04F70B51346044607D045F25C
:100F60000406B14207D0BDE87040ECF755BDFEF76E
:100F700015FF002070BD9979026C0C310B44591D8E
:100F8000C132153351F8040B42F8040B9942F9D1E0
:100F9000256C102205F1C10105F1B10001F010F935
:100FA00020B904212046FFF7A9F9E2E705F1E101A4
:100FB0002046FEF72BFF47212046FEF7C1FFD8E76A
:100FC000B1F5A04F13B504460ED0A1F5A043103BD8
:100FD000012B45D8016CB131FEF734FF4421204686
:100FE000FEF7AEFF002017E0016CD1F8743113F06A
:100FF000040301F1E10228D010211046FEF7D6FFCC
:1010000060B108212046FFF779F940F2074000213E
:10101000ECF786FA40F2074002B010BD216C01F1F6
:10102000B103019391F87821D1F84831D34003F00E
:10103000010343F08003009301F1110201F1E10388
:1010400020465131FFF7A8F9CCE781F87831012328
:10105000009301F1B10301F5A671FFF777FDC1E738
:1010600002B0BDE81040ECF7D7BCB1F5A04F70B5A9
:10107000044615467AD045F21B06B14240F0CD80B9
:1010800090F87430DA0769D5056CB5F86C3123B186
:101090008921FEF755FF002019E0D5F874315B0770
:1010A0004BD5AB79DE0748D56B7BD80745D5A36C0C
:1010B00095F97A01313310220B21FBF7B7FF38B1D4
:1010C00040F21B412046ECF70DFA40F21B4070BD88
:1010D000A36C206C203390F97A0101220C21FBF7DC
:1010E000A5FF0028ECD1A36C206C213390F97A0184
:1010F00010220D21FBF79AFF0028E1D1206C082275
:1011000090F97A0104F110031146FBF78FFF0028D4
:10111000D6D104F14C00FCF7CEFC236C93F87A2175
:1011200084F87520FF2283F87A2120468021FEF77B
:1011300007FF2046ECF7AEF9ADE705F5A67304F11D
:10114000180205F5AE7553F8041B42F8041BAB42B8
:10115000F9D1A36843F48073A360E6E78021FEF72A
:10116000EFFE29462046ECF7BDF994E7006CD0F875
:10117000743159072AD58379DA078CD5437BDB078D
:1011800089D500F5A673102290F97A010321FBF7A7
:101190004DFF48B1002140F21B40ECF7C1F9082196
:1011A0002046FFF7ABF890E7FBF73EFF02287FF4FD
:1011B00072AF206C102200F5A673052190F97A0118
:1011C000FBF734FF00283FF466AFE3E7D0F8D130F7
:1011D000C0F8E930D0F8D530C0F8ED30206C00F51B
:1011E000A6721146E130FEF75BFD014630B12046A4
:1011F0000821FFF783F840F2074068E7236CA07CE2
:1012000003F5A673C0F11002184401F003F8216C35
:101210002046D131FEF7FAFD3DE7BDE87040ECF71E
:10122000FBBBB1F5A04FF7B5044608D045F2110558
:10123000A94236D003B0BDE8F040ECF7EDBB006C3E
:101240001021D130FEF7B2FE60B108212046FFF731
:1012500055F840F207400021ECF762F940F20740F0
:1012600003B0F0BD256C95F8796105F1C107013E29
:10127000022E01979FBFD5F8480195F87861F0409C
:1012800000F0010098BF40F08000009005F151018E
:1012900005F1110205F1D1032046FFF77DF800208A
:1012A000DEE7016CC131FEF7CDFD85212046FEF75A
:1012B00047FEF4E770B545F20406B1420446134612
:1012C00024D045F21806B14206D0B1F5A04F32D174
:1012D000FEF764FD002070BD11684D1C03D1012193
:1012E000FFF70CF8F6E7026CD2F87401400743BF31
:1012F000002182F878111B68C2F84C1148BFC2F86F
:10130000483184212046FEF71BFEE3E79979026C01
:101310000C310B44591DB132153351F8040B42F80E
:10132000040B9942F9D1226CD2F8743143F00103D5
:10133000C2F87431CEE7BDE87040ECF76DBB10B574
:1013400000230364044690F97500431C13D0E8F7AA
:10135000A3F8082204F1100394F975001146FBF775
:1013600093FE94F91330012B07D194F8743043F0B5
:10137000020384F87430002010BD022BFBD194F8D6
:10138000743043F00A03F4E74B88062B05D1088834
:1013900041288CBF0020012070470020704707B50E
:1013A0008B7901910B440A46197C4B1E0D2B04D8F6
:1013B00001F5A0410131FEF7DEFD01A801F083FA3D
:1013C00003B05DF804FB704700207047704770471A
:1013D00070B504460E461546052100220420FCF790
:1013E0004BFD014618B1A0F80160A0F8035020465B
:1013F000BDE87040FCF798BDF7B51D46002300938B
:101400000446BDF824300F4616460721089A0620E8
:10141000FCF756FD014628B1A0F80170A0F8036062
:10142000A0F80550204603B0BDE8F040FCF77CBDB5
:1014300073B515461A460023009304469DF81830EC
:101440000E4608200521FCF73BFD014618B1A0F827
:101450000160A0F80350204602B0BDE87040FCF7E0
:1014600063BD38B5002204460D460A200321FCF76F
:1014700003FD014608B1A0F801502046BDE8384000
:10148000FCF752BD70B504460E46154605210022F4
:101490000C20FCF7F1FC014618B1A0F80160A0F89F
:1014A00003502046BDE87040FCF73EBD73B51546BD
:1014B0001A460023009304469DF818300E4610206B
:1014C0000521FCF7FDFC014618B1A0F80160A0F869
:1014D0000350204602B0BDE87040FCF725BD73B54F
:1014E0004489033CA4B2A3420E464FF00001009190
:1014F00005464FF0030128BF23461220FCF7E0FC0D
:10150000014608B1A0F80160284602B0BDE870406D
:10151000FCF70ABD2DE9F3419846836905465869F1
:101520000F46164601F054FA6C89053CA4B280B20D
:10153000844228BF0446A8692146143001F025FCE6
:10154000009048B105220821002001F042FC0190E2
:1015500030B9684601F0B7F91A2002B0BDE8F08151
:10156000009901A801F096FA019A93790C33D118E9
:101570001620D054A8F800402846A1F80170A1F820
:101580000360FCF7D1FCE8E738B5002204460D46BD
:1015900018200221FCF770FC014600B1457020467E
:1015A000BDE83840FCF7C0BC70B5857904460C3501
:1015B000461901F00DFA625D431E013A9BB21C2AE6
:1015C00010D8DFE802F0110F160F180F290F2F0F98
:1015D000400F400F400F330F250F0F0F390F250F0E
:1015E0003E0F3E00002070BD042B14BF01200320DD
:1015F000F9E7022BF9E743B37278022A0AD0012AED
:1016000023D10222013B0232B3FBF2F102FB113380
:10161000002BEAE71022F5E713F0030F14BF0120B7
:101620000320E0E78BB17278013BEDE76BB1727894
:10163000032A0AD9013BE7E7042B34BF012003202A
:10164000D1E7022BF9E70320CDE70120CBE70246E3
:101650004FF0FF30EEF782BD07B5042201910DEB8C
:101660000201F6F714FC03B05DF804FB38B504463C
:10167000251DDDF7BFF800212846FFF7EDFF01210A
:1016800004F10800FFF7E8FF08212846FFF7DFFF15
:1016900001462046FFF7E0FF002038BDC0F30A03F3
:1016A0000833B3F5006F06D280884FF6FF73C31A74
:1016B00058425841704701207047F8B50D4617460B
:1016C0001E46EEF703FB044638B905B12870002327
:1016D00040F21C403B703460F8BD15B1C3881B0A52
:1016E0002B70A37900200834F4E708B5084680B2CF
:1016F0004FF6FF71EEF71EFB002008BD0220704779
:10170000002070470120704700207047002070477C
:10171000704737B5044601A80D46F3F7B3FD01A89D
:10172000FFF7F6FF01A920468DF80650EEF7B0FD51
:1017300003B030BD08461146EEF788BE7047431E21
:10174000012B03D9031F58425841704701207047AD
:1017500000F059BA4FF4A472002100F05BBD10B53F
:101760000021044600F083F82046BDE81040F3F75E
:10177000CBBCF3F73DB9F3F741B9F8B505460E46D2
:10178000EEF72CFED5F88C307BB15B696BB1F0F7CE
:1017900023FED5F88C305B691B1A584240F26B125D
:1017A0004FF042015841EEF7FBFFF76800224FF679
:1017B000FF734FF0240CD0B2B84208D31C46214628
:1017C0002846EEF795FF00F021FA2046F8BDB168F3
:1017D0000CFB0011CC899C4202D2002CEFD0234696
:1017E0000132E8E7EEF784BF008B70470A7838B51E
:1017F00005461046FFF7A3FF60B14C782046FFF77F
:101800009EFF38B12243530704D42846BDE8384030
:10181000F3F7FAB8012038BDFFF7E8BF10B504466A
:101820000878FFF78CFF58B14A781046FFF787FF1A
:1018300030B1042A04D02046BDE81040F3F71CB9AB
:10184000012010BDFFF7EABFF2F75ABEF2F7D2BF90
:1018500070B504460D461646EEF74AFF30B93246DB
:1018600029462046BDE87040F1F70ABE70BDF3F787
:10187000C7BE38B5044600200D4600F0C5F9D4F8BF
:10188000A0302BB929462046BDE8384000F0DFBA29
:10189000022038BD38B5044648880D4600F0B4F93A
:1018A000D4F8A0302BB929462046BDE83840F3F7DC
:1018B00019B9022038BD00F0A8B900F0FCBAF0F761
:1018C0005BB938B505460C46F6F768F92B6B1C403A
:1018D000EB6A2343EB62F6F765F9211E18BF01217D
:1018E0000020490238BDF3F7DDBBF2F713BF00F06B
:1018F00013BB00F032BB08461146EFF703BDF3F708
:1019000011BA00F0ECBA38B50446154609B100F03A
:1019100042FB25B12046BDE83840F3F7FDBA38BD9B
:101920000846F0F72BBC10B5044600F08BF820B940
:101930002046BDE81040EFF711B810BD00F0B0B977
:10194000F0F774BB2DE9FF41984604460E46174652
:10195000F6F72BF905462046FFF7E5FF0A9B0293B1
:101960000023CDE900833A4631462046EFF744F89C
:1019700004462846F6F71FF9204604B0BDE8F0817A
:1019800038B50446F6F711F905462046FFF7CBFFB8
:101990002046EFF70FF804462846F6F70CF9B4FA9C
:1019A00084F0400938BD38B50446F6F7FEF8054620
:1019B0002046FFF7B8FF204600F053F804462846BB
:1019C000F6F7F9F8204638BD38B50446F6F7EDF8D5
:1019D00005462046FFF7A7FF204600F048F80446DA
:1019E0002846F6F7E8F8204638BD70B504460E469E
:1019F000F6F7DBF805462046FFF795FF314620460F
:101A0000EFF748F804462846F6F7D5F8204670BDAB
:101A100007B513468DF80710002219460DF107008F
:101A200000F0B9F803B05DF804FB084611461A4609
:101A300000F0B1B8012070470120704700207047C6
:101A400000207047EEF7C2BE10B5F6F7AEF80446B8
:101A500000F015F8EEF7E0FE2046BDE81040F6F77E
:101A6000AAB808B50246EEF7B1FE507D08BD08B52C
:101A70000246EEF7ABFE507D80F0010008BD00F09D
:101A80000FB9F2F73DBF00F0C2B9437C03B108477C
:101A90000220704710B5044600F0E0FA204603210A
:101AA000BDE81040F2F786BDFFF7F4BF437C0BB1F1
:101AB00000F0D0BA02207047437C0BB100F0CCBAE2
:101AC0000220704710B5437C0C4693B14968002250
:101AD000F3F750FE206890FAA0F0000AF0F792FDAC
:101AE000A17A2089002281F00101F3F7A1FE0020F4
:101AF00010BD0220FCE71FB5CDE90012ADF808309B
:101B000069469DF818308DF80A30FFF7DBFF05B005
:101B10005DF804FB00207047002070472DE9F74F67
:101B20001C469DF830300193036803F00703063329
:101B300001259D400646174605F1FF380B46A1B129
:101B4000416804EA080BA5EB0B0A41F00059524525
:101B500009EB0B0114D95246184600F066FB7A1BBC
:101B60005A444946504400F060FB019B2BB13C4471
:101B700048EA050804EA0804F46003B0BDE8F08F01
:101B80001846F0E737B5002500951446FFF7C6FF65
:101B9000204603B030BD70B50E461546044608B960
:101BA000002070BD0078EFF78BFC58B11EB1207893
:101BB000EFF730FD30701DB1207800F038F8287054
:101BC0000120EEE723780E2BEAD10EB1FF2333700C
:101BD000002DF5D0FF232B70F2E738B50D680446D1
:101BE0002846EFF747FCD4F8903043B15B6933B136
:101BF000013504BF6FF001020A600A681A60002014
:101C000038BDF3F7D7BC704770477047704738B599
:101C10000D460446F0F7E0FBAC4042F21073640955
:101C20005C436423B0FBF3F0B4FBF0F038BD022852
:101C300007D0062807D0003818BF01204042C0B2A4
:101C40007047012070470020704730B51F23B0FB5C
:101C5000F3F35D1CEDB24FF0FF34C3EB4313AC4024
:101C6000C01AE4430130E4B2C0B21460086030BD71
:101C700070B505460E46C0B201F00F01FFF7C7FF71
:101C8000C6F303110446C5F30720FFF7C0FFC6F3F0
:101C900003210444C5F30740FFF7B9FF204470BD9A
:101CA00008B5F0F751F9BDE80840F0F78BB910B569
:101CB0000446F0F749F9844288BF01F1FF3120461C
:101CC00001F00301BDE81040F0F77CB938B50446D7
:101CD000FFF7E6FF0546FFF7E3FF431BA342FAD3F6
:101CE00038BD0020704710B50446F0F7F9FBC4F387
:101CF0000113022B05D0032B09D0012B00D1400882
:101D000010BDC4F3C4240134B0FBF4F0F8E780083C
:101D1000F6E700F03003202B10B513D110F4E02FBC
:101D2000C0F302440AD010F4C01FC0F3C423B3FBB5
:101D3000F4F418BF6400052C0ED86408FFF7D3FF35
:101D4000604310BDC0F382136FF012041C4104F015
:101D50000104C4F10204F1E70424EFE710B50446DE
:101D600051B10B6843B15B6833B11A68032A03D9D8
:101D70009C6A640E204610BDF5F710FF0146204610
:101D8000F0F798FD04460846F5F70CFFF2E738B186
:101D90004FF47A735843A0F6AC50401AF0F7A4BE43
:101DA0004CF25030FAE7F1F743BEF1F741BEF1F7DC
:101DB0003FBEF1F73DBE7047436B03F06003402B1D
:101DC0000DD0602B03D0203B58425841704749B199
:101DD0000B68012B06D9486940F00100704740F2BA
:101DE0000110704700207047034670B10268022A54
:101DF0000BD9426A12F47F4FC2F3072006D01B6A48
:101E0000D2B25A43B2FBF0F0704700207047022074
:101E1000F0F784B8D0F894304BB11A68022A06D98A
:101E200093F8250028B11B6AB3FBF0F07047FFF769
:101E3000A0BC704708B50146D0F89400FFF7D4FF66
:101E400020B9BDE808400846FFF795BC08BD10B5AD
:101E500090F8D0300E2B04462BD00175D0F89000AE
:101E600020B3D4F8A0304BB994F8D9308B420BD3BF
:101E700020460022BDE81040F2F78EBEB4F92420BF
:101E8000B0F912309A42F3DD94F8D91000222046BE
:101E9000F2F782FE60B9C4F890002046FFF7A4FC78
:101EA00001462046BDE81040EEF722BCFF236375D3
:101EB00010BD0220FCE70346D0F8D0000860B3F85C
:101EC000D4308B800020704790F8D0300E2B14BF98
:101ED000407DFF2070474FF48071F2F7F1B938B5BB
:101EE0000D46FFF7A7FF014604460020F0F71AFF52
:101EF00002460220A87174B1B2F5803F0BD8630985
:101F00004FF2244101FB02302B682409B0FBF4F0AE
:101F10001B1A2B60002038BD3F2B084610B5114618
:101F200019D9B3FA83F3C3F11902D2B2062A01D840
:101F3000192B0ED0062A28BF0622931DDBB20124DE
:101F40009C40A4B2A14228BF2146EEF7F3FF2046F1
:101F500010BD0022F1E70024F9E713883F2B10B5EC
:101F6000084616D9B3FA83F3C3F11901C9B2062999
:101F700001D8192B0BD0062928BF06218C1DE4B2ED
:101F80000123A3401380EEF7F3FF002010BD0021D2
:101F9000F4E70120FAE7F2F79DB910B508461446B8
:101FA0000121F0F727FA20460121BDE81040F0F7A3
:101FB00021BAF8B504460E461746F5F7EFFD3A4646
:101FC00005463146204600F054F804462846F5F709
:101FD000E9FD2046F8BD0220704703207047EFF767
:101FE00095BF10B5F3F7CEF9044608B9F1F73AFA00
:101FF000204610BD38B504461D46F3F7C3F928B98D
:1020000029462046BDE83840F1F7FCBA38BD704794
:102010008021F2F755B938B50546F2F7E5FA0446DE
:102020002846F2F7BFFA072811D1D5F89030DB69BE
:1020300024F47F4121F0080103B15B7841EA0321D8
:1020400041F020012846BDE83840F2F7D3BA24F029
:102050002001F7E7032070470320704710B50446BE
:10206000F3F772FB2046BDE81040F3F745BB0020B4
:102070007047F7B505460F4668461146F3F71EFC54
:10208000064698B197B1DDE900311B0A43EA0163C6
:10209000A5FB0343090A05FB0135F0F79DF9002371
:1020A000024629462046F3F735FF3860304603B034
:1020B000F0BD00228A4202D14FF0FF30704750F845
:1020C000223093FAA3F30BB90132F3E7B3FA83F0AA
:1020D00000EB4210704770B5A1FB02543CB9294691
:1020E000F4F7DCF8064628B90026304670BD0C220D
:1020F0000260F9E72A46214600F08CF8F5E72DE961
:10210000F8430746884614460026D4E90195B9F1FC
:10211000010905D52468002CF7D13046BDE8F883C5
:10212000AB89012B07D9B5F90E30013303D029460D
:102130003846C04706436835E9E710B50C46B1F9A3
:102140000E10F4F7B3FA0028ABBF636DA3891B1818
:1021500023F48053ACBF6365A38110BD2DE9F0412A
:102160001F468B89DB0505460C46164605D5B1F999
:102170000E1002230022F4F787FAA389B4F90E1097
:1021800023F48053A38132463B462846BDE8F04104
:10219000F4F7AEBA10B50C46B1F90E10F4F774FAB4
:1021A000431CA38915BF606523F4805343F4805317
:1021B000A38118BFA38110BDB1F90E10F4F754BA72
:1021C00010B501390244904201D1002005E00378A6
:1021D00011F8014FA34201D0181B10BD0130F2E7E6
:1021E000884210B501EB020402D98442234607D885
:1021F000431EA14208D011F8012B03F8012FF8E784
:10220000024401468A4200D110BD13F8014D02F884
:10221000014DF7E702440346934200D1704703F8AB
:10222000011BF9E77047704770470A44914200F17B
:10223000FF3300D1704710B511F8014B03F8014F7F
:102240009142F9D110BD9368013B002B10B493600B
:1022500008DA9469A34201DB0A2903D15DF8044B33
:1022600000F095B91368581C1060197008465DF8A5
:10227000044B7047F8B506460F461446D518AC42D5
:1022800001D1002007E014F8011B3A463046FFF761
:10229000DAFF431CF3D1F8BD2DE9F0471646984606
:1022A0008A680B69DDF820909342B8BF134633600B
:1022B00091F8432007460C460AB101333360236886
:1022C000990642BF336802333360256815F006056E
:1022D00006D104F1190AE36832689B1AAB4226DC86
:1022E00094F843302268003B18BF012392062BD498
:1022F00004F1430241463846C84701301ED02368E6
:10230000226903F00603042B02BFE5683368ED1A67
:10231000A3680CBF25EAE57500259342C4BF9B1A4C
:10232000ED1800261A34B5421AD1002008E0012326
:10233000524641463846C847013003D14FF0FF307E
:10234000BDE8F0870135C6E7E1185A1C302081F856
:102350004300224494F8451082F843100233C7E743
:102360000123224641463846C8470130E6D00136AF
:10237000D9E7B1F90C202DE9F041170705460C46C5
:1023800056D44B68002B02DC0B6C002B3DDDE66A5B
:10239000002E3AD0002312F480522F68216A2B605D
:1023A00025D0626DA389580705D56368D21A636B7F
:1023B0000BB1236CD21A216AE66A00232846B04783
:1023C000411C24D00023636023692360A389DA04BD
:1023D00000D56065616B2F60B9B104F14403994287
:1023E00002D02846F4F7BAF9002363630DE0012315
:1023F0002846B047461C0246D4D12B68002BD1D0CA
:102400001D2B01D0162B2BD12F6000202FE02A6826
:10241000B4F90C3042B11D2A01D0162A22D1002372
:10242000636023692360D5E7626022692260CEE79A
:102430000F69002FE9D093070E6808BF4B690F6042
:1024400018BF0023A6EB07088B60B8F1000FDCDD96
:10245000216AA66A43463A462846B047002808DC67
:10246000B4F90C3043F04003A3814FF0FF30BDE8D6
:10247000F0810744A8EB0008E7E738B50B6905468B
:102480000C4613B90025284638BD18B1036A0BB9AC
:10249000F4F714F8B4F90C30002BF3D0626ED007C7
:1024A00004D4990502D4A06DFFF7BDFE284621464D
:1024B000FFF75FFF636EDA070546E4D4A3899B0547
:1024C000E1D4A06DFFF7B0FEDDE770B50C46B1F9C1
:1024D0000E10002996B015461E460DDAA38913F09A
:1024E000800F4FF0000114BF40234FF480630020A1
:1024F00031602B6016B070BD6A46F4F713FC0028FB
:10250000ECDB019901F47041A1F5005359425941A6
:102510004FF48063EBE78B89F7B59D0706460C46C1
:1025200007D504F14703236023610123636103B0EE
:10253000F0BD01AB6A46FFF7C8FF009F054639466C
:102540003046F3F7ABFE48B9B4F90C309A05EED437
:1025500023F0030343F00203A381E2E7A389206091
:1025600043F08003A381019BC4E904075BB1B4F984
:102570000E103046F4F7E8FB28B1A38923F00303DB
:1025800043F00103A381A3891D43A581CFE7F8B5DB
:102590000E461446054618B1036A0BB9F3F78EFFD1
:1025A000A369A360A3891A0701D5236943B921460A
:1025B0002846F4F761FB18B14FF0FF373846F8BDF5
:1025C00023682269981A6369F6B28342374605DCAC
:1025D00021462846FFF751FF0028EDD1A368013BB3
:1025E000A36023685A1C22601E706269431C9A42D1
:1025F00004D0A389DB07E1D50A2EDFD12146284686
:10260000FFF73BFF0028D9D0D6E7430803F0553346
:10261000C01A00F03333800800F03330184400EB68
:1026200010104FF0013300F00F305843000E704788
:1026300010B5044678B1036A41696BB18068984768
:10264000207E002310286361636004D82146F4F7DC
:10265000CFFE1123237610BD0029F1D08368002B13
:10266000EEDB0846F5F7B4F8EAE707B50023019179
:102670001A4601A9F4F702FD03B05DF804FB1FB58B
:10268000002402949DF81C400194069C0094F4F7E9
:102690007BFC04B010BD13B507240194049C009486
:1026A000FFF7EDFF02B010BD07B500230093FFF761
:1026B000F2FF03B05DF804FB03680B600160704734
:1026C0002DE9F041054600680E461746002408B97A
:1026D000BDE8F081D0E90083B3420BD18368BB42EF
:1026E00008D154B9C5F80080C368DB0701D5F5F7F8
:1026F0006FF8204604464046E9E7C4F80080F3E757
:10270000D1E90112FFF7DCBF002370B51A46194664
:1027100004680546F4F7B2FC0CB92C6070BDE368A0
:102720002668DB0702D52046F5F752F83446F3E772
:102730002DE9F8430E461746054610B90020BDE8BE
:10274000F8830468002CF9D0D4E90089A0683B46DE
:1027500032462946C8470028F1D14446F2E72420F2
:10276000704738B5054614460A460021FFF752FD6A
:1027700024F01C046B7944F0100443F004032C7122
:102780006B7138BD2DE9F74F1F469DF8303000932F
:102790008A468046002850D0002967D00C68002C5B
:1027A00066D04FF0000BE679A179761AF6B2BE42F8
:1027B00008D30C31394408EB02092144F61B454685
:1027C000C84537E02068BF1BA346002835D0044623
:1027D000E9E7AB19994538BFA9EB0506324628460B
:1027E000FFF723FD009B002B3DD0E279A079F3B2E7
:1027F00037BB1844A071E279A37927689A4232D195
:10280000DAF80030A34208BFCAF80070BBF1000F2D
:1028100001D0CBF800702046F4F74CFE3C4635441E
:102820004CB1A379E67903F10C01F61A2144F6B212
:1028300000274D45CDD3A5EB080003B0BDE8F08FD0
:10284000121AD2B2F918914209DA0C302044D21B84
:10285000D21A014438440193FFF7C2FC019BE2798C
:10286000D31AE371C7E7A3462468D8E70846E4E72C
:102870002046E2E710B5C479C4F145030246D8B258
:10288000884228BF08460444D47110BD38B50546B7
:10289000C079C0F14504E4B2944288BFD4B20C3090
:1028A00022462844FFF7C1FCEB792344EB71204614
:1028B00038BD1FB503910021009103A9FFF762FF06
:1028C00005B05DF804FB38B50446206800B938BD92
:1028D0000568F4F7EFFD2560F7E710B501F0EC01AE
:1028E000034603B910BD1A7902F013020A431A71A4
:1028F0001A1A544254415A7964F300025A711B68FF
:10290000EFE710B558B1016802685AB1136823B1F6
:102910005C79E40704D5002414600360084610BD08
:102920000360F1E71346F8E7034658B10020DA796F
:1029300099791B68521A50FA82F01BB15A79D20762
:10294000F5D57047704770B50D460446E8B18679F5
:102950008E4203D3751A8571012070BDC27906F1CC
:1029600045039B1ADBB299420FD806F10C010144D2
:10297000921BA81BD2B20844FFF732FC0023A371BC
:10298000E3791D44AD1BE571E6E70020E5E710B5EE
:102990000C4698B191B18979E279C379521AC3F1A1
:1029A0004503D2B2DBB2934208D30C312144FFF786
:1029B0006DFF2046F4F77EFD012010BD0020FCE7EE
:1029C0000346006818B102681A600023036070476C
:1029D0000346002003B97047DA7999791B68521AC7
:1029E00050FA82F0F6E72DE9F84F89461446824600
:1029F000FFF7EEFF05464846FFF7EAFFA542074608
:102A000001D3A04208D2BD4208D10024A346A0466B
:102A1000264647B9384604E02746F6E738D24FF055
:102A2000FF30BDE8F88F5EB99AF806809AF8076023
:102A3000A6EB080608F10C08D044DAF800A0F6B2BC
:102A4000BBF1000F0BD199F8064099F807B0ABEB3A
:102A5000040B0C344C44D9F800905FFA8BFB5E45B4
:102A6000354628BF5D46BD4228BF3D462A46214621
:102A70004046FFF7A5FB0028D3D1A8442C447F1B78
:102A8000EDB2761BABEB0505F6B25FFA85FBC0E74E
:102A90000120C6E703680BB9016070471A461B683E
:102AA000002BFBD111607047036803B10B6001601C
:102AB000704739B10B461A461B68002BFBD10368DF
:102AC00013600160704770B5046806460D4644B156
:102AD0002046FFF77DFFA84211D8236813B9E37998
:102AE000A37170BD20463360F4F7E4FC3468F4E76A
:102AF000ED1A236833602046F4F7DCFC3468002DBF
:102B0000EFD0A279E3799B1ADBB2AB42F0D92A4429
:102B1000A271E6E7F8B5066805460C4646B13046B0
:102B2000FFF756FFA0421DD8336813B9F379B3718C
:102B3000F8BD30462B60F4F7BDFC2E68F4E706467E
:102B400038460768002FFAD1C2798379D31ADBB2ED
:102B5000A34202D9121BC271EAE7E41AF4F7AAFCF5
:102B60003EB13760002CE3D028680028E0D0002672
:102B7000E7E72E60F6E7F8B504460F46BC4200D101
:102B8000F8BDA179E5796D1AEDB2C5F14506B6B289
:102B90000EB92468F2E749B10C312A46214404F108
:102BA0000C00FFF71DFB0023E571A3712368BB42F6
:102BB000EFD05A79D207ECD49979DD79A079E2790E
:102BC0006D1AEDB2B54200F10C0028BF3546104435
:102BD0000C312A4619442044FFF727FBE37920688B
:102BE00053FA85F3E3718379761B53FA85F5C3793C
:102BF000EDB2AB42B6B2857103D103682360F4F73E
:102C000059FC002ED2D1C4E738B50C46016809B989
:102C1000046038BD0D4609680029FBD1236823B143
:102C20002046FFF7A8FF2C60F3E721462846FFF770
:102C3000AEFE0028EDD1F6E748B1002302794360EB
:102C4000036083604379027143F00403437170476A
:102C500000221146F4F78ABC38B504460D46FFF74A
:102C600072FE98B984B12079FFF7F2FF58B1637909
:102C700042790460C3F3400363F3410245235D1BC3
:102C80004271C371857138BD0120EDE72046FAE736
:102C900038B5036804460D469BB11879FFF7D8FF95
:102CA00088B1236803605B794279C3F3400363F31F
:102CB000410245235D1B4271C37185712060002074
:102CC00038BD0120EAE71920FAE738B50C46054679
:102CD00040B3006830B309B9002038BD4AB9C9B261
:102CE000FFF731FE0028F7D12B689A799871A41A62
:102CF00006E0452918D8C9B2FFF725FE0028EBD118
:102D0000442C07D8002CE7D0E1B22846BDE8384073
:102D1000FFF7BEBF45212846FFF7BAFF0028DCD1E8
:102D2000453CEDE72220D8E72120D6E72DE9F843FE
:102D300090F8078090F80690A8EB0907FFB2B94217
:102D400004460D4602D30020BDE8F8830079FFF762
:102D50007FFF06460028F6D0A17980790C317F1BD1
:102D600029440C30BAB221443044FFF75EFAF379BB
:102D70003B44F371E37999444D442368A5EB08057E
:102D8000E571012033602660DEE7F8B50768064686
:102D90000D463C46002305B12CB90BB100221A6048
:102DA00034603846F8BDE379A2799B1ADBB2AB42B6
:102DB00007D8E379A2799B1ADBB2ED1A234624687F
:102DC000E9E7E9B22046FFF7B1FF0028F1D1074655
:102DD000E7E75318452B02DCC9B2F4F7C7BB002064
:102DE0007047F7B5002605460F4601960DB9019CC0
:102DF00009E0002211463846F4F7B8FB044628B92A
:102E000001A8FFF760FD204603B0F0BDAB798371E8
:102E1000EA79C2716879617960F300016171697959
:102E20006079C1F3400161F34100D21A607103F18E
:102E30000C002918D2B22044FFF7F7F9019B03B91F
:102E4000019406B134602D682646CFE72DE9F8439A
:102E50000D461446064610B319B3DAB10346994637
:102E60001B68002BFBD12746C8463A4629464046F8
:102E7000FFF70CFDC145A7EB0007054418BFC9F8D3
:102E8000008037B1B17930790022F4F76FFBC14689
:102E900018B9E41B2046BDE8F8838046E5E7044600
:102EA000F8E70C46F6E737B51546C9B200221C46CE
:102EB000F4F75CFB019040B122462946FFF7C6FFBC
:102EC000844202D901A8FFF7FEFC019803B030BD8F
:102ED00010B5013903461A1A914200D810BD445C5E
:102EE0001A7803F8014B42540139F4E701440023F6
:102EF000884200D1704700F8013BF9E738B5054634
:102F00000C4604B938BD013C55F834305B68002BE1
:102F1000F7D09847F5E72DE9F0410446002654F82C
:102F200036302BB904F10408B34203D100250FE079
:102F30000136F4E754F8332012685F1C5AB158F890
:102F400033009047054630B139462046FFF7D6FF9B
:102F50002846BDE8F0813B46E6E77047704770477A
:102F600070477047F4F716BC38B50446F9F76DFFA3
:102F7000054658B9C820E5F7A7FAC8220221284615
:102F8000E5F762FA8442A8BF044624B22046E5F77A
:102F90009BFAF9F75AFFBDE83840C8220221E5F74D
:102FA00053BAB0F90020B1F900309A422DE9F04748
:102FB00004460D4648DCF4F7F8FD8046E0F764FA75
:102FC00000283ED1E5F736FA8246F9F73EFFC822DF
:102FD0000221E5F739FAB5F9002047F6FF739A4266
:102FE000814602D1E5F74AFA2880B4F9002047F675
:102FF000FF739A4202D1E5F73BFA2080B5F9000051
:10300000FFF7B2FFB4F900308342C8BF2080074603
:10301000B4F90000E5F738FAF7F7F9FB064658B1BE
:103020005046E5F731FA4846E5F74EFA4046F4F7E0
:10303000C2FD3046BDE8F087E5F7FCF920802F801F
:10304000F4E741F20C06F1E72126F2E70000000068
:103050000000000000000000000000000000000070
:10306000F8B500BFF8BC08BC9E467047F8B500BF75
:10307000F8BC08BC9E4670475FF800F0050D0020C4
:103080000000000000000000000000000000000040
:103090000000000000000000000000000000000030
:1030A0005B495D200025730A005B435D20002E2EE6
:1030B0002F6170702E630025733A2564203A2573C2
:1030C0003A20007363005374617475733A2025735A
:1030D000203D2030782530347820004173736572AC
:1030E00074696F6E206661696C656400736C5F6201
:1030F000745F6F6E5F6576656E74006170705F6996
:103100006E6974004252443431363641002E2E2FFF
:10311000736C5F676174745F736572766963655F12
:103120006465766963655F696E666F726D61746907
:103130006F6E2E630044303300342E342E3700730C
:103140006C5F676174745F736572766963655F64F1
:1031500065766963655F696E666F726D6174696FCC
:103160006E5F6F6E5F6576656E7400008C31030074
:103170001E001E00B03303000F000F00A033030039
:10318000010001000100FFFFFFFF0000010000003F
:103190000108FFFF000000006C3303000200020082
:1031A0000108FFFF0500000020000B0003000B00DA
:1031B0000008FFFF01000000600C002004000E006A
:1031C0000308FFFF030000000200000005000200EA
:1031D0000108FFFF0500000002000C0006000C00C3
:1031E0000108FFFF010000006A0C00200700020038
:1031F0000108FFFF050000000A000D0008000D0097
:103200000308FFFF01000000800C002009000000FF
:103210000108FFFF00000000703303000A000200F5
:103220000108FFFF050000000A0003000B00030077
:103230000308FFFF01000000880C00200C000200C2
:103240000108FFFF05000000020004000D0004005B
:103250000108FFFF00000000743303000E000000AF
:103260000108FFFF00000000783303000F00020098
:103270000108FFFF05000000020005001000050026
:103280000108FFFF000000007C3303001100020072
:103290000108FFFF05000000020006001200060002
:1032A0000108FFFF010000009E0C00201300020037
:1032B0000108FFFF050000000200070014000700DE
:1032C0000108FFFF01000000AC0C00201500020007
:1032D0000108FFFF050000000200080016000800BA
:1032E0000108FFFF01000000B60C002017000200DB
:1032F0000108FFFF05000000020009001800090096
:103300000108FFFF01000000C20C002019000000AE
:103310000108FFFF000000008A3303001A000200CA
:103320000108FFFF0500000002000A001B000A0060
:103330000108FFFF07000000000000001C00000063
:103340000108FFFF000000008E3303001D00020093
:103350000108FFFF05000000080000801E0000803B
:103360000208FFFF07000000000000000200011833
:10337000020000180200000002000A180C00536945
:103380006C69636F6E204C61627302001A18100042
:10339000F01921B4478FA4BFA14F63FDEED6141DD1
:1033A000636032E0375EA488534E6DFB6435BFF72F
:1033B000002801280328002A012A292A242A272A4A
:1033C000262A232A6E2A052A2A2B292B02290000C5
:1033D000050000000000000000C201000005000020
:1033E000001000000000000000000000433A2F55CC
:1033F000736572732F77756573742F53696D706C75
:10340000696369747953747564696F2F53444B739E
:103410002F6765636B6F5F73646B2F6170702F62D2
:103420006C7565746F6F74682F636F6D6D6F6E2F41
:10343000696E5F706C6163655F6F74615F64667510
:103440002F736C5F62745F696E5F706C6163655F40
:103450006F74615F6466752E630064656C61795F8B
:1034600074696D65725F636200736C5F62745F693B
:103470006E5F706C6163655F6F74615F6466755FDA
:103480006F6E5F6576656E74003F0028002920002E
:10349000050000000000000040420F000501000090
:1034A00000000000000000000000000013B779FADF
:1034B000C925DDB7ADF3CFE0F1B614B801020000C5
:1034C00000000000FFFFFFFF2000000001000000DF
:1034D00000000000000000000000000000000000EC
:1034E00000000000000000000000000000000000DC
:1034F00000000000000000000000000007000003C2
:1035000000028000080002002000000140000400CA
:10351000010010000806020004090703010500006D
:1035200040787D0100000000005A620200010000A6
:10353000C0CF6A0002000000809FD5000201000099
:10354000002D3101020200000809110800030103E7
:1035500003030200000800FCC83503000100010756
:1035600074350300000800F88435030000000000F3
:103570000000000083FFBFFFE2FFF1FFF9FFFEFF45
:10358000000000009600FCFEF8006D23441FEEFFD3
:10359000C700F20E8E37FAFF5C00A40324A7FFFFDA
:1035A0003200D601AD3400001F003001004D000094
:1035B0001200C000CA4A00000B006E00F73C000079
:1035C00005001F002F2000008C00FCFEFFFF000004
:1035D00000000000FC00D2104C06FAFF75009B05AD
:1035E000F132FFFF3E0062020B35000025004B0167
:1035F000885F00001700E0005E5D00000E008C0098
:103600006A4F0000070025008328000000000F40DB
:103610000000000000040F40010000006A09E66796
:10362000BB67AE853C6EF372A54FF53A510E527FE3
:103630009B05688C1F83D9AB5BE0CD19008000002F
:10364000000000000000000000000000000000007A
:10365000000000000000000000000000000000006A
:10366000000000000000000000000000000000005A
:10367000000000000000000000000000000000004A
:10368000000000000000000000000000000000E159
:10369000000108070F000A00C8002000A000010078
:1036A00000000000A00068010A200706020A0407C3
:1036B00000000002070001041040010000000500A6
:1036C000000000020000030000000000483A030070
:1036D000243A030098390300B8390300CC390300B9
:1036E000703A0300083A0300F439030000000000B8
:1036F0005C3A030000000000383A030000000000BC
:103700002C39030000000000E03903000000000035
:10371000E839030000000000AC39030070370300F3
:10372000943A0300723703008C3A03000000000053
:10373000843A0300000000001C3A0300000000006F
:103740000000000000000000000000004E0C00001F
:1037500000000000000000006C31030000000000C9
:10376000000000000400000000000000E2FF500024
:1037700001000400FB00000002000000CC37030041
:1037800003000000C437030004000000BC3703003E
:1037900000000000000000004145532D3235362D59
:1037A000454342004145532D3139322D45434200B6
:1037B0004145532D3132382D45434200983703009F
:1037C00010140400A437030010130300B0370300E3
:1037D00010120200020000005797020053970200E7
:1037E0004F9702003997020027970200512563FC8A
:1037F000C2CAB9F3849E17A7ADFAE6BCFFFFFFFF6C
:10380000FFFFFFFF00000000FFFFFFFFF551BF3784
:103810006840B6CBCE5E316B5733CE2B169E0F7CF5
:103820004AEBE78E9B7F1AFEE242E34F96C298D89E
:103830004539A1F4A033EB2D817D0377F240A463D9
:10384000E5E6BCF847422CE1F2D1176B4B60D2277A
:103850003E3CCE3BF6B053CCB0061D65BC86987698
:1038600055BDEBB3E7933AAAD835C65AFFFFFFFF21
:10387000FFFFFFFFFFFFFFFF000000000000000050
:103880000000000001000000FFFFFFFF09204000D2
:10389000010102010202030102070B0B0701160CD2
:1038A00000000108080000050108FFFF02FFFF08F3
:1038B00008020204FF010022FFFFFFFFFFFF0304D5
:1038C00004FFFFFFFF2AFFFF1419191B011C15122B
:1038D0000400480C14131510801A80128080000F09
:1038E0000E0C080C080D181001020404F40100006D
:1038F000FA00000096000000640000004B00000089
:10390000320000001E000000140000000000000053
:103910000101500040000800500024000400900104
:10392000500240009001AE01100000005D930100C4
:10393000000000000049725314497207FF000102A1
:10394000030405FF145300724907CDF631A60100A8
:10395000B1A5010061BE0100EDDA020067DB0200E3
:1039600061DB02004DC201004FFC02001BDB0200C4
:1039700063DB020065DB02000FDB02005DDB02009F
:103980009DA001003BD90200F1A1010001020C0041
:103990000000040000000800040000000000000017
:1039A0000000000009A5010000000000C3DA0200C9
:1039B00000000000A001040156000000000000000B
:1039C00000000000000000000000000005000000F2
:1039D00000000000000000000000000000000000E7
:1039E0001DA6010000000000EFDA02000000000048
:1039F000A01305000A000000000000000000000005
:103A000000000000000000000900000000000000AD
:103A1000000000000000000000000000F5DA0200D5
:103A2000000000000F000000000000000000000087
:103A30000000000000000000FFDA020000000000AB
:103A40000000000000000000010000000000000075
:103A500000000000000000000000000071A801004C
:103A600000000000A0010107A000010402040800FA
:103A700006000000000000000000000075A9010021
:103A800059A901000BDB02000000000007DB020067
:103A900000000000B5A9010000000000A00306011D
:103AA000A0090609A0020608A0050607A00506064B
:103AB000A0070605A0020604A0010610A00A06023F
:103AC000A00D06000000040205030601070101081D
:103AD000090A0000A0015C02A0035C01A0025C00D6
:103AE000A0020F09A0030F04A0030F03A0050F02FB
:103AF000A0010F01A0050F00A0040108A00201050C
:103B0000A0030106A012010001010204200C04031D
:103B100031A50100200004015DA50100200256022C
:103B200001A6010020025601D5A5010020010605CD
:103B3000FDAB010020040A043DA8010020050A0293
:103B40000DA80100200001151DA901006267617028
:103B500069206275666665727300010002000000EC
:103B600000000000030000000D000300020001003F
:103B700005006761747420636F6E6E656374696FAE
:103B80006E00000000FB349B5F800000800010008E
:103B900000000000000000000BFA0200F3E0020049
:103BA000F9FB0200F5FA0200E69D350E480103CC50
:103BB000DBFDF4AC1191F4EFB9A5F9E9A7832C5E14
:103BC0002CBE97F2D203B020008BD28915D08E1C68
:103BD000742430ED8FC24563765C15525ABF9A3219
:103BE000636DEB2A65499C80DC003F49F6D4A3C590
:103BF0005F3874C9B3E3D2103F504AFF607BEB409B
:103C0000B7995899B8A6CD3C1ABD006C888391AA83
:103C1000F5A53860370BDB5A6083BE000000010059
:103C2000010005010005020203000200000000007F
:103C30000205010005000001000100000100010271
:103C40000203000200000000000202010002000066
:103C500041F10100F1EB0100B51203002312030052
:103C60000D0C0300C9E9010015E901006DE7010031
:103C70006B1003003707030085ED010045E30100E9
:103C800091E10100C10F0300530F0300FB0E03007D
:103C9000590E0300A50C03009DDE0100C9DC0100E4
:103CA00081DD01003B070300C9DA0100BF01FB9D74
:103CB0004EF3BC36D874F5394138684C8BD289152F
:103CC000D08E1C742430ED8FC24563765C15525A39
:103CD000BF9A32636DEB2A65499C80DCE69D350E08
:103CE000480103CCDBFDF4AC1191F4EFB9A5F9E97F
:103CF000A7832C5E2CBE97F2D203B020A0010A0548
:103D0000A0030A04A0080A03A0070A02A0060A01E9
:103D1000A0070A00A0030906A0060905A0070904D8
:103D2000A0040903A0050902A0060901A0030900D7
:103D3000C101020009020200B501020015020200E1
:103D4000FD0102004519030081190300A7190300B2
:103D5000C9190300EB1903003D490200F5480200B0
:103D600001490200D54902000F1E0300FD160300A1
:103D7000011703000D1703000517030009170300BF
:103D80000000000048010000980D002083FF0000A3
:103D900002000080FF7F00000080FF7F060100809E
:103DA000FF7F0E025241494C00000000A0000000BD
:103DB000050C020050000000E50C0200FA04FA00B5
:103DC0000033330A0A0A0840002100000000000006
:103DD00000000000000000010000010100010101DD
:103DE000B543020099430200715A0200AD5B020024
:103DF000455B02000101020300000001A80600006B
:103E000048704C0D4470D80C307064123C70AE1683
:103E10003870340D34705A0D30700A0F2C700A0F40
:103E20002870DC102470F41020703E0D1C7080117E
:103E30001870F21114703A0DB110076001D80A71B0
:103E400008B87F78020C7E78641000C6A01F00219D
:103E50008CB8707801B007680F305CB30F33011174
:103E6000C04806984A022FB006D80C7109DD0871C7
:103E700000B853A809BB1110076801682148076002
:103E800004100112FF32215007605148076000887A
:103E90000698441300C4401F002103DD087214BAC1
:103EA000281400A000BA03DF107109DF067202981F
:103EB00060058CB8507800A0441328144115811077
:103EC000076002D81471108806982E1800C00C7074
:103ED000084006987C1A0091069860020060B8308D
:103EE00020D8067190BC637C784D5412F03240DECD
:103EF0000472404804DB08720DDD0C72044BEF3095
:103F000014480698FC0600C4E010084044120762FA
:103F100001322140084C287C811140D91C72B11219
:103F20003032CF4A013AB1DA107208D8067104D89B
:103F30000871B04C237C4070684C4412FF328722D9
:103F4000047580B8D84C81D8327140D90472237C72
:103F5000084B0698FC0604BA88B9767900C1186047
:103F600008403579E049007906B904A901D86E7294
:103F7000227CBC4C307C0298320208D83C7100C1D3
:103F80004C000840141110D93071104C00C11400BD
:103F9000084014111814076100C52060084054152A
:103FA000FF35047110491814A84C441207620132FD
:103FB000067102981201B84C08D80C7107BA24D8BF
:103FC000047106BA187004D80C7101BA40D80E7189
:103FD00002BA0A7005BA20D8047203BA227C604C77
:103FE0004411404C181407611814911138311142D2
:103FF0009111076910D90472EF3200C100600840C6
:1040000014111031016911422814A111076118140B
:104010000698621A181400C100600840141107695C
:10402000FF31181400C13C30084014111814076106
:104030001814308802480698C005009308DB047104
:1040400001F800A05CB00F3000A01088B111076922
:1040500080D90A7100C1800008400811009100A0B9
:1040600000C400010840441000A000C020300E40F1
:10407000041104101050F47200A054155045127130
:10408000069806070698960618B8707800B8417822
:104090000698400390BA5B7A5C7A5D7A00C2185049
:1040A0000840241200C1501F00212811069838181A
:1040B0002088008800C5441F002154155112FF3587
:1040C0000762FF3206986A02015951290475115995
:1040D000009021292075069886040698A204069867
:1040E000FA02009203D80C728111076102D904729E
:1040F000FF0FBA7018B8727800F804D842710088BF
:10410000308800C0FC1F0021041000C1501F002196
:104110001412012A215A00C3185008403413312ABE
:104120001A7500C00060084004100730FE200C76AD
:10413000381108B87F78020C7E780093009000A0B8
:1041400000C0F41F0021041000BB1DB400A000C17A
:10415000DC1F002114111088FF3100C5FFFF000093
:10416000311207620762513A513B0E720698720C87
:104170001159011201131E70311400883110069874
:10418000720C1159415C41280698740C5138011386
:104190000090012B00902088076001140760FF3019
:1041A000215D411207620762312D0876FF34415CC0
:1041B0004128015D31100698740CFF3030880113DE
:1041C00000C0E01F00210410512B0C760768011578
:1041D0000768FF356070315BFF32212B0C7507607B
:1041E00001150760FF354E7000C5E41F002154150E
:1041F000076507655112FF35FF30012B0875211047
:104200000760327021100768FF30012B0A752110FA
:1042100007600760207000C2E81F002124122110EF
:1042200007600760FF30012B0875211007680670D2
:1042300021100760FF300093009200C10060084029
:1042400014142C490734FE242A761415F0BC076C8C
:10425000513C076803680154107100C4FF0FFFFF51
:10426000513C01444811311200C5E81F002154158A
:10427000FF35076207622143544914122155FF3567
:104280005152281100A001D81871008800C0047094
:10429000084004108020FF30067106984E030090FD
:1042A00000A002D8047200A00088069896061DB4EB
:1042B00028B9112C408800C3EC1F0021341440445D
:1042C0005A71441306982005411500C0006008404B
:1042D00004100730FD20447500C208700840241007
:1042E0000760FF3080DC34710698AE0C01591C4A1F
:1042F000241007600260FF300698AE0C0158B2200F
:104300000129541331100698AE0C11280A750425A2
:1043100054155045EE72069820050094009000A0B8
:104320007FB9066100C01C60084006984A13041556
:104330005153113B3155581002984413EBBD00C046
:10434000401F00210411113D10D91271FF33076B7A
:1043500000C190400846381118B97479581000A06F
:10436000069860028024E4240D300472044800C1E1
:104370001C510840141100C3DC1E002191150435A6
:104380001A72181388BB08D804716C7B04D80471A6
:104390006A7B8CBB2F7C5B7B16703C4B181388BBF5
:1043A00008D804716F7B04D804716D7B217C0C30BC
:1043B0000160069882060698680B0698320700B8D6
:1043C000B111076940D906720298660601BC00C2A5
:1043D0000060084000DC0A7124150165604A0A701B
:1043E0001C4A241507657C4A043508D9207120240D
:1043F000512A241200C180000840320C28110762A3
:1044000028110762281107622811500C00C1381FBB
:104410000021141200DC1A7120D8067101B80C704A
:10442000F0DA0C720CDB087102B806988A06482490
:104430000449141100C380000840FFB80120114155
:104440000871014118130824014200C120000840EE
:1044500014110141036D514191152035016D5141F8
:1044600018132813481300C37C000840341003D8E5
:104470000C71073005DC0671084B227B8CB8507834
:1044800000B800C1381F0021141203682150F03019
:104490000152281100A04024066400C0FFFF010063
:1044A000013C1DB002200158402806751EAC01ECED
:1044B00000A0208800C01850084004121DB4211329
:1044C00004123052F871066C402400C3741F00219E
:1044D000341014110698C00C066900921159212954
:1044E000067600BB11590698960C80B80158013A1F
:1044F0000662313B0472215A412A00A000C2000129
:104500000840317A00A0308880B9076900C30000F4
:10451000C0FF3110312800BC002D0C7511541EACA9
:1045200001EC312DF470066C51134155312C009380
:1045300000A000C028400E400413315107610C3127
:1045400007691153381000A006984A0800C0F41FEC
:104550000021041106983207217A237A00C3000053
:1045600010000698720700C0581F00211DB11810D6
:1045700000A000C0541F00211DB1181000C09C1FD6
:1045800000210410002D067500B826A8069806071D
:1045900000C09C1F00210410012C06750698960689
:1045A00028B010B9115911380EB9114028A880B897
:1045B00000C144300840081100C1F01F0021141050
:1045C000303B06710760076000C4083008404411A2
:1045D0001150FF30015118146FB8076826A8217ACE
:1045E000050C21102048267800C063EF0000314000
:1045F00026A8050C20ECB11140D90872247A20ECD1
:10460000217A184826A828B00AB901510F31115053
:1046100028A8050C207A20EC0F0C98B84678417831
:1046200006986A0200C2441F002124100151FF3184
:104630001150081200A006984A0800B826A800C029
:104640005C1F00211DB1181000A030B840780DB1DA
:1046500001D9FC72427800C074300E4004114CBA8B
:10466000407A1810144804115C7A1810A4BB707BAF
:104670004E7B4F7B00C20430084000A006984A08D9
:10468000217A227A00BB0698720700C0681F0021B9
:104690001DB11810A4BB00C040300E4004110331FE
:1046A00001492872B1120762076230480411215192
:1046B0000F3118726E7B6F7B104804114CBA7C7AF4
:1046C000181014480411607A1810B11002D8107133
:1046D000707B30B8627860780DB001D8FC7100C092
:1046E000F8600840041101D90C7100C0180008409E
:1046F00002B9181008B86E780EB84EB110D90C7205
:104700003EA8140C0FB83EA8107044A8140C01B8B1
:1047100000C1B0300E40081100C077801F003DB2CC
:1047200001423DAA00C0FFFFFFFC013A3DAA140C64
:1047300000C077E01F0001423DAAFFB845207D7808
:1047400008B87E7800C12460084014110761063162
:10475000087100B906985A1006984A13B11101D988
:104760000E710698881A02D906720698AE0B069842
:104770004413511406989606F4B845780A0C00C004
:10478000641F00211DB1181002983410FFB8452095
:104790005D7803B8076044A83EA800C1B0300E4061
:1047A000081110B807683DB101393DA908B86F7804
:1047B00000A046A800C0FFFF0000013B076356AB06
:1047C00094BA437A01D91471013C47B300C0FE206A
:1047D000FFFF013B314447AC637AFFB821204078AA
:1047E00002D90471607800A0C8BC066C415C512CF1
:1047F00006750698960606986E0DB110076805D8DE
:10480000347140BA06981A1308B86578911004D824
:10481000187188B86E78577800C064000840217815
:104820000698821001400A728CB842780698561396
:104830000298400B08B86C7820B859785B7800C0B3
:10484000F44008407878797800C1C81F002114101E
:1048500040A8184914130449408814140C49141131
:104860008112076A006A01DA187188B8577800C0A7
:10487000CC1F00210410016107630763076407640C
:104880000698B20900944EB010D842724DB161B88A
:104890000158113840B102D90A72604804BB415432
:1048A0000870204802BB02BC4DA8F8B87078190CFB
:1048B0003EB141413EA9F4B973797378717800C46F
:1048C000F840084000C200410840227000C20000C9
:1048D000010044AA230C00C200000B0044AA00C43B
:1048E0001041084000C21841084004BB587C050C28
:1048F000597C0C240F0C2FAB050CB11008D8147187
:10490000647A657A1CB879787B7820B879787B7876
:10491000607CF42441130698FC065114404406754B
:1049200006989606727BFFB84D20050C687840EC1F
:1049300000C0601F00211DB11810911004D814711F
:1049400000C0BC1E0021041080D806711CB873780A
:1049500000F818B800C1D81E002100C21850084045
:1049600024122811767800F800C0B86008400411BD
:104970000761076180D9047240EC00C4F840084028
:104980004EB010D80471182441130C23527C407B84
:1049900011512FA9050C797C0A0C00C000000102FE
:1049A0000814787C050C507C08B86D7800A000C015
:1049B000287008400411108800C100180040181029
:1049C00044480411108878480411108800884CBAB3
:1049D000757A18103DB11088F4B842784420727886
:1049E00028487378F8B873784FB200C4FFFF80800E
:1049F000413A4FAA01BC01644113076300C06C70C7
:104A0000084003B918100110011001B91810011065
:104A100001100110011068480411076101B801601C
:104A2000003A0471044904D9047241520760003A03
:104A30000471084908D9047231520460003B0E72B7
:104A400000630064314241424FAAB2704FAAF8B8E5
:104A50005378182053782848527800913DA9009047
:104A600000911810009178481810009144481810CF
:104A700000A0115910D906710760076008D90471A8
:104A8000076004D90471036002D90471016001D97F
:104A90000471006000A000BA01D806710148112A13
:104AA0000069006001D8F6720138F67200A080201B
:104AB000FF30FF48812000A000C218500840241297
:104AC00011592129127300210E7100C23050084083
:104AD00024120121212900A006984A0888B8577895
:104AE00000C57C1F00215088044D88BC00C0C81E32
:104AF0000021811101D91E71407C00950115044DE2
:104B000050881C4DFFBB076B315B04110698B80C35
:104B10003129F8750698761954150698881A01D91E
:104B2000087206987C0806700698DE0888BB547BDD
:104B3000009500F806988C090E700698680B069888
:104B40008C0906986011069836089112211900C048
:104B5000246008400A78097800F810B901BA06986C
:104B600010130698341000C57C1F002100F8911224
:104B7000033288B900C3BC1E0021341300C4A8103E
:104B800008408CB84278707903DE067144786E7004
:104B90007179A11020D806710298160F80DB507130
:104BA00002D84C7205B830880763076302DB2A71AC
:104BB00000C3AC0008403413066380DB04728048F5
:104BC00000C3102008403413315B04724048312880
:104BD000312802600814076800930814A1101030EF
:104BE0000248081400B808149110076008148CB823
:104BF0006278A11000DC0676517900BA80DB58712A
:104C000000C000000200003B4E7150884110344843
:104C100003DE04719048041508200411F820581090
:104C20001C2021780698AE0E00C0A40008400E7823
:104C300010D91C7151451A7100C53400084407B8D9
:104C4000081500C53400084604B8081504702E780D
:104C5000069874160095911120310269911004D8BC
:104C60000E7200C14C1F0021141101D90A71208855
:104C700006985A10009200C1180008400533054BF1
:104C80001872184C03DE0471904C441400C3FF1FCB
:104C90000000413BFF233811B849076A0698A20E6D
:104CA00004490879097914102140081100A000C5B1
:104CB00054000840541551455071108800C134000B
:104CC000084407B8081101B83088076B40DB24712D
:104CD00000C0370C00000811364800C5D01E002166
:104CE000541102D90E72104801D9087100C0110484
:104CF000000000C134000846081100C1340008401B
:104D0000141530350093009100A000BD06984402B0
:104D100010B903DC047100B901BA0698101302D966
:104D2000067100404E7201B107690F31069882107A
:104D3000FFD82872811008D8187106DD0A7106980C
:104D4000440203DC0C720698C810069856130C70C7
:104D500006DD10710698CE10487020B802A806DD56
:104D6000107206988C090698360801F840B802A817
:104D700000F800C0BC1E00210413076301DB227190
:104D800091100111076911388CB910D80871447954
:104D90000298160F02DBFA72A11328DBF47203BD2E
:104DA0000698281006988C098CBA7F7A0698FC061B
:104DB00000C5801F00210698440200BA03DC32724D
:104DC000044DA11002D804710C4D00C0140008401D
:104DD0000410026800C3701F002134111128FC2345
:104DE00034110698960C00C10C5108400698B20682
:104DF0005415212D00C0F8600840041101D922711A
:104E000000C03C1F00210410033001DC147200C0FC
:104E1000140008400411FD21087602BA076A212D0A
:104E2000069848070298E80991100155033551503A
:104E3000011900A000C1481F0021141001D84271BF
:104E400001480760FE200E75811020D8087100C14E
:104E50004C1F0021141101D9287100C024600840A2
:104E60000412215107610F3107691152281000C047
:104E70000060084004119112215120311152211972
:104E800000A0811380DB067201B800A000C30C50A3
:104E900008403410063030727C4B34122C4B3410E6
:104EA0000760076040302072811080D8DC713410B8
:104EB000014A07620360803021508C480A717F23C9
:104EC00055233410013000A000BD0698281088B882
:104ED00047784578437800B8447800A006988C0954
:104EE0000698C81000C58C1F002154150698480765
:104EF0000298E80900C374000840027B06984A1330
:104F000050BA06981A1306988210FFD84A71911069
:104F100004D84872811007601CD8407220D93872BA
:104F20001112FF322151347180218021111400C0EF
:104F3000E41E00210413FFBA3151113A21511153DB
:104F40008CB938107B7940440E7200B900C2C41E7F
:104F500000211812067008B860780698441300F80B
:104F600000B900C29C1008401812244A0AB918124D
:104F700088BA507A517A577A8CB942795F7900A011
:104F80000698440207DC1072911000200A750698FA
:104F900060110298660D0698360801B9911004D880
:104FA000047100B910BA0698101300BA00402A71B3
:104FB00000C0BC1E00210411076101D9127104D97F
:104FC000E2728110076001D8DA718CB8647800C190
:104FD0001C5108400698B2060698601100C5901F43
:104FE00000215415212D06987C0800C5941F00212E
:104FF00000F800BC811108D9167280D9207201B95D
:1050000010BA0698101300400E7101BC107006987B
:10501000C8100698561320B802A800F80698601128
:1050200081110231127100B900C20C10084018122F
:10503000244A02B918120698C81000C5981F00210A
:1050400054150698001A0298E809041101211471F8
:1050500088BA737A04200412281104200411012153
:10506000F47200A00698FC0601F8911010D8347173
:1050700006984003069886040698A20400C51C51B1
:10508000084054110698B80C00C5D41E00215415D0
:105090005129E27518B875788CB8447801B802A81F
:1050A00000F8B110076810D82E7100C048100840F1
:1050B00000C3000008403114884C441134110761CA
:1050C00001D9FA71441228100762281007622810CB
:1050D00007622810E87000C1BC1E0021141080D89F
:1050E0002C7100C15400084014111141207100C1FD
:1050F000000002401038167100C03400084407B99F
:10510000181000C03400084601B9181002987A023D
:105110000698600211380472016A00BB00C1E41EE7
:105120000021141120390C72911210DA0672417BA1
:1051300000A006984A1300C2BC1E0021241220DAE7
:105140000472617B88BA527A00A088BA727A81129E
:1051500004DAFC7200A088B86B78577800C064004D
:1051600008402F7800A006986E100763076390B977
:10517000637900B902DB36713112076240DA2E72B0
:1051800000C25400084024100140227202EC00C901
:1051900009B801D9507200C2AC0008400E7A10D98B
:1051A00004722E7A06987416E031076102EC00CD85
:1051B000114502EC00CC01DB087100BB0298CA1754
:1051C00003B841110731FA211C760621911210DA39
:1051D000087102DD10721E7020B80698720C30380B
:1051E000147208B80698820600C024000840297886
:1051F000207800F8046020D8067102982C1502EC83
:1052000000CA05B823DA187104DBDA7120DAD67126
:1052100010DAD27290B8617800B801DA067202EC46
:1052200000C8911110D9267100C1CC1E00211411A3
:105230001150FF300C720661A110115002300A713A
:1052400080DB0A720AB89E708CB97C79076891116C
:1052500011402111C0311140011990B8411108D9F4
:105260000471667820D904726578A11002D806729C
:10527000C0DA1E7190B8273123DD087210DB10727E
:10528000607825DD0A7121DD087208DB047162781F
:1052900003B8411107310872A1152035AA7102DD4A
:1052A0003272A11120D9A07102D92872CCDA987279
:1052B000411140D9927206B802DB1071046500C139
:1052C000102008401411112D112D054D5C7202980B
:1052D000BA1321114049C0D94E71A0314115403552
:1052E000016551410361076308DA1E7204DA3872FE
:1052F0001049A1150235067110DB0E7201340A71D6
:1053000008DB247190B86778CC3211101A300ADCAF
:105310000872CCDE0471FD3100C00D0F0C0D069833
:10532000740C01D8607207B80298E41300BA4111F6
:1053300008D90C7102EC00CA05B830DAEC720734F7
:10534000F031026101DA0471014900C0F300A3E306
:105350000698740C01D8D07100C098144068069863
:10536000740C4030014440DA0471204C0432016274
:10537000204A1110063000680142183102691142BA
:1053800002980214204A00C0051708500698740CB1
:10539000113001422088FFBB0DDA507100C1DE1BC5
:1053A000250180BC04DA107208DA0A7200C1208478
:1053B0001000E024A02407634143016401DA067170
:1053C0001E49024B00C02C1F002107633810BC206F
:1053D00002DA127101B91159A11380DB087100C101
:1053E00000FCFF0118100298561700C4BC1E0021D3
:1053F000441080D87C710092D0DA06710DDA0C71FD
:1054000090BD437DEFBD06983E0503620DDA8672BE
:10541000A11105D95C7100C23810084024120C2477
:10542000281401D9067202D9327140D91E7102ECDA
:1054300000CA211018320471FA2220D804720822FE
:10544000FE22087502EC00C8F87001D90E7102EC5A
:1054500000C802D9067204DC187200C0BC1E00210C
:105460000410026801D8067190B8647818B873788F
:105470000298CA1700C50020084000C004170000A9
:1054800008D904720A480815104D00B808D90472EA
:10549000FF200815084D00C00884000008D90872D4
:1054A00000C02083B8ED0815104D207D00A000B885
:1054B000011A00C0740008400278911010300119E0
:1054C00005BA06981A1302D9067101B802A800C0DD
:1054D000BC1E0021041380DB0671029866138CBA8F
:1054E0007C7A01DB6C7100C2301F00212411111481
:1054F000FF3402EC00C8FF24FA7607610698820C9C
:10550000036111380F300361111401114110069825
:10551000820C01D8087203B80298E413044A02DB33
:105520002471241011281128041202300671076218
:10553000076200C0FFFF0000213800C218000840C9
:10554000FF200812411007600698820C01D87C7178
:1055500020BC1033767100BB00C12C1F0021141534
:10556000C021112C5112076A0F320E71408851145C
:105570000698FA174143009451120765036A0F32E7
:105580000E71411151140698FA17036C41430765D7
:10559000513B00C1E81E00211411111231100F30CF
:1055A000127100BA046101D80471114200600FD871
:1055B000F472311002601E30047201B8003A0872B1
:1055C00004B80298E4130298EA1500C0381F0021BD
:1055D00004110F3103DD1A7200C00060084004108E
:1055E00007D80E7200C01040084004B9181000F827
:1055F00006986E1006983C0500F830885088FF34F5
:10560000087102ECFF24F87002EC00CD141001BB0D
:105610005150FFD8047131440760006B10DBF27108
:105620000421FF22E4720F4C0095009300A000C1FA
:10563000C01E0021141100A030880698381A81116C
:10564000076102D906720298141988BB557B07615D
:1056500020D90671029804190088A11007680698DD
:105660002E1808211415FC2590BB5C7B5D7B00C1C6
:105670000060084014110731FE21307608D82A72E4
:105680005113FC23341304DB2071076BFF33315BB0
:1056900000C1087008401411076180490C71FF3186
:1056A0003029547590BB7B7B10707B7B7C7B00DD4D
:1056B00004717D7B01BB3815EC25541300DF547158
:1056C000042505DF54715415211120880698B80C63
:1056D000009251293E7500C100600840141102DBA0
:1056E0000C710731315B31292A760C7004DF0872A6
:1056F000006180D91E7206982E1800C008700840FC
:1057000006987C1A06982E181411FFD96072029818
:105710005A190090009300A05415A111076910D9DF
:10572000A672082508D8A071082510D89A7120887B
:1057300021110698B80CFC255412112AF825541191
:105740000C2520D80871F025541110252029047645
:105750002159181500920298C61818B9717981104C
:1057600010D80A7188B8447800B8417888B974793B
:1057700008B9677900F88110A0D8087188B949790B
:1057800000A0076002D8FA7106982E1810880698B3
:105790004A130762076210DA087108211415F02510
:1057A000541100C20020FEFF202912750698881AA5
:1057B00001D90A7206988C090698360800941CBB19
:1057C00041100C2006984A12411108211410069825
:1057D0004A123128441111120761FF31FF320122B0
:1057E0001052107207691814042444130424381446
:1057F0000C700769214118140824081402984413F6
:105800004044147100C1C41E002114155113036BD0
:105810000FDB0C72066D06980607411500A006986E
:10582000360806984A1308BB51140698C019441547
:10583000FC2554150298480788B900C3BC1E0021F6
:105840003413076308DB1A718113A0DB06714979F1
:1058500010706979076302DB087208B9677900F88C
:1058600000A08111076102D9107188B97579069875
:105870002E181411FF3100A0FFB900A00410082158
:105880001411F421081100A0811107610761103182
:105890000E7106982E1808211411F821141100A079
:1058A000A8580300C0580300105C0300000000006B
:1058B000D8580300060000000000000000000000AF
:1058C000105C030000000000B05903000400000059
:1058D0000000000000000000405A0300809C2B8F55
:1058E00080841E00000000002200FF7FFC0B0020CF
:1058F000000000000000000000000000405A03000B
:10590000809C2B8F80841E00000023002300B600A3
:10591000FC0B002000000000000000000000000060
:10592000405A0300809C2B8F80841E0000002400BE
:1059300024009D00FC0B002000000000000000007F
:1059400000000000405A0300809C2B8F80841E00C2
:105950000000250025007D00FC0B00200000000059
:105960000000000000000000405A0300809C2B8FC4
:1059700080841E000000260026005300FC0B00203F
:10598000000000000000000000000000405A03007A
:10599000809C2B8F80841E00000027002700FF7F43
:1059A000FC0B0020000000000000000000000000D0
:1059B000285B0300809C2B8F80841E000000000069
:1059C0002400FF7FFC0B002000000000000000000E
:1059D00000000000285B0300809C2B8F80841E0049
:1059E000000025002500B400FC0B00200000000092
:1059F0000000000000000000285B0300809C2B8F4B
:105A000080841E000000260026009900FC0B002068
:105A1000000000000000000000000000285B030000
:105A2000809C2B8F80841E00000027002700FF7FB2
:105A3000FC0B00200000000000000000000000003F
:105A4000F81F0101585D030038000200000000004B
:105A5000000000003030010011491000B840010082
:105A600000C0E30040410100EA0088001860040023
:105A7000000000C61FC000000050000000D032002F
:105A800050600400FC006900410C000000000000B0
:105A90001100080078600300080400000000000006
:105AA000BE031A008C60070001040C1A2F465361D4
:105AB0006862584935201407C491A06356443323C3
:105AC00022529224E46007008108A1CB000000006C
:105AD000198407059411CB48992006000161200024
:105AE0008294EA870461030065B611001E37000046
:105AF00089BB000020610100FFDF0000147001106D
:105B000000F8070014700130F8020000187002005D
:105B1000000300006000278470700200C3000000D2
:105B20000F9C0300FFFFFFFFF81F0101A45D0300AE
:105B300038000200000000000000000030300100CA
:105B4000E3381000B840010000C08300404101006C
:105B50006D00880018600400000000C61FC001002E
:105B60000050000000800000506004001800050094
:105B7000410C000008000000910004007860030060
:105B80008C000C000000000014001A008C6007005C
:105B900001040B192C404C59605B534736251B11EF
:105BA0004AF338966745231211090000E4600700A4
:105BB0008F0846CB0000000023086404D007CB48C0
:105BC00091200600F9541C008294EA8704610300C6
:105BD00051551100B01B000089BB0000206101007D
:105BE000FFDF00001470011000F80700147001308E
:105BF000F800000018700200000300006000A58398
:105C000070700200054100000F9C0300FFFFFFFFC2
:105C1000DC1F040100000000000000000000000084
:105C200000000000F01F02013F00370000000000EC
:105C3000FC1F0101000000000400020001810100BE
:105C40000001000018000200000000000100000038
:105C50002800040000000000000000000000000018
:105C60000000000040000100A00700004800010003
:105C700000000000540002000000000000000000CE
:105C8000A0000400FF4C0000FF4C0000FF4D00008E
:105C9000FF4D000000200100080700001020010057
:105CA000AAAAAA00182001000060DA00083001004A
:105CB00013AC00013430010001000000403001004D
:105CC00000000000A04001007A27000FF44001000E
:105CD000201000003441020080080000E687000028
:105CE00044410100C0E6524D604104000000000044
:105CF0000000000006000000060000001460010023
:105D000010000000286003000000000300000000F5
:105D10000000000060600200294176710000000070
:105D200084600200000000000000000020700400F9
:105D3000000000008200000000008001D50000008B
:105D4000487002003C3D0000BC1900007870010062
:105D500006E04900FFFFFFFF0D000000388EE30062
:105D600000000000005E0300F05D03000000000082
:105D7000E070720080DE800280841E00010100005D
:105D800011490002000000000000000000000000B7
:105D9000000000000000000041841E000000000020
:105DA000000000000D0000001CC771000000000092
:105DB000005E0300F85D03000000000018CC6600E0
:105DC00080DE800240420F0001010000E338000243
:105DD00000000000000000000000000000000000C3
:105DE000000000005B420F00000000000000000007
:105DF00008520000B20C0000A5A00000C409000079
:105E0000193F0106041001000001010600102700DF
:105E1000000C0000000000000000232D302B2000AB
:105E2000686C4C0065666745464700303132333454
:105E300035363738394142434445460030313233F4
:105E40003435363738396162636465660062675F8E
:105E50006D657373616765207265636569766572E8
:105E6000730062676275660061636C006C6C5F63EF
:105E70006F6E6E656374696F6E006C6C5F616476E3
:105E80005F736574006761705F636F6E74657874CB
:105E9000006C6C5F76616C696461746F72006D6533
:105EA00073685F70726F765F64620062675F6D65D2
:105EB000737361676500736F66745F74696D657293
:105EC0005F6D65737361676500666F756E6461749D
:105ED000696F6E5F636D64006C6C5F6164765F73A5
:105EE000796E63006C6C5F7363616E5F73796E6370
:105EF000006761705F706572696F6469635F616498
:105F000076006761705F706572696F6469635F7363
:105F1000796E63006C326361705F636F635F6368A7
:105F2000616E6E656C006D6573685F70726F765F31
:105F300064625F6170706B6579006D626564746C3A
:105F4000735F636F6E74657874000000625E0300B7
:105F5000685E03006C5E03007A5E0300855E0300EA
:105F6000915E03009E5E0300AB5E0300B65E03001D
:105F7000C95E0300D85E0300E45E0300F15E030027
:105F8000025F0300145F0300265F03003A5F030013
:105F900062676275665F696E0062676275665F6FF1
:105FA00075740062676275665F6E6F666C6F77000E
:105FB00062675F6D616C6C6F630062675F72616ED8
:085FC000646F6D5F6165730001
:085FC800AC5BFD7F010000004D
:0C5FD000DC5F0300C00A00209900000004
:105FDC0000C4004002050204111100000000000082
:105FEC006067010000000000D40F002002000000D8
:105FFC0039C20000E8030000C0EA2101C0EA210117
:10600C000080000000F0490208200020C0EA2101B5
:10601C00D43703000000000001000000152203002B
:10602C002000000000000000000000000000000044
:10603C00000000000000000095AC01000000000012
:10604C000000000000000000B58D01000000000001
:10605C000000000000000000B595010000000000E9
:10606C00000000000000000061A40100000000001E
:10607C00000000000000000003DB02000000000034
:10608C00FDA801000000000000000000000000005E
:10609C00ADA801000000000000000000000000009E
:1060AC00EDA90100000000000000000071B2010029
:1060BC000000000000FFFFFFFF0000000FFB0200CC
:1060CC0013FB020017FB02001BFB0200FFFFFFFF8C
:1060DC003D170300803D0300FFFFFFFF8C3D0300D5
:1060EC00191B0300151B0300FFFFFFFF45220200D5
:1060FC00FFFFFFFFFFFFFFFFFFFFFFFFFFFFFFFFA4
:10610C00313A0200FFFFFFFFB71D0300FFFFFFFF47
:10611C00000000000000000003000000CC1C002068
:10612C00140C002000000000CC1C0020341D0020AA
:10613C009C1D00200000000000000000000000007A
:10614C000000000000000000000000000000000043
:10615C000000000000000000000000000000000033
:10616C000000000000000000000000000000000023
:10617C0020000400000000000000020010000000DD
:10618C000000000000000000000000000000000003
:10619C000A000100000000000A000F0000004C4C37
:1061AC005F42575F44445F50524F4A5F31000200D8
:1061BC000800000030303030303030300200030046
:1061CC00000030303000020005000000302E302E70
:1061DC003000020008000000000000000000000079
:1061EC00FFFFFFFF000008070A0017000E00000069
:1061FC000000FFFFFF1F04010101BF8FAF7F87006D
:10620C00370F10100004040F05140AFF0301FF0ED2
:10621C00FE01FF0030BF4223013BFDD1024A53680F
:10622C00DB00FCD4704700BF00300E4051BB0000B7
:04623C0029BB00007A
:040000030000C92D03
:00000001FF
